job_id,resume_id,similarity_score,rank
1,6818,0.1441,
1,3039,0.1423,
1,8192,0.1423,
1,334,0.1409,
1,6754,0.14,
1,5984,0.1395,
1,967,0.1389,
1,980,0.1369,
1,4618,0.1347,
1,7923,0.1338,
1,5356,0.133,
1,5450,0.1326,
1,6942,0.1322,
1,5397,0.1318,
1,7317,0.1315,
1,3864,0.1314,
1,3630,0.1313,
1,9034,0.1312,
1,1859,0.1308,
1,1162,0.1305,
2,4622,0.2305,
2,5223,0.216,
2,6259,0.2131,
2,3693,0.2114,
2,2926,0.2081,
2,5559,0.2016,
2,2255,0.1972,
2,3151,0.1964,
2,1083,0.196,
2,7724,0.1951,
2,8763,0.1916,
2,6834,0.1915,
2,3886,0.1909,
2,4057,0.1903,
2,7633,0.1863,
2,4041,0.186,
2,8692,0.1834,
2,2891,0.1816,
2,1636,0.1809,
2,5590,0.1799,
3,3027,0.2671,
3,1021,0.2517,
3,4217,0.2444,
3,7921,0.2435,
3,7087,0.2295,
3,2859,0.2273,
3,1828,0.2271,
3,5036,0.227,
3,9112,0.2268,
3,7961,0.2247,
3,6505,0.2216,
3,6381,0.2192,
3,9293,0.2191,
3,6051,0.2187,
3,2092,0.2172,
3,1807,0.2168,
3,3347,0.2154,
3,4344,0.2151,
3,8791,0.2143,
3,4181,0.2142,
4,307,0.3142,
4,6613,0.3016,
4,8940,0.2897,
4,5157,0.2838,
4,2158,0.2838,
4,4275,0.2816,
4,3787,0.28,
4,8367,0.2774,
4,473,0.2765,
4,2606,0.2762,
4,5901,0.2746,
4,9135,0.2744,
4,5971,0.2742,
4,2351,0.2737,
4,7910,0.2736,
4,8145,0.2735,
4,1743,0.2733,
4,2029,0.2733,
4,2160,0.2732,
4,66,0.2732,
5,7371,0.2372,
5,9062,0.2242,
5,2255,0.2202,
5,3840,0.2194,
5,6627,0.2169,
5,2926,0.2152,
5,4299,0.2151,
5,3039,0.2139,
5,8769,0.2132,
5,882,0.2106,
5,455,0.2094,
5,7195,0.2088,
5,4622,0.2078,
5,4097,0.2069,
5,2331,0.2066,
5,8130,0.2066,
5,4328,0.2062,
5,3871,0.2059,
5,4657,0.2029,
5,5266,0.2016,
6,8834,0.2635,
6,5189,0.2546,
6,4057,0.252,
6,6613,0.2513,
6,3516,0.2366,
6,6504,0.236,
6,4237,0.2317,
6,5984,0.2311,
6,9436,0.2285,
6,4114,0.2267,
6,3356,0.226,
6,8206,0.223,
6,6433,0.223,
6,8992,0.2226,
6,7824,0.221,
6,2629,0.2184,
6,6478,0.2181,
6,8439,0.2176,
6,5223,0.2167,
6,7387,0.2145,
11,149,0.224,
11,320,0.215,
11,4493,0.2007,
11,4696,0.1978,
11,5999,0.1906,
11,5327,0.1868,
11,7964,0.1857,
11,5990,0.1805,
11,5754,0.1777,
11,5098,0.1774,
11,8631,0.1763,
11,2080,0.1756,
11,5749,0.1755,
11,8322,0.1749,
11,432,0.1733,
11,7462,0.173,
11,3436,0.1721,
11,6402,0.1718,
11,2393,0.1713,
11,4526,0.171,
7,3074,0.2205,
7,78,0.2168,
7,4819,0.2131,
7,8322,0.2017,
7,7525,0.1959,
7,7825,0.1947,
7,6835,0.1939,
7,6104,0.1914,
7,3816,0.1914,
7,409,0.1895,
7,8763,0.1887,
7,6160,0.1874,
7,2255,0.1844,
7,8163,0.1826,
7,3506,0.182,
7,821,0.181,
7,1337,0.1807,
7,8295,0.1806,
7,8067,0.18,
7,4041,0.1799,
8,8500,0.1747,
8,3788,0.1713,
8,2040,0.171,
8,8968,0.1689,
8,1797,0.1643,
8,7140,0.1632,
8,5025,0.1591,
8,7901,0.159,
8,4127,0.1575,
8,7363,0.1556,
8,6973,0.1544,
8,6803,0.1544,
8,5465,0.1536,
8,3365,0.1523,
8,7377,0.1492,
8,6522,0.1489,
8,3516,0.1446,
8,307,0.1441,
8,3112,0.144,
8,6068,0.1425,
9,7684,0.3683,
9,3815,0.3657,
9,463,0.3523,
9,4401,0.3517,
9,1204,0.3515,
9,8585,0.3514,
9,55,0.3465,
9,5938,0.3425,
9,51,0.3422,
9,9202,0.3413,
9,1896,0.3401,
9,431,0.3393,
9,6698,0.3386,
9,2844,0.3384,
9,6212,0.3381,
9,7854,0.3375,
9,6827,0.3367,
9,6441,0.3365,
9,354,0.3364,
9,3531,0.3363,
10,1809,0.2545,
10,2568,0.241,
10,8901,0.2302,
10,455,0.2281,
10,918,0.2262,
10,7160,0.2244,
10,7278,0.2238,
10,8328,0.2237,
10,2702,0.2229,
10,1983,0.2218,
10,9288,0.2211,
10,7973,0.2205,
10,4127,0.2191,
10,3517,0.2189,
10,7824,0.2183,
10,3844,0.2153,
10,7535,0.2115,
10,1967,0.2112,
10,1127,0.211,
10,4582,0.211,
66,9273,0.1826,
66,2837,0.1784,
66,6803,0.1783,
66,736,0.1781,
66,8131,0.1745,
66,3202,0.174,
66,3540,0.1693,
66,239,0.1679,
66,1330,0.1667,
66,307,0.1665,
66,6904,0.1625,
66,8600,0.1614,
66,7633,0.1592,
66,1902,0.1579,
66,6442,0.1543,
66,8067,0.1542,
66,5716,0.1539,
66,1054,0.1521,
66,2394,0.1514,
66,630,0.1503,
108,2461,0.1907,
108,9394,0.1904,
108,6998,0.1875,
108,2344,0.1784,
108,3744,0.1748,
108,6803,0.1727,
108,7453,0.1656,
108,7628,0.1651,
108,7126,0.1587,
108,1438,0.1581,
108,4682,0.1581,
108,3903,0.1561,
108,3432,0.1549,
108,5155,0.1527,
108,4831,0.1519,
108,1318,0.1517,
108,8769,0.1513,
108,1337,0.1499,
108,7375,0.1461,
108,6768,0.1443,
109,3175,0.2622,
109,127,0.2592,
109,4603,0.2564,
109,9156,0.2535,
109,6977,0.2519,
109,7087,0.2519,
109,5637,0.2515,
109,6346,0.2515,
109,6767,0.2502,
109,8330,0.2481,
109,3027,0.2466,
109,3195,0.2458,
109,9136,0.2453,
109,5780,0.2447,
109,1519,0.2445,
109,3377,0.2439,
109,3355,0.2424,
109,9048,0.2423,
109,7838,0.2422,
109,5199,0.2418,
12,7635,0.3116,
12,371,0.3061,
12,6234,0.2904,
12,6585,0.2763,
12,3163,0.276,
12,5824,0.2736,
12,4577,0.2637,
12,2249,0.2634,
12,6968,0.2612,
12,925,0.2571,
12,6124,0.2557,
12,2194,0.2494,
12,8750,0.2456,
12,8830,0.2407,
12,391,0.2404,
12,6608,0.2391,
12,2622,0.2378,
12,5808,0.2372,
12,2747,0.2365,
12,5509,0.236,
13,213,0.2892,
13,1780,0.2879,
13,6209,0.2851,
13,3731,0.2806,
13,1828,0.2764,
13,8317,0.2693,
13,8850,0.2689,
13,3653,0.2687,
13,5808,0.2677,
13,5617,0.2677,
13,1478,0.2652,
13,5902,0.2652,
13,4473,0.2643,
13,8338,0.2635,
13,9186,0.262,
13,3027,0.2609,
13,5671,0.2608,
13,1157,0.2604,
13,4488,0.26,
13,3223,0.2594,
14,8322,0.2897,
14,7973,0.2809,
14,6174,0.2739,
14,7824,0.2718,
14,409,0.27,
14,1908,0.2696,
14,282,0.2676,
14,8834,0.2617,
14,5189,0.26,
14,215,0.258,
14,2312,0.2563,
14,2436,0.2539,
14,8190,0.2536,
14,4531,0.2515,
14,399,0.2513,
14,7870,0.2513,
14,8064,0.2485,
14,455,0.247,
14,5894,0.2463,
14,320,0.2448,
15,6613,0.2555,
15,5716,0.2427,
15,8834,0.2425,
15,2145,0.2379,
15,8662,0.234,
15,5583,0.2334,
15,7973,0.2313,
15,6174,0.2307,
15,2663,0.2294,
15,4057,0.2278,
15,4291,0.2238,
15,433,0.2196,
15,1207,0.2193,
15,6614,0.2168,
15,2308,0.2165,
15,5927,0.2162,
15,2361,0.215,
15,8005,0.2149,
15,5519,0.2148,
15,5616,0.2139,
16,2127,0.3201,
16,355,0.3177,
16,3057,0.3029,
16,8905,0.3026,
16,6141,0.3017,
16,4512,0.2988,
16,5165,0.2965,
16,5438,0.2959,
16,3920,0.2956,
16,2874,0.2943,
16,6376,0.2913,
16,3436,0.2907,
16,7523,0.2887,
16,2566,0.2886,
16,5659,0.2876,
16,754,0.2873,
16,6474,0.2853,
16,3417,0.2803,
16,5999,0.2787,
16,3207,0.2785,
17,8834,0.2044,
17,7825,0.1979,
17,7824,0.1977,
17,1909,0.1936,
17,5882,0.1917,
17,6174,0.1913,
17,2928,0.1905,
17,9062,0.1892,
17,6613,0.1867,
17,6370,0.1864,
17,54,0.1833,
17,5238,0.1825,
17,164,0.1824,
17,5223,0.1815,
17,4531,0.1813,
17,8064,0.1802,
17,1908,0.1791,
17,7870,0.1785,
17,712,0.1772,
17,320,0.1769,
18,9407,0.3411,
18,6614,0.3384,
18,473,0.3331,
18,5583,0.3326,
18,4744,0.3325,
18,9341,0.3282,
18,2361,0.328,
18,307,0.3279,
18,6499,0.3258,
18,3467,0.3253,
18,9388,0.325,
18,2545,0.3223,
18,993,0.3219,
18,2005,0.3206,
18,5901,0.3202,
18,7572,0.3191,
18,8662,0.3187,
18,3856,0.3184,
18,3963,0.3181,
18,6070,0.3171,
19,6164,0.3674,
19,9247,0.339,
19,8748,0.3298,
19,5098,0.3294,
19,432,0.3253,
19,6867,0.323,
19,1369,0.3196,
19,729,0.3196,
19,4138,0.3191,
19,7547,0.319,
19,1956,0.3188,
19,6823,0.3176,
19,5520,0.3176,
19,5735,0.3149,
19,7964,0.3147,
19,5704,0.3138,
19,1790,0.3135,
19,4493,0.3131,
19,7699,0.3131,
19,7462,0.313,
20,4223,0.3243,
20,8585,0.3201,
20,3815,0.3168,
20,7044,0.3065,
20,8054,0.2997,
20,8385,0.2974,
20,6212,0.2967,
20,2252,0.2899,
20,1220,0.2899,
20,7879,0.2893,
20,8087,0.2882,
20,3531,0.2881,
20,8182,0.2879,
20,4782,0.2878,
20,8765,0.2878,
20,2182,0.2872,
20,6441,0.2865,
20,2156,0.2861,
20,463,0.2857,
20,5921,0.2853,
160,7273,0.2477,
160,355,0.2356,
160,2874,0.205,
160,3436,0.2002,
160,5438,0.1997,
160,8905,0.1993,
160,3920,0.1989,
160,7523,0.1988,
160,2127,0.1974,
160,6141,0.1969,
160,5659,0.1961,
160,4512,0.1955,
160,5165,0.1946,
160,754,0.1934,
160,3057,0.1921,
160,3417,0.1911,
160,6376,0.1906,
160,2566,0.1901,
160,759,0.1856,
160,6474,0.1855,
21,646,0.3049,
21,8360,0.2818,
21,6164,0.2798,
21,7547,0.271,
21,7699,0.2695,
21,729,0.2672,
21,6520,0.2661,
21,1369,0.2655,
21,5098,0.2642,
21,6773,0.2635,
21,432,0.2627,
21,7298,0.2599,
21,9247,0.2598,
21,7307,0.2594,
21,2610,0.257,
21,4729,0.2569,
21,4099,0.2568,
21,8042,0.2564,
21,1956,0.2563,
21,122,0.256,
22,2856,0.1807,
22,2718,0.1803,
22,5189,0.1792,
22,2926,0.1782,
22,3516,0.1778,
22,7412,0.1775,
22,3039,0.1737,
22,8439,0.173,
22,8192,0.1673,
22,567,0.1671,
22,1684,0.1667,
22,1352,0.1663,
22,3209,0.1656,
22,4057,0.1651,
22,8834,0.1641,
22,1851,0.1633,
22,334,0.1632,
22,1704,0.1618,
22,4114,0.1617,
22,1162,0.1612,
23,338,0.2847,
23,8834,0.2705,
23,4565,0.2621,
23,5189,0.2583,
23,1127,0.2563,
23,6613,0.2522,
23,4057,0.2513,
23,6504,0.251,
23,2175,0.2436,
23,7879,0.2426,
23,5984,0.2406,
23,7512,0.2353,
23,7737,0.2304,
23,4237,0.2227,
23,6478,0.2226,
23,4286,0.2224,
23,5395,0.2214,
23,1123,0.2212,
23,2859,0.2205,
23,965,0.2202,
24,5246,0.3263,
24,5450,0.3027,
24,99,0.2948,
24,334,0.2941,
24,7923,0.2932,
24,1859,0.2895,
24,2240,0.2891,
24,6355,0.2867,
24,973,0.2816,
24,5405,0.2798,
24,5754,0.2797,
24,9209,0.2783,
24,1563,0.278,
24,6818,0.2768,
24,967,0.2767,
24,9366,0.2755,
24,6341,0.2755,
24,8524,0.2752,
24,3864,0.2745,
24,8192,0.2734,
25,6627,0.1966,
25,7051,0.1856,
25,9062,0.1754,
25,8612,0.1749,
25,2461,0.1737,
25,5109,0.1699,
25,7070,0.1653,
25,7917,0.1638,
25,3432,0.163,
25,6803,0.159,
25,292,0.1553,
25,7628,0.1545,
25,616,0.1541,
25,2696,0.1536,
25,2331,0.1531,
25,7086,0.1529,
25,6442,0.1528,
25,626,0.1528,
25,5375,0.1522,
25,3516,0.1521,
26,5583,0.3392,
26,5773,0.3335,
26,2308,0.3322,
26,9452,0.3312,
26,4093,0.3293,
26,8374,0.326,
26,4275,0.3251,
26,1545,0.3232,
26,983,0.3215,
26,2158,0.319,
26,2351,0.3186,
26,1028,0.3177,
26,4727,0.3165,
26,4514,0.3152,
26,1062,0.3151,
26,2361,0.315,
26,7140,0.3149,
26,9407,0.3148,
26,2875,0.3142,
26,8145,0.3136,
27,2195,0.2161,
27,5836,0.211,
27,1111,0.2017,
27,5415,0.196,
27,4796,0.1958,
27,4837,0.1948,
27,7846,0.1939,
27,2856,0.1858,
27,6971,0.1821,
27,1388,0.1799,
27,8123,0.1793,
27,2448,0.1761,
27,3209,0.1756,
27,8111,0.1737,
27,7669,0.1737,
27,7020,0.1731,
27,9446,0.1668,
27,8673,0.1662,
27,9387,0.1661,
27,6503,0.166,
28,6104,0.2159,
28,8079,0.2059,
28,8806,0.2017,
28,5761,0.2001,
28,4531,0.1987,
28,8267,0.1987,
28,9070,0.1985,
28,6824,0.1985,
28,296,0.1982,
28,6444,0.1981,
28,4747,0.1975,
28,5559,0.197,
28,2473,0.1969,
28,1312,0.1964,
28,5176,0.1958,
28,4041,0.1955,
28,2732,0.1941,
28,1165,0.194,
28,2098,0.1937,
28,8272,0.1934,
55,6627,0.2728,
55,3432,0.2586,
55,9062,0.2577,
55,7070,0.2451,
55,8612,0.2437,
55,2461,0.2416,
55,2331,0.2386,
55,5261,0.2322,
55,7568,0.2311,
55,1931,0.2184,
55,7051,0.2111,
55,7231,0.2067,
55,5609,0.2031,
55,1536,0.2024,
55,8769,0.1999,
55,7628,0.1994,
55,166,0.1986,
55,4682,0.1969,
55,2696,0.1933,
55,8192,0.1917,
29,7879,0.3215,
29,2252,0.3207,
29,624,0.3149,
29,4553,0.3144,
29,6441,0.3121,
29,463,0.304,
29,5938,0.3029,
29,7044,0.3025,
29,3815,0.3023,
29,5010,0.2971,
29,1059,0.2962,
29,8280,0.296,
29,3531,0.2959,
29,8490,0.2959,
29,3790,0.2945,
29,1204,0.2931,
29,2239,0.293,
29,2182,0.2926,
29,7152,0.2926,
29,8087,0.292,
30,355,0.2275,
30,5165,0.2186,
30,3057,0.2085,
30,7523,0.202,
30,9436,0.2015,
30,3516,0.2011,
30,6141,0.1952,
30,8905,0.1942,
30,5438,0.1925,
30,3436,0.192,
30,2127,0.1917,
30,8834,0.1905,
30,5659,0.1904,
30,3920,0.1901,
30,2566,0.1888,
30,6613,0.1881,
30,6474,0.1874,
30,4057,0.1871,
30,2874,0.1869,
30,3207,0.1852,
31,2325,0.2357,
31,4735,0.2355,
31,3245,0.2317,
31,2455,0.2269,
31,6474,0.222,
31,6779,0.2215,
31,3259,0.2209,
31,2436,0.217,
31,7618,0.2162,
31,7892,0.2158,
31,3655,0.2155,
31,7973,0.2144,
31,4553,0.2124,
31,8322,0.2122,
31,3057,0.211,
31,2022,0.2108,
31,5390,0.2103,
31,4011,0.2094,
31,6524,0.2089,
31,3599,0.2088,
32,951,0.2344,
32,7494,0.2289,
32,6442,0.2281,
32,5109,0.2229,
32,5034,0.2193,
32,1858,0.2188,
32,3946,0.2177,
32,7070,0.2167,
32,8067,0.216,
32,3432,0.2139,
32,9062,0.2134,
32,4396,0.2118,
32,1504,0.211,
32,6565,0.2109,
32,2298,0.2108,
32,4489,0.2077,
32,6627,0.2068,
32,8769,0.2058,
32,8306,0.2044,
32,7917,0.2035,
33,7628,0.2156,
33,9394,0.2112,
33,2373,0.1997,
33,2461,0.1892,
33,8693,0.188,
33,8118,0.1873,
33,4158,0.1824,
33,6998,0.1819,
33,4831,0.178,
33,6803,0.1774,
33,1054,0.1729,
33,3202,0.1727,
33,1167,0.1696,
33,616,0.1694,
33,534,0.168,
33,3516,0.1663,
33,4876,0.1634,
33,5619,0.1626,
33,9447,0.1617,
33,5149,0.1614,
34,2261,0.2618,
34,3506,0.2554,
34,7921,0.255,
34,5190,0.2528,
34,3697,0.2497,
34,8815,0.2485,
34,4935,0.248,
34,8830,0.2471,
34,3027,0.2449,
34,3612,0.2444,
34,3355,0.241,
34,2873,0.2396,
34,7525,0.2392,
34,5668,0.2383,
34,7961,0.2379,
34,872,0.2378,
34,6605,0.2374,
34,4661,0.2369,
34,3259,0.2368,
34,3268,0.2356,
35,5165,0.2897,
35,4553,0.2814,
35,3057,0.2811,
35,5438,0.2696,
35,355,0.2694,
35,8905,0.2623,
35,5999,0.2522,
35,3436,0.2517,
35,3207,0.2498,
35,2874,0.2491,
35,2127,0.2488,
35,6474,0.2488,
35,7523,0.2473,
35,754,0.2471,
35,4512,0.2448,
35,7273,0.2445,
35,3417,0.2434,
35,6141,0.2433,
35,5659,0.2427,
35,3920,0.242,
36,2164,0.2379,
36,1913,0.2289,
36,4127,0.2269,
36,1902,0.222,
36,5967,0.2168,
36,579,0.2148,
36,7453,0.2148,
36,5343,0.2145,
36,4274,0.2142,
36,2385,0.2107,
36,5168,0.2093,
36,2091,0.2081,
36,2394,0.2064,
36,1704,0.2059,
36,5919,0.2055,
36,2433,0.2052,
36,9334,0.2047,
36,8682,0.2032,
36,7901,0.2032,
36,4652,0.2031,
37,8720,0.3162,
37,8620,0.308,
37,5554,0.304,
37,8579,0.2989,
37,4547,0.2933,
37,5790,0.2928,
37,4302,0.2925,
37,4250,0.2921,
37,4074,0.2894,
37,2911,0.2887,
37,3552,0.2885,
37,5543,0.2877,
37,9032,0.2873,
37,3650,0.2868,
37,248,0.2865,
37,2687,0.2861,
37,5122,0.2854,
37,8836,0.2853,
37,2459,0.2849,
37,8352,0.2832,
38,6627,0.2501,
38,2331,0.247,
38,9062,0.2434,
38,7051,0.2319,
38,8612,0.2303,
38,1931,0.2243,
38,4682,0.2235,
38,3840,0.2076,
38,1485,0.2068,
38,3432,0.2023,
38,2461,0.202,
38,164,0.198,
38,7925,0.1952,
38,7195,0.1951,
38,3060,0.1934,
38,7231,0.1934,
38,5261,0.1927,
38,4299,0.1919,
38,882,0.1911,
38,5882,0.1903,
39,8992,0.3039,
39,7387,0.2553,
39,3516,0.2548,
39,1562,0.2511,
39,1309,0.2504,
39,4736,0.2452,
39,5677,0.2436,
39,173,0.2429,
39,3356,0.2389,
39,4114,0.2388,
39,6598,0.2366,
39,3156,0.2363,
39,1101,0.2362,
39,7500,0.2324,
39,6997,0.2298,
39,5189,0.2297,
39,7535,0.2287,
39,5405,0.2262,
39,8620,0.2261,
39,8720,0.2257,
40,9062,0.2838,
40,8067,0.2632,
40,8433,0.2555,
40,6442,0.2494,
40,8769,0.2394,
40,846,0.2383,
40,5943,0.2377,
40,9384,0.2351,
40,5990,0.2326,
40,6444,0.231,
40,1763,0.2289,
40,8693,0.2281,
40,4531,0.2276,
40,1859,0.2273,
40,3039,0.2261,
40,919,0.2261,
40,2136,0.226,
40,1858,0.2236,
40,9447,0.2235,
40,6104,0.2231,
41,1913,0.2226,
41,8184,0.2222,
41,1902,0.2163,
41,8036,0.2162,
41,5967,0.2096,
41,3749,0.2061,
41,4127,0.2027,
41,3516,0.2014,
41,5106,0.2011,
41,616,0.1996,
41,2174,0.1986,
41,7901,0.1954,
41,5919,0.1953,
41,1054,0.1938,
41,9334,0.193,
41,5448,0.1927,
41,4608,0.1925,
41,2883,0.1925,
41,1704,0.1911,
41,5343,0.1911,
42,6444,0.2007,
42,4819,0.1898,
42,4848,0.1869,
42,3039,0.1841,
42,1964,0.1821,
42,9447,0.1809,
42,7973,0.18,
42,4240,0.1798,
42,6104,0.1763,
42,7273,0.175,
42,4892,0.1745,
42,7883,0.1731,
42,8322,0.172,
42,5761,0.1717,
42,919,0.1712,
42,4175,0.1698,
42,6174,0.1698,
42,274,0.1696,
42,4470,0.169,
42,4622,0.1686,
43,6174,0.2629,
43,7973,0.2619,
43,5681,0.2485,
43,433,0.2429,
43,7825,0.2365,
43,2145,0.2322,
43,7824,0.2314,
43,5882,0.2303,
43,1908,0.2289,
43,1207,0.2286,
43,5583,0.2274,
43,5716,0.2272,
43,164,0.2264,
43,8267,0.225,
43,8834,0.2238,
43,282,0.222,
43,3679,0.2217,
43,399,0.2216,
43,78,0.221,
43,5223,0.2208,
44,3417,0.2696,
44,8482,0.2556,
44,4841,0.2555,
44,3386,0.2514,
44,8825,0.2415,
44,6301,0.2399,
44,3851,0.2389,
44,3736,0.238,
44,1893,0.2356,
44,9344,0.2353,
44,1965,0.2349,
44,8238,0.2346,
44,1304,0.2345,
44,5051,0.2342,
44,4808,0.2329,
44,912,0.232,
44,9134,0.2318,
44,3072,0.2315,
44,2659,0.2294,
44,1362,0.2291,
45,8968,0.2577,
45,9213,0.2465,
45,2401,0.2422,
45,4175,0.2268,
45,7578,0.2255,
45,850,0.2249,
45,3744,0.2241,
45,2461,0.223,
45,7140,0.2207,
45,7656,0.2148,
45,7901,0.2124,
45,7628,0.2119,
45,6785,0.2117,
45,3202,0.211,
45,2433,0.2104,
45,7784,0.2087,
45,7453,0.2071,
45,155,0.2064,
45,7883,0.2056,
45,1028,0.2054,
46,2006,0.2946,
46,2361,0.2598,
46,3540,0.2597,
46,9407,0.2459,
46,8662,0.2453,
46,5583,0.2446,
46,8131,0.2432,
46,9388,0.2414,
46,993,0.2411,
46,6614,0.2404,
46,736,0.2404,
46,4252,0.2376,
46,1028,0.2365,
46,6264,0.2347,
46,7140,0.2344,
46,1598,0.2344,
46,307,0.2322,
46,4682,0.2313,
46,1771,0.2309,
46,6613,0.2299,
56,2373,0.2102,
56,4490,0.177,
56,622,0.1561,
56,8857,0.1539,
56,534,0.1493,
56,2813,0.1493,
56,6072,0.1459,
56,8457,0.1444,
56,7543,0.1437,
56,3346,0.1414,
56,2434,0.1412,
56,4271,0.1389,
56,2461,0.1388,
56,5149,0.1382,
56,2385,0.1381,
56,606,0.138,
56,6998,0.1377,
56,6835,0.1356,
56,9394,0.1353,
56,2344,0.1339,
57,7044,0.2742,
57,6212,0.2699,
57,3815,0.266,
57,1000,0.2544,
57,8054,0.2512,
57,409,0.2485,
57,463,0.2471,
57,5973,0.2451,
57,8585,0.2451,
57,8087,0.2447,
57,5921,0.2445,
57,3531,0.2441,
57,3371,0.243,
57,4223,0.2429,
57,2252,0.2423,
57,4401,0.2415,
57,9288,0.2396,
57,7049,0.2392,
57,6386,0.2391,
57,2844,0.2368,
157,4682,0.1907,
157,3540,0.1798,
157,2461,0.1758,
157,307,0.1715,
157,3840,0.1699,
157,8131,0.167,
157,2006,0.1638,
157,6803,0.1635,
157,3202,0.1632,
157,7195,0.161,
157,736,0.1599,
157,8769,0.1598,
157,7371,0.1594,
157,3432,0.1578,
157,5465,0.1564,
157,6627,0.1539,
157,9452,0.1523,
157,7070,0.1521,
157,6613,0.1519,
157,155,0.151,
158,9288,0.2381,
158,6742,0.2286,
158,918,0.2152,
158,4553,0.2123,
158,455,0.2115,
158,7500,0.2037,
158,7399,0.1994,
158,8436,0.1992,
158,9247,0.198,
158,7836,0.1977,
158,2695,0.196,
158,7874,0.1925,
158,8905,0.1924,
158,6474,0.1918,
158,7160,0.1902,
158,4979,0.1899,
158,8983,0.1897,
158,409,0.1889,
158,5465,0.1886,
158,3207,0.1877,
47,4344,0.3443,
47,3207,0.3316,
47,6494,0.3212,
47,7471,0.3197,
47,3817,0.3197,
47,6776,0.3195,
47,8045,0.3194,
47,6555,0.3191,
47,1157,0.3189,
47,8699,0.3188,
47,3315,0.3179,
47,764,0.3179,
47,8376,0.317,
47,5589,0.3169,
47,1807,0.3168,
47,7188,0.3168,
47,7627,0.3161,
47,6453,0.3158,
47,3735,0.3154,
47,995,0.3141,
48,7901,0.1817,
48,2418,0.1772,
48,2255,0.1769,
48,2926,0.1746,
48,4127,0.1739,
48,3516,0.1702,
48,5559,0.1698,
48,4622,0.1686,
48,1083,0.1653,
48,1902,0.1626,
48,4525,0.1591,
48,2164,0.1562,
48,2764,0.1545,
48,1292,0.1539,
48,3693,0.1533,
48,3112,0.1533,
48,6469,0.1523,
48,8500,0.152,
48,3813,0.1519,
48,3744,0.1508,
49,6613,0.3004,
49,5157,0.2881,
49,8940,0.2811,
49,307,0.2797,
49,4275,0.2772,
49,66,0.2764,
49,3787,0.2743,
49,2158,0.2736,
49,473,0.2729,
49,6643,0.2727,
49,5583,0.2723,
49,6614,0.2712,
49,2361,0.2702,
49,5969,0.2693,
49,5548,0.2688,
49,2351,0.2676,
49,5901,0.2672,
49,2160,0.2664,
49,6499,0.266,
49,8551,0.266,
50,5344,0.3014,
50,7648,0.2976,
50,2510,0.2975,
50,5519,0.2933,
50,5464,0.2932,
50,2312,0.2846,
50,4848,0.2822,
50,1062,0.2781,
50,6174,0.2767,
50,3787,0.273,
50,7825,0.2722,
50,5583,0.2715,
50,8267,0.2677,
50,164,0.2644,
50,2145,0.264,
50,6613,0.2635,
50,5927,0.261,
50,7973,0.2596,
50,5494,0.2595,
50,1908,0.257,
51,5809,0.2229,
51,9416,0.2186,
51,3100,0.1992,
51,4896,0.1968,
51,7477,0.1829,
51,2174,0.1817,
51,8556,0.1745,
51,4687,0.1733,
51,1268,0.1708,
51,5848,0.1696,
51,7518,0.1655,
51,8195,0.1654,
51,8888,0.1653,
51,7591,0.1652,
51,8430,0.1624,
51,4963,0.1622,
51,198,0.1619,
51,2724,0.1618,
51,5238,0.1607,
51,5704,0.1605,
52,2467,0.2587,
52,9321,0.2509,
52,409,0.2463,
52,8054,0.2429,
52,4818,0.2424,
52,3815,0.2379,
52,2543,0.2371,
52,8087,0.2363,
52,88,0.236,
52,8166,0.233,
52,5750,0.2316,
52,4346,0.23,
52,7152,0.2295,
52,6212,0.228,
52,9016,0.2276,
52,1337,0.2244,
52,7525,0.2237,
52,463,0.2229,
52,4782,0.2227,
52,6172,0.2202,
53,7825,0.2483,
53,5030,0.2421,
53,78,0.2417,
53,6174,0.2374,
53,6835,0.2306,
53,7973,0.2299,
53,3500,0.2273,
53,1626,0.2266,
53,1207,0.2256,
53,2536,0.2243,
53,3679,0.2212,
53,3989,0.2189,
53,8834,0.218,
53,4531,0.2171,
53,56,0.2171,
53,2663,0.2164,
53,9234,0.2158,
53,1763,0.2146,
53,7870,0.2117,
53,2856,0.2114,
54,9328,0.2757,
54,2724,0.2552,
54,8834,0.2531,
54,2429,0.2384,
54,5894,0.238,
54,6174,0.2333,
54,169,0.2331,
54,1908,0.2325,
54,7486,0.2279,
54,4531,0.2257,
54,5809,0.2252,
54,1909,0.2205,
54,78,0.2205,
54,6613,0.22,
54,5360,0.2161,
54,7374,0.2105,
54,1215,0.2083,
54,7973,0.2081,
54,6935,0.207,
54,9452,0.2067,
161,2373,0.2027,
161,4490,0.1869,
161,2461,0.1766,
161,6072,0.1708,
161,9394,0.165,
161,8857,0.1597,
161,622,0.1596,
161,6998,0.1592,
161,2344,0.1578,
161,2813,0.1576,
161,6803,0.1535,
161,8457,0.1525,
161,7543,0.1517,
161,2434,0.1478,
161,4271,0.1442,
161,534,0.1439,
161,5149,0.1412,
161,4451,0.1406,
161,7628,0.1391,
161,140,0.1366,
162,3840,0.2503,
162,6849,0.2273,
162,164,0.2227,
162,312,0.219,
162,4682,0.2117,
162,2302,0.2114,
162,8374,0.2109,
162,8326,0.2104,
162,1162,0.2098,
162,6613,0.2085,
162,7925,0.2072,
162,8005,0.2063,
162,882,0.2036,
162,4258,0.2035,
162,8130,0.2016,
162,4299,0.2011,
162,4057,0.2004,
162,3871,0.2003,
162,3060,0.2001,
162,326,0.1986,
58,8067,0.1987,
58,9062,0.1961,
58,3039,0.1836,
58,2331,0.1793,
58,3897,0.1785,
58,919,0.1779,
58,334,0.1745,
58,1162,0.1745,
58,8592,0.174,
58,6444,0.1735,
58,4848,0.1727,
58,1859,0.1721,
58,6627,0.1719,
58,4489,0.1716,
58,8834,0.1716,
58,5081,0.1715,
58,7371,0.1703,
58,5344,0.1698,
58,5397,0.1683,
58,3840,0.1659,
59,7044,0.2408,
59,7879,0.2342,
59,4223,0.2301,
59,3815,0.2287,
59,9288,0.2277,
59,8054,0.227,
59,5484,0.2253,
59,8585,0.2247,
59,4818,0.2214,
59,7525,0.2209,
59,6386,0.2197,
59,1356,0.2192,
59,1000,0.219,
59,8182,0.2186,
59,6212,0.2184,
59,9114,0.2182,
59,463,0.2163,
59,7520,0.2158,
59,3097,0.2123,
59,7322,0.212,
60,7412,0.2102,
60,1851,0.1947,
60,2718,0.1923,
60,5736,0.1917,
60,3039,0.191,
60,1352,0.1895,
60,8067,0.1883,
60,2856,0.1874,
60,7346,0.1828,
60,334,0.1771,
60,1859,0.1768,
60,1162,0.1764,
60,5419,0.176,
60,4613,0.1745,
60,4143,0.1744,
60,2926,0.1736,
60,7042,0.1725,
60,7371,0.1725,
60,1242,0.1721,
60,8276,0.1717,
61,6839,0.2687,
61,1157,0.2604,
61,8376,0.2536,
61,1807,0.2504,
61,4248,0.2504,
61,6358,0.2487,
61,213,0.2485,
61,4377,0.248,
61,6963,0.2463,
61,6743,0.2463,
61,1828,0.2452,
61,1780,0.2443,
61,6209,0.2434,
61,2170,0.2431,
61,515,0.2428,
61,7358,0.2427,
61,9333,0.2422,
61,4344,0.2417,
61,6755,0.2415,
61,2730,0.2414,
62,4682,0.2477,
62,9062,0.2364,
62,6627,0.2265,
62,3432,0.2046,
62,7070,0.2018,
62,8612,0.195,
62,307,0.1923,
62,7568,0.1904,
62,1028,0.19,
62,7140,0.1884,
62,7633,0.1848,
62,6431,0.1831,
62,7051,0.1824,
62,4455,0.1804,
62,5261,0.1789,
62,2331,0.1782,
62,2361,0.1735,
62,2770,0.1734,
62,7231,0.1722,
62,6442,0.1684,
63,7525,0.3115,
63,8054,0.2985,
63,5938,0.2978,
63,7044,0.2851,
63,5656,0.2815,
63,6212,0.2784,
63,8087,0.2757,
63,6441,0.2756,
63,4223,0.2746,
63,5921,0.2739,
63,2182,0.2735,
63,409,0.272,
63,6192,0.2716,
63,4026,0.2708,
63,2239,0.2708,
63,1206,0.2707,
63,3815,0.2662,
63,4782,0.2651,
63,4713,0.2643,
63,2367,0.2633,
64,4834,0.3055,
64,1004,0.3008,
64,7525,0.2901,
64,3506,0.2843,
64,9363,0.2669,
64,9346,0.2633,
64,9431,0.2608,
64,78,0.2598,
64,3238,0.2597,
64,5051,0.257,
64,469,0.2568,
64,3259,0.2567,
64,3838,0.2545,
64,2439,0.2535,
64,2560,0.252,
64,8843,0.2512,
64,6173,0.2511,
64,7569,0.2501,
64,2627,0.2499,
64,5835,0.2487,
65,307,0.3165,
65,3787,0.295,
65,4275,0.2883,
65,473,0.2871,
65,8940,0.2858,
65,5969,0.2858,
65,2158,0.2847,
65,2160,0.2846,
65,66,0.2845,
65,5548,0.2845,
65,9452,0.2835,
65,6613,0.2831,
65,2351,0.282,
65,5901,0.2818,
65,5050,0.2811,
65,8551,0.2809,
65,8145,0.2809,
65,9341,0.2807,
65,8367,0.2803,
65,7447,0.2801,
67,9213,0.1849,
67,1902,0.1818,
67,239,0.1812,
67,5343,0.181,
67,7656,0.1775,
67,4127,0.1757,
67,3516,0.1659,
67,2385,0.1641,
67,3202,0.1631,
67,2461,0.161,
67,5967,0.1606,
67,2401,0.1601,
67,8968,0.1586,
67,8192,0.1584,
67,5559,0.1579,
67,7453,0.1579,
67,8036,0.1577,
67,9436,0.1557,
67,1704,0.1547,
67,1054,0.1534,
68,5165,0.287,
68,3057,0.2796,
68,2127,0.2733,
68,5438,0.2683,
68,8905,0.2678,
68,3436,0.2673,
68,7523,0.267,
68,759,0.2651,
68,3417,0.2645,
68,3920,0.262,
68,4512,0.2619,
68,2874,0.2612,
68,5659,0.2602,
68,6474,0.2576,
68,6141,0.257,
68,2566,0.2563,
68,754,0.2556,
68,355,0.2555,
68,4553,0.2539,
68,8221,0.2537,
69,7231,0.3132,
69,2461,0.311,
69,3432,0.3108,
69,9062,0.2934,
69,7568,0.2927,
69,5261,0.289,
69,6627,0.2883,
69,8612,0.2833,
69,7070,0.2813,
69,166,0.2762,
69,7086,0.2711,
69,2331,0.2585,
69,1536,0.2556,
69,7051,0.2523,
69,7195,0.2454,
69,5609,0.2447,
69,7628,0.2422,
69,8433,0.2403,
69,6322,0.2397,
69,4682,0.2317,
70,6164,0.3483,
70,5327,0.3308,
70,432,0.32,
70,3669,0.3175,
70,8748,0.3171,
70,5749,0.3168,
70,1369,0.3151,
70,9371,0.3136,
70,9247,0.3135,
70,5098,0.3132,
70,6520,0.309,
70,5735,0.308,
70,4138,0.3064,
70,7462,0.3061,
70,7298,0.3049,
70,6823,0.3047,
70,8476,0.3037,
70,729,0.303,
70,122,0.3022,
70,845,0.3014,
71,3202,0.2162,
71,3516,0.2088,
71,9273,0.208,
71,8067,0.2077,
71,1400,0.1979,
71,1330,0.197,
71,8571,0.194,
71,2461,0.1936,
71,2883,0.1907,
71,920,0.1879,
71,2174,0.1872,
71,2837,0.1869,
71,5189,0.1831,
71,5048,0.1802,
71,5106,0.1789,
71,1083,0.1786,
71,5967,0.1781,
71,8439,0.1762,
71,8471,0.174,
71,4127,0.1721,
72,8746,0.1983,
72,3039,0.1936,
72,1162,0.1894,
72,4143,0.1822,
72,1859,0.1808,
72,2452,0.1807,
72,164,0.1803,
72,3540,0.1786,
72,8766,0.1783,
72,4682,0.1773,
72,8287,0.1752,
72,6613,0.1737,
72,3840,0.172,
72,4041,0.1712,
72,7346,0.1707,
72,7371,0.1693,
72,8469,0.169,
72,3787,0.1676,
72,6754,0.1669,
72,4613,0.1668,
73,9062,0.2452,
73,455,0.2353,
73,5465,0.2312,
73,8067,0.2285,
73,2663,0.2284,
73,4682,0.226,
73,3989,0.2232,
73,3840,0.2222,
73,291,0.2213,
73,8888,0.22,
73,6627,0.2194,
73,6174,0.2179,
73,164,0.2165,
73,2331,0.2159,
73,8662,0.2128,
73,5882,0.2112,
73,8470,0.2108,
73,7836,0.2105,
73,8322,0.2097,
73,3540,0.2096,
74,9273,0.2223,
74,9436,0.2136,
74,1330,0.2093,
74,6803,0.2092,
74,1902,0.2065,
74,3202,0.2028,
74,3516,0.1976,
74,3784,0.1975,
74,5106,0.1935,
74,8834,0.1875,
74,5919,0.1874,
74,616,0.1867,
74,8053,0.1866,
74,1241,0.1843,
74,6442,0.1832,
74,5594,0.1831,
74,352,0.1831,
74,7083,0.1826,
74,2837,0.1818,
74,8067,0.1815,
75,2252,0.2795,
75,1204,0.2758,
75,7525,0.2707,
75,3815,0.265,
75,7684,0.262,
75,8087,0.2619,
75,7879,0.2594,
75,9202,0.2594,
75,2182,0.2593,
75,4553,0.2592,
75,5938,0.2578,
75,9288,0.2571,
75,7864,0.2558,
75,1059,0.2557,
75,4582,0.2554,
75,6441,0.2537,
75,8174,0.2526,
75,2175,0.2523,
75,463,0.2511,
75,3107,0.2509,
76,4582,0.2575,
76,3815,0.2359,
76,6830,0.2209,
76,1083,0.218,
76,8585,0.214,
76,5835,0.2135,
76,3531,0.2116,
76,9288,0.2111,
76,1000,0.2111,
76,463,0.2096,
76,409,0.2096,
76,7044,0.2083,
76,6212,0.2068,
76,4825,0.2065,
76,8041,0.2061,
76,7824,0.2043,
76,9202,0.202,
76,7867,0.202,
76,8070,0.2008,
76,2844,0.1999,
77,5930,0.1813,
77,8592,0.1766,
77,919,0.1763,
77,291,0.1711,
77,7883,0.1616,
77,4175,0.1586,
77,8240,0.1573,
77,5905,0.1565,
77,794,0.1543,
77,5081,0.1538,
77,7252,0.1535,
77,7578,0.1532,
77,2953,0.1521,
77,5192,0.1499,
77,2185,0.1499,
77,4058,0.1495,
77,1811,0.149,
77,3989,0.1473,
77,8275,0.1471,
77,2665,0.1467,
78,9062,0.2519,
78,2331,0.2367,
78,4682,0.2278,
78,6627,0.2265,
78,3432,0.2129,
78,8433,0.2019,
78,8612,0.1993,
78,7568,0.1969,
78,5261,0.1946,
78,5465,0.1931,
78,455,0.1921,
78,3840,0.1913,
78,2461,0.1881,
78,7051,0.1857,
78,5609,0.1847,
78,6322,0.1838,
78,7070,0.1823,
78,9247,0.1805,
78,312,0.1802,
78,6442,0.1801,
79,3531,0.2236,
79,2175,0.2227,
79,2252,0.2196,
79,6836,0.2171,
79,5656,0.2152,
79,2926,0.2099,
79,7854,0.2095,
79,4303,0.2094,
79,5010,0.2082,
79,7879,0.2049,
79,2209,0.1992,
79,1204,0.1981,
79,624,0.1976,
79,6212,0.1953,
79,8087,0.1951,
79,4582,0.195,
79,7044,0.1947,
79,8118,0.1946,
79,7868,0.1943,
79,8466,0.194,
80,2255,0.2443,
80,7160,0.2433,
80,918,0.2429,
80,455,0.2399,
80,7500,0.2311,
80,8925,0.2288,
80,9288,0.2281,
80,7874,0.2275,
80,4127,0.2258,
80,7836,0.2242,
80,4762,0.2238,
80,3238,0.2213,
80,5465,0.2194,
80,7430,0.2179,
80,8436,0.2168,
80,6742,0.2151,
80,8983,0.2147,
80,2695,0.2115,
80,7312,0.2073,
80,7371,0.2052,
81,2019,0.2642,
81,6701,0.2515,
81,5603,0.2474,
81,2926,0.2471,
81,9447,0.2449,
81,9276,0.244,
81,6259,0.2436,
81,5900,0.2431,
81,9070,0.2411,
81,1858,0.241,
81,2053,0.2389,
81,6109,0.2383,
81,1846,0.2376,
81,7491,0.237,
81,8769,0.236,
81,7345,0.2356,
81,945,0.2347,
81,5660,0.2345,
81,919,0.2345,
81,8763,0.2344,
82,736,0.2918,
82,307,0.2814,
82,8131,0.2663,
82,3540,0.2624,
82,6613,0.2395,
82,66,0.2336,
82,3050,0.2251,
82,4480,0.225,
82,6643,0.2235,
82,3787,0.2234,
82,378,0.2224,
82,4660,0.2193,
82,164,0.2193,
82,6001,0.219,
82,6066,0.2185,
82,2642,0.2178,
82,5538,0.2173,
82,1743,0.2163,
82,4275,0.2161,
82,5743,0.2159,
83,8067,0.2348,
83,9062,0.2188,
83,7870,0.2163,
83,7784,0.2156,
83,2732,0.21,
83,8888,0.2087,
83,7648,0.2051,
83,1241,0.2047,
83,6174,0.2045,
83,3989,0.2032,
83,3540,0.2031,
83,7633,0.2011,
83,282,0.201,
83,7825,0.2,
83,3572,0.1994,
83,7617,0.1982,
83,4682,0.1963,
83,5533,0.1961,
83,455,0.1952,
83,2312,0.1951,
90,3516,0.2321,
90,1902,0.2064,
90,8471,0.2058,
90,8992,0.199,
90,4127,0.1919,
90,1684,0.1866,
90,4114,0.1859,
90,9208,0.1857,
90,5343,0.1842,
90,5967,0.1814,
90,8813,0.1804,
90,3749,0.1787,
90,5839,0.178,
90,1054,0.1777,
90,2926,0.176,
90,2385,0.1751,
90,3576,0.1741,
90,7748,0.1736,
90,7387,0.1734,
90,5405,0.1729,
91,4344,0.3275,
91,2859,0.3221,
91,4377,0.3211,
91,8699,0.3122,
91,6555,0.307,
91,3735,0.3069,
91,7188,0.3053,
91,8045,0.302,
91,4149,0.3009,
91,1383,0.3007,
91,1630,0.3003,
91,6755,0.2998,
91,77,0.2997,
91,4005,0.2993,
91,2959,0.2959,
91,1367,0.2959,
91,995,0.295,
91,6776,0.2947,
91,3005,0.2934,
91,6293,0.2933,
84,6164,0.2625,
84,6083,0.2566,
84,1369,0.2507,
84,7964,0.2492,
84,8557,0.2485,
84,5098,0.2455,
84,1718,0.2438,
84,1859,0.2436,
84,432,0.2436,
84,1626,0.243,
84,3430,0.2418,
84,3669,0.2412,
84,6867,0.2409,
84,5520,0.2396,
84,5735,0.2395,
84,3304,0.239,
84,6823,0.2381,
84,585,0.2379,
84,3258,0.2378,
84,3857,0.2368,
85,7493,0.3042,
85,8267,0.2862,
85,6104,0.2855,
85,1639,0.272,
85,5183,0.2682,
85,432,0.2678,
85,5376,0.2676,
85,846,0.2671,
85,8566,0.2664,
85,478,0.2655,
85,6421,0.2655,
85,8477,0.2621,
85,4209,0.2615,
85,3558,0.2612,
85,6867,0.2601,
85,1276,0.2595,
85,8375,0.259,
85,3598,0.2573,
85,2862,0.2571,
85,3038,0.2564,
86,6433,0.264,
86,338,0.2381,
86,5217,0.2364,
86,8834,0.2345,
86,6742,0.2296,
86,6164,0.2237,
86,5078,0.2237,
86,8250,0.2234,
86,1859,0.2233,
86,8206,0.2228,
86,5356,0.2224,
86,2043,0.219,
86,7879,0.2124,
86,8481,0.2123,
86,6613,0.2113,
86,7824,0.2109,
86,334,0.2109,
86,1162,0.2106,
86,2455,0.2106,
86,9172,0.2095,
87,9366,0.208,
87,9034,0.2063,
87,334,0.2056,
87,980,0.2041,
87,1162,0.2041,
87,967,0.204,
87,7317,0.2033,
87,8192,0.203,
87,7923,0.2019,
87,5397,0.2018,
87,4962,0.2016,
87,6064,0.1998,
87,1859,0.1983,
87,5450,0.1975,
87,7606,0.197,
87,6818,0.1954,
87,6781,0.1946,
87,6942,0.193,
87,5356,0.1928,
87,3630,0.1922,
88,7195,0.2776,
88,4299,0.2555,
88,3941,0.2466,
88,326,0.2405,
88,3060,0.2386,
88,882,0.2378,
88,5187,0.2341,
88,3871,0.2316,
88,9322,0.2307,
88,3840,0.2306,
88,3564,0.2279,
88,4657,0.2269,
88,5467,0.2267,
88,4258,0.2264,
88,8130,0.2246,
88,614,0.2245,
88,312,0.2235,
88,7925,0.2212,
88,4788,0.2195,
88,2944,0.2195,
89,5098,0.3319,
89,432,0.3314,
89,8818,0.331,
89,8944,0.3281,
89,7964,0.3213,
89,4138,0.3199,
89,864,0.3195,
89,219,0.3184,
89,5520,0.3162,
89,5735,0.3137,
89,6867,0.3125,
89,4956,0.3086,
89,8748,0.3062,
89,6829,0.3,
89,4493,0.2979,
89,6823,0.2977,
89,5749,0.2972,
89,5737,0.2971,
89,5398,0.2963,
89,8402,0.2963,
163,5183,0.2409,
163,2862,0.228,
163,1276,0.2271,
163,6421,0.2264,
163,8267,0.2263,
163,8375,0.226,
163,4751,0.2258,
163,3527,0.2217,
163,3558,0.22,
163,8477,0.2178,
163,2270,0.2178,
163,5376,0.2161,
163,478,0.2159,
163,9044,0.2157,
163,3973,0.2148,
163,1908,0.2133,
163,2098,0.2128,
163,6813,0.2126,
163,4209,0.2118,
163,3598,0.2118,
164,8054,0.3254,
164,9321,0.3211,
164,7525,0.3103,
164,7879,0.3084,
164,4223,0.3042,
164,3815,0.3011,
164,7782,0.2993,
164,2182,0.2991,
164,6441,0.2957,
164,2252,0.2946,
164,4401,0.2939,
164,8087,0.2927,
164,624,0.2897,
164,3510,0.2854,
164,3846,0.2847,
164,2239,0.2835,
164,8280,0.2834,
164,1000,0.283,
164,8585,0.2829,
164,7684,0.2827,
92,5882,0.2142,
92,164,0.2056,
92,455,0.1994,
92,6397,0.1993,
92,1659,0.1962,
92,4558,0.193,
92,5189,0.1917,
92,1215,0.19,
92,8980,0.1894,
92,1908,0.189,
92,5465,0.1886,
92,4057,0.1876,
92,3345,0.1865,
92,5344,0.1862,
92,2724,0.1856,
92,4848,0.1847,
92,5081,0.1836,
92,6038,0.1834,
92,8834,0.1829,
92,7825,0.182,
93,6408,0.1849,
93,3877,0.1714,
93,4181,0.1653,
93,7638,0.1633,
93,9007,0.1609,
93,7427,0.1596,
93,3517,0.1491,
93,6044,0.1452,
93,394,0.1443,
93,5813,0.1441,
93,959,0.1433,
93,9162,0.1425,
93,3820,0.142,
93,6538,0.1417,
93,3167,0.1409,
93,5634,0.1408,
93,2455,0.1401,
93,6381,0.1401,
93,6631,0.1393,
93,9061,0.1389,
94,9062,0.2424,
94,8067,0.2173,
94,2089,0.2081,
94,2331,0.2077,
94,6442,0.2018,
94,7883,0.199,
94,3989,0.1987,
94,4175,0.1952,
94,2724,0.1939,
94,7593,0.1914,
94,455,0.1892,
94,6627,0.1888,
94,7870,0.1884,
94,5189,0.1881,
94,291,0.1879,
94,3039,0.1874,
94,4682,0.1872,
94,2312,0.1841,
94,3743,0.1839,
94,4848,0.1836,
95,8041,0.2174,
95,503,0.2119,
95,6034,0.2104,
95,8776,0.1986,
95,1589,0.1958,
95,7868,0.1944,
95,6663,0.1903,
95,1554,0.1881,
95,7695,0.1868,
95,8280,0.182,
95,8998,0.18,
95,8130,0.18,
95,6916,0.1789,
95,3696,0.1781,
95,99,0.1767,
95,536,0.1757,
95,3815,0.1746,
95,1547,0.1729,
95,6819,0.1722,
95,6672,0.1717,
96,6835,0.2139,
96,355,0.2113,
96,4553,0.2044,
96,7273,0.2015,
96,7525,0.2001,
96,3074,0.1957,
96,78,0.194,
96,1337,0.1925,
96,7656,0.1916,
96,5999,0.1912,
96,5448,0.1904,
96,5165,0.1897,
96,1054,0.1875,
96,3057,0.1872,
96,409,0.1859,
96,8585,0.1838,
96,8041,0.1837,
96,1626,0.1837,
96,7628,0.183,
96,5967,0.1824,
97,6180,0.2687,
97,498,0.256,
97,7278,0.2524,
97,1478,0.2522,
97,8190,0.2508,
97,5808,0.2488,
97,1809,0.2484,
97,213,0.2463,
97,3475,0.2462,
97,6224,0.2462,
97,2020,0.2449,
97,4313,0.2448,
97,5608,0.2437,
97,9430,0.2437,
97,2873,0.2436,
97,7961,0.243,
97,4495,0.2424,
97,5217,0.2394,
97,3268,0.2394,
97,6585,0.2389,
98,4035,0.2037,
98,9062,0.202,
98,7883,0.1768,
98,5563,0.1754,
98,2461,0.1749,
98,7824,0.1747,
98,4175,0.1735,
98,8240,0.1725,
98,2344,0.1724,
98,3989,0.1688,
98,8184,0.1682,
98,1083,0.1651,
98,4158,0.1619,
98,8693,0.1599,
98,7081,0.1592,
98,291,0.1591,
98,7051,0.1579,
98,7628,0.1576,
98,6400,0.1565,
98,180,0.1545,
99,3057,0.2153,
99,7973,0.2118,
99,4553,0.208,
99,78,0.2064,
99,5165,0.2032,
99,6474,0.1993,
99,8905,0.1966,
99,2127,0.1945,
99,5030,0.1938,
99,5438,0.1925,
99,8322,0.1922,
99,4512,0.1903,
99,6376,0.1902,
99,3417,0.1899,
99,3207,0.1896,
99,6141,0.1878,
99,3259,0.1874,
99,7273,0.1856,
99,8221,0.1856,
99,5999,0.1845,
100,9447,0.2172,
100,1207,0.2127,
100,2255,0.2019,
100,455,0.2005,
100,3039,0.1987,
100,3693,0.1986,
100,2053,0.1979,
100,5360,0.1975,
100,8079,0.197,
100,4204,0.1968,
100,9267,0.1966,
100,8888,0.1964,
100,6517,0.1959,
100,5535,0.1953,
100,3052,0.1951,
100,2926,0.1942,
100,6174,0.1938,
100,5563,0.1931,
100,7754,0.1909,
100,4383,0.1863,
101,6753,0.3031,
101,6351,0.3025,
101,5077,0.3018,
101,6051,0.3016,
101,3321,0.2987,
101,5390,0.2974,
101,1278,0.2963,
101,2724,0.294,
101,1647,0.2937,
101,3379,0.2932,
101,7028,0.2931,
101,249,0.2917,
101,92,0.2916,
101,5121,0.2873,
101,3175,0.2873,
101,3881,0.2871,
101,7784,0.2863,
101,547,0.2861,
101,3283,0.2833,
101,5016,0.2813,
102,9062,0.2046,
102,2461,0.1942,
102,3432,0.1862,
102,8067,0.1755,
102,1485,0.175,
102,5609,0.1745,
102,7051,0.1742,
102,3202,0.1686,
102,7070,0.167,
102,7568,0.1646,
102,5261,0.1628,
102,166,0.1609,
102,8612,0.1598,
102,7195,0.1595,
102,6627,0.1587,
102,2331,0.1548,
102,8835,0.1545,
102,1902,0.1537,
102,7231,0.1526,
102,3101,0.1483,
103,6969,0.1848,
103,492,0.1812,
103,7784,0.1802,
103,9185,0.1697,
103,7412,0.1591,
103,5689,0.1571,
103,1639,0.157,
103,5544,0.1564,
103,2510,0.1539,
103,2879,0.1531,
103,5004,0.1529,
103,4848,0.1522,
103,5183,0.1518,
103,7648,0.1515,
103,5615,0.1505,
103,7603,0.1499,
103,8267,0.1493,
103,4595,0.1489,
103,9044,0.1488,
103,1817,0.1473,
104,5999,0.3351,
104,1859,0.3049,
104,8042,0.2918,
104,6867,0.2855,
104,3669,0.2838,
104,6474,0.2786,
104,6164,0.2731,
104,1956,0.2706,
104,5356,0.2677,
104,432,0.2664,
104,355,0.2629,
104,520,0.2626,
104,5246,0.2604,
104,7441,0.2602,
104,8711,0.26,
104,3595,0.2596,
104,3014,0.2592,
104,5327,0.2589,
104,7523,0.2582,
104,6162,0.2576,
105,5559,0.1976,
105,8118,0.1948,
105,8769,0.1923,
105,7628,0.1861,
105,2461,0.1847,
105,7371,0.1807,
105,1902,0.1801,
105,7600,0.1774,
105,2255,0.1773,
105,1931,0.1746,
105,4819,0.1745,
105,9062,0.1742,
105,4041,0.1724,
105,5761,0.1717,
105,2136,0.171,
105,3074,0.17,
105,8806,0.1694,
105,6083,0.1693,
105,919,0.1687,
105,8763,0.1683,
106,9062,0.2439,
106,6627,0.2427,
106,4682,0.2394,
106,2331,0.2372,
106,8005,0.2299,
106,3840,0.2213,
106,8267,0.2191,
106,3787,0.2174,
106,164,0.2155,
106,3517,0.214,
106,4158,0.2139,
106,3540,0.2128,
106,2696,0.2124,
106,7825,0.212,
106,8067,0.2118,
106,7633,0.2105,
106,6613,0.2094,
106,4489,0.2055,
106,7075,0.2053,
106,3455,0.2035,
107,4275,0.3172,
107,983,0.3104,
107,2606,0.3097,
107,8940,0.3049,
107,5971,0.304,
107,5708,0.3039,
107,4727,0.3023,
107,2351,0.3023,
107,7447,0.302,
107,7853,0.302,
107,9135,0.3019,
107,8551,0.3008,
107,2158,0.3005,
107,608,0.2997,
107,5538,0.2995,
107,2029,0.2989,
107,4682,0.2987,
107,5548,0.2985,
107,1062,0.2985,
107,2875,0.2981,
2180,886,0.147,
2180,8875,0.147,
2180,885,0.1424,
2180,9309,0.1418,
2180,7702,0.1408,
2180,6444,0.1393,
2180,3693,0.1378,
2180,9184,0.1362,
2180,8202,0.1349,
2180,8036,0.1346,
2180,5753,0.1343,
2180,4670,0.1341,
2180,2573,0.134,
2180,749,0.1334,
2180,5777,0.1334,
2180,8184,0.1324,
2180,1972,0.131,
2180,1696,0.1307,
2180,1258,0.1295,
2180,6570,0.1289,
110,4682,0.2699,
110,3540,0.245,
110,2461,0.2358,
110,3432,0.2349,
110,2331,0.2292,
110,7051,0.2249,
110,8005,0.2191,
110,6627,0.2159,
110,8612,0.2155,
110,7070,0.2142,
110,1028,0.214,
110,9062,0.2138,
110,6431,0.2137,
110,4455,0.2133,
110,7140,0.2121,
110,2361,0.212,
110,3202,0.208,
110,7568,0.2057,
110,5261,0.2054,
110,1363,0.2038,
111,4819,0.2098,
111,3039,0.2062,
111,2764,0.2001,
111,3933,0.1985,
111,4622,0.1935,
111,8763,0.1923,
111,2926,0.1866,
111,5761,0.1841,
111,5492,0.1816,
111,3886,0.181,
111,3052,0.1794,
111,8692,0.1788,
111,919,0.1788,
111,2053,0.1772,
111,1162,0.177,
111,8192,0.1764,
111,5397,0.1764,
111,5684,0.1764,
111,8806,0.1761,
111,8079,0.1751,
112,5223,0.2312,
112,5465,0.2084,
112,6935,0.2025,
112,307,0.1944,
112,8115,0.194,
112,4057,0.1928,
112,7824,0.19,
112,4744,0.1867,
112,6613,0.1863,
112,8600,0.1844,
112,2452,0.18,
112,8374,0.1798,
112,3421,0.1794,
112,6643,0.1792,
112,7278,0.1786,
112,5519,0.178,
112,5583,0.177,
112,5464,0.1765,
112,8326,0.1758,
112,9341,0.175,
113,5583,0.2755,
113,3457,0.2638,
113,433,0.2601,
113,2145,0.2588,
113,6614,0.2584,
113,3787,0.256,
113,5716,0.253,
113,473,0.2521,
113,8374,0.2515,
113,6849,0.2497,
113,8600,0.2488,
113,2361,0.2486,
113,8470,0.2476,
113,2006,0.2461,
113,8662,0.2458,
113,8005,0.2439,
113,1028,0.2438,
113,7140,0.2417,
113,2308,0.2414,
113,5901,0.2414,
114,15,0.3009,
114,2596,0.2618,
114,5779,0.2466,
114,6084,0.2338,
114,5774,0.2332,
114,3036,0.2299,
114,2923,0.2288,
114,4981,0.2257,
114,3989,0.2231,
114,5886,0.2178,
114,3635,0.2098,
114,5341,0.2067,
114,9445,0.1957,
114,8081,0.195,
114,9134,0.1918,
114,19,0.1826,
114,5794,0.1804,
114,3126,0.1662,
114,2006,0.1559,
114,3154,0.1546,
115,6803,0.2006,
115,7494,0.1971,
115,951,0.1933,
115,5109,0.1848,
115,6565,0.1823,
115,6442,0.1809,
115,1504,0.1764,
115,2298,0.1736,
115,453,0.1692,
115,7917,0.1687,
115,3067,0.1624,
115,4190,0.1597,
115,922,0.1555,
115,4396,0.1544,
115,4875,0.1514,
115,3024,0.1475,
115,3516,0.1445,
115,307,0.1424,
115,7313,0.1402,
115,9273,0.1379,
116,355,0.3156,
116,5165,0.2946,
116,3057,0.2925,
116,5999,0.2895,
116,2127,0.2877,
116,4553,0.2874,
116,7273,0.2853,
116,8905,0.2846,
116,2874,0.2834,
116,7523,0.2831,
116,6141,0.2818,
116,3920,0.2816,
116,754,0.2814,
116,3207,0.2803,
116,3436,0.2796,
116,5438,0.2775,
116,2566,0.2756,
116,5659,0.273,
116,4512,0.2721,
116,6474,0.2701,
117,8439,0.2399,
117,2926,0.2262,
117,3516,0.2152,
117,3633,0.2131,
117,4057,0.2119,
117,4114,0.2068,
117,8992,0.2041,
117,3184,0.2028,
117,4565,0.2016,
117,1427,0.1994,
117,5189,0.1978,
117,5984,0.1949,
117,9434,0.1926,
117,6997,0.1921,
117,2629,0.1894,
117,7737,0.186,
117,6478,0.1849,
117,4234,0.183,
117,8206,0.1821,
117,701,0.1819,
118,2373,0.2318,
118,9394,0.2055,
118,8571,0.202,
118,7628,0.1895,
118,1081,0.1875,
118,2433,0.1871,
118,4271,0.1859,
118,2461,0.1854,
118,6803,0.18,
118,7453,0.1799,
118,8551,0.1794,
118,1225,0.1791,
118,4544,0.1787,
118,3744,0.1786,
118,5714,0.1773,
118,5594,0.1765,
118,1022,0.1761,
118,239,0.176,
118,8146,0.1747,
118,2344,0.174,
119,8769,0.2471,
119,1858,0.2385,
119,8118,0.236,
119,8978,0.2238,
119,4831,0.222,
119,2764,0.2116,
119,2019,0.2097,
119,8806,0.2091,
119,9070,0.2083,
119,9062,0.2057,
119,6472,0.2054,
119,5761,0.2045,
119,6701,0.2032,
119,1318,0.2025,
119,8273,0.2017,
119,2461,0.2,
119,1636,0.1987,
119,8224,0.1982,
119,2255,0.1981,
119,5900,0.1977,
120,8192,0.1829,
120,1083,0.1724,
120,4127,0.1721,
120,1162,0.1703,
120,8965,0.1698,
120,9034,0.1678,
120,1859,0.1674,
120,1913,0.167,
120,2433,0.1667,
120,334,0.1643,
120,3864,0.1639,
120,2461,0.1627,
120,6754,0.1626,
120,5356,0.1624,
120,1054,0.1619,
120,8481,0.1614,
120,980,0.1614,
120,4783,0.1609,
120,8184,0.1599,
120,4962,0.1599,
121,9062,0.2615,
121,5149,0.255,
121,8693,0.2377,
121,8067,0.2361,
121,4158,0.2269,
121,8551,0.2218,
121,6442,0.2188,
121,4682,0.2175,
121,8005,0.2113,
121,4035,0.2085,
121,6664,0.2024,
121,7126,0.1995,
121,8857,0.1987,
121,534,0.1966,
121,7825,0.1962,
121,2663,0.1952,
121,3540,0.1941,
121,9185,0.1932,
121,8118,0.1931,
121,8769,0.193,
122,6613,0.2128,
122,1162,0.2116,
122,5081,0.2096,
122,1028,0.2049,
122,7140,0.2031,
122,5519,0.2004,
122,6431,0.2004,
122,3039,0.2,
122,2361,0.1985,
122,4682,0.1973,
122,8192,0.1907,
122,334,0.1897,
122,2158,0.1864,
122,1859,0.186,
122,6849,0.1854,
122,5464,0.1852,
122,5583,0.1851,
122,3540,0.185,
122,6614,0.1848,
122,4455,0.1834,
123,239,0.2347,
123,1337,0.2283,
123,9455,0.2197,
123,8190,0.2192,
123,7205,0.2161,
123,5001,0.2161,
123,9267,0.2159,
123,8322,0.2129,
123,5947,0.2052,
123,7195,0.1986,
123,8471,0.1976,
123,2643,0.1947,
123,616,0.1919,
123,6192,0.1915,
123,3245,0.1914,
123,3327,0.1908,
123,409,0.1905,
123,1913,0.1897,
123,2080,0.1883,
123,3300,0.1879,
124,9213,0.1773,
124,8850,0.1752,
124,5854,0.173,
124,2019,0.1692,
124,9219,0.1687,
124,7784,0.1687,
124,5297,0.1687,
124,6785,0.1686,
124,158,0.161,
124,919,0.1541,
124,1585,0.1534,
124,2892,0.1526,
124,5930,0.1497,
124,7578,0.1479,
124,6444,0.1456,
124,3693,0.145,
124,2401,0.1441,
124,5081,0.144,
124,5900,0.1436,
124,1722,0.1434,
125,409,0.2467,
125,4818,0.2403,
125,4819,0.2401,
125,1337,0.2344,
125,6104,0.2336,
125,8322,0.2331,
125,1241,0.2323,
125,3815,0.2316,
125,5559,0.2308,
125,7782,0.2306,
125,7380,0.2306,
125,7825,0.2306,
125,2561,0.2304,
125,1639,0.2283,
125,8370,0.2277,
125,2252,0.2261,
125,1902,0.2253,
125,7633,0.224,
125,8267,0.2233,
125,463,0.223,
126,5274,0.1906,
126,920,0.1811,
126,8061,0.1729,
126,8374,0.1715,
126,6012,0.1669,
126,7633,0.1654,
126,3487,0.164,
126,3016,0.1639,
126,6189,0.1629,
126,7116,0.1626,
126,2454,0.1624,
126,3036,0.1616,
126,4227,0.1608,
126,5639,0.1598,
126,3540,0.1579,
126,2340,0.1554,
126,7757,0.1553,
126,2228,0.1547,
126,7051,0.1536,
126,6160,0.1503,
127,3389,0.225,
127,3055,0.2227,
127,4330,0.222,
127,7996,0.1998,
127,194,0.1934,
127,8385,0.1932,
127,6815,0.1908,
127,5586,0.1876,
127,2038,0.187,
127,1472,0.1788,
127,1678,0.1769,
127,6900,0.1719,
127,6509,0.1707,
127,1870,0.1677,
127,9233,0.1642,
127,2621,0.163,
127,8605,0.1587,
127,2884,0.1579,
127,5455,0.1551,
127,87,0.1541,
128,6104,0.2297,
128,4819,0.2288,
128,8267,0.2266,
128,8470,0.2223,
128,3039,0.2166,
128,409,0.2166,
128,7782,0.216,
128,164,0.2141,
128,6973,0.2122,
128,7493,0.2121,
128,3787,0.2103,
128,4041,0.209,
128,1162,0.2087,
128,8322,0.2081,
128,5716,0.2059,
128,5465,0.2056,
128,2255,0.2056,
128,9447,0.2052,
128,1859,0.2052,
128,3074,0.2046,
129,9062,0.3448,
129,8067,0.3151,
129,7883,0.285,
129,4175,0.2796,
129,7870,0.2751,
129,8612,0.2717,
129,4158,0.2665,
129,291,0.2654,
129,6627,0.2596,
129,7070,0.2594,
129,3989,0.2581,
129,7051,0.2476,
129,2331,0.2465,
129,5533,0.2439,
129,3432,0.2412,
129,8240,0.2394,
129,2663,0.2386,
129,5261,0.2386,
129,4751,0.2376,
129,3572,0.235,
130,7525,0.2974,
130,4291,0.2887,
130,8163,0.2882,
130,3074,0.2788,
130,78,0.2684,
130,3506,0.266,
130,3259,0.2652,
130,1004,0.265,
130,6173,0.2644,
130,4834,0.2633,
130,683,0.2591,
130,8843,0.2548,
130,295,0.2536,
130,9431,0.2526,
130,6160,0.2524,
130,821,0.2511,
130,3816,0.2442,
130,2252,0.2433,
130,2854,0.2352,
130,2079,0.2346,
131,4622,0.2382,
131,4582,0.2238,
131,1083,0.2149,
131,2764,0.2137,
131,7273,0.2018,
131,2926,0.2017,
131,3669,0.1951,
131,7879,0.194,
131,8763,0.194,
131,9337,0.1927,
131,2255,0.1925,
131,5223,0.1921,
131,521,0.1912,
131,5236,0.1896,
131,1629,0.188,
131,7634,0.1878,
131,7278,0.1862,
131,9436,0.1852,
131,5739,0.1849,
131,2702,0.1849,
132,1309,0.346,
132,8620,0.3226,
132,3552,0.3144,
132,4736,0.312,
132,6819,0.3045,
132,4547,0.3001,
132,8720,0.2964,
132,5790,0.2962,
132,8579,0.2937,
132,9032,0.2932,
132,2445,0.2924,
132,4074,0.2917,
132,2687,0.291,
132,973,0.291,
132,511,0.2906,
132,5795,0.2898,
132,4250,0.2896,
132,6896,0.2884,
132,3650,0.2877,
132,3489,0.2865,
133,7439,0.2147,
133,8769,0.2082,
133,7371,0.2021,
133,1858,0.1968,
133,3784,0.1918,
133,3261,0.1888,
133,534,0.1882,
133,2461,0.1868,
133,2926,0.1856,
133,5761,0.1832,
133,3129,0.1824,
133,7195,0.1823,
133,6127,0.1816,
133,8681,0.1805,
133,8295,0.1802,
133,7491,0.1793,
133,9053,0.1782,
133,1034,0.178,
133,9447,0.1778,
133,1796,0.1775,
134,6310,0.2748,
134,5722,0.2605,
134,1000,0.2561,
134,2240,0.2536,
134,99,0.2519,
134,8481,0.2512,
134,8410,0.2451,
134,1577,0.2447,
134,973,0.2441,
134,3668,0.2426,
134,5246,0.2424,
134,5450,0.2419,
134,8054,0.2399,
134,5882,0.2396,
134,334,0.237,
134,8902,0.2357,
134,7923,0.233,
134,1859,0.2328,
134,8726,0.2328,
134,9209,0.2327,
135,8490,0.1995,
135,1000,0.1898,
135,7879,0.1887,
135,6919,0.1853,
135,7768,0.1838,
135,7699,0.1837,
135,4736,0.1836,
135,6164,0.1823,
135,1577,0.1821,
135,8280,0.1815,
135,432,0.1799,
135,3356,0.1795,
135,8585,0.1791,
135,360,0.1787,
135,4223,0.1776,
135,3563,0.1776,
135,1805,0.1757,
135,7813,0.1746,
135,5246,0.1743,
135,3668,0.1738,
136,6613,0.2223,
136,4057,0.2182,
136,3807,0.2131,
136,6643,0.2105,
136,9388,0.2072,
136,4252,0.2052,
136,66,0.2038,
136,5081,0.2035,
136,8600,0.2017,
136,5223,0.2001,
136,5157,0.1997,
136,8470,0.1996,
136,993,0.1992,
136,1598,0.1989,
136,9452,0.1979,
136,5583,0.1975,
136,8348,0.1972,
136,9407,0.1959,
136,6553,0.1944,
136,4744,0.1937,
137,189,0.2169,
137,3112,0.2151,
137,6973,0.215,
137,7848,0.2121,
137,2536,0.2121,
137,8054,0.2009,
137,5465,0.1983,
137,6742,0.1978,
137,2197,0.1956,
137,433,0.1924,
137,455,0.1903,
137,2325,0.1902,
137,5223,0.1901,
137,5186,0.1883,
137,4057,0.1882,
137,2145,0.1882,
137,5217,0.1879,
137,3167,0.1875,
137,9288,0.1873,
137,2642,0.1871,
138,4553,0.2911,
138,2252,0.2729,
138,409,0.2645,
138,4026,0.2634,
138,9288,0.2609,
138,463,0.253,
138,8041,0.2515,
138,8087,0.2511,
138,4223,0.2474,
138,8054,0.2468,
138,8585,0.2448,
138,4782,0.2422,
138,7879,0.2414,
138,2127,0.2414,
138,1086,0.24,
138,3815,0.2392,
138,9083,0.2384,
138,7868,0.2381,
138,7049,0.2379,
138,5386,0.2377,
139,8041,0.2122,
139,7593,0.2079,
139,1207,0.2053,
139,7469,0.1995,
139,1054,0.1977,
139,2089,0.1949,
139,2980,0.1919,
139,1256,0.1893,
139,7262,0.1887,
139,7525,0.185,
139,503,0.1847,
139,6835,0.1838,
139,78,0.183,
139,536,0.1819,
139,409,0.1811,
139,8776,0.1779,
139,445,0.1778,
139,8462,0.1763,
139,3776,0.1762,
139,2976,0.1757,
140,9062,0.2788,
140,4682,0.2246,
140,6627,0.2191,
140,3432,0.2191,
140,1485,0.2149,
140,5261,0.2109,
140,7051,0.2087,
140,2331,0.2079,
140,8612,0.2058,
140,7070,0.2057,
140,5609,0.2054,
140,8693,0.2051,
140,6442,0.1984,
140,7568,0.1984,
140,4158,0.1962,
140,4035,0.1921,
140,6664,0.1903,
140,8433,0.1878,
140,1536,0.1868,
140,166,0.1857,
141,2175,0.1977,
141,2252,0.1931,
141,3505,0.1869,
141,4057,0.1832,
141,7525,0.1823,
141,2182,0.1757,
141,8765,0.1743,
141,7879,0.173,
141,3255,0.1717,
141,4291,0.1714,
141,5010,0.1708,
141,5157,0.1703,
141,6792,0.1683,
141,7737,0.1677,
141,2926,0.1675,
141,9290,0.1644,
141,7212,0.1638,
141,4954,0.163,
141,3815,0.1625,
141,2984,0.1625,
142,9062,0.2708,
142,2461,0.2622,
142,4682,0.2391,
142,7628,0.2294,
142,7070,0.219,
142,5261,0.218,
142,6627,0.2174,
142,3516,0.2128,
142,7568,0.2121,
142,4158,0.2108,
142,8005,0.2106,
142,8612,0.2101,
142,3432,0.2092,
142,4127,0.2066,
142,7195,0.202,
142,6998,0.2003,
142,1054,0.1966,
142,6803,0.1965,
142,4057,0.1965,
142,9436,0.1962,
143,3516,0.191,
143,1081,0.1868,
143,7674,0.18,
143,3917,0.1793,
143,8992,0.1768,
143,5011,0.173,
143,9436,0.1677,
143,4460,0.1672,
143,8571,0.1664,
143,5168,0.1642,
143,606,0.1629,
143,3194,0.1627,
143,4114,0.1622,
143,3346,0.162,
143,6294,0.1618,
143,8192,0.1617,
143,2030,0.1615,
143,673,0.1613,
143,352,0.1601,
143,1468,0.1593,
144,8190,0.2159,
144,1809,0.2041,
144,3245,0.2027,
144,7961,0.2018,
144,5395,0.1988,
144,8322,0.1961,
144,498,0.1944,
144,1552,0.1931,
144,4819,0.1928,
144,4179,0.1914,
144,5001,0.1871,
144,5608,0.185,
144,7558,0.1848,
144,5319,0.1823,
144,6180,0.1813,
144,1127,0.1808,
144,1416,0.1799,
144,6224,0.1798,
144,1478,0.1797,
144,3027,0.1796,
145,736,0.2189,
145,3540,0.2095,
145,307,0.1998,
145,8131,0.1973,
145,9273,0.1917,
145,2361,0.185,
145,6803,0.1836,
145,3202,0.1828,
145,7633,0.1747,
145,3807,0.174,
145,5583,0.1731,
145,8662,0.1727,
145,6614,0.1719,
145,9407,0.1697,
145,2770,0.1692,
145,2837,0.169,
145,5,0.1687,
145,5969,0.1673,
145,4252,0.1668,
145,9388,0.1659,
146,1639,0.2987,
146,8267,0.2837,
146,7782,0.2819,
146,5183,0.2786,
146,3527,0.2772,
146,1276,0.2737,
146,5376,0.2696,
146,3598,0.2685,
146,3038,0.268,
146,6813,0.2666,
146,3558,0.2666,
146,3973,0.2655,
146,4491,0.2647,
146,4209,0.2644,
146,7076,0.2634,
146,6421,0.2631,
146,8375,0.2626,
146,8477,0.2622,
146,2098,0.2618,
146,2862,0.2591,
159,7964,0.1904,
159,8470,0.19,
159,6785,0.1805,
159,1337,0.1804,
159,6773,0.1781,
159,5990,0.1779,
159,4819,0.1775,
159,3457,0.1771,
159,5081,0.1756,
159,5583,0.1741,
159,6614,0.1738,
159,6898,0.1731,
159,4138,0.1728,
159,9388,0.1727,
159,3787,0.1715,
159,5735,0.1702,
159,8322,0.169,
159,6829,0.1676,
159,6867,0.1661,
159,6613,0.1661,
147,7525,0.2502,
147,3506,0.2383,
147,4291,0.235,
147,821,0.2299,
147,3816,0.229,
147,6173,0.2286,
147,78,0.2268,
147,295,0.2258,
147,8163,0.2252,
147,985,0.2139,
147,3259,0.2137,
147,3219,0.2123,
147,3114,0.2123,
147,2182,0.2116,
147,683,0.2107,
147,6160,0.2097,
147,1004,0.2086,
147,9431,0.2082,
147,2252,0.2064,
147,8087,0.2062,
148,7628,0.1679,
148,2461,0.1667,
148,2344,0.1608,
148,155,0.1506,
148,9394,0.1475,
148,6803,0.1463,
148,587,0.1424,
148,6329,0.1412,
148,2401,0.1407,
148,9436,0.1401,
148,8968,0.1394,
148,850,0.1392,
148,5375,0.1389,
148,1116,0.138,
148,7051,0.1379,
148,6998,0.1377,
148,1704,0.1371,
148,3202,0.137,
148,6225,0.135,
148,1902,0.1345,
149,8804,0.2418,
149,7517,0.2315,
149,1908,0.2194,
149,5189,0.2175,
149,455,0.2165,
149,8834,0.2156,
149,246,0.2135,
149,4968,0.2114,
149,7747,0.2088,
149,7737,0.2074,
149,7983,0.206,
149,4340,0.2058,
149,78,0.2053,
149,8115,0.2051,
149,8530,0.2037,
149,8322,0.2037,
149,7512,0.2032,
149,2008,0.2017,
149,334,0.2014,
149,3039,0.2009,
150,7724,0.2101,
150,5223,0.2074,
150,5157,0.2011,
150,1330,0.2009,
150,7824,0.2005,
150,5563,0.1987,
150,6442,0.197,
150,8888,0.1965,
150,736,0.1963,
150,6643,0.1963,
150,4744,0.1942,
150,307,0.1923,
150,6613,0.192,
150,6996,0.1905,
150,7486,0.1905,
150,164,0.1889,
150,8679,0.1858,
150,4057,0.183,
150,5708,0.1817,
150,6978,0.1816,
151,3933,0.2083,
151,6472,0.2063,
151,3842,0.2061,
151,562,0.1984,
151,3693,0.1979,
151,1722,0.1958,
151,2926,0.1924,
151,7083,0.1914,
151,3788,0.1912,
151,1913,0.191,
151,4317,0.189,
151,2255,0.1846,
151,5395,0.1846,
151,6444,0.1837,
151,9447,0.1821,
151,3770,0.1819,
151,3886,0.1803,
151,5761,0.1791,
151,8184,0.1777,
151,4041,0.1765,
152,5554,0.3702,
152,2687,0.3461,
152,8620,0.3448,
152,8720,0.3421,
152,5122,0.3377,
152,3650,0.3362,
152,5790,0.3359,
152,2911,0.3344,
152,3552,0.334,
152,248,0.3331,
152,8579,0.3305,
152,511,0.3304,
152,4547,0.33,
152,4302,0.3295,
152,9032,0.3294,
152,5543,0.3294,
152,3287,0.3289,
152,8836,0.3276,
152,8352,0.3273,
152,4250,0.3243,
153,8067,0.2316,
153,9062,0.2241,
153,3120,0.2192,
153,3540,0.2158,
153,4682,0.2146,
153,8612,0.214,
153,9344,0.2124,
153,1536,0.2103,
153,3840,0.1997,
153,6470,0.1954,
153,8470,0.1923,
153,7568,0.1909,
153,6613,0.1895,
153,8322,0.1846,
153,4489,0.184,
153,4788,0.184,
153,2361,0.183,
153,8115,0.181,
153,4299,0.1808,
153,5034,0.1808,
154,3842,0.2639,
154,8888,0.2363,
154,6423,0.2239,
154,7647,0.2177,
154,8879,0.2176,
154,4744,0.208,
154,3345,0.206,
154,5803,0.2014,
154,7037,0.1994,
154,4115,0.1982,
154,4621,0.1978,
154,6678,0.197,
154,8265,0.1953,
154,1478,0.1929,
154,882,0.1913,
154,9309,0.189,
154,5779,0.1884,
154,3840,0.1878,
154,8946,0.1874,
154,164,0.1856,
155,5165,0.2789,
155,3057,0.2709,
155,3207,0.2652,
155,8905,0.2647,
155,3417,0.2582,
155,355,0.2565,
155,7523,0.2562,
155,4553,0.2555,
155,2127,0.2552,
155,5438,0.2525,
155,2566,0.2516,
155,6474,0.2494,
155,754,0.2488,
155,3920,0.2486,
155,3436,0.2485,
155,2874,0.247,
155,759,0.247,
155,5659,0.2462,
155,6141,0.2462,
155,4512,0.2395,
156,4275,0.2922,
156,9452,0.2917,
156,6613,0.2913,
156,4744,0.2841,
156,66,0.2837,
156,6643,0.2794,
156,8551,0.2767,
156,2606,0.2763,
156,8374,0.2722,
156,7853,0.2713,
156,4514,0.2711,
156,5583,0.2694,
156,5538,0.2693,
156,6614,0.2685,
156,2361,0.268,
156,4252,0.2676,
156,4682,0.2675,
156,5157,0.2674,
156,9407,0.2673,
156,2770,0.2671,
165,5868,0.1604,
165,5965,0.1496,
165,6038,0.1491,
165,8079,0.1469,
165,5011,0.1454,
165,8153,0.1407,
165,5684,0.1393,
165,2926,0.1392,
165,5895,0.1366,
165,7548,0.1363,
165,8276,0.1359,
165,479,0.1358,
165,6269,0.1351,
165,239,0.135,
165,1468,0.1321,
165,1024,0.1318,
165,9267,0.1312,
165,9455,0.1311,
165,7802,0.1306,
165,2371,0.1304,
166,7824,0.2194,
166,7278,0.1977,
166,8322,0.1974,
166,5563,0.1969,
166,8834,0.1962,
166,1083,0.1899,
166,4582,0.1872,
166,8190,0.1867,
166,78,0.1844,
166,338,0.1838,
166,5223,0.1837,
166,712,0.1815,
166,5535,0.1813,
166,5189,0.1811,
166,5236,0.181,
166,4688,0.1809,
166,455,0.1802,
166,6397,0.1798,
166,1337,0.1795,
166,9309,0.1791,
167,3057,0.272,
167,2127,0.2679,
167,5438,0.2667,
167,8905,0.2559,
167,7523,0.2555,
167,7273,0.2514,
167,5165,0.2509,
167,3920,0.2497,
167,754,0.2484,
167,5999,0.2464,
167,2874,0.2451,
167,6474,0.2448,
167,3207,0.2445,
167,3436,0.2443,
167,4553,0.2424,
167,6141,0.2416,
167,4512,0.2389,
167,355,0.2383,
167,6376,0.2369,
167,5659,0.2355,
168,3989,0.1998,
168,4848,0.1974,
168,5344,0.1965,
168,6174,0.1929,
168,1908,0.1917,
168,455,0.188,
168,5882,0.1873,
168,8888,0.183,
168,3840,0.1818,
168,164,0.1815,
168,5465,0.1779,
168,7857,0.1773,
168,7824,0.1763,
168,6807,0.1762,
168,9184,0.1751,
168,3743,0.1748,
168,4299,0.1744,
168,8267,0.1743,
168,501,0.1742,
168,8036,0.1728,
169,6433,0.2236,
169,5217,0.2226,
169,8206,0.2071,
169,1083,0.2067,
169,3245,0.2037,
169,9436,0.2013,
169,3516,0.199,
169,338,0.1959,
169,7634,0.1952,
169,2629,0.1946,
169,1337,0.1938,
169,4582,0.1893,
169,7278,0.1884,
169,7824,0.1878,
169,7879,0.1834,
169,8834,0.183,
169,8439,0.1825,
169,2175,0.1814,
169,7558,0.1812,
169,4565,0.1807,
170,3039,0.2139,
170,1859,0.203,
170,1162,0.2029,
170,334,0.2026,
170,8834,0.1989,
170,8067,0.1977,
170,919,0.1971,
170,9062,0.1962,
170,3864,0.1922,
170,8481,0.1904,
170,5397,0.1896,
170,8592,0.1888,
170,2764,0.1885,
170,9034,0.1882,
170,5081,0.188,
170,8192,0.1877,
170,980,0.187,
170,5356,0.1864,
170,7923,0.1851,
170,6818,0.185,
171,6442,0.2776,
171,9062,0.256,
171,8693,0.2485,
171,7917,0.2304,
171,4035,0.2288,
171,1858,0.2226,
171,4158,0.2201,
171,6664,0.22,
171,8067,0.2192,
171,5109,0.2057,
171,7051,0.2039,
171,8769,0.2032,
171,951,0.2007,
171,8118,0.2002,
171,9384,0.2,
171,7494,0.1991,
171,1504,0.1982,
171,4831,0.198,
171,6565,0.1959,
171,4848,0.1933,
172,5223,0.2359,
172,8470,0.2313,
172,5465,0.2293,
172,5716,0.2234,
172,8267,0.2227,
172,5494,0.2177,
172,8662,0.2146,
172,4727,0.2132,
172,7724,0.2124,
172,5583,0.2123,
172,2440,0.2117,
172,4057,0.2115,
172,9388,0.2113,
172,3787,0.2112,
172,5157,0.2096,
172,3050,0.2068,
172,4455,0.2068,
172,4514,0.2067,
172,5743,0.2064,
172,6074,0.2062,
173,7412,0.2164,
173,1851,0.2009,
173,2718,0.1975,
173,5736,0.1971,
173,1352,0.195,
173,2856,0.1926,
173,8067,0.1838,
173,3039,0.1833,
173,4613,0.1799,
173,4143,0.1798,
173,1242,0.1789,
173,7346,0.1775,
173,7042,0.1767,
173,6107,0.176,
173,5419,0.1758,
173,2783,0.1754,
173,3068,0.1735,
173,567,0.1724,
173,8276,0.1691,
173,1859,0.1684,
174,4565,0.2426,
174,5189,0.2418,
174,2175,0.2407,
174,455,0.2312,
174,4057,0.2304,
174,9288,0.2277,
174,2926,0.2215,
174,3516,0.2208,
174,918,0.2188,
174,5465,0.2149,
174,7824,0.2144,
174,5984,0.2132,
174,7737,0.2128,
174,8992,0.2123,
174,4582,0.2119,
174,7278,0.2074,
174,9089,0.2063,
174,6478,0.2062,
174,2255,0.2059,
174,4127,0.2047,
175,9062,0.2109,
175,2331,0.2047,
175,7086,0.199,
175,4682,0.1981,
175,6627,0.1915,
175,7568,0.1856,
175,3432,0.1849,
175,7070,0.1848,
175,7883,0.1818,
175,4175,0.1784,
175,6613,0.1738,
175,291,0.1725,
175,6322,0.1718,
175,166,0.1702,
175,1028,0.1701,
175,8466,0.17,
175,8240,0.1699,
175,5261,0.1695,
175,7879,0.1687,
175,7140,0.1686,
351,8067,0.2249,
351,5189,0.2131,
351,3516,0.2048,
351,8439,0.1904,
351,4057,0.1881,
351,9062,0.1879,
351,7737,0.1865,
351,3202,0.1865,
351,1330,0.1862,
351,4565,0.1845,
351,4114,0.182,
351,5238,0.1815,
351,4489,0.1804,
351,6904,0.1804,
351,920,0.1787,
351,5034,0.1785,
351,8206,0.1782,
351,6470,0.175,
351,2859,0.175,
351,1427,0.1736,
176,3734,0.1968,
176,887,0.1963,
176,8750,0.1888,
176,8697,0.184,
176,1300,0.1827,
176,8916,0.1818,
176,6124,0.1796,
176,56,0.1795,
176,5874,0.1793,
176,2695,0.179,
176,579,0.1766,
176,5824,0.1736,
176,4127,0.1727,
176,767,0.1723,
176,3346,0.1719,
176,43,0.1716,
176,6719,0.171,
176,455,0.1698,
176,8286,0.168,
176,5348,0.1678,
177,78,0.22,
177,4291,0.2137,
177,7825,0.2133,
177,5189,0.2073,
177,7525,0.2071,
177,4057,0.2059,
177,1162,0.2047,
177,8481,0.2039,
177,2175,0.2016,
177,334,0.2006,
177,5081,0.1948,
177,8163,0.1948,
177,3787,0.1943,
177,3039,0.1943,
177,8834,0.194,
177,3506,0.1937,
177,2356,0.1937,
177,8070,0.1911,
177,8192,0.1899,
177,3815,0.1897,
178,338,0.2335,
178,7879,0.2285,
178,6504,0.2282,
178,3506,0.2278,
178,7525,0.2249,
178,8834,0.2238,
178,3816,0.2228,
178,78,0.2218,
178,8481,0.2215,
178,2175,0.2184,
178,334,0.2106,
178,9034,0.2086,
178,7606,0.2086,
178,4565,0.2085,
178,5984,0.2076,
178,6818,0.2073,
178,5189,0.2071,
178,1162,0.2064,
178,3864,0.2052,
178,2079,0.2028,
179,850,0.229,
179,2401,0.2262,
179,8968,0.224,
179,9394,0.2151,
179,7578,0.2113,
179,1704,0.211,
179,2433,0.2096,
179,5967,0.2085,
179,3749,0.2072,
179,5343,0.2058,
179,3202,0.2038,
179,155,0.2025,
179,2461,0.2024,
179,5970,0.2023,
179,7318,0.2023,
179,5594,0.2023,
179,2385,0.2022,
179,7628,0.2018,
179,2330,0.2017,
179,4274,0.2015,
180,4274,0.209,
180,9171,0.2048,
180,2449,0.2048,
180,4544,0.1929,
180,1225,0.1899,
180,3744,0.187,
180,5155,0.1867,
180,2433,0.1865,
180,8965,0.1842,
180,2668,0.1839,
180,8146,0.1833,
180,7453,0.1831,
180,4940,0.1815,
180,9192,0.1814,
180,3535,0.1809,
180,1022,0.1797,
180,2109,0.1766,
180,5970,0.1765,
180,2401,0.1739,
180,2344,0.1727,
181,2433,0.2018,
181,7453,0.1968,
181,8965,0.1921,
181,155,0.1912,
181,9213,0.1865,
181,7578,0.1852,
181,2361,0.1838,
181,5919,0.1835,
181,2401,0.1835,
181,1913,0.1824,
181,8968,0.1818,
181,6803,0.1814,
181,2091,0.1812,
181,850,0.181,
181,3516,0.1793,
181,5106,0.1782,
181,9436,0.1782,
181,8146,0.178,
181,2668,0.1774,
181,4544,0.1766,
182,307,0.3131,
182,736,0.2827,
182,2770,0.2771,
182,3066,0.2762,
182,6973,0.2731,
182,4291,0.2721,
182,3540,0.2716,
182,433,0.2686,
182,5727,0.2686,
182,8131,0.2684,
182,5519,0.2673,
182,3787,0.2638,
182,3457,0.2629,
182,2642,0.2626,
182,5583,0.2624,
182,5494,0.2601,
182,7633,0.2588,
182,2160,0.2587,
182,4455,0.2577,
182,6499,0.2571,
183,2687,0.2954,
183,8620,0.2773,
183,8720,0.2756,
183,3552,0.2754,
183,5089,0.2612,
183,8579,0.2609,
183,5790,0.2581,
183,8245,0.2568,
183,5554,0.2564,
183,2911,0.2557,
183,4547,0.2549,
183,4074,0.2529,
183,9032,0.2507,
183,3356,0.2497,
183,4736,0.2496,
183,4302,0.2492,
183,193,0.2489,
183,248,0.2488,
183,3224,0.2476,
183,5543,0.2466,
184,3516,0.1795,
184,9436,0.1659,
184,5930,0.163,
184,7083,0.1587,
184,5619,0.1545,
184,1081,0.149,
184,5011,0.1469,
184,5168,0.1452,
184,5919,0.1407,
184,4403,0.1394,
184,3917,0.1384,
184,673,0.138,
184,3346,0.1334,
184,606,0.1327,
184,1054,0.1288,
184,4795,0.1284,
184,352,0.1282,
184,9441,0.1262,
184,7015,0.1253,
184,1083,0.1243,
371,8067,0.2511,
371,9062,0.2399,
371,1330,0.2323,
371,5189,0.2213,
371,8888,0.2177,
371,5809,0.2153,
371,7486,0.212,
371,3516,0.2103,
371,2724,0.2081,
371,282,0.2044,
371,3120,0.2043,
371,3202,0.2029,
371,6904,0.2028,
371,3743,0.2012,
371,2461,0.2012,
371,6397,0.1992,
371,8612,0.1973,
371,455,0.1951,
371,7195,0.1946,
371,5563,0.1942,
372,3669,0.2391,
372,5223,0.2383,
372,7824,0.236,
372,4622,0.2197,
372,6975,0.2178,
372,1629,0.2146,
372,2702,0.2133,
372,1083,0.2114,
372,7278,0.2037,
372,364,0.2036,
372,4582,0.2036,
372,5236,0.2033,
372,521,0.2033,
372,8360,0.2031,
372,7634,0.2006,
372,1097,0.2006,
372,4688,0.1989,
372,5217,0.1972,
372,4097,0.1951,
372,8746,0.1877,
185,3787,0.3915,
185,5583,0.3819,
185,2145,0.3796,
185,4514,0.3775,
185,4275,0.3735,
185,473,0.3708,
185,8746,0.3699,
185,2158,0.3692,
185,6614,0.3687,
185,2308,0.3671,
185,2361,0.3648,
185,34,0.3628,
185,2351,0.3623,
185,7633,0.3618,
185,5538,0.3616,
185,5548,0.3615,
185,9452,0.361,
185,7780,0.3608,
185,9407,0.3599,
185,1263,0.3588,
186,5183,0.3273,
186,1276,0.2999,
186,3973,0.2994,
186,7782,0.2992,
186,5376,0.2979,
186,3558,0.2952,
186,8267,0.2941,
186,3527,0.2917,
186,6813,0.291,
186,2098,0.2903,
186,8477,0.2898,
186,8375,0.2886,
186,9044,0.2886,
186,3038,0.2885,
186,4209,0.2866,
186,2862,0.2864,
186,6421,0.2862,
186,396,0.2856,
186,4491,0.285,
186,3598,0.2834,
187,9062,0.2558,
187,8693,0.2109,
187,6627,0.2089,
187,4035,0.2044,
187,7070,0.2021,
187,2461,0.201,
187,7051,0.1966,
187,6442,0.1959,
187,6664,0.1957,
187,4682,0.1916,
187,5030,0.191,
187,3432,0.1899,
187,7231,0.1898,
187,1485,0.1896,
187,8067,0.1864,
187,4158,0.186,
187,2856,0.1803,
187,2331,0.1791,
187,4531,0.1775,
187,7568,0.1762,
188,6803,0.2132,
188,3744,0.1988,
188,2837,0.1953,
188,155,0.1909,
188,9273,0.1907,
188,4544,0.1841,
188,7453,0.1798,
188,5159,0.1791,
188,5155,0.178,
188,8965,0.1758,
188,1225,0.1746,
188,8146,0.1734,
188,2433,0.1714,
188,1772,0.171,
188,3202,0.1706,
188,3664,0.1695,
188,2668,0.169,
188,1054,0.1671,
188,2401,0.1667,
188,4164,0.1663,
189,4682,0.2287,
189,2461,0.2198,
189,7126,0.2115,
189,9394,0.2004,
189,8005,0.197,
189,307,0.1932,
189,7375,0.1917,
189,6803,0.1915,
189,2361,0.1911,
189,4455,0.1907,
189,7628,0.1887,
189,7633,0.1867,
189,1438,0.1861,
189,8600,0.182,
189,7578,0.1818,
189,2344,0.1818,
189,1028,0.1817,
189,3540,0.1803,
189,2433,0.1802,
189,7140,0.1801,
190,8267,0.1939,
190,5465,0.1935,
190,455,0.1916,
190,4057,0.1904,
190,4291,0.186,
190,5344,0.1849,
190,5223,0.1832,
190,5081,0.1828,
190,5189,0.1819,
190,1639,0.1817,
190,5157,0.1806,
190,78,0.1801,
190,7824,0.1787,
190,6174,0.1779,
190,5165,0.1775,
190,5716,0.1771,
190,8230,0.1758,
190,5183,0.174,
190,6996,0.1734,
190,5583,0.1732,
191,3057,0.2444,
191,6960,0.2242,
191,8842,0.2187,
191,5533,0.2187,
191,4383,0.2159,
191,7273,0.215,
191,2127,0.2136,
191,8064,0.2121,
191,7883,0.2116,
191,5635,0.2085,
191,4751,0.2083,
191,4175,0.2076,
191,8240,0.2059,
191,4510,0.2053,
191,399,0.2049,
191,9062,0.204,
191,291,0.2039,
191,5438,0.2027,
191,8067,0.2027,
191,7825,0.2016,
963,5868,0.2046,
963,4613,0.2035,
963,194,0.1971,
963,6701,0.1939,
963,6509,0.1926,
963,2764,0.1908,
963,202,0.1888,
963,8276,0.1878,
963,4622,0.1867,
963,8769,0.1867,
963,1858,0.1863,
963,1359,0.1837,
963,3813,0.1835,
963,6259,0.1835,
963,4831,0.1833,
963,8661,0.1833,
963,245,0.1825,
963,3886,0.1819,
963,5718,0.1818,
963,5202,0.1817,
192,6444,0.2249,
192,2926,0.2154,
192,919,0.2142,
192,4622,0.2063,
192,5344,0.2059,
192,7273,0.2033,
192,4848,0.2031,
192,8036,0.196,
192,9184,0.192,
192,5189,0.1901,
192,4057,0.1899,
192,5081,0.1894,
192,4892,0.1887,
192,5413,0.1883,
192,885,0.1871,
192,7824,0.1845,
192,2764,0.1837,
192,8592,0.1834,
192,5165,0.181,
192,3933,0.181,
193,8156,0.1181,
193,1401,0.1107,
193,5937,0.1004,
193,6742,0.0953,
193,6474,0.092,
193,6433,0.0915,
193,5904,0.0895,
193,6963,0.0884,
193,3175,0.0883,
193,8870,0.0866,
193,5078,0.0862,
193,6395,0.0856,
193,8206,0.0855,
193,5443,0.0843,
193,8341,0.0834,
193,1416,0.0832,
193,7602,0.083,
193,3502,0.0825,
193,582,0.082,
193,7953,0.0808,
194,8769,0.3539,
194,6701,0.3305,
194,8118,0.3019,
194,1636,0.3012,
194,5590,0.2996,
194,8763,0.2906,
194,9070,0.2893,
194,3261,0.2891,
194,95,0.2884,
194,1858,0.2882,
194,6259,0.2849,
194,2972,0.2835,
194,194,0.283,
194,8978,0.2813,
194,8273,0.2813,
194,7155,0.2809,
194,1869,0.2797,
194,8806,0.2794,
194,6109,0.2793,
194,5636,0.2789,
195,4682,0.2295,
195,4057,0.2205,
195,6613,0.219,
195,307,0.2061,
195,4291,0.2036,
195,6643,0.2009,
195,8679,0.1997,
195,7126,0.1988,
195,5223,0.1953,
195,5094,0.1948,
195,5157,0.1926,
195,8612,0.1924,
195,1363,0.1924,
195,4455,0.1916,
195,7375,0.1915,
195,9062,0.1913,
195,2361,0.1902,
195,3540,0.1897,
195,7265,0.1895,
195,6431,0.1888,
196,4396,0.182,
196,6803,0.1779,
196,7494,0.1716,
196,3316,0.1672,
196,951,0.1568,
196,5109,0.1555,
196,6565,0.1542,
196,1504,0.1535,
196,6442,0.1516,
196,2298,0.1511,
196,7917,0.1476,
196,453,0.1451,
196,2461,0.1422,
196,3067,0.1413,
196,9348,0.1404,
196,1931,0.1397,
196,4190,0.139,
196,7578,0.1386,
196,922,0.1354,
196,2648,0.1343,
197,5189,0.2519,
197,3516,0.2472,
197,1207,0.2321,
197,7824,0.2246,
197,1054,0.2225,
197,8888,0.2225,
197,1817,0.2224,
197,4565,0.2171,
197,1083,0.2161,
197,1639,0.2098,
197,455,0.2094,
197,5619,0.2079,
197,4127,0.2041,
197,5984,0.2037,
197,8834,0.2032,
197,7648,0.2028,
197,6542,0.202,
197,4057,0.2018,
197,536,0.2011,
197,8992,0.1993,
198,4127,0.2052,
198,7195,0.203,
198,5343,0.2014,
198,2461,0.1961,
198,1902,0.1931,
198,7453,0.193,
198,1054,0.1929,
198,5967,0.1908,
198,1704,0.1904,
198,1083,0.1897,
198,7371,0.1877,
198,2385,0.1863,
198,3136,0.1848,
198,6835,0.184,
198,247,0.1814,
198,2255,0.1807,
198,587,0.1799,
198,3516,0.1796,
198,5919,0.1789,
198,3744,0.1785,
546,4326,0.3158,
546,2261,0.3004,
546,1809,0.2999,
546,5608,0.2938,
546,1674,0.2903,
546,4589,0.2876,
546,5902,0.2868,
546,5125,0.2857,
546,1464,0.2848,
546,1127,0.2836,
546,3506,0.2823,
546,7168,0.2819,
546,6209,0.2809,
546,1947,0.2785,
546,2092,0.2774,
546,3653,0.2774,
546,3731,0.277,
546,9413,0.2761,
546,5617,0.2751,
546,4495,0.2751,
199,307,0.2835,
199,2160,0.2717,
199,6613,0.2675,
199,3787,0.2652,
199,1263,0.2633,
199,8940,0.2615,
199,3066,0.2601,
199,5165,0.2567,
199,5971,0.2564,
199,5773,0.2538,
199,473,0.2538,
199,9452,0.2538,
199,2539,0.2536,
199,4275,0.2532,
199,6849,0.2531,
199,2158,0.2527,
199,1028,0.2527,
199,2770,0.2522,
199,5743,0.2518,
199,1743,0.2517,
200,4041,0.1915,
200,274,0.1853,
200,4340,0.1806,
200,787,0.1761,
200,8769,0.176,
200,6472,0.1728,
200,3189,0.1683,
200,3074,0.1666,
200,5559,0.1658,
200,4819,0.165,
200,6444,0.1642,
200,7828,0.1625,
200,4097,0.1618,
200,4317,0.1617,
200,2255,0.1613,
200,3668,0.1608,
200,3317,0.1608,
200,2060,0.1605,
200,7371,0.1592,
200,2855,0.159,
201,307,0.1821,
201,6803,0.1757,
201,6613,0.1707,
201,6442,0.1674,
201,8131,0.1595,
201,9436,0.1548,
201,433,0.1525,
201,736,0.1524,
201,1504,0.1494,
201,951,0.1465,
201,5716,0.1449,
201,3540,0.1445,
201,2837,0.1422,
201,6089,0.142,
201,6565,0.1413,
201,4057,0.1413,
201,5529,0.1394,
201,7494,0.1391,
201,8834,0.139,
201,9452,0.1365,
202,9062,0.2922,
202,6627,0.2547,
202,8612,0.2525,
202,3432,0.2462,
202,4682,0.2382,
202,4158,0.2372,
202,7568,0.2353,
202,7070,0.2317,
202,5261,0.2285,
202,2331,0.2241,
202,7051,0.2239,
202,8067,0.2186,
202,8005,0.2185,
202,2461,0.2138,
202,2696,0.2076,
202,1931,0.2075,
202,6322,0.2059,
202,676,0.2055,
202,8433,0.2033,
202,7086,0.2026,
203,4682,0.2972,
203,3540,0.2934,
203,8067,0.2798,
203,9062,0.2795,
203,2331,0.2549,
203,164,0.2517,
203,3897,0.2502,
203,7020,0.2435,
203,3840,0.2428,
203,5927,0.2393,
203,6614,0.2392,
203,5583,0.2384,
203,2361,0.2378,
203,2158,0.2351,
203,2770,0.2343,
203,3066,0.2339,
203,8005,0.2333,
203,4275,0.2322,
203,613,0.232,
203,727,0.2314,
220,355,0.2023,
220,2127,0.1967,
220,7523,0.1852,
220,4553,0.184,
220,8905,0.178,
220,5165,0.1775,
220,6376,0.1761,
220,5438,0.1759,
220,3057,0.1759,
220,754,0.1749,
220,6474,0.174,
220,3417,0.1737,
220,3436,0.1729,
220,6141,0.172,
220,1753,0.1714,
220,8221,0.1705,
220,5999,0.1701,
220,2874,0.1697,
220,8153,0.1694,
220,5011,0.1689,
547,2764,0.2367,
547,7879,0.2282,
547,4340,0.2272,
547,4303,0.2175,
547,7273,0.2174,
547,8834,0.2171,
547,6433,0.2154,
547,2926,0.2153,
547,919,0.214,
547,338,0.2122,
547,3074,0.2104,
547,3039,0.2083,
547,4328,0.2009,
547,4553,0.2006,
547,1092,0.2,
547,2175,0.1982,
547,8070,0.1977,
547,8804,0.1977,
547,979,0.1964,
547,8481,0.1934,
204,3531,0.2287,
204,2175,0.2256,
204,2252,0.221,
204,6836,0.219,
204,5656,0.2183,
204,5010,0.2119,
204,7854,0.2119,
204,4303,0.21,
204,2926,0.2094,
204,7879,0.2075,
204,1204,0.201,
204,2209,0.1997,
204,624,0.1982,
204,6212,0.1976,
204,4582,0.1975,
204,8466,0.1971,
204,7044,0.197,
204,5169,0.1968,
204,7049,0.1966,
204,8087,0.1964,
205,5930,0.2013,
205,3516,0.1981,
205,5081,0.1884,
205,5189,0.1877,
205,8592,0.1867,
205,239,0.1839,
205,4057,0.1836,
205,6174,0.1832,
205,7453,0.1831,
205,5192,0.1789,
205,7252,0.1774,
205,1337,0.1757,
205,3770,0.1748,
205,4565,0.1747,
205,8439,0.173,
205,4300,0.1726,
205,8036,0.1724,
205,6963,0.1722,
205,794,0.1716,
205,9267,0.1704,
206,9062,0.3032,
206,6442,0.2673,
206,8067,0.2637,
206,4682,0.2589,
206,8693,0.2521,
206,6627,0.24,
206,291,0.2399,
206,3989,0.2378,
206,4158,0.2369,
206,7883,0.2367,
206,8240,0.235,
206,4175,0.2323,
206,7870,0.2299,
206,307,0.2291,
206,8005,0.229,
206,7824,0.2284,
206,3840,0.2274,
206,1908,0.2249,
206,3540,0.2249,
206,4035,0.2216,
207,95,0.3165,
207,8769,0.313,
207,8118,0.3007,
207,6701,0.3001,
207,8806,0.2966,
207,5761,0.2962,
207,1869,0.2951,
207,7132,0.2943,
207,3349,0.2942,
207,4041,0.2938,
207,8763,0.2936,
207,2764,0.2931,
207,9070,0.2921,
207,6940,0.2911,
207,3074,0.2896,
207,7758,0.2891,
207,3561,0.2888,
207,414,0.288,
207,1209,0.2877,
207,5505,0.2867,
208,8054,0.2917,
208,4223,0.2714,
208,2239,0.2637,
208,886,0.261,
208,7044,0.2473,
208,9321,0.2463,
208,9288,0.2421,
208,4401,0.2417,
208,3097,0.2403,
208,2175,0.2399,
208,4026,0.2395,
208,7879,0.2387,
208,8280,0.2381,
208,1413,0.238,
208,8041,0.2376,
208,1059,0.2373,
208,7322,0.2369,
208,8585,0.2363,
208,5921,0.2361,
208,2126,0.236,
209,9436,0.233,
209,3039,0.2289,
209,2461,0.2258,
209,8192,0.2252,
209,3516,0.2243,
209,2764,0.2197,
209,2926,0.2166,
209,3744,0.2141,
209,4274,0.2115,
209,7083,0.2088,
209,9394,0.2068,
209,8769,0.2036,
209,2433,0.2034,
209,9441,0.2028,
209,1162,0.2018,
209,2344,0.2003,
209,3933,0.1994,
209,9171,0.1985,
209,2449,0.1973,
209,334,0.1972,
210,2461,0.2342,
210,7051,0.2275,
210,8769,0.2266,
210,7628,0.2247,
210,9062,0.2247,
210,8118,0.2222,
210,6627,0.2175,
210,8433,0.215,
210,2136,0.2101,
210,3432,0.2098,
210,4682,0.2076,
210,5375,0.2075,
210,8005,0.2024,
210,2331,0.2009,
210,4158,0.1989,
210,7070,0.1988,
210,7568,0.1965,
210,3202,0.195,
210,2696,0.1933,
210,4831,0.1931,
239,3946,0.1575,
239,4489,0.1531,
239,5034,0.1385,
239,6470,0.1363,
239,8067,0.1327,
239,5469,0.1323,
239,3120,0.1318,
239,3897,0.1272,
239,6701,0.1269,
239,6026,0.1258,
239,2906,0.1251,
239,4189,0.1219,
239,920,0.1215,
239,7977,0.1199,
239,6456,0.1182,
239,9223,0.1179,
239,2723,0.1165,
239,1034,0.1133,
239,318,0.112,
239,8118,0.1117,
240,409,0.2264,
240,5001,0.2218,
240,5010,0.2212,
240,7487,0.2208,
240,3299,0.2195,
240,7288,0.218,
240,2568,0.2164,
240,4576,0.216,
240,2654,0.2103,
240,9288,0.2097,
240,8741,0.2096,
240,4026,0.2072,
240,8087,0.2057,
240,3245,0.2045,
240,9368,0.2041,
240,7782,0.2033,
240,4582,0.2015,
240,4782,0.2013,
240,2175,0.1993,
240,8585,0.1989,
211,8240,0.2734,
211,3261,0.2621,
211,8769,0.249,
211,6701,0.2462,
211,2926,0.2368,
211,3074,0.2359,
211,7448,0.2349,
211,4819,0.2338,
211,4340,0.2328,
211,8067,0.2317,
211,9070,0.2316,
211,8118,0.2297,
211,2764,0.2288,
211,1796,0.2273,
211,6431,0.2271,
211,5761,0.2266,
211,5492,0.2261,
211,2492,0.2253,
211,9062,0.2242,
211,7371,0.2223,
212,6472,0.2433,
212,4041,0.2433,
212,5176,0.2409,
212,6940,0.2357,
212,3693,0.2317,
212,6430,0.2265,
212,4622,0.2255,
212,6259,0.2243,
212,6444,0.2234,
212,2926,0.2233,
212,2891,0.2214,
212,4317,0.2159,
212,4342,0.2152,
212,9422,0.2118,
212,4032,0.2117,
212,3039,0.2116,
212,919,0.2095,
212,3886,0.2093,
212,6517,0.209,
212,6824,0.209,
213,3057,0.2547,
213,6474,0.2541,
213,4553,0.2536,
213,5165,0.2521,
213,355,0.2519,
213,7273,0.2506,
213,8905,0.2452,
213,6141,0.2432,
213,5438,0.2427,
213,3436,0.2368,
213,2127,0.2368,
213,5999,0.2365,
213,3920,0.2364,
213,759,0.2358,
213,7523,0.2339,
213,4512,0.2313,
213,754,0.2308,
213,2874,0.228,
213,3207,0.2268,
213,3417,0.226,
214,9366,0.2874,
214,7923,0.2841,
214,967,0.2827,
214,7317,0.2824,
214,334,0.2807,
214,980,0.2806,
214,5450,0.2805,
214,6754,0.2805,
214,3864,0.2803,
214,8192,0.2775,
214,5356,0.2766,
214,9034,0.2742,
214,3630,0.2739,
214,4962,0.2736,
214,6781,0.2736,
214,5397,0.2735,
214,1859,0.2733,
214,6064,0.2729,
214,6818,0.2717,
214,1162,0.2693,
241,2401,0.2555,
241,8968,0.2532,
241,8285,0.2526,
241,155,0.2513,
241,7862,0.2497,
241,1902,0.2493,
241,8920,0.2492,
241,2461,0.2449,
241,5967,0.2441,
241,2433,0.2432,
241,2344,0.2413,
241,5343,0.2401,
241,3202,0.2391,
241,7578,0.2383,
241,1054,0.2382,
241,1772,0.2381,
241,850,0.2376,
241,8462,0.2362,
241,6633,0.2345,
241,8965,0.234,
1425,9452,0.2463,
1425,9135,0.2386,
1425,684,0.238,
1425,4275,0.233,
1425,4057,0.2314,
1425,5708,0.2306,
1425,2158,0.2284,
1425,4283,0.2282,
1425,164,0.2276,
1425,5,0.2275,
1425,2435,0.2266,
1425,4682,0.2265,
1425,307,0.2264,
1425,608,0.2252,
1425,2606,0.2242,
1425,993,0.2236,
1425,66,0.2232,
1425,1743,0.223,
1425,5157,0.2229,
1425,8303,0.2227,
215,7375,0.2357,
215,4682,0.2315,
215,8005,0.2201,
215,8551,0.2149,
215,6613,0.2096,
215,3787,0.2081,
215,5465,0.2026,
215,307,0.2017,
215,1162,0.2008,
215,8374,0.2002,
215,7126,0.1983,
215,3540,0.1981,
215,2361,0.198,
215,4035,0.1975,
215,164,0.1962,
215,4744,0.1956,
215,1028,0.1951,
215,3039,0.1943,
215,5583,0.1943,
215,7140,0.1934,
216,8067,0.1967,
216,3039,0.195,
216,9062,0.194,
216,8834,0.1896,
216,919,0.1859,
216,334,0.1835,
216,1162,0.1816,
216,2764,0.1802,
216,1859,0.1792,
216,6444,0.1778,
216,8612,0.1777,
216,3120,0.1775,
216,8592,0.1772,
216,6818,0.1749,
216,5397,0.1746,
216,6504,0.1741,
216,8481,0.1737,
216,4848,0.1718,
216,3864,0.1717,
216,5081,0.1714,
217,8410,0.2523,
217,8620,0.2433,
217,8245,0.2414,
217,5790,0.2398,
217,8579,0.2316,
217,5554,0.23,
217,8720,0.2298,
217,3650,0.2278,
217,8836,0.2265,
217,3552,0.2264,
217,8352,0.2246,
217,248,0.2242,
217,2687,0.224,
217,9032,0.2239,
217,5543,0.2236,
217,4074,0.223,
217,4115,0.2223,
217,4302,0.222,
217,2911,0.2214,
217,1000,0.22,
218,3516,0.1751,
218,7472,0.1736,
218,5930,0.1729,
218,8720,0.1672,
218,355,0.1669,
218,87,0.1627,
218,5168,0.161,
218,1054,0.1606,
218,4721,0.1605,
218,3771,0.1599,
218,5619,0.1597,
218,4403,0.1575,
218,1081,0.1554,
218,6532,0.155,
218,3917,0.1547,
218,5714,0.1543,
218,2030,0.1534,
218,5839,0.1531,
218,8993,0.1526,
218,1704,0.1525,
219,7824,0.3068,
219,5882,0.295,
219,4299,0.2868,
219,2702,0.2798,
219,9062,0.2779,
219,3941,0.2756,
219,455,0.273,
219,312,0.268,
219,8980,0.2677,
219,3743,0.2654,
219,3840,0.2631,
219,6174,0.262,
219,3060,0.2588,
219,3564,0.2578,
219,882,0.2569,
219,1629,0.2551,
219,326,0.2546,
219,8130,0.2526,
219,7973,0.2516,
219,5187,0.2514,
1840,5510,0.3195,
1840,5089,0.2288,
1840,4736,0.2231,
1840,382,0.2142,
1840,2445,0.213,
1840,4013,0.2117,
1840,6100,0.2115,
1840,5932,0.2105,
1840,9161,0.2101,
1840,6819,0.2087,
1840,8179,0.2055,
1840,1309,0.2048,
1840,7662,0.2032,
1840,1202,0.2027,
1840,3260,0.2022,
1840,9013,0.2013,
1840,4957,0.1995,
1840,1535,0.1995,
1840,42,0.1987,
1840,1088,0.1986,
221,9062,0.2367,
221,8433,0.2211,
221,5990,0.2158,
221,6442,0.2079,
221,919,0.2046,
221,9384,0.2037,
221,8769,0.2005,
221,7051,0.2003,
221,846,0.1989,
221,8592,0.1947,
221,1931,0.1946,
221,5261,0.1938,
221,6273,0.1889,
221,7568,0.1884,
221,6444,0.1882,
221,8693,0.1875,
221,1858,0.1871,
221,2136,0.1861,
221,6963,0.184,
221,6627,0.1839,
222,4553,0.2274,
222,7273,0.2263,
222,7086,0.2154,
222,6775,0.2151,
222,3057,0.2017,
222,8488,0.2008,
222,6753,0.1993,
222,3790,0.1955,
222,9062,0.1955,
222,896,0.1952,
222,8769,0.1939,
222,4864,0.1938,
222,2279,0.1937,
222,6278,0.1928,
222,8466,0.1926,
222,7371,0.1912,
222,3074,0.1907,
222,3161,0.1905,
222,8130,0.1902,
222,3886,0.1901,
223,5854,0.1974,
223,6785,0.1876,
223,1585,0.17,
223,7391,0.1678,
223,9219,0.1674,
223,158,0.1642,
223,9008,0.159,
223,5297,0.1579,
223,8599,0.1537,
223,7610,0.1526,
223,9213,0.152,
223,7784,0.1517,
223,2892,0.1496,
223,2019,0.1494,
223,4682,0.1472,
223,613,0.1459,
223,5971,0.145,
223,7051,0.1431,
223,7704,0.1413,
223,8303,0.1407,
224,5882,0.225,
224,9062,0.2219,
224,8888,0.2206,
224,7870,0.2186,
224,8067,0.2107,
224,4531,0.2059,
224,4299,0.2033,
224,8240,0.203,
224,7883,0.2019,
224,455,0.2015,
224,4175,0.198,
224,6174,0.1974,
224,291,0.1963,
224,2856,0.1962,
224,1409,0.1957,
224,82,0.1955,
224,5412,0.1937,
224,1241,0.1937,
224,3379,0.1915,
224,3989,0.1913,
225,3540,0.2655,
225,307,0.2528,
225,5344,0.251,
225,736,0.2472,
225,4682,0.2467,
225,7633,0.2339,
225,4057,0.2334,
225,8131,0.2315,
225,3787,0.2303,
225,2770,0.2299,
225,6643,0.229,
225,6613,0.2288,
225,6935,0.2275,
225,1062,0.2249,
225,4275,0.2246,
225,2158,0.2229,
225,2361,0.2223,
225,5081,0.222,
225,5583,0.2213,
225,66,0.22,
226,8036,0.2009,
226,7195,0.1994,
226,5930,0.1934,
226,9062,0.193,
226,2461,0.1918,
226,1054,0.1896,
226,6835,0.1885,
226,4848,0.1874,
226,6627,0.1849,
226,4127,0.1846,
226,33,0.1845,
226,4788,0.1834,
226,3140,0.1821,
226,8612,0.1818,
226,4299,0.1818,
226,4389,0.1814,
226,1207,0.1813,
226,3840,0.1808,
226,7371,0.1807,
226,8130,0.1807,
227,1626,0.1925,
227,7964,0.1782,
227,9431,0.1767,
227,7791,0.171,
227,821,0.1704,
227,4869,0.1686,
227,985,0.1678,
227,6415,0.1663,
227,1004,0.165,
227,6160,0.1634,
227,5604,0.1631,
227,6173,0.1626,
227,6829,0.1605,
227,2080,0.16,
227,1790,0.1592,
227,4225,0.1591,
227,3216,0.1588,
227,9247,0.1581,
227,2204,0.1575,
227,3816,0.1568,
294,919,0.1805,
294,5930,0.1634,
294,5192,0.1631,
294,5905,0.1584,
294,1811,0.1555,
294,5081,0.1522,
294,794,0.1517,
294,2185,0.1517,
294,4058,0.1512,
294,2953,0.1494,
294,2665,0.1484,
294,7273,0.1481,
294,7252,0.1468,
294,8070,0.1468,
294,2108,0.1463,
294,6748,0.1451,
294,5990,0.1448,
294,8592,0.1433,
294,6963,0.1425,
294,9447,0.1423,
228,5438,0.2187,
228,3436,0.208,
228,8221,0.2049,
228,3057,0.2044,
228,7487,0.1954,
228,7523,0.1916,
228,4512,0.1886,
228,998,0.1866,
228,6818,0.186,
228,8905,0.1855,
228,6029,0.1848,
228,8711,0.1846,
228,3207,0.1839,
228,2795,0.1828,
228,967,0.1825,
228,334,0.1823,
228,355,0.1819,
228,3920,0.1803,
228,5450,0.1792,
228,754,0.1776,
229,1083,0.1874,
229,7634,0.1687,
229,7824,0.1678,
229,4622,0.166,
229,3202,0.1643,
229,8571,0.1624,
229,2401,0.1607,
229,8184,0.1602,
229,8968,0.1592,
229,43,0.1571,
229,8192,0.1552,
229,2461,0.154,
229,1902,0.1537,
229,3039,0.1536,
229,4127,0.1528,
229,8732,0.1527,
229,3516,0.1526,
229,6309,0.1524,
229,9337,0.1521,
229,155,0.1512,
230,5882,0.219,
230,9062,0.21,
230,8888,0.2036,
230,616,0.2035,
230,7195,0.1972,
230,4299,0.192,
230,5563,0.1871,
230,2461,0.1807,
230,8980,0.1793,
230,3840,0.1786,
230,455,0.1782,
230,8184,0.178,
230,1341,0.1779,
230,7824,0.1778,
230,164,0.1775,
230,4558,0.1765,
230,8067,0.1735,
230,3345,0.1731,
230,3060,0.1731,
230,6183,0.1731,
231,3693,0.2244,
231,4622,0.2241,
231,2418,0.219,
231,7361,0.2134,
231,8769,0.2132,
231,9246,0.2128,
231,6472,0.2117,
231,4041,0.2115,
231,919,0.2113,
231,5603,0.2099,
231,1858,0.2096,
231,6701,0.2096,
231,6940,0.2087,
231,1359,0.208,
231,2764,0.2076,
231,3348,0.2041,
231,2926,0.2036,
231,5076,0.2035,
231,2255,0.2034,
231,6081,0.2031,
232,8470,0.2412,
232,5344,0.2391,
232,5583,0.2228,
232,6614,0.2212,
232,8662,0.2186,
232,4091,0.2175,
232,164,0.2125,
232,1337,0.2108,
232,5465,0.2097,
232,8190,0.2078,
232,409,0.2077,
232,8036,0.2068,
232,846,0.2058,
232,7964,0.2057,
232,6849,0.2055,
232,6973,0.2041,
232,5494,0.2037,
232,3457,0.2029,
232,3066,0.2015,
232,3787,0.2014,
233,2764,0.2073,
233,5559,0.1991,
233,8763,0.1901,
233,3563,0.1885,
233,2060,0.184,
233,3224,0.1834,
233,3356,0.1814,
233,4041,0.18,
233,6940,0.1794,
233,2255,0.1793,
233,5461,0.1789,
233,5492,0.1771,
233,3039,0.176,
233,7879,0.1753,
233,8295,0.1717,
233,4143,0.1717,
233,3960,0.1712,
233,4622,0.1702,
233,8806,0.1701,
233,5196,0.1699,
234,5465,0.2783,
234,4057,0.2733,
234,5583,0.2568,
234,5494,0.2557,
234,455,0.2535,
234,218,0.2527,
234,8267,0.2497,
234,3840,0.2489,
234,6742,0.2467,
234,6614,0.2459,
234,6613,0.2449,
234,8600,0.2446,
234,4291,0.244,
234,5223,0.2432,
234,2145,0.2405,
234,5189,0.24,
234,9247,0.2395,
234,2255,0.2392,
234,555,0.2381,
234,8115,0.2378,
235,334,0.2789,
235,9267,0.271,
235,1859,0.2703,
235,3864,0.2678,
235,1162,0.2656,
235,2724,0.2616,
235,8322,0.2597,
235,5356,0.2584,
235,7923,0.2557,
235,6754,0.2555,
235,9034,0.2547,
235,7825,0.2547,
235,5894,0.2536,
235,6174,0.2533,
235,8192,0.2532,
235,2663,0.2531,
235,967,0.2522,
235,5397,0.2509,
235,4962,0.2505,
235,5246,0.2498,
236,9186,0.2569,
236,1283,0.2377,
236,4589,0.2369,
236,918,0.2346,
236,5808,0.2261,
236,3612,0.225,
236,8830,0.2232,
236,6585,0.2232,
236,1674,0.2223,
236,3517,0.222,
236,925,0.2216,
236,767,0.2213,
236,2092,0.2202,
236,872,0.219,
236,5621,0.2182,
236,1828,0.2174,
236,5668,0.2166,
236,9293,0.2158,
236,2695,0.2157,
236,8771,0.2154,
237,1244,0.2601,
237,8831,0.2438,
237,6164,0.2389,
237,432,0.2349,
237,2949,0.2321,
237,4138,0.2311,
237,8054,0.2288,
237,1524,0.2226,
237,864,0.222,
237,5999,0.2219,
237,6681,0.2213,
237,5520,0.2212,
237,1763,0.2203,
237,845,0.2202,
237,4120,0.22,
237,8748,0.2196,
237,5735,0.2195,
237,5327,0.2186,
237,4246,0.2183,
237,2536,0.218,
238,2461,0.2547,
238,3432,0.2415,
238,4682,0.2368,
238,9062,0.2353,
238,6627,0.2312,
238,7628,0.2226,
238,7568,0.2206,
238,2331,0.2171,
238,7070,0.2141,
238,5261,0.2141,
238,7051,0.2137,
238,8005,0.2082,
238,8612,0.2072,
238,9394,0.2038,
238,166,0.1993,
238,6322,0.1957,
238,6803,0.1952,
238,7231,0.1944,
238,5609,0.1898,
238,2433,0.1895,
242,9062,0.2897,
242,8067,0.2507,
242,4682,0.2499,
242,8693,0.2471,
242,6442,0.2452,
242,8769,0.2331,
242,4035,0.2331,
242,7126,0.2183,
242,3540,0.2166,
242,6664,0.2165,
242,7051,0.215,
242,307,0.2139,
242,4158,0.2134,
242,7070,0.2129,
242,1858,0.2113,
242,8005,0.2103,
242,3432,0.2089,
242,4831,0.2068,
242,7870,0.2063,
242,7568,0.2058,
243,5930,0.157,
243,5081,0.1482,
243,9436,0.1459,
243,9213,0.1403,
243,6613,0.1367,
243,1054,0.136,
243,3516,0.1331,
243,5011,0.1315,
243,5716,0.1307,
243,1083,0.1303,
243,7083,0.1299,
243,6785,0.1281,
243,5919,0.1276,
243,1081,0.127,
243,5168,0.1269,
243,3917,0.1264,
243,8518,0.125,
243,7548,0.1239,
243,2185,0.1238,
243,4057,0.1237,
244,1636,0.3407,
244,5590,0.3389,
244,6701,0.3358,
244,95,0.3315,
244,2764,0.3276,
244,4622,0.3207,
244,3261,0.3201,
244,1869,0.3201,
244,7155,0.3187,
244,9070,0.3179,
244,8978,0.3175,
244,5900,0.3162,
244,2972,0.3158,
244,6472,0.3156,
244,414,0.3148,
244,3561,0.3133,
244,6747,0.3129,
244,8806,0.3126,
244,3349,0.3112,
244,5113,0.3107,
245,9062,0.2752,
245,320,0.2426,
245,5261,0.2424,
245,4299,0.2291,
245,7070,0.2275,
245,3840,0.2267,
245,6627,0.226,
245,8130,0.2254,
245,5266,0.2246,
245,7371,0.2238,
245,8067,0.2226,
245,7195,0.2223,
245,7086,0.2215,
245,7568,0.2193,
245,312,0.2187,
245,8612,0.2153,
245,5882,0.2149,
245,4682,0.2148,
245,6174,0.2141,
245,326,0.2115,
246,2856,0.1782,
246,3209,0.1681,
246,2718,0.1638,
246,8067,0.1609,
246,7412,0.159,
246,4143,0.1587,
246,567,0.1563,
246,8746,0.1527,
246,1352,0.1526,
246,1851,0.1506,
246,920,0.1499,
246,3039,0.1479,
246,4613,0.1469,
246,3068,0.1467,
246,6210,0.1454,
246,6546,0.1431,
246,7346,0.1416,
246,1704,0.1407,
246,9047,0.1401,
246,6701,0.1387,
247,8067,0.2368,
247,9062,0.2329,
247,8834,0.2096,
247,2724,0.2037,
247,4848,0.2028,
247,334,0.1976,
247,3039,0.1973,
247,1162,0.1929,
247,5882,0.1924,
247,5344,0.1902,
247,6444,0.1844,
247,6220,0.183,
247,7825,0.1819,
247,5397,0.1812,
247,4682,0.181,
247,3864,0.1795,
247,5356,0.1791,
247,6613,0.1784,
247,3540,0.1782,
247,2856,0.178,
248,4682,0.285,
248,9062,0.2651,
248,164,0.2437,
248,8005,0.2403,
248,1438,0.2335,
248,6849,0.2324,
248,7126,0.2311,
248,307,0.23,
248,3066,0.23,
248,4455,0.2263,
248,7375,0.226,
248,8612,0.2225,
248,3540,0.2224,
248,7086,0.2214,
248,8769,0.2174,
248,7568,0.2174,
248,8662,0.2171,
248,5927,0.2151,
248,3787,0.2146,
248,8287,0.2146,
2249,7824,0.1489,
2249,7702,0.1463,
2249,7634,0.1461,
2249,5563,0.1448,
2249,3170,0.1411,
2249,5217,0.1406,
2249,1083,0.1363,
2249,8184,0.1351,
2249,3661,0.1344,
2249,5342,0.1344,
2249,3113,0.1332,
2249,577,0.1325,
2249,7278,0.1314,
2249,9309,0.1303,
2249,364,0.1298,
2249,8875,0.1297,
2249,1629,0.1289,
2249,6975,0.1276,
2249,2573,0.1273,
2249,1972,0.126,
249,5438,0.3109,
249,7273,0.3064,
249,8905,0.2998,
249,6141,0.299,
249,2127,0.2977,
249,3920,0.2976,
249,5999,0.2973,
249,7523,0.2941,
249,3057,0.294,
249,5165,0.2914,
249,2874,0.291,
249,4512,0.2888,
249,3436,0.2879,
249,754,0.2875,
249,759,0.2868,
249,6376,0.2864,
249,355,0.2863,
249,5659,0.2862,
249,3417,0.2854,
249,4553,0.2847,
250,7782,0.3201,
250,5183,0.3185,
250,1639,0.3084,
250,5376,0.3017,
250,1276,0.3017,
250,396,0.3006,
250,8267,0.3003,
250,3527,0.3,
250,3598,0.298,
250,4491,0.2971,
250,3558,0.2968,
250,6813,0.2952,
250,2561,0.2951,
250,3038,0.295,
250,8375,0.2941,
250,6421,0.2936,
250,8477,0.2936,
250,2862,0.2909,
250,3973,0.2905,
250,9044,0.2899,
251,1908,0.254,
251,1207,0.2227,
251,6174,0.2164,
251,8322,0.2159,
251,8585,0.2061,
251,4531,0.2047,
251,2436,0.2038,
251,5882,0.2029,
251,8041,0.2009,
251,3989,0.2007,
251,8834,0.1989,
251,409,0.198,
251,7824,0.1979,
251,2663,0.1972,
251,7638,0.1947,
251,4566,0.1943,
251,7973,0.1926,
251,4421,0.1913,
251,6960,0.1898,
251,4353,0.1887,
252,919,0.2175,
252,8070,0.2135,
252,5192,0.2125,
252,5990,0.2111,
252,6839,0.2067,
252,8592,0.2053,
252,5930,0.2031,
252,7414,0.2014,
252,6963,0.1997,
252,5081,0.1994,
252,1811,0.1959,
252,4058,0.1943,
252,2185,0.1926,
252,2665,0.1923,
252,2108,0.1922,
252,7252,0.1912,
252,2953,0.1883,
252,5905,0.1865,
252,6748,0.1848,
252,8275,0.1818,
253,1902,0.2252,
253,6803,0.2112,
253,1241,0.2065,
253,5343,0.206,
253,2837,0.2035,
253,155,0.1983,
253,5594,0.1962,
253,5559,0.1953,
253,9273,0.193,
253,5967,0.1922,
253,7825,0.1913,
253,1704,0.1898,
253,1167,0.1892,
253,2385,0.1868,
253,6442,0.1852,
253,6904,0.1843,
253,2373,0.1835,
253,43,0.1813,
253,3749,0.1812,
253,2401,0.1802,
254,2006,0.2495,
254,5315,0.2396,
254,66,0.235,
254,2160,0.2333,
254,4682,0.2329,
254,5157,0.2322,
254,6613,0.231,
254,3787,0.2307,
254,9407,0.2298,
254,5583,0.2294,
254,5601,0.2277,
254,3066,0.2269,
254,9388,0.2268,
254,2539,0.2254,
254,4057,0.2244,
254,1028,0.2244,
254,6614,0.2237,
254,1771,0.2228,
254,3421,0.2225,
254,7140,0.2224,
255,1913,0.2955,
255,3842,0.2619,
255,616,0.257,
255,8184,0.2365,
255,6803,0.2353,
255,5919,0.2332,
255,850,0.2269,
255,9334,0.2265,
255,7647,0.2262,
255,7578,0.2255,
255,5822,0.2238,
255,8888,0.2233,
255,5106,0.2227,
255,2401,0.2222,
255,8968,0.2201,
255,4127,0.2171,
255,3345,0.2139,
255,6423,0.2106,
255,1704,0.2091,
255,9394,0.2088,
256,4782,0.2633,
256,9030,0.2583,
256,5973,0.257,
256,4401,0.2507,
256,4553,0.2502,
256,6212,0.246,
256,2599,0.2438,
256,409,0.243,
256,3640,0.2403,
256,7044,0.24,
256,4620,0.2394,
256,998,0.2365,
256,3846,0.2365,
256,7049,0.236,
256,3107,0.2322,
256,8087,0.232,
256,5921,0.2304,
256,1204,0.2286,
256,1086,0.2272,
256,4535,0.2266,
257,3055,0.1731,
257,3389,0.1726,
257,5586,0.1693,
257,2429,0.1598,
257,8955,0.1562,
257,1472,0.1561,
257,2554,0.1542,
257,87,0.1511,
257,8731,0.1501,
257,4731,0.1497,
257,6815,0.146,
257,7996,0.1427,
257,4330,0.1401,
257,6935,0.14,
257,2061,0.1391,
257,2974,0.1389,
257,2038,0.1375,
257,3843,0.1365,
257,6341,0.1353,
257,6900,0.1346,
258,7051,0.17,
258,6627,0.1659,
258,4682,0.158,
258,2331,0.1575,
258,8433,0.1569,
258,2461,0.1491,
258,9062,0.1484,
258,3432,0.146,
258,1536,0.1439,
258,7568,0.1384,
258,1859,0.1363,
258,8612,0.1347,
258,312,0.1343,
258,3840,0.1327,
258,6164,0.1316,
258,5261,0.1309,
258,1485,0.1306,
258,1162,0.1306,
258,6273,0.1302,
258,5609,0.1301,
300,2926,0.171,
300,3516,0.1695,
300,2461,0.1644,
300,7371,0.1624,
300,7195,0.1597,
300,8769,0.1578,
300,3202,0.1549,
300,1427,0.1536,
300,3432,0.1522,
300,9062,0.1494,
300,5189,0.1486,
300,1485,0.1479,
300,6701,0.1478,
300,2764,0.1473,
300,7568,0.1468,
300,4114,0.1449,
300,9436,0.1444,
300,5467,0.144,
300,7737,0.1433,
300,8439,0.1426,
2264,1902,0.2326,
2264,6835,0.2089,
2264,4127,0.2044,
2264,5559,0.2042,
2264,355,0.1911,
2264,5892,0.1879,
2264,1241,0.1878,
2264,352,0.1871,
2264,1054,0.1863,
2264,3744,0.186,
2264,7633,0.182,
2264,247,0.182,
2264,3516,0.1818,
2264,7901,0.1812,
2264,5619,0.1807,
2264,3074,0.1807,
2264,8471,0.1805,
2264,5343,0.1793,
2264,6083,0.1774,
2264,3576,0.1769,
2265,5165,0.2942,
2265,4553,0.2818,
2265,2127,0.2816,
2265,8905,0.281,
2265,6474,0.2758,
2265,355,0.2683,
2265,3057,0.2669,
2265,5438,0.2655,
2265,7523,0.2652,
2265,2566,0.2632,
2265,3920,0.2616,
2265,754,0.2613,
2265,7273,0.2609,
2265,4512,0.2593,
2265,3436,0.2589,
2265,6376,0.2574,
2265,2874,0.2566,
2265,759,0.253,
2265,5659,0.2489,
2265,8221,0.2488,
259,3039,0.1698,
259,2926,0.1592,
259,334,0.1583,
259,8481,0.1582,
259,4340,0.1561,
259,7824,0.1555,
259,4622,0.1553,
259,1162,0.1547,
259,5397,0.154,
259,5189,0.1531,
259,980,0.1517,
259,8804,0.1515,
259,6754,0.1499,
259,7606,0.1498,
259,9034,0.1495,
259,6064,0.1487,
259,3864,0.1484,
259,6818,0.147,
259,7923,0.147,
259,5450,0.1469,
260,8769,0.2568,
260,7371,0.2387,
260,8118,0.2301,
260,4622,0.2247,
260,1858,0.208,
260,3432,0.2062,
260,6701,0.2054,
260,4041,0.2046,
260,1318,0.2028,
260,3693,0.2012,
260,2461,0.201,
260,8978,0.2,
260,6627,0.2,
260,8273,0.1996,
260,7195,0.1986,
260,4831,0.1971,
260,7051,0.1952,
260,9062,0.1912,
260,9070,0.1904,
260,6472,0.19,
261,2461,0.2226,
261,6627,0.2041,
261,9062,0.2016,
261,6803,0.1994,
261,3432,0.1992,
261,7628,0.1938,
261,6998,0.1857,
261,5261,0.1741,
261,9394,0.1725,
261,8612,0.1709,
261,7051,0.17,
261,6442,0.1684,
261,2344,0.1684,
261,5109,0.1673,
261,7568,0.167,
261,3202,0.1669,
261,2331,0.1657,
261,7070,0.161,
261,7195,0.1598,
261,1054,0.1597,
262,6613,0.2509,
262,4057,0.2316,
262,5157,0.2217,
262,5223,0.2215,
262,5081,0.2177,
262,5708,0.2175,
262,6643,0.2145,
262,5519,0.2122,
262,6614,0.2116,
262,5716,0.2104,
262,66,0.2102,
262,3457,0.2099,
262,9388,0.2088,
262,2361,0.2088,
262,5583,0.2084,
262,5344,0.2071,
262,4682,0.204,
262,1598,0.2031,
262,1028,0.203,
262,6785,0.2029,
263,5534,0.186,
263,2528,0.1768,
263,6369,0.1739,
263,7540,0.1729,
263,3109,0.1722,
263,2291,0.1672,
263,3853,0.1642,
263,8934,0.1637,
263,2018,0.1631,
263,5362,0.1619,
263,9363,0.1611,
263,4239,0.1585,
263,6196,0.1576,
263,9153,0.1573,
263,8938,0.1567,
263,8739,0.1527,
263,9023,0.1498,
263,7239,0.1469,
263,2722,0.1464,
263,8089,0.146,
264,2281,0.3072,
264,5217,0.298,
264,2315,0.2875,
264,8076,0.2742,
264,7334,0.2702,
264,6742,0.268,
264,5687,0.2638,
264,2467,0.2635,
264,5338,0.2592,
264,7921,0.2592,
264,7848,0.2587,
264,3170,0.2568,
264,5036,0.2568,
264,7278,0.2546,
264,4582,0.2526,
264,8206,0.2519,
264,3245,0.2505,
264,6885,0.2498,
264,8991,0.2497,
264,6779,0.2492,
265,5344,0.2238,
265,8267,0.2198,
265,1162,0.2176,
265,6431,0.2115,
265,1028,0.2105,
265,613,0.2089,
265,7140,0.2087,
265,8470,0.2081,
265,5708,0.2071,
265,9388,0.2058,
265,4455,0.2042,
265,5583,0.2041,
265,7265,0.204,
265,6614,0.2034,
265,3457,0.2029,
265,2361,0.2026,
265,6849,0.201,
265,2308,0.2008,
265,8648,0.2005,
265,2006,0.2004,
266,7784,0.2704,
266,9062,0.2635,
266,8067,0.2455,
266,7825,0.2306,
266,4751,0.228,
266,4848,0.2274,
266,2928,0.2247,
266,2510,0.2239,
266,3743,0.2186,
266,2409,0.2182,
266,7870,0.2179,
266,7648,0.2178,
266,5882,0.2168,
266,7883,0.2141,
266,9283,0.2138,
266,2724,0.2136,
266,4421,0.2121,
266,8888,0.212,
266,291,0.2118,
266,8734,0.2118,
267,5189,0.2066,
267,5882,0.1969,
267,5412,0.1951,
267,455,0.1905,
267,5149,0.1867,
267,3516,0.1836,
267,7824,0.1816,
267,8888,0.1811,
267,4810,0.1796,
267,6656,0.1771,
267,8592,0.1743,
267,5563,0.1702,
267,616,0.169,
267,8439,0.1678,
267,1355,0.1665,
267,8834,0.165,
267,6996,0.1645,
267,3743,0.1642,
267,4127,0.164,
267,82,0.1636,
268,4553,0.297,
268,9288,0.2754,
268,5484,0.275,
268,2252,0.2722,
268,8585,0.2688,
268,3815,0.2686,
268,8087,0.2666,
268,1000,0.265,
268,7520,0.2601,
268,409,0.26,
268,463,0.257,
268,7868,0.2555,
268,6386,0.2543,
268,909,0.2523,
268,7525,0.2509,
268,6212,0.2504,
268,4782,0.2496,
268,2182,0.2495,
268,8041,0.2493,
268,2623,0.2491,
269,5559,0.1452,
269,8769,0.1411,
269,2461,0.1373,
269,6808,0.1363,
269,1858,0.1356,
269,1902,0.1337,
269,534,0.1308,
269,4831,0.1306,
269,6803,0.1301,
269,8978,0.1279,
269,2401,0.1278,
269,1636,0.1269,
269,6875,0.1269,
269,8273,0.1268,
269,9070,0.1267,
269,8968,0.1266,
269,5590,0.1262,
269,155,0.1257,
269,5900,0.1249,
269,6701,0.1246,
318,8769,0.2414,
318,5559,0.2324,
318,5505,0.228,
318,1762,0.2215,
318,9280,0.2178,
318,6081,0.2153,
318,4631,0.215,
318,353,0.2128,
318,8078,0.2123,
318,2461,0.212,
318,9070,0.2114,
318,4672,0.2109,
318,7132,0.2102,
318,8118,0.2084,
318,5422,0.2074,
318,1636,0.2073,
318,293,0.2064,
318,5590,0.2062,
318,8273,0.2054,
318,2397,0.2053,
270,6613,0.3269,
270,9452,0.3123,
270,66,0.2989,
270,6643,0.2988,
270,4275,0.2873,
270,4057,0.2839,
270,4744,0.2817,
270,1062,0.2809,
270,473,0.2807,
270,5094,0.2788,
270,9341,0.2788,
270,2158,0.2786,
270,3787,0.2778,
270,3540,0.2777,
270,5548,0.2775,
270,2308,0.277,
270,6070,0.2763,
270,8145,0.276,
270,8679,0.2756,
270,2351,0.2752,
271,9452,0.3512,
271,4275,0.317,
271,5519,0.3123,
271,5464,0.3091,
271,473,0.3037,
271,5708,0.3037,
271,6613,0.303,
271,5223,0.3022,
271,2158,0.3008,
271,983,0.3,
271,3787,0.2999,
271,8374,0.2985,
271,5548,0.2978,
271,2351,0.2978,
271,7265,0.2971,
271,6614,0.2971,
271,7447,0.2969,
271,8551,0.2964,
271,5583,0.2964,
271,7853,0.296,
272,3787,0.3141,
272,6613,0.3045,
272,2145,0.2948,
272,7633,0.2892,
272,4514,0.2882,
272,34,0.2875,
272,3066,0.2862,
272,5519,0.2861,
272,9452,0.2846,
272,9341,0.2835,
272,9361,0.2833,
272,4275,0.2824,
272,2158,0.282,
272,4291,0.2818,
272,8679,0.2812,
272,2113,0.2804,
272,5464,0.2795,
272,3794,0.2793,
272,473,0.2791,
272,6973,0.2788,
273,9452,0.4156,
273,4275,0.3955,
273,307,0.3862,
273,5583,0.384,
273,4514,0.3835,
273,4682,0.3834,
273,2361,0.3812,
273,2158,0.3812,
273,3787,0.381,
273,6614,0.3807,
273,5548,0.3796,
273,2351,0.3795,
273,3540,0.3786,
273,9407,0.3766,
273,7853,0.3764,
273,7447,0.3759,
273,34,0.375,
273,1028,0.3749,
273,2539,0.3745,
273,473,0.3745,
274,164,0.2215,
274,9452,0.2143,
274,5232,0.2135,
274,8681,0.2093,
274,4744,0.1986,
274,3345,0.19,
274,9328,0.1879,
274,5686,0.1867,
274,5882,0.1851,
274,1961,0.1801,
274,7724,0.1783,
274,2838,0.1771,
274,1341,0.1703,
274,7966,0.1689,
274,4558,0.1686,
274,616,0.1668,
274,5465,0.1668,
274,541,0.1667,
274,4275,0.1642,
274,6978,0.164,
275,7857,0.208,
275,2315,0.1967,
275,4910,0.1805,
275,7824,0.1767,
275,1,0.173,
275,308,0.1721,
275,2467,0.1683,
275,4346,0.1676,
275,6743,0.1673,
275,5805,0.1665,
275,7278,0.1599,
275,8366,0.1592,
275,7583,0.1587,
275,7634,0.1549,
275,3286,0.1539,
275,2073,0.1531,
275,1127,0.152,
275,281,0.1509,
275,4259,0.1503,
275,1083,0.1502,
276,7782,0.3374,
276,1639,0.312,
276,3598,0.311,
276,5376,0.3082,
276,1276,0.3073,
276,3527,0.3068,
276,5183,0.3059,
276,6421,0.304,
276,3558,0.3015,
276,3973,0.301,
276,2862,0.2993,
276,8477,0.2988,
276,9044,0.2982,
276,6813,0.298,
276,8267,0.2974,
276,4491,0.2968,
276,2098,0.2965,
276,3038,0.2958,
276,8375,0.2949,
276,4209,0.2928,
277,9436,0.2048,
277,6835,0.1971,
277,1902,0.1896,
277,3418,0.184,
277,5343,0.1797,
277,2554,0.1786,
277,8518,0.1775,
277,816,0.1761,
277,8834,0.1728,
277,239,0.1716,
277,4876,0.1711,
277,6021,0.1708,
277,7421,0.1699,
277,8192,0.1671,
277,7586,0.167,
277,1400,0.1666,
277,7453,0.1662,
277,7438,0.1657,
277,284,0.1653,
277,3269,0.1651,
278,455,0.2369,
278,7824,0.2342,
278,1207,0.2325,
278,5716,0.2258,
278,5465,0.2222,
278,9247,0.2194,
278,1763,0.2182,
278,5223,0.2182,
278,8888,0.2154,
278,2724,0.2149,
278,3669,0.2138,
278,5189,0.2135,
278,4127,0.2124,
278,5563,0.2103,
278,536,0.2092,
278,4057,0.2087,
278,1083,0.2073,
278,1054,0.2071,
278,8042,0.2066,
278,5081,0.2053,
279,4553,0.3077,
279,5165,0.2945,
279,5438,0.2907,
279,3057,0.29,
279,3436,0.2829,
279,2127,0.2824,
279,8905,0.2815,
279,7523,0.276,
279,6141,0.2759,
279,5659,0.275,
279,2874,0.2741,
279,4512,0.2696,
279,2566,0.2684,
279,754,0.2664,
279,3920,0.2648,
279,3417,0.2639,
279,5999,0.2593,
279,6474,0.2565,
279,6376,0.2563,
279,759,0.2535,
280,2344,0.2188,
280,2461,0.2051,
280,9394,0.2009,
280,1902,0.1995,
280,2373,0.1984,
280,6998,0.1976,
280,6803,0.1899,
280,4035,0.1884,
280,7628,0.175,
280,1913,0.175,
280,5343,0.1738,
280,5967,0.1721,
280,3744,0.1702,
280,2401,0.168,
280,2385,0.1673,
280,7453,0.1667,
280,8968,0.1664,
280,1054,0.1659,
280,1241,0.1658,
280,7578,0.1656,
281,2724,0.2544,
281,5894,0.2518,
281,6753,0.2317,
281,4299,0.2137,
281,6208,0.2075,
281,5809,0.2067,
281,291,0.2038,
281,215,0.2005,
281,8834,0.1999,
281,3840,0.1933,
281,1647,0.1923,
281,7486,0.1891,
281,5121,0.188,
281,2312,0.1848,
281,4504,0.1847,
281,7374,0.1841,
281,1987,0.1824,
281,3977,0.1815,
281,5349,0.1811,
281,3500,0.1801,
282,6174,0.2423,
282,7825,0.2402,
282,6220,0.2281,
282,7453,0.2197,
282,7973,0.217,
282,8286,0.2138,
282,7983,0.2132,
282,6217,0.2131,
282,5030,0.2121,
282,2700,0.2121,
282,5343,0.2112,
282,43,0.2097,
282,8834,0.2092,
282,6835,0.2092,
282,8673,0.2086,
282,6212,0.2077,
282,78,0.2072,
282,1241,0.2062,
282,1400,0.2048,
282,3815,0.2041,
283,1207,0.236,
283,78,0.2211,
283,1054,0.2146,
283,6174,0.2141,
283,8804,0.2119,
283,282,0.2109,
283,8776,0.2102,
283,6835,0.2091,
283,7973,0.2061,
283,3989,0.206,
283,3743,0.2059,
283,355,0.2051,
283,8041,0.2048,
283,3057,0.2045,
283,6021,0.2023,
283,7825,0.2014,
283,7824,0.2006,
283,4421,0.1992,
283,3776,0.1991,
283,3816,0.1977,
284,3916,0.2167,
284,6469,0.2012,
284,6726,0.1919,
284,2418,0.184,
284,3335,0.1822,
284,1220,0.1788,
284,699,0.1781,
284,2164,0.1779,
284,1110,0.1738,
284,95,0.173,
284,1382,0.1717,
284,2801,0.1716,
284,5559,0.1701,
284,293,0.1699,
284,9201,0.1698,
284,2863,0.1653,
284,7470,0.1626,
284,8763,0.1615,
284,2741,0.1604,
284,9246,0.1597,
285,6164,0.3389,
285,8480,0.3331,
285,8042,0.3321,
285,4869,0.3309,
285,1937,0.3308,
285,3669,0.3291,
285,7462,0.3271,
285,7036,0.3268,
285,1949,0.3249,
285,7184,0.3239,
285,3580,0.3232,
285,5737,0.3232,
285,1279,0.323,
285,5735,0.3222,
285,8950,0.3222,
285,9237,0.3221,
285,8476,0.3221,
285,1718,0.3217,
285,3234,0.3217,
285,7547,0.3217,
286,2926,0.2666,
286,2764,0.2528,
286,2255,0.2356,
286,4328,0.2269,
286,3862,0.226,
286,3516,0.2252,
286,8763,0.2209,
286,4317,0.2208,
286,3074,0.2184,
286,9447,0.2183,
286,2060,0.2177,
286,8295,0.2165,
286,5761,0.2165,
286,5559,0.2153,
286,2175,0.2117,
286,4622,0.211,
286,9422,0.2104,
286,9276,0.2097,
286,3052,0.2091,
286,6472,0.2083,
287,8067,0.2624,
287,8834,0.2373,
287,9062,0.2332,
287,7883,0.2092,
287,2663,0.2084,
287,4175,0.2052,
287,4810,0.2047,
287,8592,0.2027,
287,3989,0.2022,
287,3039,0.1992,
287,334,0.1976,
287,3440,0.1975,
287,1909,0.1947,
287,7870,0.1936,
287,7825,0.1928,
287,2764,0.1925,
287,919,0.1902,
287,8064,0.1888,
287,291,0.1874,
287,9185,0.1873,
288,6701,0.2077,
288,8769,0.2053,
288,8067,0.2028,
288,3202,0.1945,
288,5900,0.1892,
288,9062,0.1881,
288,2461,0.188,
288,1636,0.1868,
288,2764,0.1864,
288,5590,0.1858,
288,7371,0.1857,
288,5868,0.1852,
288,8276,0.1844,
288,3261,0.1824,
288,2906,0.1815,
288,7883,0.1813,
288,3933,0.179,
288,8118,0.1781,
288,4175,0.1779,
288,3540,0.1776,
289,8600,0.2069,
289,7919,0.2038,
289,4291,0.203,
289,1465,0.2003,
289,9267,0.1978,
289,78,0.1946,
289,3074,0.1934,
289,3039,0.1906,
289,8079,0.19,
289,2589,0.1889,
289,6192,0.1887,
289,1162,0.1884,
289,8447,0.1879,
289,352,0.1831,
289,239,0.1823,
289,6835,0.18,
289,8470,0.1795,
289,7525,0.1792,
289,8481,0.179,
289,2045,0.1782,
290,8905,0.3553,
290,6474,0.3482,
290,754,0.3458,
290,5438,0.3419,
290,2566,0.3406,
290,3207,0.3401,
290,3920,0.339,
290,6141,0.3355,
290,355,0.3325,
290,4553,0.3305,
290,3417,0.327,
290,7523,0.3245,
290,3436,0.3225,
290,4512,0.3219,
290,3057,0.321,
290,2127,0.3205,
290,2874,0.3183,
290,5165,0.312,
290,5659,0.3111,
290,6376,0.3036,
291,8834,0.1718,
291,965,0.1597,
291,2764,0.1531,
291,338,0.1525,
291,7512,0.1523,
291,6504,0.1515,
291,3356,0.1514,
291,2629,0.1509,
291,7879,0.1504,
291,4237,0.1503,
291,5642,0.1482,
291,5189,0.1461,
291,4286,0.1439,
291,2926,0.1436,
291,9436,0.1435,
291,5019,0.143,
291,2148,0.1408,
291,7173,0.1388,
291,3023,0.1364,
291,6433,0.1359,
292,9062,0.2991,
292,8067,0.2689,
292,7784,0.2656,
292,4531,0.2491,
292,6174,0.24,
292,7870,0.2376,
292,7051,0.2333,
292,1909,0.233,
292,6442,0.2286,
292,8433,0.2282,
292,7825,0.227,
292,8769,0.2223,
292,4682,0.2219,
292,291,0.2218,
292,2724,0.2214,
292,5894,0.2211,
292,249,0.2202,
292,2663,0.2187,
292,6807,0.2164,
292,1962,0.2163,
293,3516,0.2397,
293,2926,0.2383,
293,5189,0.2146,
293,2461,0.2124,
293,4057,0.203,
293,8769,0.2024,
293,8439,0.202,
293,7628,0.2008,
293,4565,0.1992,
293,8118,0.1963,
293,6478,0.1914,
293,9062,0.1912,
293,4114,0.1895,
293,7737,0.1887,
293,8206,0.1885,
293,8042,0.1874,
293,2255,0.1873,
293,6998,0.1861,
293,6997,0.1859,
293,6542,0.185,
295,736,0.3182,
295,6613,0.2918,
295,8131,0.2879,
295,3540,0.2871,
295,307,0.2838,
295,66,0.2664,
295,6643,0.2522,
295,4057,0.2522,
295,3807,0.2519,
295,6499,0.2507,
295,5157,0.2495,
295,6089,0.2495,
295,1028,0.2482,
295,2006,0.2477,
295,7140,0.2461,
295,2351,0.2451,
295,5538,0.2451,
295,2452,0.2443,
295,1633,0.2436,
295,2770,0.2434,
296,5967,0.2228,
296,2433,0.2216,
296,2461,0.2205,
296,8471,0.2098,
296,1116,0.2089,
296,850,0.2082,
296,1902,0.2077,
296,5343,0.2076,
296,155,0.2075,
296,1704,0.2071,
296,3744,0.2058,
296,3202,0.2058,
296,2401,0.2041,
296,8571,0.2039,
296,8968,0.2022,
296,7578,0.2019,
296,6803,0.2012,
296,1913,0.2008,
296,2385,0.2005,
296,7453,0.2004,
297,8054,0.3122,
297,1204,0.3101,
297,7684,0.2971,
297,4223,0.289,
297,7049,0.2876,
297,2239,0.2869,
297,5921,0.2861,
297,3105,0.2824,
297,4620,0.2805,
297,8585,0.2788,
297,909,0.2788,
297,5088,0.2787,
297,9321,0.2786,
297,3097,0.2778,
297,3107,0.2777,
297,7044,0.2752,
297,2182,0.2751,
297,4026,0.2742,
297,3173,0.2741,
297,4818,0.2738,
298,1859,0.2957,
298,9366,0.2732,
298,6164,0.2708,
298,5246,0.2574,
298,1162,0.2563,
298,334,0.2563,
298,507,0.253,
298,6781,0.253,
298,5356,0.252,
298,980,0.2506,
298,5450,0.2501,
298,7317,0.25,
298,8192,0.2494,
298,5397,0.2491,
298,4962,0.2487,
298,9034,0.2487,
298,967,0.2484,
298,6818,0.2472,
298,7923,0.2457,
298,8481,0.2439,
299,1000,0.2985,
299,5882,0.2846,
299,616,0.2749,
299,5938,0.2579,
299,8888,0.2555,
299,8410,0.2552,
299,3345,0.2499,
299,164,0.2497,
299,8980,0.2477,
299,4115,0.2466,
299,6183,0.2465,
299,885,0.2462,
299,7782,0.2401,
299,886,0.2377,
299,8036,0.2358,
299,1639,0.2347,
299,3930,0.2306,
299,1913,0.2294,
299,7966,0.229,
299,1659,0.229,
301,8679,0.2702,
301,5535,0.266,
301,6613,0.2529,
301,215,0.2487,
301,8067,0.2449,
301,8600,0.2446,
301,6614,0.2425,
301,3540,0.2425,
301,6643,0.2414,
301,6174,0.2413,
301,5583,0.2411,
301,4531,0.2395,
301,3151,0.2395,
301,6973,0.2393,
301,8834,0.239,
301,719,0.2389,
301,4682,0.2379,
301,3066,0.2378,
301,2642,0.2373,
301,2361,0.237,
302,6803,0.1897,
302,2461,0.1873,
302,9394,0.1833,
302,2344,0.1815,
302,6998,0.1746,
302,2298,0.1669,
302,8612,0.1664,
302,2634,0.1615,
302,7628,0.1595,
302,3368,0.1578,
302,951,0.1576,
302,7070,0.1542,
302,8306,0.1536,
302,6565,0.1536,
302,7917,0.1528,
302,6241,0.1524,
302,7568,0.1517,
302,7051,0.1498,
302,7086,0.1496,
302,5864,0.1492,
303,9062,0.2738,
303,8067,0.2431,
303,7568,0.2411,
303,8267,0.2355,
303,1908,0.2354,
303,5183,0.2333,
303,4299,0.2319,
303,7825,0.2313,
303,6174,0.231,
303,7782,0.2299,
303,8375,0.228,
303,334,0.2256,
303,3840,0.2256,
303,8322,0.2254,
303,5261,0.225,
303,8566,0.2235,
303,3558,0.223,
303,5882,0.2226,
303,6104,0.2211,
303,8130,0.2202,
304,3787,0.2753,
304,4514,0.2723,
304,9452,0.2669,
304,7633,0.2662,
304,5465,0.2622,
304,4744,0.2617,
304,2158,0.2615,
304,4275,0.2588,
304,1028,0.2554,
304,307,0.2534,
304,3794,0.2533,
304,7140,0.2532,
304,4256,0.2532,
304,8746,0.2524,
304,2361,0.2515,
304,8374,0.2509,
304,5519,0.2509,
304,5716,0.2507,
304,4682,0.2505,
304,5583,0.2504,
305,5790,0.1551,
305,5554,0.1512,
305,7693,0.1464,
305,4302,0.1441,
305,8720,0.1433,
305,3650,0.1431,
305,3287,0.1427,
305,2911,0.142,
305,8620,0.1419,
305,8836,0.1419,
305,511,0.1419,
305,4074,0.1415,
305,2459,0.1413,
305,9032,0.1412,
305,5122,0.1411,
305,248,0.1408,
305,4547,0.1407,
305,8579,0.1407,
305,8352,0.1406,
305,5543,0.1396,
306,6423,0.1907,
306,7634,0.1837,
306,7702,0.1795,
306,7278,0.1701,
306,3842,0.1697,
306,7794,0.1692,
306,5274,0.1689,
306,9309,0.1644,
306,1749,0.1635,
306,1637,0.1615,
306,8888,0.1614,
306,7824,0.1605,
306,6678,0.156,
306,920,0.155,
306,1352,0.1522,
306,1234,0.1522,
306,5563,0.1518,
306,4489,0.151,
306,5375,0.1509,
306,2724,0.1492,
307,4744,0.2313,
307,8888,0.2292,
307,5465,0.2219,
307,6613,0.2149,
307,1722,0.2127,
307,1028,0.2114,
307,3842,0.2104,
307,7140,0.2096,
307,8374,0.2086,
307,7633,0.2085,
307,7883,0.2082,
307,3788,0.2077,
307,4455,0.2062,
307,455,0.2062,
307,3787,0.2062,
307,1162,0.2062,
307,6431,0.2058,
307,4543,0.2051,
307,7724,0.2045,
307,6643,0.2044,
308,455,0.1889,
308,6742,0.1873,
308,8436,0.1863,
308,9288,0.1834,
308,4127,0.1744,
308,5465,0.1697,
308,7836,0.1672,
308,4762,0.1669,
308,918,0.1667,
308,9247,0.1662,
308,7874,0.1651,
308,8925,0.1649,
308,7500,0.164,
308,7160,0.1622,
308,4979,0.1617,
308,4553,0.1615,
308,8089,0.1606,
308,2528,0.1605,
308,2127,0.16,
308,2722,0.1587,
404,7278,0.2312,
404,1083,0.2296,
404,7634,0.2121,
404,7824,0.2029,
404,8184,0.2016,
404,6975,0.2014,
404,5236,0.2004,
404,9337,0.199,
404,9309,0.1976,
404,4688,0.1963,
404,364,0.1941,
404,5223,0.1914,
404,2073,0.1855,
404,3113,0.1839,
404,2702,0.1838,
404,5217,0.1827,
404,1629,0.1813,
404,521,0.1813,
404,7702,0.1806,
404,340,0.1773,
309,9062,0.2712,
309,8067,0.2447,
309,1241,0.2342,
309,6442,0.2308,
309,2732,0.2305,
309,7086,0.2287,
309,7883,0.2274,
309,7870,0.2256,
309,1908,0.2252,
309,2663,0.2243,
309,4175,0.2231,
309,4035,0.2226,
309,4158,0.2225,
309,455,0.2223,
309,5882,0.221,
309,6174,0.2202,
309,4531,0.2196,
309,3989,0.2192,
309,4682,0.2183,
309,4818,0.2143,
310,1636,0.249,
310,5590,0.2477,
310,5505,0.2474,
310,6701,0.2472,
310,7132,0.245,
310,3261,0.2447,
310,95,0.2434,
310,8769,0.2427,
310,9070,0.2423,
310,534,0.2416,
310,5900,0.2415,
310,7155,0.2397,
310,8118,0.2393,
310,8078,0.2388,
310,3003,0.2379,
310,6127,0.2368,
310,3094,0.2368,
310,6940,0.2367,
310,3561,0.2366,
310,8806,0.2351,
311,1478,0.2169,
311,8190,0.2168,
311,4495,0.2153,
311,4589,0.2045,
311,5608,0.2045,
311,3245,0.2034,
311,3175,0.203,
311,5978,0.2024,
311,1674,0.2023,
311,338,0.1993,
311,9034,0.1983,
311,3770,0.1979,
311,3864,0.1978,
311,1809,0.1978,
311,5356,0.1972,
311,4179,0.1969,
311,3731,0.1962,
311,7978,0.1959,
311,498,0.1934,
311,3167,0.1929,
312,2252,0.2346,
312,7525,0.2337,
312,2175,0.2328,
312,4553,0.2267,
312,3815,0.2169,
312,2182,0.2094,
312,9089,0.2092,
312,624,0.208,
312,8087,0.2053,
312,6441,0.2048,
312,4026,0.2033,
312,2555,0.2023,
312,8585,0.2017,
312,7086,0.2013,
312,8765,0.2013,
312,78,0.2001,
312,7867,0.1999,
312,6919,0.1978,
312,1000,0.1974,
312,7879,0.197,
313,7015,0.1463,
313,6803,0.1441,
313,3784,0.1409,
313,1913,0.1404,
313,2452,0.1357,
313,6398,0.1339,
313,1704,0.1338,
313,4346,0.1329,
313,8681,0.1302,
313,4744,0.1299,
313,6623,0.1278,
313,307,0.1277,
313,6835,0.1269,
313,8746,0.1265,
313,2718,0.1259,
313,2710,0.1241,
313,8940,0.1237,
313,5930,0.1226,
313,5967,0.122,
313,4085,0.1206,
314,164,0.2356,
314,5882,0.2234,
314,4291,0.2217,
314,4558,0.2213,
314,3345,0.2172,
314,5344,0.2169,
314,3506,0.2128,
314,6183,0.2125,
314,78,0.2112,
314,720,0.2095,
314,1162,0.2093,
314,6113,0.205,
314,3259,0.2033,
314,7966,0.2031,
314,8267,0.2027,
314,8163,0.2024,
314,2855,0.2006,
314,4848,0.1988,
314,334,0.1976,
314,6173,0.1971,
315,5894,0.2403,
315,2718,0.2381,
315,6217,0.229,
315,6174,0.2286,
315,282,0.2252,
315,7983,0.2245,
315,9283,0.224,
315,6220,0.2209,
315,2409,0.2173,
315,5809,0.2171,
315,7824,0.2166,
315,6807,0.2126,
315,1962,0.2122,
315,7870,0.212,
315,6960,0.21,
315,399,0.2088,
315,2724,0.2085,
315,4531,0.2071,
315,3628,0.2069,
315,5681,0.2061,
316,8834,0.2533,
316,6174,0.2429,
316,7973,0.2308,
316,7825,0.2304,
316,4531,0.2277,
316,78,0.2264,
316,5535,0.224,
316,6613,0.2224,
316,1908,0.2218,
316,2356,0.2218,
316,3989,0.2199,
316,6807,0.2174,
316,169,0.2159,
316,2663,0.2141,
316,7870,0.2104,
316,5741,0.2103,
316,2312,0.2103,
316,8322,0.209,
316,1909,0.2081,
316,4291,0.2079,
317,6430,0.3449,
317,9422,0.3072,
317,5559,0.2961,
317,6259,0.2914,
317,2926,0.29,
317,4622,0.2875,
317,2891,0.2853,
317,9276,0.2845,
317,3257,0.2791,
317,8769,0.2783,
317,1636,0.2766,
317,2255,0.276,
317,5590,0.2751,
317,8763,0.275,
317,6285,0.2748,
317,5422,0.27,
317,5213,0.2698,
317,8118,0.2695,
317,3743,0.2674,
317,4628,0.2673,
319,7964,0.316,
319,6823,0.3135,
319,5098,0.3123,
319,7699,0.3088,
319,5735,0.3069,
319,5999,0.3063,
319,4138,0.3051,
319,3258,0.3048,
319,4669,0.3044,
319,4956,0.3044,
319,729,0.3034,
319,2535,0.3002,
319,3580,0.2987,
319,7462,0.2984,
319,2949,0.2975,
319,6829,0.2964,
319,845,0.2964,
319,1369,0.2959,
319,4894,0.2946,
319,1977,0.2944,
320,3175,0.2649,
320,6585,0.2594,
320,9180,0.2558,
320,3697,0.2526,
320,6180,0.2522,
320,8193,0.2513,
320,3355,0.2503,
320,5668,0.25,
320,5933,0.2472,
320,8830,0.2442,
320,8595,0.2439,
320,6605,0.2434,
320,3223,0.2423,
320,3612,0.2415,
320,2261,0.2411,
320,338,0.2402,
320,4783,0.2401,
320,5978,0.24,
320,3842,0.2378,
320,8815,0.2376,
321,3519,0.3141,
321,3904,0.2989,
321,5725,0.2931,
321,6461,0.2708,
321,3667,0.2665,
321,4251,0.2627,
321,5945,0.2613,
321,7718,0.2603,
321,7442,0.2593,
321,3665,0.2559,
321,2257,0.2543,
321,2883,0.2519,
321,3810,0.2506,
321,1332,0.2495,
321,4464,0.2474,
321,3297,0.2466,
321,5963,0.2441,
321,6489,0.2435,
321,8326,0.2424,
321,5238,0.2407,
322,8834,0.2313,
322,9062,0.222,
322,4299,0.2218,
322,5189,0.2187,
322,7195,0.2141,
322,8130,0.2135,
322,2724,0.2134,
322,7486,0.2113,
322,7371,0.2113,
322,5894,0.2099,
322,3989,0.2081,
322,7824,0.2074,
322,4531,0.2071,
322,7825,0.2065,
322,6174,0.2051,
322,3840,0.2034,
322,5882,0.2028,
322,3057,0.2024,
322,78,0.1994,
322,455,0.1977,
323,7782,0.3687,
323,5183,0.3447,
323,4209,0.3438,
323,2098,0.3421,
323,1276,0.339,
323,1639,0.337,
323,3527,0.3346,
323,2862,0.3312,
323,6813,0.3309,
323,3558,0.33,
323,3598,0.3291,
323,5376,0.3286,
323,3038,0.3274,
323,6421,0.3264,
323,8375,0.3237,
323,7076,0.3236,
323,4491,0.3221,
323,9044,0.322,
323,8267,0.3214,
323,8566,0.3205,
324,6494,0.2498,
324,8388,0.2421,
324,7030,0.2391,
324,2662,0.2379,
324,8537,0.2367,
324,1157,0.2367,
324,4487,0.2364,
324,6453,0.2351,
324,4377,0.2346,
324,4349,0.2341,
324,8376,0.2337,
324,4272,0.2336,
324,9312,0.2335,
324,477,0.2325,
324,764,0.2324,
324,9230,0.2322,
324,3005,0.2316,
324,1582,0.2312,
324,7001,0.2303,
324,3817,0.2303,
325,4547,0.3461,
325,8620,0.3444,
325,8579,0.344,
325,8720,0.3429,
325,5790,0.3425,
325,3650,0.3424,
325,5122,0.3413,
325,4250,0.3406,
325,3552,0.3399,
325,4302,0.3375,
325,3489,0.3362,
325,8352,0.3358,
325,2911,0.3352,
325,9032,0.3351,
325,5554,0.3351,
325,8836,0.3342,
325,248,0.3335,
325,511,0.3316,
325,3287,0.3315,
325,2687,0.3311,
326,307,0.3305,
326,736,0.3147,
326,5583,0.3048,
326,3066,0.3025,
326,3457,0.3022,
326,6973,0.3014,
326,4291,0.2995,
326,6614,0.2995,
326,3540,0.299,
326,9388,0.2977,
326,5519,0.2971,
326,8131,0.2968,
326,433,0.2959,
326,3787,0.2955,
326,1771,0.2942,
326,9407,0.294,
326,5494,0.2939,
326,2642,0.2935,
326,6264,0.2934,
326,2770,0.2894,
327,7638,0.2594,
327,1908,0.2496,
327,1127,0.2434,
327,3770,0.2412,
327,3517,0.2337,
327,455,0.2258,
327,8771,0.2248,
327,3506,0.2226,
327,1809,0.2204,
327,3646,0.2198,
327,9184,0.2194,
327,918,0.2192,
327,5344,0.2183,
327,4848,0.2177,
327,872,0.2176,
327,8955,0.217,
327,2696,0.2164,
327,5978,0.2147,
327,5825,0.2146,
327,338,0.2134,
328,1639,0.2149,
328,5183,0.1957,
328,8267,0.1952,
328,6813,0.1934,
328,6104,0.1932,
328,1276,0.1921,
328,8370,0.192,
328,8477,0.1915,
328,7782,0.1901,
328,5376,0.1899,
328,3038,0.189,
328,3527,0.1886,
328,6421,0.1886,
328,8375,0.1875,
328,2098,0.1871,
328,3558,0.187,
328,2862,0.1867,
328,7493,0.1864,
328,9044,0.1863,
328,4209,0.1863,
329,6104,0.2297,
329,4819,0.2288,
329,8267,0.2266,
329,8470,0.2223,
329,3039,0.2166,
329,409,0.2166,
329,7782,0.216,
329,164,0.2141,
329,6973,0.2122,
329,7493,0.2121,
329,3787,0.2103,
329,4041,0.209,
329,1162,0.2087,
329,8322,0.2081,
329,5716,0.2059,
329,5465,0.2056,
329,2255,0.2056,
329,9447,0.2052,
329,1859,0.2052,
329,3074,0.2046,
330,4344,0.3358,
330,1367,0.3035,
330,4005,0.2959,
330,7188,0.2956,
330,3682,0.2956,
330,995,0.2952,
330,6755,0.2951,
330,3988,0.2916,
330,8336,0.29,
330,77,0.2884,
330,2959,0.2884,
330,4440,0.2865,
330,3801,0.2863,
330,4248,0.2848,
330,4149,0.2845,
330,3735,0.2837,
330,9112,0.2833,
330,764,0.2831,
330,768,0.283,
330,1630,0.2828,
331,8131,0.2003,
331,736,0.2001,
331,307,0.1986,
331,5971,0.1959,
331,6499,0.1843,
331,4514,0.1836,
331,473,0.1829,
331,6973,0.1811,
331,6613,0.1765,
331,6066,0.1742,
331,613,0.1741,
331,3540,0.174,
331,6978,0.1739,
331,6803,0.1729,
331,5927,0.1708,
331,2642,0.1689,
331,4275,0.1676,
331,3856,0.1665,
331,3963,0.1663,
331,2158,0.166,
658,1902,0.2764,
658,5343,0.259,
658,5967,0.2585,
658,2385,0.2429,
658,1704,0.2427,
658,7656,0.2414,
658,6890,0.2383,
658,3749,0.2354,
658,8975,0.2339,
658,5594,0.2326,
658,2401,0.2291,
658,394,0.2275,
658,7453,0.2274,
658,5321,0.2271,
658,2679,0.2271,
658,8968,0.227,
658,2091,0.2269,
658,8053,0.2267,
658,7578,0.2267,
658,5714,0.2261,
332,3787,0.2386,
332,3066,0.228,
332,4291,0.2207,
332,3794,0.22,
332,555,0.2192,
332,7780,0.2177,
332,5464,0.217,
332,5519,0.2161,
332,4085,0.2147,
332,5223,0.2144,
332,34,0.2141,
332,2160,0.2117,
332,6849,0.2113,
332,2145,0.2108,
332,5727,0.2107,
332,6499,0.2096,
332,5716,0.209,
332,3457,0.2084,
332,4514,0.208,
332,218,0.2067,
333,5183,0.4145,
333,1639,0.4062,
333,8267,0.4026,
333,1276,0.4016,
333,3558,0.4011,
333,4209,0.3948,
333,3598,0.3943,
333,6813,0.39,
333,8477,0.3898,
333,3527,0.3889,
333,9044,0.3888,
333,2098,0.3852,
333,396,0.3843,
333,5376,0.3827,
333,6421,0.3808,
333,8375,0.3787,
333,3038,0.3777,
333,2862,0.3771,
333,7076,0.3766,
333,4491,0.3763,
334,8067,0.3211,
334,7870,0.3174,
334,3379,0.3108,
334,9062,0.3097,
334,6174,0.3038,
334,8842,0.2985,
334,4531,0.2981,
334,4383,0.2969,
334,5635,0.2945,
334,5349,0.2919,
334,3440,0.291,
334,399,0.2886,
334,291,0.2878,
334,7973,0.2875,
334,9070,0.2874,
334,5412,0.2872,
334,5533,0.2837,
334,8769,0.2836,
334,5761,0.2832,
334,82,0.2814,
335,920,0.2027,
335,4715,0.1992,
335,6701,0.1973,
335,3540,0.197,
335,3202,0.1951,
335,3933,0.1926,
335,7371,0.1911,
335,2764,0.1891,
335,9344,0.189,
335,8769,0.1857,
335,5157,0.1825,
335,3946,0.1818,
335,3840,0.1815,
335,6470,0.1801,
335,7195,0.1797,
335,7083,0.1794,
335,5492,0.1793,
335,4682,0.1786,
335,6613,0.1781,
335,7051,0.1774,
336,1629,0.1613,
336,9424,0.1597,
336,5677,0.157,
336,521,0.1569,
336,7824,0.1563,
336,455,0.1562,
336,7500,0.1548,
336,753,0.1545,
336,8983,0.1534,
336,1355,0.1529,
336,2226,0.1528,
336,6161,0.1524,
336,5120,0.1519,
336,424,0.1514,
336,364,0.1492,
336,783,0.149,
336,6975,0.1489,
336,7967,0.1487,
336,1683,0.1485,
336,486,0.1484,
337,7973,0.3028,
337,1809,0.2896,
337,7824,0.287,
337,455,0.2823,
337,1908,0.2795,
337,78,0.2786,
337,3506,0.2622,
337,7983,0.2591,
337,1127,0.2578,
337,9074,0.2554,
337,8834,0.2539,
337,7278,0.2535,
337,918,0.2455,
337,7638,0.2448,
337,6975,0.2438,
337,5189,0.2436,
337,8064,0.2404,
337,9288,0.2394,
337,2568,0.2392,
337,8163,0.2389,
338,4275,0.3248,
338,9452,0.3231,
338,5773,0.3229,
338,4514,0.3211,
338,3787,0.3209,
338,8374,0.3195,
338,2452,0.3192,
338,2361,0.3173,
338,2351,0.3167,
338,7447,0.316,
338,5315,0.316,
338,5583,0.3154,
338,5548,0.3153,
338,2158,0.3153,
338,7853,0.3148,
338,6614,0.314,
338,9135,0.3137,
338,4318,0.3137,
338,7416,0.3135,
338,2875,0.3123,
339,9062,0.3061,
339,4299,0.2897,
339,5882,0.2829,
339,3941,0.2775,
339,8612,0.2768,
339,3060,0.2765,
339,882,0.2741,
339,3840,0.273,
339,6627,0.2709,
339,7195,0.2708,
339,5467,0.2628,
339,3871,0.2623,
339,326,0.2619,
339,8130,0.26,
339,4258,0.2594,
339,5187,0.2591,
339,7925,0.2585,
339,9322,0.2584,
339,5266,0.2539,
339,4657,0.2537,
340,4013,0.4416,
340,3260,0.4356,
340,9161,0.4303,
340,4736,0.4294,
340,8712,0.4285,
340,8410,0.4277,
340,7104,0.4243,
340,973,0.4233,
340,1202,0.4227,
340,5261,0.4224,
340,7102,0.4222,
340,5089,0.4215,
340,5754,0.4204,
340,9013,0.4198,
340,7277,0.4191,
340,4957,0.416,
340,7636,0.415,
340,5469,0.4143,
340,1088,0.4141,
340,9412,0.4129,
341,6996,0.2083,
341,401,0.2049,
341,1728,0.2044,
341,7992,0.1949,
341,5552,0.1931,
341,562,0.1927,
341,6307,0.1925,
341,6694,0.1894,
341,1541,0.1882,
341,1701,0.1873,
341,5157,0.1862,
341,1496,0.1853,
341,1518,0.1809,
341,3505,0.18,
341,4844,0.1792,
341,4794,0.1763,
341,4409,0.1729,
341,7083,0.172,
341,1978,0.1676,
341,5535,0.1624,
342,4344,0.4008,
342,1157,0.3976,
342,8376,0.3957,
342,6494,0.3921,
342,4487,0.3886,
342,2662,0.3869,
342,9312,0.3867,
342,2730,0.3861,
342,6358,0.3842,
342,3005,0.384,
342,1807,0.3828,
342,4248,0.3828,
342,6660,0.3825,
342,5560,0.382,
342,8045,0.3817,
342,8537,0.3817,
342,477,0.3795,
342,6453,0.3791,
342,2817,0.3767,
342,4349,0.3763,
350,6104,0.1889,
350,8267,0.1861,
350,5344,0.1821,
350,6444,0.1807,
350,1639,0.1806,
350,5376,0.1803,
350,7782,0.1802,
350,4848,0.1781,
350,4892,0.1766,
350,885,0.1744,
350,4209,0.1734,
350,8067,0.1731,
350,8036,0.1731,
350,5183,0.1717,
350,8477,0.1716,
350,5034,0.1714,
350,1241,0.1706,
350,8202,0.1701,
350,7633,0.1698,
350,7493,0.1698,
343,6917,0.2347,
343,3028,0.2216,
343,2153,0.2122,
343,5644,0.212,
343,9142,0.2106,
343,7924,0.2105,
343,4339,0.2095,
343,1267,0.2041,
343,5401,0.1992,
343,7093,0.1969,
343,6345,0.1943,
343,8766,0.1908,
343,806,0.1895,
343,6583,0.1885,
343,6710,0.1874,
343,8834,0.1856,
343,8378,0.1813,
343,8469,0.1786,
343,4860,0.1768,
343,4836,0.1763,
344,2561,0.3038,
344,7782,0.3018,
344,396,0.2988,
344,8370,0.2932,
344,1639,0.2915,
344,5183,0.2898,
344,8670,0.2853,
344,5724,0.284,
344,7062,0.2833,
344,8337,0.2829,
344,4046,0.2824,
344,1276,0.2817,
344,5376,0.2805,
344,4611,0.2803,
344,3038,0.2796,
344,1317,0.2792,
344,4209,0.2788,
344,4405,0.2788,
344,3583,0.277,
344,8566,0.2761,
345,9155,0.1449,
345,186,0.1393,
345,6003,0.1383,
345,64,0.1364,
345,7728,0.1356,
345,5279,0.1313,
345,757,0.1295,
345,7957,0.128,
345,9317,0.127,
345,5144,0.1267,
345,5552,0.1252,
345,5947,0.1228,
345,8783,0.1228,
345,5244,0.1195,
345,6313,0.1192,
345,2716,0.1182,
345,7703,0.1174,
345,3974,0.1142,
345,3950,0.1129,
345,4873,0.1123,
346,4223,0.2825,
346,3531,0.2793,
346,1220,0.2764,
346,7044,0.2749,
346,3815,0.2732,
346,7322,0.2723,
346,6212,0.2677,
346,2156,0.2674,
346,2984,0.2672,
346,8054,0.2659,
346,6172,0.2655,
346,3173,0.2633,
346,5745,0.2625,
346,7396,0.2607,
346,1490,0.2605,
346,9202,0.2603,
346,2239,0.2602,
346,6278,0.2592,
346,2901,0.258,
346,3799,0.2577,
347,5055,0.2869,
347,7978,0.2849,
347,5037,0.273,
347,1780,0.2723,
347,154,0.2713,
347,6224,0.2695,
347,8749,0.2665,
347,7602,0.2625,
347,213,0.2611,
347,3695,0.2594,
347,7832,0.2593,
347,2020,0.2583,
347,498,0.2581,
347,7840,0.256,
347,84,0.2558,
347,900,0.2553,
347,8599,0.2547,
347,1478,0.2536,
347,7194,0.2534,
347,3245,0.2515,
348,8834,0.2682,
348,6613,0.2424,
348,7825,0.2366,
348,8067,0.2346,
348,1165,0.2336,
348,3039,0.2314,
348,1162,0.2311,
348,334,0.2306,
348,7870,0.2284,
348,4531,0.2256,
348,7486,0.2241,
348,8192,0.2237,
348,2663,0.2211,
348,1908,0.2207,
348,5882,0.2205,
348,9062,0.2197,
348,3379,0.2197,
348,4747,0.2194,
348,9436,0.2184,
348,1215,0.2183,
349,5055,0.2973,
349,7892,0.2918,
349,154,0.2855,
349,5036,0.2837,
349,8749,0.2755,
349,5077,0.2727,
349,5338,0.2724,
349,7832,0.2706,
349,1424,0.2702,
349,7978,0.2702,
349,7602,0.2673,
349,7427,0.2664,
349,2256,0.2662,
349,5037,0.2654,
349,84,0.2648,
349,3027,0.2633,
349,1780,0.2622,
349,1021,0.262,
349,6032,0.2612,
349,5904,0.2603,
352,2669,0.1969,
352,5271,0.1951,
352,6585,0.1928,
352,6582,0.192,
352,2932,0.1896,
352,3726,0.1894,
352,247,0.1891,
352,1492,0.185,
352,7450,0.184,
352,6234,0.1838,
352,6873,0.183,
352,1463,0.1821,
352,2828,0.1799,
352,3619,0.1787,
352,6783,0.1787,
352,8244,0.1786,
352,4698,0.1773,
352,8340,0.1765,
352,5153,0.175,
352,8673,0.1749,
353,3846,0.235,
353,3790,0.2254,
353,2252,0.2251,
353,2175,0.2189,
353,5938,0.2151,
353,1413,0.2122,
353,9288,0.212,
353,4582,0.2116,
353,5010,0.2108,
353,8070,0.2072,
353,4401,0.2071,
353,3815,0.2068,
353,886,0.206,
353,1000,0.2037,
353,3097,0.2022,
353,7525,0.2011,
353,4223,0.2002,
353,5809,0.2001,
353,4026,0.1996,
353,1729,0.1986,
354,9062,0.228,
354,7086,0.2148,
354,3432,0.2114,
354,8769,0.2071,
354,7051,0.2067,
354,2461,0.2036,
354,7568,0.1978,
354,7371,0.1897,
354,7070,0.1878,
354,5261,0.1848,
354,8067,0.1843,
354,6322,0.1837,
354,8612,0.1814,
354,6627,0.1802,
354,8130,0.1799,
354,7195,0.1782,
354,8488,0.177,
354,1485,0.1759,
354,2331,0.1758,
354,166,0.1751,
355,4553,0.2106,
355,3436,0.2028,
355,3057,0.1974,
355,5999,0.193,
355,5165,0.1884,
355,7396,0.1877,
355,6792,0.1865,
355,8221,0.1845,
355,6365,0.1842,
355,2175,0.1822,
355,3207,0.1807,
355,8905,0.1803,
355,409,0.1802,
355,2127,0.1802,
355,8245,0.1795,
355,3236,0.1793,
355,3743,0.1792,
355,5438,0.1789,
355,1508,0.1781,
355,3417,0.1777,
356,7216,0.2865,
356,1859,0.2775,
356,5098,0.2586,
356,1369,0.2553,
356,7462,0.2532,
356,432,0.2503,
356,6083,0.2476,
356,6164,0.2476,
356,3864,0.2451,
356,1718,0.2436,
356,6786,0.2419,
356,5246,0.2417,
356,646,0.2404,
356,520,0.2399,
356,5356,0.2395,
356,5735,0.2359,
356,868,0.2359,
356,7142,0.2356,
356,8151,0.2355,
356,334,0.2345,
357,5344,0.2766,
357,6849,0.2629,
357,1908,0.2591,
357,8470,0.2563,
357,5494,0.255,
357,1062,0.2548,
357,8267,0.2519,
357,4848,0.2489,
357,1311,0.2484,
357,5519,0.2471,
357,6074,0.247,
357,555,0.2464,
357,5464,0.2459,
357,3921,0.2445,
357,9106,0.2432,
357,5223,0.2429,
357,4291,0.2426,
357,2312,0.2424,
357,3050,0.2403,
357,4720,0.2386,
358,3055,0.2153,
358,4330,0.1913,
358,8385,0.18,
358,8771,0.1727,
358,5109,0.1711,
358,3268,0.1662,
358,7638,0.1658,
358,3770,0.1647,
358,3520,0.1647,
358,8306,0.1627,
358,5586,0.1604,
358,8585,0.1604,
358,9114,0.1586,
358,2393,0.1583,
358,1797,0.1574,
358,3517,0.1571,
358,2298,0.157,
358,7044,0.1569,
358,7168,0.1567,
358,4668,0.1557,
359,9062,0.2829,
359,7870,0.2481,
359,8067,0.2389,
359,4682,0.2366,
359,6442,0.2284,
359,291,0.2235,
359,7883,0.2215,
359,9267,0.2204,
359,6664,0.2186,
359,8693,0.2185,
359,4175,0.2173,
359,8888,0.2156,
359,8240,0.2156,
359,1909,0.2144,
359,3989,0.2142,
359,2724,0.2103,
359,2361,0.2102,
359,8600,0.209,
359,2663,0.209,
359,1165,0.2069,
360,5684,0.2367,
360,2764,0.2366,
360,8769,0.236,
360,6701,0.2356,
360,9070,0.2346,
360,3074,0.2333,
360,2926,0.2331,
360,5761,0.2324,
360,1209,0.2321,
360,8806,0.2308,
360,95,0.2303,
360,8199,0.2298,
360,3933,0.2294,
360,8276,0.2288,
360,6127,0.2284,
360,5492,0.228,
360,9053,0.2278,
360,3575,0.2269,
360,8272,0.2269,
360,1359,0.2264,
361,338,0.2475,
361,3842,0.2371,
361,8888,0.203,
361,8834,0.2001,
361,2629,0.1959,
361,3345,0.1958,
361,4237,0.1944,
361,5395,0.1941,
361,7037,0.1932,
361,3055,0.193,
361,7278,0.1919,
361,6423,0.1905,
361,9436,0.1853,
361,6613,0.1842,
361,4565,0.1841,
361,9309,0.1819,
361,3175,0.1776,
361,6433,0.1775,
361,4489,0.1755,
361,547,0.1754,
362,1639,0.2977,
362,8267,0.296,
362,7782,0.2943,
362,2862,0.286,
362,5183,0.278,
362,1276,0.276,
362,5376,0.2739,
362,3527,0.272,
362,8375,0.2706,
362,3558,0.2682,
362,3038,0.2678,
362,2098,0.2664,
362,6813,0.266,
362,8477,0.2659,
362,8566,0.2648,
362,6421,0.2634,
362,4491,0.2619,
362,4209,0.2612,
362,3598,0.2611,
362,7076,0.2607,
363,3516,0.2165,
363,5189,0.205,
363,7883,0.2039,
363,4175,0.2,
363,2926,0.1995,
363,2461,0.1955,
363,9062,0.1952,
363,2401,0.1943,
363,8968,0.1925,
363,2394,0.1899,
363,8240,0.1889,
363,4274,0.1864,
363,850,0.185,
363,3379,0.1843,
363,2433,0.1835,
363,2330,0.1827,
363,1165,0.1822,
363,7870,0.1801,
363,3881,0.1795,
363,3202,0.1768,
364,3074,0.211,
364,2764,0.211,
364,6433,0.2044,
364,7879,0.2024,
364,2926,0.2006,
364,9115,0.1996,
364,8834,0.1994,
364,4340,0.1958,
364,3259,0.1955,
364,7525,0.1954,
364,78,0.1932,
364,3039,0.1925,
364,2255,0.1874,
364,6613,0.1865,
364,2175,0.1859,
364,476,0.1856,
364,4291,0.1854,
364,4303,0.1851,
364,7273,0.185,
364,4819,0.1809,
659,1083,0.2203,
659,3913,0.1982,
659,9436,0.1978,
659,5967,0.1866,
659,1902,0.1851,
659,2679,0.1842,
659,7785,0.1835,
659,7083,0.183,
659,1400,0.1823,
659,5919,0.1803,
659,6890,0.1785,
659,8184,0.1779,
659,8471,0.1765,
659,587,0.1763,
659,4646,0.1739,
659,1081,0.1735,
659,1054,0.1733,
659,1704,0.1732,
659,4012,0.1727,
659,8571,0.1726,
365,4736,0.3108,
365,3423,0.3036,
365,8410,0.3033,
365,5932,0.3024,
365,5089,0.2938,
365,2687,0.2916,
365,3668,0.2896,
365,5554,0.2883,
365,8620,0.2879,
365,5543,0.2819,
365,4250,0.2799,
365,6100,0.2796,
365,8179,0.2709,
365,6896,0.2705,
365,6716,0.2704,
365,4547,0.2693,
365,7662,0.2685,
365,4312,0.2685,
365,8579,0.2666,
365,5469,0.2661,
366,3516,0.1793,
366,4114,0.1594,
366,5189,0.1535,
366,1054,0.1533,
366,9436,0.1524,
366,352,0.1518,
366,3202,0.1516,
366,7737,0.1492,
366,2461,0.1484,
366,5619,0.1482,
366,7083,0.1458,
366,5168,0.1458,
366,9441,0.1455,
366,1427,0.1451,
366,606,0.1446,
366,2926,0.1424,
366,7195,0.1417,
366,6835,0.1403,
366,701,0.1396,
366,3917,0.139,
367,4553,0.2914,
367,8905,0.2531,
367,9089,0.2466,
367,5165,0.2464,
367,7879,0.2437,
367,3057,0.2429,
367,3097,0.2421,
367,7523,0.2401,
367,6474,0.2397,
367,2127,0.2387,
367,3436,0.2386,
367,8585,0.2379,
367,1000,0.2374,
367,9288,0.2363,
367,8481,0.2362,
367,4512,0.2331,
367,5438,0.2327,
367,2175,0.2317,
367,5999,0.2317,
367,3920,0.2287,
368,4682,0.2344,
368,9062,0.2169,
368,6849,0.2162,
368,8612,0.2128,
368,164,0.2069,
368,1908,0.2,
368,8005,0.1998,
368,3540,0.1994,
368,7051,0.1942,
368,3840,0.1921,
368,5927,0.1914,
368,3066,0.1875,
368,4353,0.1875,
368,4291,0.1871,
368,2361,0.1858,
368,5639,0.1824,
368,4455,0.1806,
368,2710,0.1801,
368,9341,0.1796,
368,2160,0.1786,
369,9273,0.1994,
369,7083,0.183,
369,6803,0.181,
369,9436,0.1804,
369,1083,0.1703,
369,736,0.1672,
369,8571,0.1658,
369,5048,0.1657,
369,5168,0.1632,
369,3516,0.1605,
369,606,0.1605,
369,5157,0.1588,
369,8192,0.1569,
369,5919,0.1553,
369,6613,0.1546,
369,2837,0.153,
369,2989,0.1516,
369,8920,0.1515,
369,3202,0.1497,
369,3917,0.1486,
370,8240,0.2378,
370,5189,0.2312,
370,5183,0.2247,
370,1276,0.2178,
370,8834,0.2175,
370,9062,0.2156,
370,5376,0.2136,
370,8267,0.2134,
370,7782,0.2133,
370,4209,0.2125,
370,7973,0.2114,
370,7076,0.211,
370,1639,0.2102,
370,3038,0.2091,
370,3527,0.2082,
370,6104,0.2062,
370,282,0.2055,
370,8375,0.205,
370,3558,0.2048,
370,6421,0.2027,
373,8470,0.2641,
373,3457,0.2505,
373,5583,0.2472,
373,4057,0.24,
373,5465,0.2344,
373,164,0.2326,
373,5081,0.232,
373,5494,0.2297,
373,5223,0.2275,
373,6614,0.2264,
373,1162,0.2222,
373,8190,0.2216,
373,2080,0.2214,
373,4091,0.221,
373,8322,0.2191,
373,8431,0.2175,
373,2919,0.217,
373,473,0.2166,
373,5001,0.2162,
373,2643,0.2132,
374,7371,0.2509,
374,4299,0.2501,
374,3840,0.2443,
374,3564,0.2296,
374,7195,0.229,
374,8130,0.2273,
374,3941,0.2236,
374,882,0.2229,
374,326,0.221,
374,3871,0.22,
374,4258,0.2199,
374,5266,0.2194,
374,9322,0.2184,
374,3060,0.2183,
374,312,0.2138,
374,4657,0.2129,
374,614,0.2129,
374,4158,0.2126,
374,7925,0.2121,
374,4788,0.2111,
375,5081,0.2743,
375,4057,0.2743,
375,6174,0.2725,
375,282,0.2667,
375,5223,0.2657,
375,3457,0.2649,
375,5189,0.2642,
375,5360,0.2639,
375,5494,0.2635,
375,7824,0.2622,
375,5583,0.2586,
375,6613,0.2582,
375,1909,0.2577,
375,4751,0.2569,
375,8592,0.2566,
375,1162,0.2563,
375,7870,0.255,
375,5465,0.2549,
375,8470,0.2543,
375,4531,0.254,
376,8192,0.1741,
376,3039,0.1734,
376,1162,0.1715,
376,334,0.1677,
376,1859,0.1674,
376,2429,0.1672,
376,1337,0.1642,
376,5246,0.1629,
376,6935,0.1618,
376,2554,0.1611,
376,8322,0.1593,
376,980,0.1587,
376,7923,0.1575,
376,8470,0.1575,
376,5356,0.1574,
376,3864,0.1572,
376,9436,0.1571,
376,8834,0.1562,
376,4819,0.1553,
376,6613,0.1544,
377,8620,0.21,
377,9032,0.2094,
377,5554,0.2086,
377,7693,0.2059,
377,2911,0.2014,
377,5122,0.2003,
377,511,0.1987,
377,3650,0.1982,
377,4074,0.1964,
377,2687,0.1959,
377,4302,0.1958,
377,248,0.1956,
377,5790,0.195,
377,8579,0.194,
377,4547,0.1939,
377,2459,0.1936,
377,8352,0.1929,
377,3287,0.1928,
377,8836,0.1927,
377,3552,0.1914,
378,7453,0.2249,
378,2461,0.2241,
378,3744,0.2234,
378,9436,0.2132,
378,2433,0.2129,
378,9213,0.2128,
378,5343,0.212,
378,239,0.2091,
378,7578,0.2084,
378,3202,0.2077,
378,2401,0.2063,
378,8036,0.2061,
378,1081,0.2057,
378,8968,0.2044,
378,1902,0.2038,
378,5967,0.2035,
378,850,0.202,
378,1054,0.2019,
378,4886,0.2006,
378,2385,0.1993,
379,155,0.1925,
379,5106,0.1724,
379,8996,0.1688,
379,5907,0.1633,
379,3917,0.163,
379,8704,0.1611,
379,8203,0.1605,
379,1825,0.1565,
379,6633,0.1529,
379,1772,0.1522,
379,587,0.1502,
379,5594,0.1502,
379,1054,0.1485,
379,7318,0.1481,
379,5619,0.147,
379,1806,0.1467,
379,5321,0.1466,
379,3705,0.1458,
379,4544,0.1455,
379,6225,0.1452,
380,8481,0.2305,
380,3039,0.2272,
380,8447,0.226,
380,8192,0.2175,
380,1465,0.2164,
380,3864,0.2136,
380,334,0.2131,
380,1162,0.211,
380,352,0.2052,
380,5356,0.2051,
380,6064,0.2046,
380,1859,0.2044,
380,9034,0.2036,
380,5397,0.2032,
380,6919,0.2026,
380,2240,0.2021,
380,2589,0.2012,
380,980,0.2006,
380,5246,0.1997,
380,4962,0.1996,
381,2461,0.2153,
381,3202,0.1826,
381,7628,0.1814,
381,3516,0.1769,
381,3917,0.1742,
381,2401,0.1717,
381,8968,0.1701,
381,2433,0.1697,
381,155,0.1688,
381,4127,0.1645,
381,9436,0.1638,
381,5967,0.1618,
381,5919,0.1601,
381,8965,0.1596,
381,6803,0.1595,
381,5343,0.1592,
381,7578,0.159,
381,9394,0.1581,
381,2385,0.1574,
381,816,0.1562,
382,7784,0.1995,
382,9213,0.1731,
382,8850,0.1692,
382,158,0.1691,
382,6785,0.1665,
382,6898,0.1635,
382,4531,0.1577,
382,2019,0.1576,
382,5297,0.1575,
382,8888,0.1565,
382,7522,0.1556,
382,9219,0.1554,
382,5809,0.1554,
382,2724,0.1542,
382,2174,0.152,
382,5704,0.151,
382,2536,0.1507,
382,3744,0.1498,
382,7824,0.1489,
382,8042,0.1489,
383,4127,0.2394,
383,8500,0.2392,
383,1797,0.2268,
383,1913,0.2226,
383,3516,0.2144,
383,7195,0.2097,
383,918,0.2096,
383,9288,0.1972,
383,3842,0.1969,
383,616,0.1956,
383,2695,0.1927,
383,8184,0.1917,
383,455,0.1917,
383,5106,0.1911,
383,1083,0.1904,
383,6742,0.1892,
383,1878,0.1884,
383,7312,0.1874,
383,5919,0.1865,
383,7736,0.1856,
384,5189,0.2592,
384,4565,0.2498,
384,7824,0.2496,
384,7278,0.2304,
384,2175,0.2269,
384,5984,0.2229,
384,455,0.2204,
384,3516,0.2188,
384,5563,0.2133,
384,7737,0.2133,
384,8439,0.2117,
384,8992,0.2103,
384,4114,0.2099,
384,2859,0.2095,
384,6997,0.2093,
384,4582,0.2085,
384,6478,0.2067,
384,4057,0.2061,
384,2702,0.2041,
384,6542,0.2038,
385,6627,0.2342,
385,3432,0.2318,
385,7051,0.2183,
385,7070,0.2028,
385,5261,0.2027,
385,7568,0.2023,
385,4489,0.2018,
385,8612,0.1989,
385,3946,0.1951,
385,9062,0.1946,
385,2331,0.1928,
385,7231,0.1887,
385,1485,0.1868,
385,8769,0.1865,
385,920,0.1855,
385,166,0.1806,
385,5609,0.1781,
385,5109,0.1776,
385,2461,0.1744,
385,5034,0.171,
386,2461,0.2809,
386,3202,0.2571,
386,6803,0.257,
386,7628,0.2432,
386,3269,0.2427,
386,616,0.242,
386,2433,0.2366,
386,7578,0.2353,
386,1083,0.2343,
386,7438,0.2341,
386,2401,0.2333,
386,8968,0.2312,
386,1913,0.2306,
386,8965,0.2281,
386,850,0.2266,
386,5892,0.2265,
386,4608,0.2252,
386,3422,0.2245,
386,8184,0.2234,
386,8146,0.2216,
694,9062,0.3023,
694,3432,0.298,
694,2461,0.2927,
694,6627,0.2778,
694,7568,0.277,
694,4682,0.2732,
694,8612,0.2676,
694,5261,0.2653,
694,2331,0.2641,
694,7070,0.2605,
694,7051,0.253,
694,7231,0.2425,
694,166,0.2393,
694,5609,0.2332,
694,1485,0.2329,
694,6322,0.224,
694,1536,0.2239,
694,8769,0.2206,
694,1931,0.2189,
694,6803,0.1998,
387,1162,0.1861,
387,2312,0.1851,
387,1062,0.1822,
387,8192,0.1808,
387,334,0.1769,
387,8766,0.1717,
387,1859,0.1687,
387,3039,0.1685,
387,5246,0.1672,
387,6614,0.1661,
387,3864,0.1658,
387,6356,0.1647,
387,2361,0.1646,
387,5583,0.1645,
387,3961,0.1619,
387,7923,0.1612,
387,5397,0.1612,
387,6613,0.161,
387,6174,0.1609,
387,4531,0.1607,
388,3517,0.2126,
388,3770,0.2081,
388,6613,0.2042,
388,4744,0.2023,
388,338,0.2011,
388,3787,0.2,
388,7638,0.1958,
388,7633,0.1957,
388,3842,0.1946,
388,5779,0.194,
388,8267,0.1924,
388,6849,0.1914,
388,5223,0.1912,
388,4057,0.1906,
388,6643,0.1906,
388,5583,0.1905,
388,5465,0.189,
388,1809,0.188,
388,5716,0.1878,
388,8005,0.1876,
389,9062,0.2675,
389,3432,0.2616,
389,7070,0.2604,
389,6627,0.2523,
389,6563,0.2452,
389,6438,0.2445,
389,5261,0.2444,
389,7568,0.2419,
389,4299,0.2392,
389,4258,0.2364,
389,1017,0.2336,
389,8612,0.2331,
389,3060,0.2318,
389,882,0.2309,
389,4788,0.2309,
389,7051,0.2306,
389,5272,0.2304,
389,3840,0.2294,
389,8130,0.2276,
389,9322,0.2274,
390,3516,0.2121,
390,7083,0.2029,
390,9436,0.1924,
390,2554,0.1921,
390,355,0.1907,
390,5011,0.1831,
390,155,0.1752,
390,5619,0.1752,
390,5168,0.1722,
390,5919,0.1669,
390,1054,0.1629,
390,9213,0.1629,
390,1081,0.1628,
390,2926,0.1626,
390,5321,0.1608,
390,6225,0.1606,
390,6633,0.1605,
390,5025,0.1599,
390,4544,0.1596,
390,1070,0.1587,
391,6046,0.2244,
391,8421,0.2133,
391,8571,0.2039,
391,6644,0.2036,
391,8202,0.1867,
391,3743,0.1866,
391,1475,0.1836,
391,6403,0.1812,
391,8036,0.1771,
391,7982,0.177,
391,7634,0.1746,
391,6440,0.1742,
391,1311,0.1729,
391,6430,0.1726,
391,9438,0.1696,
391,5003,0.1695,
391,5714,0.1688,
391,715,0.1686,
391,7679,0.1684,
391,1181,0.1681,
392,8571,0.2566,
392,6046,0.2562,
392,5708,0.2559,
392,6440,0.253,
392,1475,0.2361,
392,7679,0.2344,
392,1181,0.2326,
392,3743,0.2316,
392,7396,0.2313,
392,6644,0.2306,
392,5003,0.2296,
392,6403,0.2281,
392,5890,0.2217,
392,7800,0.2215,
392,2701,0.2187,
392,5453,0.2181,
392,9438,0.2181,
392,715,0.218,
392,8245,0.2153,
392,1955,0.2139,
393,8612,0.2455,
393,6627,0.2383,
393,676,0.2262,
393,2696,0.2214,
393,9062,0.221,
393,8118,0.2171,
393,7628,0.2158,
393,5261,0.2148,
393,2461,0.2116,
393,8769,0.211,
393,4158,0.2082,
393,6740,0.203,
393,7568,0.1998,
393,5803,0.197,
393,7051,0.1969,
393,5375,0.1962,
393,4041,0.1956,
393,5909,0.1946,
393,7371,0.1944,
393,6472,0.1863,
394,3175,0.3503,
394,371,0.3339,
394,3842,0.322,
394,8830,0.3212,
394,4577,0.3145,
394,5621,0.3119,
394,5866,0.3092,
394,5125,0.3083,
394,6605,0.3066,
394,7794,0.3049,
394,872,0.3041,
394,5668,0.3037,
394,3697,0.3035,
394,9180,0.3011,
394,6522,0.3007,
394,925,0.2999,
394,4181,0.2995,
394,5902,0.2984,
394,5808,0.2967,
394,3335,0.2963,
395,6996,0.231,
395,562,0.2212,
395,401,0.2195,
395,7728,0.2147,
395,5157,0.2125,
395,3505,0.211,
395,78,0.2108,
395,3506,0.2057,
395,64,0.2048,
395,8065,0.1993,
395,4291,0.1984,
395,1701,0.1973,
395,6307,0.1971,
395,8163,0.1969,
395,1541,0.1967,
395,7973,0.1962,
395,1809,0.194,
395,7525,0.1925,
395,4498,0.1925,
395,7992,0.192,
396,2926,0.1809,
396,2164,0.1792,
396,3335,0.179,
396,6469,0.1754,
396,3516,0.1728,
396,3813,0.1668,
396,2255,0.1643,
396,6726,0.1626,
396,9334,0.156,
396,4127,0.1552,
396,4057,0.1521,
396,4565,0.1519,
396,1633,0.1519,
396,4622,0.1505,
396,3693,0.1502,
396,6472,0.1476,
396,3886,0.1472,
396,9070,0.1456,
396,293,0.1425,
396,8661,0.1421,
397,9062,0.2338,
397,3432,0.198,
397,1241,0.1931,
397,2461,0.1867,
397,8067,0.1832,
397,3989,0.183,
397,4299,0.1816,
397,6174,0.1814,
397,7195,0.1811,
397,455,0.1794,
397,7070,0.1768,
397,4158,0.1758,
397,4531,0.1737,
397,7371,0.1731,
397,3840,0.1728,
397,7870,0.1712,
397,1902,0.1693,
397,312,0.1689,
397,4682,0.1684,
397,9050,0.166,
398,9062,0.3009,
398,7070,0.2835,
398,8612,0.2603,
398,5609,0.24,
398,2461,0.238,
398,7568,0.2372,
398,3432,0.2362,
398,8693,0.229,
398,4682,0.2277,
398,5261,0.2261,
398,6627,0.2246,
398,4035,0.2224,
398,1931,0.2212,
398,6442,0.2212,
398,7051,0.2198,
398,2331,0.2196,
398,6664,0.2176,
398,6241,0.2115,
398,4158,0.2098,
398,6322,0.2085,
399,2926,0.2296,
399,5189,0.22,
399,7371,0.2166,
399,7273,0.213,
399,5894,0.2023,
399,4622,0.2016,
399,2764,0.2004,
399,4299,0.1962,
399,8439,0.1962,
399,3516,0.1954,
399,2175,0.1953,
399,5603,0.195,
399,3074,0.1939,
399,4565,0.1936,
399,8834,0.193,
399,7824,0.192,
399,7195,0.1908,
399,3057,0.1901,
399,8130,0.1899,
399,6940,0.1865,
400,973,0.3674,
400,2687,0.3607,
400,1309,0.3468,
400,5754,0.3444,
400,6819,0.3431,
400,5089,0.3418,
400,4736,0.3406,
400,4013,0.3356,
400,7249,0.335,
400,8620,0.334,
400,99,0.3326,
400,7104,0.3326,
400,3356,0.3311,
400,5753,0.3309,
400,3260,0.3297,
400,8410,0.3266,
400,9161,0.3249,
400,9013,0.3244,
400,8712,0.324,
400,2652,0.3239,
401,8054,0.2505,
401,7044,0.2479,
401,4223,0.2342,
401,4818,0.2331,
401,463,0.2318,
401,3815,0.2281,
401,2239,0.2275,
401,9114,0.2245,
401,7322,0.2239,
401,2536,0.2234,
401,5745,0.2221,
401,9234,0.2207,
401,4531,0.2192,
401,3799,0.2163,
401,8174,0.2159,
401,8154,0.2148,
401,7152,0.2141,
401,6172,0.2125,
401,8161,0.2123,
401,8201,0.2121,
402,8470,0.2086,
402,8005,0.2058,
402,7126,0.2044,
402,2361,0.2031,
402,1337,0.2014,
402,5583,0.2013,
402,6613,0.2007,
402,4682,0.2005,
402,7628,0.1932,
402,307,0.1919,
402,6614,0.1907,
402,9388,0.1899,
402,7453,0.1891,
402,4291,0.1889,
402,8662,0.1879,
402,9394,0.1875,
402,2433,0.1869,
402,1162,0.1858,
402,2461,0.1853,
402,6803,0.1848,
403,6433,0.3106,
403,338,0.3022,
403,1416,0.2829,
403,8338,0.2828,
403,3027,0.2746,
403,1184,0.2744,
403,213,0.2722,
403,4473,0.2707,
403,547,0.2705,
403,2873,0.2702,
403,5145,0.2691,
403,8834,0.2687,
403,5443,0.2679,
403,3167,0.265,
403,5036,0.2646,
403,5395,0.2643,
403,7832,0.2637,
403,498,0.2635,
403,6033,0.2631,
403,7096,0.2623,
1977,1083,0.1728,
1977,4622,0.1658,
1977,2702,0.1596,
1977,3516,0.155,
1977,2926,0.1528,
1977,7634,0.1521,
1977,3039,0.1483,
1977,8184,0.1478,
1977,3693,0.1448,
1977,8192,0.144,
1977,3202,0.1404,
1977,6975,0.1399,
1977,1629,0.1391,
1977,4127,0.1379,
1977,4582,0.1373,
1977,2255,0.1367,
1977,5919,0.1364,
1977,9337,0.1361,
1977,5168,0.136,
1977,5984,0.1357,
405,3516,0.2574,
405,1083,0.2224,
405,2926,0.2164,
405,5189,0.2099,
405,9436,0.2051,
405,4127,0.2008,
405,7737,0.1982,
405,1841,0.1967,
405,6997,0.1937,
405,2461,0.1933,
405,5343,0.1928,
405,8992,0.1926,
405,5967,0.1925,
405,4114,0.1918,
405,5984,0.1906,
405,7628,0.1898,
405,8439,0.189,
405,2175,0.1869,
405,5919,0.1866,
405,1902,0.186,
406,307,0.2539,
406,6442,0.245,
406,5465,0.2347,
406,9452,0.2281,
406,4275,0.2266,
406,5583,0.2171,
406,8681,0.2155,
406,5727,0.214,
406,6614,0.2137,
406,4744,0.2112,
406,2158,0.2101,
406,3787,0.2096,
406,2361,0.2076,
406,455,0.2076,
406,9328,0.2068,
406,2770,0.2067,
406,5223,0.2051,
406,66,0.2023,
406,9388,0.2017,
406,3066,0.2016,
407,3989,0.2084,
407,8888,0.1991,
407,5238,0.1915,
407,4729,0.1883,
407,3154,0.1843,
407,1445,0.182,
407,7547,0.1801,
407,5704,0.177,
407,5563,0.1761,
407,5809,0.1752,
407,432,0.1738,
407,2724,0.1737,
407,8326,0.1731,
407,5779,0.1727,
407,5882,0.1724,
407,5990,0.1718,
407,7857,0.1709,
407,8476,0.1706,
407,4246,0.1695,
407,8042,0.168,
408,7455,0.2311,
408,8267,0.2295,
408,7323,0.2291,
408,5727,0.2272,
408,2432,0.226,
408,70,0.2217,
408,4498,0.2214,
408,113,0.2213,
408,6087,0.2181,
408,8323,0.2145,
408,7782,0.2139,
408,4209,0.2136,
408,3558,0.2106,
408,6529,0.2099,
408,5183,0.2071,
408,3255,0.2062,
408,6370,0.2034,
408,5094,0.2032,
408,4660,0.2027,
408,3531,0.2023,
409,9062,0.3116,
409,2331,0.2868,
409,8067,0.2712,
409,6174,0.2599,
409,4531,0.2537,
409,7870,0.2532,
409,3827,0.2403,
409,3897,0.2384,
409,5502,0.2363,
409,3868,0.2291,
409,4158,0.2256,
409,2195,0.2252,
409,3379,0.2248,
409,4682,0.2234,
409,2663,0.2209,
409,2648,0.2208,
409,6442,0.2193,
409,1909,0.2177,
409,2732,0.2169,
409,5412,0.2163,
410,1859,0.2551,
410,7964,0.2429,
410,846,0.2337,
410,8481,0.2325,
410,8042,0.2311,
410,8192,0.2295,
410,3864,0.2278,
410,5356,0.2273,
410,1162,0.2271,
410,334,0.2263,
410,8557,0.2257,
410,6754,0.2239,
410,3039,0.2235,
410,6818,0.2214,
410,7493,0.2212,
410,9034,0.2205,
410,5397,0.2193,
410,3669,0.2181,
410,7317,0.2167,
410,7558,0.2164,
411,9062,0.341,
411,7070,0.2944,
411,8693,0.2622,
411,6442,0.2572,
411,6174,0.2532,
411,4035,0.2528,
411,4158,0.2528,
411,4531,0.2525,
411,8612,0.2516,
411,7568,0.2511,
411,7870,0.2477,
411,4682,0.247,
411,1931,0.2465,
411,5609,0.2462,
411,3432,0.2453,
411,6664,0.2397,
411,2331,0.2363,
411,6627,0.2356,
411,8067,0.2344,
411,7051,0.2314,
412,6627,0.2986,
412,3432,0.282,
412,9062,0.2793,
412,2461,0.2788,
412,2331,0.2751,
412,1536,0.2708,
412,7051,0.2697,
412,7568,0.2619,
412,8612,0.2597,
412,217,0.2579,
412,7070,0.2561,
412,5261,0.2466,
412,1485,0.2404,
412,4682,0.2392,
412,7231,0.2358,
412,7086,0.2343,
412,7628,0.234,
412,166,0.2323,
412,5609,0.2294,
412,2696,0.2163,
413,5190,0.2277,
413,3697,0.2248,
413,5668,0.2204,
413,3637,0.2174,
413,918,0.2171,
413,9293,0.2129,
413,7921,0.2129,
413,3842,0.2112,
413,872,0.2111,
413,6522,0.2098,
413,6678,0.2096,
413,6605,0.207,
413,2464,0.1985,
413,7794,0.1983,
413,6742,0.1976,
413,7399,0.1968,
413,5465,0.1964,
413,3502,0.1961,
413,1627,0.1947,
413,7003,0.194,
414,7628,0.177,
414,8118,0.171,
414,8005,0.165,
414,6463,0.1532,
414,2461,0.1517,
414,676,0.15,
414,6740,0.1488,
414,4158,0.1481,
414,8769,0.1473,
414,6941,0.146,
414,5909,0.1446,
414,155,0.1442,
414,2696,0.1416,
414,9394,0.1399,
414,4831,0.1387,
414,2401,0.1387,
414,3412,0.1386,
414,4682,0.1383,
414,468,0.1376,
414,5375,0.1374,
415,8067,0.2556,
415,9062,0.2418,
415,5882,0.2368,
415,164,0.2362,
415,4531,0.2308,
415,6174,0.2267,
415,7870,0.2264,
415,3540,0.2261,
415,4682,0.2211,
415,1215,0.2156,
415,4041,0.2147,
415,8600,0.2134,
415,6614,0.2129,
415,9267,0.2122,
415,2361,0.2094,
415,4291,0.2084,
415,5583,0.2074,
415,78,0.207,
415,3840,0.2069,
415,8888,0.2043,
416,9452,0.3254,
416,4275,0.3227,
416,307,0.3193,
416,983,0.3168,
416,473,0.315,
416,4727,0.3116,
416,2158,0.3112,
416,5708,0.3111,
416,5583,0.3091,
416,2606,0.3089,
416,6614,0.3081,
416,5223,0.308,
416,3787,0.305,
416,1028,0.3045,
416,2361,0.3039,
416,8374,0.3038,
416,4744,0.3029,
416,7853,0.3028,
416,2351,0.3024,
416,3151,0.3024,
425,2461,0.2438,
425,7051,0.2274,
425,7628,0.2211,
425,2401,0.218,
425,8968,0.2159,
425,2331,0.2077,
425,7578,0.2067,
425,3432,0.2056,
425,6627,0.204,
425,3202,0.2039,
425,9062,0.2029,
425,8769,0.202,
425,6012,0.2014,
425,850,0.2014,
425,3016,0.1977,
425,5375,0.1933,
425,8118,0.1907,
425,1902,0.1901,
425,7195,0.1842,
425,7070,0.183,
417,1828,0.2994,
417,2020,0.2945,
417,213,0.293,
417,2092,0.2909,
417,4473,0.2885,
417,3027,0.287,
417,1674,0.2846,
417,8338,0.281,
417,1780,0.2796,
417,5125,0.2791,
417,1184,0.2782,
417,5808,0.2773,
417,4589,0.2771,
417,547,0.2768,
417,9048,0.2758,
417,6209,0.2756,
417,8317,0.2755,
417,7334,0.2753,
417,5190,0.2746,
417,9413,0.274,
418,1902,0.2063,
418,2401,0.2041,
418,2461,0.2041,
418,8968,0.2022,
418,850,0.2014,
418,7578,0.199,
418,9213,0.1966,
418,3516,0.1857,
418,9436,0.1856,
418,2433,0.1836,
418,3202,0.1802,
418,5892,0.1737,
418,5919,0.1734,
418,1054,0.1717,
418,5168,0.171,
418,2091,0.1701,
418,7083,0.1697,
418,2394,0.1662,
418,2344,0.166,
418,8957,0.1655,
419,3516,0.2222,
419,4127,0.2164,
419,1083,0.203,
419,9436,0.201,
419,2461,0.1984,
419,2401,0.1931,
419,7578,0.1925,
419,8968,0.1913,
419,5919,0.1893,
419,850,0.1864,
419,1913,0.1862,
419,3202,0.1859,
419,6803,0.1842,
419,1054,0.1835,
419,4565,0.1814,
419,155,0.181,
419,8184,0.1793,
419,239,0.1778,
419,2433,0.1774,
419,6478,0.1762,
420,5954,0.2625,
420,6642,0.2615,
420,561,0.2612,
420,4424,0.2575,
420,8444,0.2551,
420,8907,0.254,
420,5348,0.2536,
420,6016,0.253,
420,4906,0.2513,
420,1283,0.2504,
420,1884,0.25,
420,1211,0.2459,
420,416,0.2451,
420,5536,0.2428,
420,6128,0.2418,
420,5527,0.2415,
420,7614,0.2363,
420,6567,0.2361,
420,7191,0.2334,
420,1721,0.2294,
421,7923,0.2562,
421,4962,0.2541,
421,967,0.2531,
421,9366,0.2501,
421,1162,0.2491,
421,6781,0.2488,
421,7317,0.2451,
421,334,0.2449,
421,5450,0.2429,
421,980,0.2426,
421,9034,0.2391,
421,3630,0.238,
421,5397,0.238,
421,1859,0.2365,
421,6818,0.2361,
421,6064,0.236,
421,6942,0.2343,
421,5053,0.2341,
421,4618,0.2337,
421,1760,0.2331,
422,9186,0.2666,
422,1283,0.2474,
422,918,0.2464,
422,4589,0.245,
422,3517,0.232,
422,3612,0.2319,
422,8830,0.2314,
422,925,0.2312,
422,5808,0.2312,
422,6585,0.2303,
422,767,0.2302,
422,1674,0.2286,
422,872,0.2283,
422,5621,0.2274,
422,2695,0.2264,
422,5668,0.2259,
422,4127,0.2244,
422,8771,0.2232,
422,6605,0.2232,
422,3697,0.2214,
423,433,0.1801,
423,164,0.177,
423,5681,0.1735,
423,5716,0.1734,
423,5465,0.1727,
423,5223,0.1712,
423,455,0.1704,
423,5882,0.1703,
423,7824,0.1684,
423,257,0.1672,
423,5529,0.1648,
423,1207,0.1637,
423,8073,0.163,
423,6973,0.1621,
423,6613,0.1615,
423,5344,0.1614,
423,7533,0.1601,
423,4127,0.1594,
423,616,0.1593,
423,5708,0.1586,
424,5165,0.2143,
424,355,0.1914,
424,449,0.1854,
424,5111,0.1841,
424,4503,0.1837,
424,7633,0.1833,
424,3961,0.1825,
424,2308,0.182,
424,4291,0.1798,
424,8600,0.1789,
424,7672,0.1754,
424,3057,0.1738,
424,727,0.1738,
424,4553,0.1734,
424,2145,0.1724,
424,7919,0.1721,
424,3417,0.1718,
424,2127,0.1711,
424,754,0.1691,
424,1702,0.1686,
426,4115,0.2018,
426,3842,0.1984,
426,4744,0.1983,
426,7547,0.1918,
426,164,0.1886,
426,6423,0.1857,
426,661,0.1827,
426,1913,0.1823,
426,6785,0.1816,
426,432,0.1815,
426,7647,0.1809,
426,158,0.1798,
426,8888,0.1797,
426,8850,0.1796,
426,9247,0.1776,
426,5465,0.1764,
426,3345,0.1748,
426,616,0.1736,
426,6898,0.1735,
426,7037,0.1715,
427,2764,0.2242,
427,3039,0.2168,
427,4622,0.215,
427,2926,0.2144,
427,9436,0.1987,
427,8192,0.1975,
427,919,0.192,
427,3157,0.1912,
427,8692,0.1899,
427,1083,0.1893,
427,3516,0.1887,
427,1162,0.1886,
427,9447,0.1878,
427,3886,0.1857,
427,8834,0.1856,
427,4317,0.1848,
427,334,0.1847,
427,3933,0.1845,
427,6517,0.1842,
427,5684,0.1827,
428,4736,0.3895,
428,2687,0.3623,
428,5932,0.3595,
428,8620,0.3558,
428,5554,0.351,
428,6100,0.3455,
428,5089,0.3428,
428,3552,0.3428,
428,6896,0.3418,
428,7662,0.338,
428,4013,0.338,
428,973,0.3372,
428,5754,0.3347,
428,8653,0.3317,
428,9209,0.3307,
428,8764,0.3305,
428,8579,0.3297,
428,2213,0.3272,
428,5469,0.327,
428,5790,0.3269,
429,8192,0.2443,
429,7317,0.2349,
429,3516,0.2313,
429,967,0.2303,
429,6754,0.2299,
429,1162,0.2298,
429,7923,0.2285,
429,3864,0.2283,
429,6542,0.2277,
429,5450,0.2277,
429,334,0.2274,
429,980,0.2271,
429,1859,0.2265,
429,9034,0.2253,
429,5397,0.2238,
429,4962,0.2235,
429,8481,0.2228,
429,6818,0.2227,
429,9366,0.2219,
429,6781,0.2211,
430,965,0.1982,
430,338,0.1929,
430,6504,0.1922,
430,2629,0.1865,
430,5984,0.186,
430,6433,0.1857,
430,7512,0.1849,
430,6997,0.1848,
430,4565,0.184,
430,3356,0.1831,
430,8206,0.1827,
430,8439,0.1817,
430,7737,0.1817,
430,2148,0.1805,
430,4237,0.1796,
430,6542,0.1788,
430,8992,0.1784,
430,7173,0.1783,
430,1841,0.177,
430,3516,0.176,
431,4553,0.4486,
431,8905,0.4219,
431,3057,0.4156,
431,3920,0.4144,
431,355,0.4138,
431,7523,0.4125,
431,3436,0.4109,
431,2874,0.4106,
431,754,0.409,
431,6141,0.4085,
431,6474,0.408,
431,2127,0.4078,
431,5438,0.4064,
431,759,0.4014,
431,2566,0.3976,
431,5165,0.3951,
431,4512,0.3947,
431,5659,0.3939,
431,7273,0.3916,
431,3207,0.3913,
432,7525,0.273,
432,7879,0.2727,
432,8481,0.2701,
432,8585,0.2697,
432,8087,0.2657,
432,1000,0.2639,
432,9089,0.2632,
432,6212,0.2623,
432,3097,0.2595,
432,8280,0.2591,
432,624,0.2589,
432,9288,0.2566,
432,3815,0.2551,
432,909,0.2527,
432,6386,0.2523,
432,6192,0.2512,
432,1859,0.2509,
432,4582,0.2507,
432,409,0.2492,
432,2252,0.2472,
433,307,0.2738,
433,736,0.2448,
433,6442,0.2193,
433,3787,0.2188,
433,6613,0.2184,
433,5109,0.2169,
433,3540,0.2158,
433,8131,0.2145,
433,7917,0.214,
433,5157,0.2116,
433,4396,0.2103,
433,4744,0.2087,
433,5519,0.208,
433,5464,0.2075,
433,4514,0.2061,
433,6643,0.2056,
433,6614,0.2022,
433,66,0.202,
433,3489,0.2007,
433,5901,0.2002,
458,3516,0.2031,
458,9436,0.1937,
458,7083,0.1834,
458,606,0.1746,
458,8192,0.1718,
458,5168,0.1689,
458,816,0.1662,
458,5919,0.1637,
458,5106,0.1614,
458,3346,0.161,
458,5967,0.1579,
458,1902,0.1574,
458,8571,0.1573,
458,1704,0.1566,
458,2385,0.1535,
458,5343,0.1529,
458,8439,0.1515,
458,9441,0.1468,
458,5619,0.1455,
458,4127,0.1452,
434,4744,0.2881,
434,307,0.2762,
434,3787,0.2724,
434,4514,0.271,
434,6643,0.2708,
434,4057,0.2676,
434,6613,0.2654,
434,8115,0.2621,
434,5223,0.2602,
434,4275,0.26,
434,8091,0.2596,
434,3151,0.2577,
434,5548,0.2576,
434,5716,0.2568,
434,4682,0.2566,
434,2351,0.2564,
434,5969,0.2559,
434,8367,0.2558,
434,473,0.2557,
434,9094,0.2556,
435,736,0.227,
435,1330,0.2138,
435,6613,0.2122,
435,3540,0.2113,
435,8131,0.2071,
435,5048,0.2047,
435,5157,0.1994,
435,8067,0.1915,
435,3787,0.1902,
435,8600,0.1867,
435,8679,0.1864,
435,6904,0.1863,
435,307,0.1855,
435,6643,0.1813,
435,8834,0.1813,
435,2629,0.1809,
435,4057,0.1803,
435,920,0.1801,
435,7977,0.1798,
435,66,0.1795,
436,3258,0.3088,
436,7462,0.2962,
436,432,0.2947,
436,6867,0.2907,
436,5737,0.2878,
436,5735,0.2822,
436,2136,0.2797,
436,1445,0.2767,
436,8557,0.2757,
436,1247,0.2742,
436,8433,0.2737,
436,4325,0.2705,
436,5233,0.2702,
436,6083,0.2696,
436,7254,0.2686,
436,7452,0.2671,
436,803,0.267,
436,3172,0.2651,
436,6273,0.2647,
436,1279,0.2644,
437,5583,0.3,
437,6614,0.2992,
437,4275,0.2932,
437,2361,0.2918,
437,2158,0.2888,
437,9407,0.2778,
437,5901,0.2774,
437,5548,0.274,
437,9341,0.2733,
437,6264,0.273,
437,6973,0.2721,
437,5927,0.272,
437,4255,0.272,
437,3787,0.2718,
437,7572,0.2717,
437,5328,0.2717,
437,8551,0.2716,
437,8374,0.2715,
437,8662,0.2715,
437,473,0.2714,
438,8940,0.2291,
438,307,0.2009,
438,5157,0.1972,
438,9452,0.1827,
438,6613,0.1824,
438,5971,0.1809,
438,5901,0.1759,
438,5223,0.1753,
438,66,0.1739,
438,5969,0.1735,
438,3787,0.1733,
438,4514,0.1726,
438,8679,0.1719,
438,4727,0.1715,
438,6643,0.1711,
438,983,0.1711,
438,473,0.1705,
438,378,0.1704,
438,4135,0.1698,
438,3280,0.1694,
439,3669,0.255,
439,5735,0.2288,
439,6083,0.2276,
439,6786,0.2275,
439,1937,0.2273,
439,1718,0.2258,
439,7022,0.2258,
439,4956,0.2252,
439,7714,0.2245,
439,6333,0.2239,
439,3857,0.2238,
439,6626,0.2234,
439,3680,0.2232,
439,4155,0.2221,
439,1494,0.2219,
439,1856,0.2214,
439,3580,0.2206,
439,3431,0.2204,
439,1763,0.2199,
439,3304,0.2194,
474,1162,0.2555,
474,334,0.2475,
474,1859,0.2355,
474,6818,0.235,
474,8481,0.2349,
474,7923,0.2322,
474,9034,0.2298,
474,6781,0.2292,
474,980,0.2292,
474,5450,0.2282,
474,8192,0.2279,
474,7606,0.2264,
474,5356,0.226,
474,4291,0.2243,
474,3864,0.2237,
474,5246,0.223,
474,4962,0.2228,
474,5397,0.2228,
474,6754,0.2219,
474,6942,0.2217,
440,307,0.3648,
440,4275,0.3549,
440,2770,0.346,
440,2158,0.3433,
440,6613,0.3407,
440,473,0.3396,
440,5927,0.3395,
440,6614,0.338,
440,5583,0.3379,
440,2361,0.3377,
440,5548,0.3367,
440,2606,0.335,
440,2351,0.3343,
440,3787,0.3332,
440,9341,0.3319,
440,9094,0.3319,
440,5538,0.3318,
440,613,0.3318,
440,8551,0.3317,
440,5969,0.3307,
441,1780,0.29,
441,213,0.288,
441,6209,0.2871,
441,3731,0.2825,
441,1828,0.2783,
441,8317,0.2712,
441,8850,0.2708,
441,3653,0.2706,
441,5617,0.2696,
441,1478,0.2671,
441,5902,0.267,
441,5808,0.2662,
441,3027,0.2627,
441,4473,0.2626,
441,8338,0.2615,
441,3223,0.2613,
441,6767,0.2608,
441,9186,0.2605,
441,1157,0.2601,
441,7961,0.259,
442,3787,0.29,
442,7825,0.2821,
442,2145,0.281,
442,5583,0.2806,
442,5519,0.28,
442,5464,0.2766,
442,6174,0.2752,
442,7973,0.2693,
442,307,0.2669,
442,8267,0.2664,
442,2510,0.2656,
442,5465,0.2653,
442,9341,0.2644,
442,6614,0.2634,
442,3066,0.2634,
442,4057,0.2634,
442,2308,0.2622,
442,6442,0.262,
442,7648,0.2609,
442,6529,0.2609,
443,8720,0.2126,
443,3224,0.2118,
443,4074,0.2018,
443,9032,0.1995,
443,4547,0.1987,
443,5554,0.1976,
443,5790,0.1959,
443,5543,0.1949,
443,8620,0.1944,
443,8579,0.1914,
443,3650,0.1907,
443,4250,0.1899,
443,511,0.1887,
443,248,0.1878,
443,4302,0.1877,
443,3287,0.1871,
443,8836,0.1859,
443,2459,0.1853,
443,2911,0.1849,
443,1396,0.1848,
444,1054,0.2941,
444,1902,0.2797,
444,1081,0.2648,
444,239,0.2592,
444,8184,0.2505,
444,536,0.2444,
444,4127,0.2431,
444,5343,0.2404,
444,3994,0.24,
444,1337,0.2394,
444,1400,0.2393,
444,4012,0.2389,
444,5967,0.237,
444,5448,0.2365,
444,6034,0.2356,
444,3153,0.2346,
444,8041,0.2338,
444,2174,0.2337,
444,1704,0.2331,
444,8518,0.2325,
445,1639,0.2077,
445,1902,0.2044,
445,8370,0.1928,
445,1241,0.1923,
445,3558,0.1855,
445,8267,0.1829,
445,6803,0.1812,
445,6104,0.1801,
445,5183,0.18,
445,3784,0.1788,
445,2091,0.1759,
445,1379,0.1759,
445,7076,0.1742,
445,1200,0.1738,
445,5343,0.1717,
445,8036,0.1709,
445,396,0.1701,
445,7386,0.1699,
445,6529,0.1679,
445,7633,0.1679,
446,1908,0.2829,
446,6174,0.2451,
446,1207,0.2436,
446,4531,0.2324,
446,7973,0.2249,
446,2663,0.2208,
446,5882,0.2207,
446,8322,0.2205,
446,8834,0.2155,
446,2436,0.2145,
446,7824,0.2118,
446,7638,0.2117,
446,8585,0.2096,
446,6960,0.2089,
446,1215,0.2082,
446,4421,0.2082,
446,4353,0.2077,
446,1962,0.2072,
446,282,0.2066,
446,8440,0.2057,
447,9213,0.2056,
447,7784,0.2046,
447,1913,0.2011,
447,4127,0.2004,
447,8888,0.198,
447,9436,0.1898,
447,2091,0.1877,
447,455,0.1855,
447,239,0.184,
447,2433,0.1834,
447,4751,0.1791,
447,1704,0.1768,
447,8184,0.1759,
447,3516,0.1755,
447,6803,0.1751,
447,1902,0.1749,
447,5919,0.1747,
447,2255,0.1745,
447,1054,0.1731,
447,8834,0.1721,
448,8094,0.2029,
448,1165,0.1964,
448,3907,0.1813,
448,7524,0.1774,
448,4032,0.1774,
448,10,0.175,
448,8864,0.1747,
448,8019,0.1738,
448,4201,0.1731,
448,5088,0.1724,
448,7101,0.171,
448,2920,0.1673,
448,3478,0.1652,
448,1603,0.1649,
448,5927,0.163,
448,434,0.161,
448,3233,0.1606,
448,7081,0.1601,
448,3035,0.1586,
448,3708,0.1585,
449,4291,0.2749,
449,2006,0.2747,
449,4682,0.2616,
449,3540,0.2585,
449,34,0.2577,
449,218,0.2519,
449,5969,0.2503,
449,6036,0.2503,
449,164,0.2502,
449,7265,0.2474,
449,2361,0.2472,
449,1734,0.2462,
449,4998,0.2459,
449,3787,0.2457,
449,3066,0.2451,
449,6613,0.2451,
449,6849,0.2444,
449,3244,0.2443,
449,2145,0.2429,
449,8662,0.2425,
450,7784,0.2292,
450,3039,0.2265,
450,6613,0.224,
450,1859,0.2231,
450,8834,0.2224,
450,2764,0.2213,
450,6164,0.2205,
450,1162,0.2167,
450,6785,0.2134,
450,5246,0.2093,
450,334,0.2082,
450,2019,0.2068,
450,6898,0.2045,
450,8192,0.2037,
450,8067,0.1978,
450,4819,0.1938,
450,5356,0.1924,
450,8276,0.1917,
450,2240,0.1917,
450,3540,0.1917,
451,6192,0.1831,
451,8447,0.1726,
451,9267,0.1597,
451,7919,0.1583,
451,4553,0.1576,
451,1465,0.1563,
451,8600,0.1562,
451,239,0.1541,
451,2589,0.1536,
451,352,0.1534,
451,3327,0.1483,
451,5960,0.1475,
451,868,0.1468,
451,8173,0.1459,
451,8079,0.1448,
451,2175,0.1443,
451,1907,0.1438,
451,5165,0.1437,
451,5947,0.1436,
451,2104,0.1436,
452,6174,0.2967,
452,4531,0.2835,
452,7973,0.2767,
452,8322,0.2617,
452,3770,0.2545,
452,2663,0.2542,
452,249,0.2533,
452,9052,0.2505,
452,7870,0.2469,
452,1908,0.2441,
452,1207,0.2426,
452,8771,0.2415,
452,1909,0.241,
452,6807,0.2377,
452,2356,0.2369,
452,3827,0.2366,
452,7617,0.2356,
452,4810,0.2355,
452,1215,0.2331,
452,1809,0.2322,
453,1902,0.2007,
453,6803,0.185,
453,2461,0.1827,
453,3202,0.182,
453,5106,0.1812,
453,1241,0.1799,
453,3784,0.1777,
453,8184,0.177,
453,7628,0.1742,
453,7578,0.1733,
453,2433,0.1725,
453,5967,0.1725,
453,2401,0.1724,
453,8968,0.1708,
453,850,0.1701,
453,2174,0.1697,
453,8036,0.1692,
453,155,0.1617,
453,6225,0.1617,
453,5559,0.1612,
454,9352,0.3131,
454,7535,0.2964,
454,7813,0.2939,
454,6744,0.285,
454,1064,0.2783,
454,6268,0.275,
454,2947,0.2746,
454,4667,0.2732,
454,5697,0.2712,
454,3850,0.2709,
454,4195,0.2699,
454,8167,0.2684,
454,3690,0.2682,
454,7951,0.2682,
454,8593,0.2681,
454,6943,0.2676,
454,7727,0.2675,
454,1212,0.2675,
454,8889,0.2674,
454,4617,0.2674,
455,4553,0.2815,
455,6310,0.2714,
455,3436,0.2646,
455,8054,0.2632,
455,6474,0.2568,
455,5999,0.2506,
455,8905,0.2463,
455,7848,0.24,
455,5438,0.2379,
455,355,0.2369,
455,3057,0.2366,
455,754,0.2358,
455,3207,0.2331,
455,3920,0.2291,
455,3112,0.229,
455,2127,0.2286,
455,2874,0.2285,
455,2566,0.2267,
455,4512,0.2252,
455,759,0.2251,
456,2373,0.2356,
456,5149,0.2217,
456,4271,0.2138,
456,4490,0.1962,
456,8571,0.1855,
456,622,0.1811,
456,8857,0.1747,
456,6072,0.1704,
456,7631,0.1699,
456,2813,0.1654,
456,355,0.1639,
456,3743,0.1637,
456,8457,0.16,
456,3516,0.16,
456,7543,0.1592,
456,2461,0.1589,
456,2434,0.1585,
456,1704,0.1579,
456,7015,0.155,
456,8551,0.1536,
457,9062,0.2161,
457,7051,0.198,
457,3432,0.1933,
457,8693,0.1904,
457,2461,0.188,
457,4158,0.1835,
457,7628,0.1781,
457,5375,0.1756,
457,5261,0.1746,
457,6664,0.1719,
457,6442,0.1681,
457,7070,0.1677,
457,4035,0.1675,
457,9394,0.1669,
457,4592,0.166,
457,8612,0.1658,
457,7568,0.1652,
457,6627,0.1648,
457,1485,0.1631,
457,4682,0.162,
459,8067,0.3217,
459,9062,0.3089,
459,7825,0.2766,
459,215,0.2757,
459,7784,0.2651,
459,5882,0.2624,
459,1859,0.2609,
459,5943,0.2593,
459,8433,0.2571,
459,3039,0.2524,
459,2667,0.2522,
459,3679,0.2515,
459,334,0.2505,
459,5030,0.248,
459,2409,0.248,
459,5894,0.2478,
459,8888,0.2469,
459,432,0.2453,
459,291,0.245,
459,8734,0.2449,
460,2418,0.1829,
460,7901,0.1817,
460,4525,0.1667,
460,5559,0.1543,
460,189,0.1537,
460,2197,0.1535,
460,2019,0.1505,
460,2926,0.1497,
460,4756,0.147,
460,6310,0.1469,
460,1446,0.1448,
460,5186,0.1446,
460,3112,0.144,
460,274,0.1425,
460,9201,0.1422,
460,9213,0.1419,
460,6469,0.1412,
460,5823,0.1407,
460,2764,0.1405,
460,1902,0.1398,
461,355,0.208,
461,8905,0.1921,
461,5165,0.1901,
461,2874,0.1877,
461,2127,0.1866,
461,7523,0.185,
461,3417,0.1842,
461,3436,0.1834,
461,5438,0.1829,
461,3920,0.1821,
461,6141,0.1818,
461,3057,0.1815,
461,998,0.1805,
461,754,0.1799,
461,5659,0.1796,
461,4512,0.179,
461,3207,0.1751,
461,6376,0.1746,
461,2566,0.1741,
461,6474,0.1725,
462,4127,0.2034,
462,1083,0.1957,
462,455,0.1948,
462,7656,0.1939,
462,1908,0.1912,
462,7824,0.1843,
462,2883,0.1842,
462,8184,0.1837,
462,7638,0.1835,
462,6803,0.1812,
462,918,0.1799,
462,1913,0.1798,
462,8888,0.1778,
462,2174,0.1768,
462,8036,0.1762,
462,5106,0.1755,
462,3202,0.1755,
462,7278,0.1732,
462,1902,0.1731,
462,3516,0.172,
463,4553,0.284,
463,5165,0.2836,
463,3057,0.2806,
463,355,0.2755,
463,2127,0.2736,
463,8905,0.2724,
463,3436,0.2641,
463,6141,0.2633,
463,5438,0.2633,
463,5999,0.2615,
463,3920,0.2575,
463,7523,0.2567,
463,759,0.2563,
463,6474,0.2555,
463,6376,0.2516,
463,2874,0.2515,
463,4512,0.2497,
463,3207,0.2478,
463,5659,0.2477,
463,754,0.2476,
464,1639,0.2718,
464,7782,0.2702,
464,8267,0.267,
464,2862,0.2653,
464,5183,0.2567,
464,1276,0.2561,
464,5376,0.2537,
464,8375,0.2514,
464,3527,0.2508,
464,6813,0.2484,
464,8566,0.2477,
464,3558,0.2476,
464,3038,0.2473,
464,2098,0.2457,
464,8477,0.2452,
464,6104,0.2437,
464,6421,0.2431,
464,5882,0.2424,
464,4209,0.2416,
464,7076,0.241,
465,9416,0.2401,
465,4565,0.2392,
465,2859,0.2343,
465,8206,0.2312,
465,3646,0.2297,
465,7527,0.2297,
465,8556,0.2223,
465,383,0.22,
465,2256,0.2193,
465,6742,0.208,
465,7358,0.2079,
465,7399,0.2075,
465,3516,0.2059,
465,7278,0.2057,
465,2073,0.2046,
465,918,0.2042,
465,2157,0.2035,
465,5217,0.203,
465,1427,0.2021,
465,2611,0.1986,
475,4057,0.2557,
475,5223,0.2438,
475,5081,0.2403,
475,6613,0.2352,
475,5494,0.235,
475,2926,0.2253,
475,8470,0.2246,
475,3516,0.2242,
475,7724,0.224,
475,8374,0.2192,
475,5465,0.2192,
475,1162,0.219,
475,4744,0.2189,
475,2158,0.2177,
475,919,0.2142,
475,3103,0.2138,
475,3467,0.2136,
475,3039,0.2129,
475,3043,0.211,
475,5930,0.2101,
476,8267,0.1939,
476,5465,0.1935,
476,455,0.1916,
476,4057,0.1904,
476,4291,0.186,
476,5344,0.1849,
476,5223,0.1832,
476,5081,0.1828,
476,5189,0.1819,
476,1639,0.1817,
476,5157,0.1806,
476,78,0.1801,
476,7824,0.1787,
476,6174,0.1779,
476,5165,0.1775,
476,5716,0.1771,
476,8230,0.1758,
476,5183,0.174,
476,6996,0.1734,
476,5583,0.1732,
466,307,0.3131,
466,736,0.2827,
466,2770,0.2771,
466,3066,0.2762,
466,6973,0.2731,
466,4291,0.2721,
466,3540,0.2716,
466,433,0.2686,
466,5727,0.2686,
466,8131,0.2684,
466,5519,0.2673,
466,3787,0.2638,
466,3457,0.2629,
466,2642,0.2626,
466,5583,0.2624,
466,5494,0.2601,
466,7633,0.2588,
466,2160,0.2587,
466,4455,0.2577,
466,6499,0.2571,
467,1869,0.2165,
467,5113,0.2141,
467,8159,0.2081,
467,3349,0.2073,
467,3561,0.2064,
467,7504,0.206,
467,5559,0.2039,
467,4041,0.2035,
467,2255,0.2027,
467,5171,0.2019,
467,7987,0.2016,
467,7503,0.2012,
467,6472,0.2011,
467,2978,0.2006,
467,1891,0.1993,
467,2060,0.1983,
467,95,0.1983,
467,6940,0.1962,
467,2821,0.1962,
467,4385,0.1961,
468,5971,0.2654,
468,1028,0.2625,
468,8303,0.2614,
468,7140,0.2602,
468,5165,0.258,
468,2029,0.2552,
468,6066,0.2531,
468,2158,0.2529,
468,3334,0.2491,
468,9361,0.2489,
468,6431,0.2485,
468,3467,0.2484,
468,3151,0.2482,
468,2770,0.2482,
468,58,0.2464,
468,7490,0.2451,
468,684,0.244,
468,4283,0.2427,
468,6297,0.2423,
468,8131,0.242,
469,9062,0.2018,
469,5189,0.1876,
469,7568,0.1876,
469,7824,0.1863,
469,6442,0.184,
469,8693,0.1836,
469,2331,0.178,
469,5563,0.1775,
469,5261,0.1765,
469,4114,0.1756,
469,7387,0.1751,
469,6627,0.1734,
469,1629,0.1731,
469,3516,0.1729,
469,3432,0.1725,
469,8612,0.1722,
469,9328,0.1695,
469,6565,0.1694,
469,6478,0.1692,
469,5139,0.1675,
470,2940,0.1721,
470,5938,0.1659,
470,841,0.1577,
470,5948,0.1503,
470,2506,0.1462,
470,8070,0.1379,
470,5010,0.1374,
470,3173,0.1369,
470,3917,0.1329,
470,7044,0.1309,
470,4644,0.1307,
470,4401,0.1298,
470,2367,0.1296,
470,8781,0.1292,
470,8753,0.1284,
470,2599,0.1282,
470,909,0.128,
470,886,0.1278,
470,8098,0.1275,
470,512,0.1274,
471,8905,0.3626,
471,5438,0.3562,
471,6474,0.3546,
471,2874,0.3521,
471,754,0.3474,
471,3436,0.3464,
471,3057,0.3458,
471,7523,0.3439,
471,2127,0.3402,
471,355,0.3392,
471,4553,0.3381,
471,3417,0.3369,
471,2566,0.3368,
471,3207,0.3365,
471,6141,0.3365,
471,3920,0.3359,
471,5659,0.3357,
471,4512,0.3318,
471,6376,0.3273,
471,5165,0.3231,
472,5165,0.2926,
472,4553,0.2886,
472,5438,0.2804,
472,8905,0.2803,
472,3057,0.2798,
472,2127,0.2736,
472,3920,0.271,
472,7523,0.2678,
472,2566,0.2664,
472,6376,0.2654,
472,3436,0.265,
472,3207,0.2642,
472,2874,0.2636,
472,754,0.2626,
472,4512,0.2604,
472,5999,0.2599,
472,5659,0.2594,
472,6141,0.2559,
472,3417,0.2547,
472,7273,0.254,
473,1809,0.1548,
473,6486,0.1411,
473,8087,0.1406,
473,4553,0.1324,
473,2568,0.1284,
473,9074,0.1279,
473,7973,0.1252,
473,3236,0.1244,
473,8905,0.1243,
473,6802,0.1223,
473,2141,0.1207,
473,5696,0.1197,
473,2127,0.1154,
473,3057,0.1151,
473,3417,0.1148,
473,5438,0.1139,
473,7523,0.1132,
473,3249,0.1131,
473,2874,0.1121,
473,3920,0.1121,
477,8834,0.2791,
477,6613,0.2311,
477,9062,0.2305,
477,2718,0.2258,
477,7824,0.2186,
477,7512,0.2127,
477,2856,0.2124,
477,338,0.2124,
477,7412,0.2112,
477,5586,0.2071,
477,1908,0.2061,
477,5349,0.2015,
477,7870,0.201,
477,8693,0.199,
477,4286,0.1989,
477,6664,0.1984,
477,4810,0.1982,
477,4035,0.1976,
477,4751,0.1973,
477,2732,0.1969,
478,5202,0.185,
478,5735,0.1836,
478,1790,0.1801,
478,6867,0.1794,
478,9237,0.179,
478,3304,0.175,
478,7964,0.1744,
478,6164,0.1737,
478,3873,0.1734,
478,3857,0.1728,
478,7714,0.1728,
478,6786,0.1727,
478,4894,0.1725,
478,5737,0.172,
478,5166,0.1716,
478,4229,0.1716,
478,6618,0.1715,
478,8950,0.1711,
478,4155,0.1708,
478,9384,0.1707,
479,6754,0.2222,
479,4962,0.2212,
479,4618,0.2187,
479,3630,0.2171,
479,967,0.2137,
479,5450,0.2128,
479,7317,0.2121,
479,7923,0.2116,
479,9034,0.2113,
479,980,0.2113,
479,8192,0.21,
479,5397,0.2095,
479,6064,0.2088,
479,6781,0.2083,
479,6818,0.2081,
479,334,0.2078,
479,6942,0.2072,
479,9366,0.2066,
479,7606,0.2063,
479,5356,0.2054,
480,4127,0.2677,
480,2461,0.2664,
480,7195,0.254,
480,7628,0.2428,
480,1083,0.2416,
480,1902,0.2411,
480,5343,0.2389,
480,2373,0.235,
480,2385,0.2347,
480,7453,0.2341,
480,5967,0.2337,
480,4728,0.2335,
480,8471,0.232,
480,616,0.2318,
480,3202,0.2315,
480,3744,0.2302,
480,3749,0.2282,
480,9441,0.228,
480,1704,0.227,
480,6021,0.2268,
481,9452,0.3741,
481,2770,0.3506,
481,4275,0.3435,
481,8551,0.3344,
481,5548,0.3326,
481,6643,0.3312,
481,2351,0.3305,
481,5969,0.3274,
481,2606,0.3271,
481,9341,0.3267,
481,2875,0.3259,
481,2006,0.3259,
481,7447,0.3252,
481,7853,0.3252,
481,7633,0.325,
481,307,0.3248,
481,2308,0.3241,
481,1398,0.3237,
481,3787,0.3233,
481,8145,0.3232,
482,3840,0.2642,
482,1908,0.2591,
482,4299,0.2576,
482,8322,0.2542,
482,9062,0.2531,
482,282,0.25,
482,312,0.2471,
482,8470,0.2393,
482,8130,0.2371,
482,2663,0.2344,
482,5882,0.2341,
482,6174,0.2333,
482,3941,0.2297,
482,882,0.2294,
482,4258,0.2291,
482,5467,0.2275,
482,3564,0.2274,
482,5266,0.2268,
482,3060,0.2261,
482,2312,0.2259,
483,4582,0.268,
483,9288,0.2627,
483,1356,0.2597,
483,2252,0.2533,
483,8585,0.2435,
483,8087,0.2422,
483,463,0.2414,
483,5484,0.2409,
483,7520,0.2392,
483,8280,0.2388,
483,1059,0.2373,
483,7879,0.2369,
483,409,0.2361,
483,8183,0.2359,
483,1000,0.2341,
483,8490,0.2332,
483,8603,0.2314,
483,1086,0.2293,
483,4786,0.2292,
483,6212,0.2281,
484,7568,0.1587,
484,4237,0.1562,
484,9062,0.1553,
484,8834,0.1535,
484,6565,0.1414,
484,3432,0.1403,
484,5139,0.14,
484,6442,0.1394,
484,7512,0.1391,
484,8693,0.1379,
484,7070,0.1365,
484,965,0.1357,
484,5189,0.1355,
484,4114,0.1347,
484,9436,0.1327,
484,2764,0.1311,
484,338,0.1311,
484,3023,0.1299,
484,3088,0.1285,
484,4035,0.128,
485,1162,0.2555,
485,6614,0.2408,
485,8470,0.2406,
485,3039,0.2384,
485,3457,0.2346,
485,5583,0.2338,
485,8192,0.2317,
485,334,0.2312,
485,9034,0.2297,
485,3864,0.2254,
485,1771,0.225,
485,5397,0.2236,
485,6849,0.2218,
485,5494,0.2212,
485,7346,0.221,
485,5246,0.22,
485,6818,0.22,
485,3787,0.2188,
485,7317,0.2181,
485,980,0.2176,
486,6904,0.1901,
486,8131,0.177,
486,8067,0.171,
486,1330,0.1674,
486,3540,0.1646,
486,736,0.162,
486,318,0.1615,
486,9223,0.1594,
486,1753,0.1451,
486,8626,0.1449,
486,8470,0.1425,
486,2308,0.1402,
486,3946,0.139,
486,7211,0.1376,
486,4489,0.1369,
486,399,0.1362,
486,4101,0.1346,
486,7792,0.1342,
486,4189,0.1342,
486,5085,0.133,
487,8834,0.203,
487,9062,0.1992,
487,320,0.1989,
487,4377,0.1974,
487,6174,0.1954,
487,4810,0.1951,
487,6839,0.1936,
487,5266,0.1925,
487,4531,0.192,
487,2429,0.1903,
487,8804,0.19,
487,2859,0.1893,
487,7825,0.1877,
487,3864,0.1876,
487,8301,0.1869,
487,1215,0.1868,
487,8592,0.1865,
487,6996,0.1863,
487,7512,0.1848,
487,1978,0.1839,
488,4682,0.2613,
488,3540,0.2405,
488,5708,0.228,
488,9062,0.2257,
488,1028,0.2254,
488,8005,0.2237,
488,7140,0.2234,
488,307,0.2234,
488,5081,0.2215,
488,5773,0.219,
488,8746,0.2186,
488,2006,0.217,
488,7375,0.216,
488,8769,0.2147,
488,7126,0.2147,
488,5519,0.2145,
488,2361,0.2141,
488,3840,0.2127,
488,6431,0.2115,
488,7265,0.2111,
489,8834,0.208,
489,6613,0.2067,
489,3039,0.2035,
489,2764,0.201,
489,919,0.1978,
489,1162,0.1958,
489,5081,0.1956,
489,334,0.1887,
489,2926,0.1852,
489,8192,0.1849,
489,8592,0.1836,
489,1859,0.1832,
489,4057,0.1828,
489,8481,0.1807,
489,5397,0.1745,
489,9436,0.1743,
489,5189,0.1741,
489,5356,0.1741,
489,980,0.174,
489,9034,0.1736,
512,5708,0.1787,
512,9452,0.1568,
512,4057,0.1566,
512,6614,0.1548,
512,8571,0.1528,
512,5583,0.151,
512,6499,0.1498,
512,8470,0.1476,
512,6046,0.1463,
512,993,0.1457,
512,3743,0.1456,
512,9407,0.1451,
512,5081,0.1415,
512,8746,0.1415,
512,4252,0.1377,
512,9388,0.1369,
512,8600,0.1365,
512,8681,0.136,
512,3516,0.1359,
512,1598,0.1358,
490,4682,0.2443,
490,9062,0.2316,
490,5465,0.2292,
490,6627,0.2289,
490,8005,0.225,
490,4057,0.2235,
490,7051,0.2195,
490,7633,0.2126,
490,5223,0.2121,
490,2461,0.2116,
490,1438,0.2109,
490,455,0.2072,
490,4127,0.2045,
490,7375,0.2039,
490,5494,0.2027,
490,2331,0.2016,
490,3516,0.1991,
490,2255,0.1978,
490,7628,0.1969,
490,2695,0.1962,
491,3693,0.2262,
491,4622,0.2192,
491,6259,0.1911,
491,9309,0.1908,
491,8875,0.1844,
491,2891,0.1839,
491,7278,0.1814,
491,749,0.1775,
491,1972,0.176,
491,919,0.1748,
491,2573,0.1741,
491,364,0.1724,
491,5896,0.1715,
491,5563,0.1687,
491,5753,0.1685,
491,4670,0.1683,
491,7702,0.1678,
491,6472,0.1678,
491,7724,0.1677,
491,6975,0.1674,
492,6898,0.2647,
492,7784,0.2387,
492,6867,0.2269,
492,1247,0.2267,
492,5943,0.2253,
492,9213,0.22,
492,6164,0.2173,
492,7547,0.2154,
492,8476,0.2143,
492,1445,0.2132,
492,8433,0.2131,
492,5737,0.2123,
492,5098,0.2113,
492,729,0.2111,
492,4669,0.211,
492,158,0.2103,
492,5704,0.2078,
492,1763,0.2077,
492,1494,0.2075,
492,9384,0.2069,
493,4275,0.3325,
493,307,0.3305,
493,2158,0.326,
493,9452,0.3247,
493,5548,0.323,
493,2351,0.3227,
493,473,0.3208,
493,9341,0.3192,
493,2361,0.3188,
493,7447,0.3188,
493,5969,0.3187,
493,2875,0.3183,
493,3540,0.3176,
493,7853,0.3176,
493,8145,0.3172,
493,5583,0.3168,
493,983,0.3166,
493,4682,0.3165,
493,9135,0.3164,
493,1398,0.3161,
494,6038,0.1905,
494,9267,0.18,
494,8153,0.1749,
494,1907,0.1658,
494,2371,0.1627,
494,9185,0.1583,
494,7205,0.1543,
494,2718,0.1535,
494,5965,0.1485,
494,479,0.1459,
494,8888,0.1446,
494,5189,0.1435,
494,7548,0.1428,
494,3253,0.1424,
494,8028,0.1409,
494,5980,0.1402,
494,1468,0.1388,
494,5895,0.1385,
494,2877,0.1381,
494,9455,0.1371,
495,4227,0.2055,
495,3750,0.2045,
495,5388,0.2045,
495,6174,0.2017,
495,4531,0.2015,
495,6505,0.2004,
495,6739,0.1989,
495,8771,0.1962,
495,3770,0.1954,
495,3195,0.1933,
495,7783,0.1921,
495,3744,0.1911,
495,7453,0.189,
495,407,0.1889,
495,7870,0.1887,
495,249,0.1878,
495,8061,0.1877,
495,2747,0.1868,
495,6719,0.1849,
495,988,0.184,
496,7421,0.1882,
496,7985,0.1749,
496,3917,0.1738,
496,3516,0.1731,
496,5967,0.1729,
496,1116,0.1709,
496,239,0.1683,
496,3418,0.1672,
496,6835,0.1671,
496,7083,0.1662,
496,6294,0.1661,
496,5619,0.1656,
496,4646,0.1625,
496,7015,0.1595,
496,355,0.1586,
496,2700,0.1579,
496,1081,0.1578,
496,1054,0.1572,
496,9334,0.1569,
496,2385,0.1562,
497,3245,0.3346,
497,154,0.3142,
497,4011,0.3126,
497,7840,0.3125,
497,7602,0.3122,
497,5037,0.3122,
497,7427,0.3113,
497,1227,0.3109,
497,8190,0.3063,
497,5319,0.3061,
497,8991,0.3055,
497,7334,0.3054,
497,7832,0.304,
497,8749,0.3031,
497,4735,0.3026,
497,2022,0.3022,
497,7567,0.3003,
497,2043,0.3002,
497,7096,0.3,
497,6779,0.2998,
498,2764,0.2804,
498,3039,0.277,
498,6259,0.2722,
498,919,0.268,
498,4819,0.2679,
498,8806,0.2668,
498,6701,0.2655,
498,5176,0.2654,
498,4041,0.2627,
498,8763,0.2615,
498,9070,0.2614,
498,6127,0.2612,
498,5761,0.2599,
498,3836,0.2589,
498,9447,0.2579,
498,8272,0.2578,
498,1846,0.2578,
498,3933,0.2573,
498,4317,0.2552,
498,95,0.2533,
499,8470,0.2861,
499,2113,0.2567,
499,1771,0.2561,
499,4682,0.2523,
499,5583,0.2515,
499,9388,0.2504,
499,2145,0.2502,
499,4291,0.2498,
499,3807,0.2496,
499,3787,0.2492,
499,2158,0.2476,
499,5927,0.2473,
499,6614,0.2445,
499,3066,0.2444,
499,8662,0.2421,
499,9341,0.242,
499,5494,0.2415,
499,6066,0.2411,
499,2308,0.241,
499,8679,0.2407,
500,787,0.2006,
500,7214,0.1917,
500,2019,0.1883,
500,4085,0.1786,
500,8978,0.1732,
500,1636,0.1722,
500,5590,0.1712,
500,2926,0.1686,
500,8692,0.1675,
500,1734,0.1665,
500,6785,0.1656,
500,5684,0.1626,
500,8769,0.1622,
500,6623,0.1618,
500,5559,0.1615,
500,516,0.1614,
500,5900,0.161,
500,8832,0.1602,
500,6472,0.1601,
500,4143,0.1586,
501,5011,0.1831,
501,5868,0.1712,
501,7901,0.1634,
501,2344,0.1583,
501,1081,0.158,
501,4652,0.1517,
501,5629,0.1517,
501,7628,0.1491,
501,8276,0.1489,
501,2401,0.1484,
501,8968,0.147,
501,2418,0.1461,
501,7976,0.1445,
501,239,0.1412,
501,9394,0.1407,
501,8273,0.1404,
501,2461,0.1392,
501,5895,0.1378,
501,6998,0.1377,
501,6803,0.1368,
502,3516,0.2388,
502,1083,0.2212,
502,4565,0.2097,
502,5189,0.2076,
502,8184,0.2017,
502,9436,0.2001,
502,4127,0.197,
502,2883,0.1965,
502,9441,0.1964,
502,7737,0.1948,
502,5984,0.193,
502,5919,0.1918,
502,7824,0.189,
502,1913,0.1863,
502,4114,0.1854,
502,7278,0.1847,
502,4057,0.1847,
502,5106,0.1838,
502,1427,0.1824,
502,8439,0.1824,
503,1488,0.1172,
503,2253,0.1153,
503,5028,0.1095,
503,8255,0.1073,
503,5630,0.1024,
503,3332,0.0991,
503,3294,0.0965,
503,6132,0.0962,
503,784,0.0944,
503,756,0.0942,
503,8258,0.0933,
503,8080,0.0916,
503,6967,0.0894,
503,4538,0.0892,
503,4292,0.089,
503,5188,0.0884,
503,5713,0.0879,
503,9406,0.087,
503,6495,0.0844,
503,7927,0.0843,
513,8127,0.1665,
513,9106,0.1546,
513,6664,0.1492,
513,7920,0.1437,
513,9062,0.1422,
513,8702,0.1344,
513,78,0.1334,
513,626,0.1334,
513,8804,0.1334,
513,7857,0.1319,
513,5233,0.1313,
513,216,0.1305,
513,1438,0.1298,
513,3596,0.1298,
513,2856,0.1296,
513,649,0.1294,
513,1626,0.1286,
513,2331,0.127,
513,3074,0.1269,
513,4340,0.1266,
964,7879,0.1804,
964,5088,0.1802,
964,8041,0.1777,
964,8585,0.1764,
964,2175,0.1759,
964,4818,0.1757,
964,9447,0.1755,
964,2926,0.1755,
964,2764,0.174,
964,5559,0.1737,
964,3815,0.1703,
964,624,0.1698,
964,5656,0.1695,
964,7049,0.1689,
964,4026,0.1676,
964,1204,0.1673,
964,4582,0.1661,
964,296,0.1657,
964,3074,0.1657,
964,3052,0.1651,
504,7633,0.204,
504,4818,0.2001,
504,8005,0.199,
504,6836,0.1984,
504,7086,0.1951,
504,4682,0.1932,
504,8488,0.1887,
504,3540,0.1869,
504,4291,0.1832,
504,3371,0.1823,
504,5794,0.182,
504,8174,0.1797,
504,2361,0.1795,
504,2770,0.1789,
504,5869,0.1786,
504,7525,0.1783,
504,1241,0.1773,
504,8087,0.1771,
504,6941,0.1767,
504,2006,0.1765,
505,6627,0.228,
505,3842,0.2257,
505,9309,0.2213,
505,882,0.2148,
505,4788,0.2073,
505,3060,0.2,
505,7475,0.1993,
505,3840,0.1971,
505,8265,0.1958,
505,4299,0.1951,
505,3770,0.1941,
505,7702,0.1928,
505,326,0.1919,
505,5467,0.1912,
505,8888,0.191,
505,7195,0.191,
505,312,0.1909,
505,4258,0.1907,
505,3345,0.1896,
505,5266,0.1893,
506,8834,0.2223,
506,78,0.2202,
506,7512,0.2174,
506,8163,0.2108,
506,273,0.208,
506,7525,0.2074,
506,7879,0.2068,
506,6120,0.2033,
506,2436,0.2022,
506,7973,0.198,
506,5195,0.1978,
506,1908,0.1957,
506,9074,0.195,
506,7514,0.195,
506,191,0.193,
506,507,0.1914,
506,1444,0.1904,
506,2252,0.1904,
506,7983,0.1899,
506,8064,0.1884,
507,5930,0.163,
507,5081,0.1611,
507,794,0.153,
507,919,0.1517,
507,5192,0.1513,
507,8592,0.1501,
507,8070,0.1484,
507,2953,0.1471,
507,5905,0.1469,
507,7252,0.1457,
507,1811,0.1445,
507,6963,0.1444,
507,7414,0.1431,
507,4058,0.143,
507,5990,0.1424,
507,2185,0.1407,
507,2665,0.1404,
507,6748,0.1382,
507,4300,0.138,
507,2108,0.1357,
508,1639,0.2718,
508,7782,0.2702,
508,8267,0.267,
508,2862,0.2653,
508,5183,0.2567,
508,1276,0.2561,
508,5376,0.2537,
508,8375,0.2514,
508,3527,0.2508,
508,6813,0.2484,
508,8566,0.2477,
508,3558,0.2476,
508,3038,0.2473,
508,2098,0.2457,
508,8477,0.2452,
508,6104,0.2437,
508,6421,0.2431,
508,5882,0.2424,
508,4209,0.2416,
508,7076,0.241,
509,4275,0.3929,
509,8374,0.389,
509,9452,0.3874,
509,2158,0.3869,
509,5773,0.3861,
509,2361,0.3841,
509,4514,0.3827,
509,2351,0.3824,
509,5583,0.3802,
509,5548,0.3797,
509,473,0.3795,
509,9407,0.3787,
509,6614,0.3784,
509,6613,0.3781,
509,6643,0.3778,
509,3540,0.3774,
509,1028,0.3773,
509,7447,0.3772,
509,2875,0.3771,
509,7853,0.3763,
510,3489,0.3525,
510,2911,0.3394,
510,5543,0.3377,
510,3650,0.3373,
510,5554,0.3354,
510,5790,0.3324,
510,248,0.3315,
510,3287,0.3307,
510,4547,0.3304,
510,4074,0.33,
510,8620,0.3291,
510,8836,0.3291,
510,5122,0.329,
510,3552,0.3288,
510,8579,0.3286,
510,4302,0.3272,
510,9032,0.3266,
510,8720,0.3261,
510,511,0.3257,
510,2459,0.3253,
511,7728,0.2479,
511,6996,0.2424,
511,2741,0.2398,
511,8130,0.2388,
511,2536,0.2367,
511,4299,0.2321,
511,3505,0.2315,
511,8322,0.2274,
511,7925,0.2251,
511,409,0.224,
511,282,0.2211,
511,8054,0.2198,
511,3840,0.2195,
511,312,0.2181,
511,5266,0.2174,
511,1496,0.2166,
511,8440,0.2164,
511,257,0.2153,
511,3440,0.2153,
511,3941,0.2135,
514,9321,0.2195,
514,9288,0.2184,
514,4582,0.2128,
514,7879,0.2061,
514,7520,0.2042,
514,2252,0.2016,
514,909,0.1987,
514,2156,0.1881,
514,1220,0.1881,
514,8585,0.1874,
514,8280,0.1821,
514,7525,0.1816,
514,4818,0.1782,
514,5484,0.178,
514,6172,0.1778,
514,4026,0.177,
514,8182,0.177,
514,455,0.175,
514,91,0.1729,
514,3282,0.1729,
515,2461,0.3211,
515,9062,0.3121,
515,6627,0.3053,
515,3432,0.3024,
515,2331,0.3022,
515,8612,0.3017,
515,7051,0.3013,
515,7568,0.2949,
515,5261,0.2934,
515,5609,0.2813,
515,7070,0.2604,
515,8769,0.2522,
515,1485,0.2511,
515,166,0.2478,
515,8433,0.2458,
515,7628,0.2447,
515,7195,0.2427,
515,7231,0.241,
515,6322,0.2398,
515,1931,0.2341,
516,7983,0.2779,
516,6220,0.2596,
516,6217,0.258,
516,8127,0.2492,
516,1530,0.2483,
516,78,0.2437,
516,2718,0.2394,
516,2159,0.2337,
516,6074,0.2322,
516,5302,0.2308,
516,7183,0.228,
516,7824,0.2263,
516,334,0.226,
516,1444,0.2248,
516,1234,0.2248,
516,3506,0.2245,
516,6174,0.2242,
516,1162,0.2223,
516,6473,0.2202,
516,4291,0.22,
517,3057,0.3375,
517,3417,0.3336,
517,355,0.3275,
517,4553,0.3223,
517,7523,0.3172,
517,2127,0.3153,
517,8905,0.3149,
517,5438,0.3131,
517,4512,0.3126,
517,3920,0.3123,
517,6376,0.3112,
517,3436,0.3104,
517,5165,0.3058,
517,6141,0.3045,
517,2874,0.3031,
517,5659,0.2992,
517,759,0.2976,
517,2566,0.2973,
517,754,0.2961,
517,6474,0.2953,
518,9034,0.2479,
518,967,0.2453,
518,3667,0.241,
518,5450,0.2403,
518,7923,0.2399,
518,9366,0.2398,
518,334,0.2368,
518,980,0.2359,
518,6754,0.2353,
518,1859,0.235,
518,3864,0.2343,
518,5397,0.2331,
518,3630,0.2327,
518,6818,0.2313,
518,7317,0.2307,
518,1332,0.2304,
518,1162,0.2304,
518,6942,0.2304,
518,6064,0.2302,
518,4962,0.23,
519,3057,0.2071,
519,2127,0.2056,
519,5165,0.2053,
519,5189,0.2036,
519,8592,0.2021,
519,4553,0.201,
519,7737,0.1993,
519,794,0.1989,
519,8905,0.1982,
519,8834,0.1948,
519,5081,0.1945,
519,5192,0.1929,
519,8070,0.1923,
519,7512,0.1897,
519,4057,0.1889,
519,4565,0.1887,
519,7523,0.188,
519,8322,0.1857,
519,2175,0.1854,
519,6376,0.181,
520,5708,0.2137,
520,5344,0.2102,
520,6430,0.2044,
520,6444,0.2039,
520,8202,0.1935,
520,6046,0.193,
520,3540,0.1924,
520,6431,0.1891,
520,8036,0.1887,
520,164,0.1862,
520,4744,0.1846,
520,7633,0.1843,
520,1028,0.1834,
520,8571,0.1834,
520,5716,0.1818,
520,7140,0.1818,
520,920,0.1815,
520,7116,0.1815,
520,5081,0.1801,
520,5453,0.1798,
521,1828,0.3299,
521,213,0.3167,
521,2315,0.3166,
521,7334,0.3159,
521,3027,0.3143,
521,2281,0.311,
521,9293,0.3103,
521,1780,0.3077,
521,2020,0.3009,
521,7832,0.3003,
521,5036,0.2969,
521,154,0.2963,
521,1686,0.2959,
521,3268,0.2959,
521,7921,0.2955,
521,9430,0.2942,
521,8103,0.2937,
521,7840,0.2927,
521,8338,0.2914,
521,4313,0.2905,
522,1869,0.2628,
522,95,0.2617,
522,6472,0.2599,
522,5113,0.2584,
522,9070,0.2582,
522,8769,0.2576,
522,3261,0.2574,
522,4474,0.2572,
522,1636,0.2568,
522,8880,0.2563,
522,1796,0.2556,
522,5590,0.2554,
522,896,0.2549,
522,8118,0.2538,
522,5176,0.2538,
522,7132,0.2534,
522,7987,0.2528,
522,6940,0.2527,
522,7503,0.2522,
522,2972,0.2522,
523,1215,0.2789,
523,7973,0.2632,
523,4531,0.2619,
523,169,0.2598,
523,6656,0.2597,
523,6442,0.2574,
523,6174,0.254,
523,5894,0.2521,
523,3379,0.248,
523,2724,0.248,
523,282,0.2452,
523,7870,0.2437,
523,2536,0.2419,
523,7857,0.2413,
523,6807,0.2412,
523,1962,0.2411,
523,5809,0.2407,
523,1647,0.2403,
523,320,0.2399,
523,8322,0.2392,
524,8556,0.201,
524,8336,0.1988,
524,1157,0.1971,
524,3315,0.1962,
524,2611,0.1962,
524,6555,0.1959,
524,4081,0.1953,
524,1985,0.1931,
524,5560,0.191,
524,6859,0.1908,
524,6265,0.1898,
524,280,0.1883,
524,6453,0.1861,
524,6874,0.1853,
524,1807,0.1853,
524,4344,0.1853,
524,7471,0.1849,
524,4217,0.184,
524,2662,0.1837,
524,6776,0.1829,
525,9273,0.1992,
525,630,0.1985,
525,7977,0.1879,
525,9436,0.1804,
525,5930,0.1744,
525,736,0.1724,
525,2800,0.1712,
525,4127,0.1706,
525,4189,0.1706,
525,1330,0.1676,
525,3516,0.1658,
525,2837,0.1646,
525,3296,0.1625,
525,6803,0.1623,
525,7512,0.1609,
525,6613,0.1594,
525,3202,0.1583,
525,338,0.1577,
525,6433,0.1572,
525,5081,0.1566,
526,3540,0.2349,
526,4682,0.2275,
526,7633,0.2166,
526,5708,0.216,
526,2361,0.2086,
526,5344,0.2056,
526,1028,0.2029,
526,6431,0.2026,
526,4455,0.2013,
526,7140,0.2011,
526,5716,0.1991,
526,4291,0.1982,
526,8662,0.1976,
526,7265,0.1973,
526,6074,0.1955,
526,7672,0.1946,
526,2006,0.1945,
526,6613,0.1928,
526,1363,0.1913,
526,4727,0.19,
527,7371,0.2113,
527,7195,0.2106,
527,3202,0.2006,
527,2461,0.2004,
527,3897,0.2002,
527,8067,0.1971,
527,2331,0.1962,
527,9062,0.1914,
527,8769,0.19,
527,3840,0.1895,
527,4299,0.1883,
527,3871,0.1879,
527,4041,0.1871,
527,6701,0.187,
527,7453,0.187,
527,2255,0.1866,
527,616,0.186,
527,4127,0.1855,
527,2764,0.1845,
527,9436,0.1845,
528,4344,0.3421,
528,5808,0.3354,
528,4149,0.3026,
528,7188,0.3022,
528,5728,0.3002,
528,1630,0.2996,
528,8045,0.2988,
528,6494,0.2966,
528,77,0.2953,
528,8699,0.2949,
528,4906,0.2934,
528,1786,0.2914,
528,4005,0.2912,
528,7471,0.2912,
528,1157,0.2908,
528,9180,0.2904,
528,1807,0.2902,
528,8336,0.2888,
528,3672,0.2883,
528,280,0.2882,
529,3074,0.2598,
529,4291,0.2493,
529,9447,0.2492,
529,296,0.246,
529,2764,0.2444,
529,2926,0.2444,
529,5716,0.2392,
529,6613,0.2382,
529,2255,0.2355,
529,6849,0.2347,
529,4057,0.2324,
529,6940,0.2301,
529,4240,0.2291,
529,3836,0.2289,
529,8763,0.2284,
529,5837,0.2276,
529,8806,0.2272,
529,2418,0.2258,
529,8880,0.2252,
529,6614,0.2249,
530,6444,0.2618,
530,919,0.2351,
530,6701,0.2346,
530,2053,0.2309,
530,846,0.2282,
530,8769,0.2212,
530,4041,0.2199,
530,2891,0.2145,
530,6940,0.2133,
530,8806,0.2122,
530,9447,0.2105,
530,1858,0.2103,
530,5505,0.2056,
530,5176,0.2056,
530,9070,0.2049,
530,4848,0.2049,
530,3349,0.2039,
530,7701,0.2039,
530,6824,0.2038,
530,3933,0.2034,
531,8410,0.3814,
531,5089,0.3804,
531,99,0.3787,
531,6683,0.3609,
531,973,0.3599,
531,4736,0.3568,
531,4013,0.3541,
531,5754,0.3539,
531,2714,0.3495,
531,1716,0.3477,
531,6896,0.3471,
531,1309,0.3468,
531,1407,0.3467,
531,3260,0.3454,
531,9013,0.3452,
531,8004,0.3422,
531,7662,0.3421,
531,9161,0.3413,
531,8602,0.3411,
531,5722,0.3401,
532,6442,0.233,
532,6803,0.2284,
532,307,0.2257,
532,7917,0.2183,
532,5109,0.2058,
532,7494,0.2,
532,951,0.1992,
532,4396,0.198,
532,3067,0.1972,
532,6565,0.1969,
532,736,0.192,
532,1504,0.1894,
532,2298,0.1833,
532,1330,0.1825,
532,9273,0.1825,
532,7313,0.1818,
532,5716,0.1812,
532,3540,0.1795,
532,453,0.176,
532,8131,0.1714,
533,2461,0.2536,
533,3432,0.2371,
533,9062,0.234,
533,6627,0.2269,
533,7051,0.222,
533,9394,0.2125,
533,5261,0.2073,
533,7568,0.2036,
533,8612,0.2035,
533,7070,0.201,
533,6803,0.199,
533,7628,0.1973,
533,2331,0.1972,
533,6998,0.1934,
533,7231,0.1914,
533,2344,0.1876,
533,1485,0.1847,
533,166,0.1847,
533,5609,0.1822,
533,8693,0.1806,
534,338,0.239,
534,5642,0.2316,
534,4523,0.2228,
534,4565,0.2196,
534,4286,0.219,
534,3516,0.218,
534,9436,0.2169,
534,6478,0.2113,
534,8834,0.2108,
534,7173,0.2099,
534,6504,0.2079,
534,7512,0.2057,
534,6542,0.205,
534,965,0.2041,
534,4057,0.2039,
534,5189,0.2038,
534,6613,0.2036,
534,2926,0.2033,
534,3356,0.2011,
534,5984,0.1994,
535,9366,0.2961,
535,967,0.292,
535,334,0.2908,
535,980,0.2901,
535,5450,0.2867,
535,7923,0.2841,
535,8192,0.2839,
535,9034,0.2833,
535,1859,0.2831,
535,6818,0.2804,
535,1162,0.28,
535,3864,0.2779,
535,3630,0.2777,
535,6064,0.2774,
535,6781,0.2763,
535,7317,0.2762,
535,5397,0.2761,
535,5356,0.2732,
535,6942,0.2731,
535,6754,0.2726,
536,3516,0.1826,
536,5189,0.1733,
536,9436,0.1611,
536,239,0.1571,
536,8834,0.1544,
536,3025,0.1533,
536,6478,0.1529,
536,3398,0.1511,
536,1684,0.1485,
536,1902,0.1484,
536,4114,0.148,
536,8439,0.1471,
536,7015,0.1466,
536,3442,0.1464,
536,352,0.146,
536,1081,0.1458,
536,7737,0.1448,
536,2718,0.1433,
536,9267,0.1432,
536,4523,0.1425,
537,6174,0.2625,
537,7973,0.2525,
537,3840,0.2519,
537,8322,0.2496,
537,1909,0.2449,
537,4299,0.2438,
537,1207,0.2432,
537,6208,0.2426,
537,4531,0.2417,
537,7825,0.2402,
537,78,0.2382,
537,7824,0.2381,
537,5716,0.2367,
537,8470,0.2365,
537,8888,0.2344,
537,7870,0.2344,
537,2510,0.2325,
537,1215,0.2315,
537,282,0.2312,
537,2663,0.2306,
538,8769,0.2488,
538,1858,0.2436,
538,6701,0.2342,
538,6444,0.2334,
538,8433,0.228,
538,2053,0.2268,
538,919,0.2256,
538,4831,0.2244,
538,4819,0.2218,
538,9384,0.2204,
538,8118,0.2193,
538,8273,0.2187,
538,5943,0.2167,
538,6940,0.2162,
538,846,0.2152,
538,5603,0.2145,
538,8806,0.2137,
538,1318,0.2136,
538,2764,0.2128,
538,9062,0.2127,
539,973,0.1953,
539,5754,0.1838,
539,1669,0.1744,
539,7249,0.174,
539,6896,0.1718,
539,3436,0.1707,
539,3327,0.1685,
539,444,0.1647,
539,2080,0.1642,
539,4132,0.1638,
539,8992,0.1637,
539,1521,0.1635,
539,6716,0.162,
539,3224,0.1599,
539,5165,0.1596,
539,1361,0.1585,
539,7273,0.1581,
539,3489,0.1561,
539,8620,0.1555,
539,998,0.1548,
540,6442,0.2288,
540,2298,0.219,
540,5109,0.2144,
540,6565,0.2139,
540,951,0.2138,
540,7917,0.2117,
540,7494,0.206,
540,307,0.1991,
540,1858,0.1928,
540,1504,0.1884,
540,4396,0.1878,
540,3067,0.1817,
540,453,0.1805,
540,6803,0.1805,
540,9384,0.1751,
540,7313,0.1716,
540,922,0.1694,
540,3024,0.1678,
540,4190,0.1669,
540,4875,0.1637,
541,9452,0.2892,
541,8940,0.2889,
541,9135,0.263,
541,5971,0.2619,
541,4275,0.2616,
541,2158,0.2551,
541,2606,0.2548,
541,6614,0.2538,
541,5583,0.253,
541,993,0.2516,
541,8681,0.2514,
541,608,0.2513,
541,2029,0.2508,
541,5157,0.2504,
541,7447,0.2498,
541,7853,0.2498,
541,66,0.2492,
541,9407,0.2488,
541,8551,0.2487,
541,4514,0.2486,
542,8470,0.275,
542,4291,0.2724,
542,8322,0.2612,
542,6613,0.2594,
542,4057,0.256,
542,78,0.2553,
542,4819,0.2461,
542,8679,0.2445,
542,409,0.2398,
542,8834,0.2369,
542,3074,0.2358,
542,7964,0.2353,
542,8115,0.234,
542,5494,0.2335,
542,3178,0.2312,
542,5189,0.231,
542,1626,0.2303,
542,3066,0.2294,
542,3840,0.2292,
542,3787,0.228,
543,239,0.2344,
543,7453,0.222,
543,1337,0.2197,
543,3744,0.2168,
543,155,0.2154,
543,7628,0.2104,
543,2433,0.2084,
543,5967,0.2061,
543,7748,0.2058,
543,5343,0.2034,
543,8146,0.2007,
543,8965,0.2003,
543,4819,0.2,
543,2401,0.1997,
543,2461,0.1994,
543,8079,0.1986,
543,8968,0.1978,
543,4127,0.1973,
543,2385,0.1971,
543,4886,0.1963,
544,6613,0.3363,
544,4275,0.3164,
544,66,0.3135,
544,8940,0.3112,
544,307,0.311,
544,6643,0.3073,
544,3787,0.3066,
544,4057,0.3054,
544,2158,0.305,
544,8551,0.3041,
544,5157,0.3041,
544,6499,0.3026,
544,7447,0.3021,
544,2606,0.3012,
544,2351,0.3007,
544,5969,0.3004,
544,5548,0.3004,
544,2361,0.3001,
544,5971,0.2994,
544,6614,0.2993,
545,3245,0.246,
545,8007,0.2284,
545,409,0.2225,
545,8190,0.2216,
545,5444,0.2167,
545,8322,0.2158,
545,5356,0.2117,
545,6183,0.2109,
545,3259,0.208,
545,4773,0.207,
545,5243,0.207,
545,8250,0.2061,
545,8481,0.2059,
545,1097,0.2054,
545,2080,0.2048,
545,5217,0.2042,
545,8360,0.2039,
545,1859,0.2028,
545,8470,0.2023,
545,7964,0.2008,
548,3245,0.3123,
548,8190,0.3057,
548,2256,0.2855,
548,5319,0.2842,
548,4495,0.2779,
548,6224,0.2767,
548,7558,0.2767,
548,84,0.2736,
548,3646,0.2727,
548,5199,0.272,
548,5001,0.2704,
548,732,0.2693,
548,5037,0.2682,
548,498,0.2664,
548,6180,0.2621,
548,2873,0.2599,
548,7978,0.2593,
548,1184,0.2592,
548,7602,0.2583,
548,5114,0.2582,
549,1000,0.2317,
549,5010,0.2302,
549,7879,0.2225,
549,5882,0.2089,
549,7486,0.2079,
549,8834,0.2006,
549,8585,0.1987,
549,7044,0.1963,
549,8980,0.1958,
549,4041,0.1956,
549,6183,0.1953,
549,9149,0.1953,
549,3878,0.1951,
549,4112,0.1948,
549,1416,0.1942,
549,3299,0.1919,
549,1716,0.1914,
549,8130,0.1905,
549,6504,0.1898,
549,6192,0.1896,
550,6849,0.2075,
550,4291,0.1883,
550,8005,0.1864,
550,7638,0.186,
550,1162,0.185,
550,3921,0.185,
550,4353,0.1834,
550,1908,0.183,
550,5223,0.1798,
550,3787,0.177,
550,9007,0.1762,
550,5639,0.1747,
550,8470,0.1746,
550,6614,0.1745,
550,8585,0.1739,
550,2145,0.1736,
550,1097,0.1726,
550,7622,0.1724,
550,7724,0.1708,
550,8481,0.1704,
551,3436,0.3251,
551,355,0.3146,
551,7523,0.3118,
551,2874,0.3007,
551,5999,0.298,
551,4553,0.2939,
551,5438,0.293,
551,8905,0.2924,
551,3920,0.2917,
551,2127,0.2896,
551,6141,0.2889,
551,5659,0.2876,
551,4512,0.2867,
551,8221,0.2853,
551,754,0.2837,
551,5165,0.2827,
551,3057,0.2818,
551,3417,0.2803,
551,6376,0.2796,
551,2566,0.2789,
552,334,0.1757,
552,8192,0.1751,
552,980,0.1694,
552,1859,0.1693,
552,6818,0.1685,
552,8481,0.1682,
552,6754,0.1663,
552,3864,0.1648,
552,7923,0.1645,
552,4962,0.1643,
552,967,0.1642,
552,9034,0.1641,
552,6781,0.164,
552,5450,0.1638,
552,1162,0.1638,
552,455,0.1627,
552,9366,0.1626,
552,4618,0.1618,
552,5246,0.1617,
552,7606,0.1615,
553,5882,0.2592,
553,432,0.2532,
553,1341,0.233,
553,616,0.2237,
553,8410,0.2185,
553,1736,0.218,
553,1908,0.2174,
553,8980,0.2168,
553,1626,0.2165,
553,1659,0.2161,
553,4558,0.213,
553,3722,0.2104,
553,1444,0.2102,
553,8748,0.2094,
553,78,0.2064,
553,7966,0.2051,
553,720,0.2046,
553,3930,0.2044,
553,3345,0.204,
553,6113,0.2038,
554,5149,0.2244,
554,2373,0.2089,
554,534,0.2079,
554,5559,0.1923,
554,7825,0.1907,
554,1241,0.1852,
554,8763,0.1846,
554,8551,0.1791,
554,1902,0.1791,
554,7486,0.179,
554,9062,0.1786,
554,4271,0.1784,
554,2510,0.1783,
554,4317,0.1774,
554,919,0.1766,
554,3693,0.1765,
554,4041,0.1756,
554,8693,0.1747,
554,4035,0.1743,
554,4628,0.1735,
563,2764,0.2261,
563,296,0.2209,
563,338,0.2105,
563,7638,0.2081,
563,6613,0.1983,
563,1908,0.1934,
563,5201,0.192,
563,2926,0.1915,
563,8834,0.191,
563,3886,0.1893,
563,2255,0.1873,
563,5511,0.1869,
563,4622,0.1864,
563,6849,0.1863,
563,6517,0.1837,
563,6433,0.1817,
563,8692,0.1803,
563,6504,0.1802,
563,2418,0.1796,
563,1292,0.1794,
564,352,0.1938,
564,8447,0.1921,
564,2589,0.192,
564,7965,0.1887,
564,7919,0.1866,
564,6316,0.1799,
564,6784,0.1787,
564,9062,0.1777,
564,8322,0.1766,
564,1465,0.176,
564,9071,0.1755,
564,1337,0.1747,
564,1930,0.1743,
564,9185,0.1739,
564,7652,0.1732,
564,5185,0.1731,
564,2591,0.1728,
564,6038,0.1722,
564,409,0.1711,
564,2420,0.1705,
555,8834,0.243,
555,7824,0.2389,
555,5189,0.2339,
555,4057,0.2122,
555,455,0.2106,
555,6613,0.2083,
555,1427,0.208,
555,7883,0.2065,
555,5223,0.2061,
555,5681,0.2045,
555,9337,0.2029,
555,4175,0.2026,
555,3088,0.2025,
555,3743,0.2021,
555,9062,0.1999,
555,291,0.1989,
555,3516,0.1976,
555,6753,0.1947,
555,8240,0.1937,
555,3989,0.1933,
556,6174,0.2726,
556,5189,0.2694,
556,5882,0.266,
556,78,0.2596,
556,4848,0.2496,
556,282,0.2493,
556,2536,0.2432,
556,455,0.2395,
556,7973,0.2377,
556,7824,0.2373,
556,399,0.2372,
556,8322,0.2349,
556,4531,0.234,
556,7870,0.2337,
556,8888,0.2323,
556,1909,0.2322,
556,8206,0.2314,
556,4810,0.2311,
556,4299,0.2306,
556,4565,0.2305,
557,6051,0.2556,
557,1987,0.2522,
557,1647,0.2501,
557,3379,0.2458,
557,257,0.2457,
557,7973,0.2437,
557,2732,0.243,
557,8673,0.2406,
557,5077,0.2395,
557,6753,0.2384,
557,249,0.2364,
557,5390,0.2357,
557,6116,0.2347,
557,6656,0.2342,
557,1278,0.2336,
557,8842,0.2325,
557,4168,0.2322,
557,9283,0.2317,
557,9284,0.2312,
557,203,0.2309,
558,4582,0.2214,
558,7879,0.2214,
558,2175,0.2055,
558,8834,0.2036,
558,7824,0.2026,
558,5010,0.1977,
558,9288,0.1974,
558,9089,0.197,
558,8054,0.1952,
558,6212,0.1951,
558,7044,0.1944,
558,4303,0.1934,
558,338,0.1922,
558,624,0.192,
558,8087,0.1911,
558,6792,0.1902,
558,7086,0.1893,
558,8041,0.1883,
558,4026,0.1882,
558,4818,0.1882,
559,6430,0.211,
559,6444,0.2005,
559,8571,0.1956,
559,2926,0.1949,
559,8036,0.1891,
559,2764,0.1885,
559,2019,0.1862,
559,919,0.1838,
559,9447,0.1834,
559,3516,0.1801,
559,8276,0.1795,
559,9213,0.1754,
559,4622,0.1735,
559,9436,0.1731,
559,5868,0.173,
559,5684,0.1713,
559,6701,0.1681,
559,3933,0.1676,
559,9422,0.1674,
559,5930,0.1674,
560,9352,0.3258,
560,4370,0.3215,
560,4667,0.3148,
560,3375,0.307,
560,6943,0.3068,
560,17,0.3,
560,6744,0.2994,
560,478,0.2993,
560,2309,0.2988,
560,4617,0.2986,
560,7535,0.2973,
560,7813,0.2963,
560,8811,0.296,
560,1754,0.2956,
560,6716,0.2947,
560,1064,0.2946,
560,8889,0.294,
560,3657,0.2937,
560,3144,0.2935,
560,7951,0.2927,
561,5559,0.2129,
561,3989,0.2077,
561,1902,0.2066,
561,1241,0.2049,
561,7633,0.2015,
561,2926,0.1978,
561,155,0.1971,
561,919,0.1924,
561,3516,0.1922,
561,7453,0.1911,
561,6174,0.19,
561,239,0.1894,
561,5761,0.189,
561,4819,0.1887,
561,8079,0.1875,
561,3039,0.187,
561,8978,0.1865,
561,6104,0.1863,
561,5930,0.1851,
561,3744,0.1841,
562,1165,0.1999,
562,6174,0.1931,
562,1207,0.1927,
562,5741,0.1918,
562,4531,0.1917,
562,5716,0.189,
562,399,0.1886,
562,7870,0.1852,
562,2356,0.1844,
562,8834,0.1827,
562,7973,0.1823,
562,5189,0.1808,
562,5927,0.1797,
562,4747,0.1792,
562,1162,0.179,
562,3379,0.1787,
562,4057,0.178,
562,7825,0.1771,
562,334,0.1762,
562,7300,0.1754,
565,4258,0.1896,
565,4299,0.1882,
565,7070,0.1837,
565,326,0.1825,
565,8130,0.1824,
565,9062,0.1812,
565,3840,0.1785,
565,4657,0.1783,
565,882,0.1753,
565,3941,0.1738,
565,5261,0.1732,
565,9322,0.1722,
565,614,0.1715,
565,3060,0.1712,
565,7925,0.1702,
565,5266,0.17,
565,3564,0.1699,
565,5187,0.169,
565,312,0.1689,
565,3871,0.1679,
566,8749,0.2704,
566,1227,0.2682,
566,7571,0.2664,
566,7892,0.2655,
566,4313,0.2601,
566,3245,0.2594,
566,777,0.2558,
566,6767,0.2558,
566,3279,0.2551,
566,2256,0.255,
566,1478,0.2532,
566,7652,0.2528,
566,5356,0.2511,
566,7832,0.2492,
566,7602,0.2484,
566,1983,0.2475,
566,7334,0.2455,
566,9048,0.2449,
566,732,0.2445,
566,2316,0.2439,
567,7273,0.1832,
567,5165,0.1759,
567,8905,0.1732,
567,355,0.1726,
567,4553,0.167,
567,2874,0.1647,
567,6474,0.1646,
567,3920,0.1645,
567,2127,0.1641,
567,8221,0.1631,
567,7523,0.1625,
567,3436,0.1608,
567,5438,0.1604,
567,3057,0.1596,
567,6141,0.1595,
567,3417,0.1581,
567,754,0.158,
567,5659,0.1575,
567,2566,0.1573,
567,4512,0.157,
568,8322,0.2391,
568,8804,0.2373,
568,5001,0.2272,
568,8190,0.2259,
568,4091,0.2228,
568,7747,0.2222,
568,246,0.2212,
568,4231,0.2188,
568,7517,0.2149,
568,3178,0.2124,
568,216,0.2122,
568,7964,0.2116,
568,8470,0.2114,
568,3245,0.2109,
568,8115,0.2109,
568,78,0.2095,
568,7558,0.2093,
568,1337,0.2075,
568,1859,0.207,
568,1908,0.207,
569,4962,0.2768,
569,9337,0.2754,
569,6781,0.2646,
569,364,0.2634,
569,980,0.2632,
569,8192,0.262,
569,334,0.262,
569,6942,0.2618,
569,9034,0.2613,
569,967,0.2609,
569,7923,0.2594,
569,9366,0.2593,
569,6754,0.2593,
569,5356,0.2591,
569,7317,0.259,
569,5246,0.259,
569,5397,0.2584,
569,3630,0.2582,
569,1859,0.2582,
569,6818,0.2582,
570,7825,0.2462,
570,6174,0.2439,
570,1908,0.2401,
570,4531,0.2381,
570,455,0.2375,
570,1207,0.2334,
570,78,0.2314,
570,169,0.2307,
570,5030,0.2277,
570,2536,0.2265,
570,249,0.226,
570,7973,0.2244,
570,790,0.2185,
570,712,0.2179,
570,2356,0.2166,
570,8440,0.2166,
570,6807,0.2164,
570,2663,0.2155,
570,5535,0.2151,
570,5149,0.2149,
571,6896,0.3786,
571,4013,0.376,
571,6716,0.3746,
571,444,0.3676,
571,8768,0.3642,
571,3260,0.3641,
571,973,0.3605,
571,1202,0.3599,
571,9161,0.3576,
571,9013,0.3574,
571,8712,0.3547,
571,7102,0.3543,
571,4957,0.3542,
571,5754,0.3533,
571,1088,0.3526,
571,3970,0.3526,
571,9412,0.3516,
571,7277,0.3503,
571,133,0.3477,
571,2382,0.3465,
572,9452,0.3297,
572,4275,0.3206,
572,3151,0.3154,
572,4514,0.3149,
572,4727,0.3137,
572,1263,0.3128,
572,3787,0.3107,
572,983,0.3105,
572,2351,0.3097,
572,2158,0.3096,
572,2606,0.309,
572,8374,0.3083,
572,221,0.3066,
572,1028,0.3063,
572,5548,0.3056,
572,2160,0.3056,
572,2361,0.3055,
572,2875,0.3054,
572,9407,0.3054,
572,4252,0.3051,
573,5011,0.202,
573,1081,0.1978,
573,9394,0.1919,
573,2344,0.19,
573,2461,0.1898,
573,6998,0.1894,
573,6803,0.1827,
573,2401,0.1816,
573,8968,0.1799,
573,7578,0.1796,
573,850,0.1791,
573,3202,0.1791,
573,5967,0.1779,
573,5619,0.1765,
573,3917,0.1756,
573,1054,0.1751,
573,2385,0.1742,
573,5343,0.1724,
573,5409,0.1698,
573,4544,0.1693,
574,6174,0.2543,
574,7973,0.2322,
574,7825,0.2301,
574,399,0.2289,
574,5030,0.2235,
574,5412,0.2144,
574,7870,0.2144,
574,4810,0.2139,
574,4531,0.2132,
574,8064,0.2117,
574,3379,0.2115,
574,455,0.2113,
574,7883,0.2089,
574,8834,0.2089,
574,82,0.2054,
574,3977,0.2054,
574,1241,0.2053,
574,4175,0.205,
574,3572,0.2023,
574,9328,0.2022,
575,2969,0.2123,
575,4276,0.212,
575,7960,0.212,
575,7135,0.2096,
575,6670,0.207,
575,1005,0.2056,
575,299,0.2054,
575,7359,0.2044,
575,6045,0.2035,
575,7985,0.2017,
575,6514,0.2014,
575,53,0.201,
575,6409,0.2001,
575,5652,0.1995,
575,2125,0.1982,
575,914,0.1982,
575,4763,0.1974,
575,2440,0.197,
575,6958,0.1969,
575,4765,0.1945,
1016,8184,0.1631,
1016,1083,0.1468,
1016,5106,0.1421,
1016,2883,0.1398,
1016,9309,0.1396,
1016,9213,0.1379,
1016,3693,0.1351,
1016,1913,0.1349,
1016,1902,0.1344,
1016,1972,0.1292,
1016,4127,0.1287,
1016,5967,0.1286,
1016,8875,0.1272,
1016,269,0.1266,
1016,5343,0.126,
1016,1704,0.1253,
1016,1696,0.1248,
1016,2573,0.1229,
1016,2385,0.1221,
1016,4622,0.1203,
576,7525,0.2494,
576,8163,0.2293,
576,3506,0.2261,
576,78,0.2255,
576,4291,0.2245,
576,6173,0.22,
576,6835,0.2138,
576,3259,0.2131,
576,821,0.2117,
576,3816,0.2096,
576,8843,0.2092,
576,6160,0.2079,
576,7879,0.2022,
576,683,0.202,
576,2252,0.2019,
576,9431,0.201,
576,295,0.2,
576,3219,0.1993,
576,7520,0.1983,
576,1004,0.1973,
577,2461,0.2414,
577,9394,0.2169,
577,7628,0.2037,
577,6998,0.199,
577,2373,0.1939,
577,6803,0.1878,
577,8769,0.187,
577,2344,0.1841,
577,3516,0.1814,
577,3432,0.1806,
577,4940,0.1801,
577,8002,0.1783,
577,4643,0.1771,
577,850,0.173,
577,5919,0.1716,
577,5507,0.1714,
577,9436,0.1701,
577,8395,0.1692,
577,5619,0.1689,
577,4831,0.1679,
578,4312,0.1751,
578,7950,0.1734,
578,5245,0.1729,
578,5727,0.1721,
578,1162,0.1714,
578,164,0.1712,
578,4962,0.1709,
578,3039,0.1696,
578,1485,0.1672,
578,4102,0.167,
578,3244,0.1663,
578,3864,0.1658,
578,3013,0.165,
578,5770,0.1633,
578,368,0.1631,
578,2184,0.1631,
578,7317,0.1619,
578,3652,0.1614,
578,6251,0.1611,
578,5397,0.161,
579,2252,0.2343,
579,2555,0.2289,
579,500,0.2125,
579,4582,0.2118,
579,2429,0.1996,
579,1127,0.1978,
579,8087,0.1942,
579,5484,0.194,
579,6975,0.1939,
579,8585,0.1933,
579,8127,0.1933,
579,9114,0.1917,
579,4576,0.191,
579,463,0.1895,
579,7049,0.1881,
579,7521,0.1871,
579,8041,0.1867,
579,8488,0.1862,
579,409,0.1855,
579,7086,0.1854,
580,7205,0.1579,
580,3665,0.1562,
580,2702,0.1547,
580,2371,0.1458,
580,5803,0.1428,
580,9267,0.1425,
580,5238,0.142,
580,9175,0.1418,
580,6577,0.1388,
580,7824,0.1382,
580,3527,0.1356,
580,6084,0.1352,
580,8600,0.135,
580,4772,0.1344,
580,7058,0.1341,
580,6038,0.1337,
580,2795,0.1332,
580,8267,0.1324,
580,8393,0.1313,
580,8326,0.131,
587,307,0.2984,
587,6613,0.2452,
587,66,0.2397,
587,2770,0.2364,
587,9452,0.236,
587,4275,0.2346,
587,6442,0.2344,
587,5223,0.2333,
587,5094,0.2316,
587,3787,0.2303,
587,6643,0.2296,
587,7633,0.2272,
587,6499,0.2267,
587,2158,0.2266,
587,4682,0.2262,
587,6066,0.2257,
587,5519,0.2257,
587,5548,0.2253,
587,9341,0.2251,
587,1263,0.225,
581,4736,0.4243,
581,2687,0.4194,
581,6819,0.4171,
581,5089,0.4123,
581,1309,0.4084,
581,8620,0.4065,
581,5754,0.4005,
581,7662,0.4004,
581,99,0.3984,
581,973,0.398,
581,4013,0.3977,
581,5932,0.3972,
581,8410,0.3967,
581,6100,0.3965,
581,7104,0.3926,
581,7249,0.3887,
581,3260,0.3877,
581,2652,0.3863,
581,8653,0.3859,
581,9013,0.3842,
582,7879,0.185,
582,9436,0.1669,
582,8182,0.1648,
582,4303,0.1636,
582,7868,0.1531,
582,2175,0.1515,
582,6021,0.1499,
582,3505,0.1496,
582,376,0.1494,
582,7386,0.1492,
582,5010,0.1485,
582,1204,0.1475,
582,2148,0.1463,
582,463,0.1443,
582,3815,0.1417,
582,3516,0.1399,
582,8041,0.1392,
582,4713,0.1381,
582,6830,0.137,
582,4795,0.1367,
583,736,0.2493,
583,8131,0.2396,
583,3540,0.2222,
583,307,0.222,
583,9273,0.2019,
583,2837,0.1914,
583,6803,0.1879,
583,7633,0.1831,
583,630,0.1787,
583,4189,0.1785,
583,3787,0.1783,
583,4514,0.178,
583,6613,0.1778,
583,2452,0.1771,
583,6066,0.1756,
583,3202,0.175,
583,473,0.1738,
583,5971,0.1727,
583,2642,0.1723,
583,6499,0.1722,
584,7200,0.2014,
584,5526,0.2011,
584,2926,0.1997,
584,4622,0.1996,
584,2255,0.1954,
584,8118,0.1942,
584,919,0.1934,
584,8769,0.1928,
584,1205,0.1919,
584,9447,0.1901,
584,1858,0.1888,
584,4340,0.1872,
584,7331,0.1869,
584,4831,0.1831,
584,9062,0.1811,
584,8471,0.1803,
584,7438,0.1793,
584,282,0.1791,
584,2528,0.179,
584,1083,0.1781,
585,334,0.179,
585,3864,0.1756,
585,8192,0.1754,
585,8481,0.1751,
585,7825,0.1749,
585,7923,0.1709,
585,7317,0.1701,
585,1859,0.1699,
585,9366,0.169,
585,5450,0.1688,
585,1162,0.1684,
585,6064,0.1676,
585,6781,0.1673,
585,9034,0.1672,
585,980,0.1661,
585,5246,0.1659,
585,6818,0.1655,
585,4962,0.1653,
585,5356,0.1653,
585,1908,0.1646,
586,8500,0.2351,
586,7901,0.2238,
586,3998,0.2141,
586,1797,0.2069,
586,8741,0.2042,
586,6287,0.1977,
586,6310,0.1946,
586,3112,0.1936,
586,8054,0.1921,
586,1054,0.1919,
586,2981,0.1914,
586,7288,0.1908,
586,4127,0.1885,
586,3365,0.188,
586,7736,0.1842,
586,4346,0.1799,
586,6068,0.1789,
586,3711,0.1782,
586,1902,0.1759,
586,5967,0.1751,
603,9273,0.2025,
603,3202,0.1822,
603,6803,0.1813,
603,5343,0.1788,
603,2837,0.1761,
603,1167,0.176,
603,4274,0.1742,
603,2174,0.1729,
603,7453,0.1724,
603,5967,0.1718,
603,3744,0.1712,
603,2385,0.1707,
603,2433,0.1707,
603,1054,0.1691,
603,4608,0.169,
603,1330,0.1652,
603,8720,0.1642,
603,5106,0.164,
603,7586,0.1636,
603,1704,0.1627,
604,4788,0.1998,
604,7195,0.1885,
604,3871,0.1828,
604,882,0.1811,
604,4299,0.179,
604,5642,0.1788,
604,5187,0.1779,
604,3941,0.1774,
604,3060,0.1767,
604,3564,0.176,
604,4657,0.1758,
604,3840,0.1749,
604,7925,0.1745,
604,8130,0.1743,
604,5467,0.174,
604,9322,0.174,
604,326,0.1733,
604,33,0.1724,
604,614,0.1722,
604,312,0.1719,
605,355,0.2646,
605,3516,0.2103,
605,3057,0.1976,
605,5438,0.1976,
605,4403,0.1974,
605,2874,0.1967,
605,3436,0.1961,
605,2127,0.1953,
605,9436,0.1946,
605,7523,0.1937,
605,759,0.1934,
605,4553,0.1917,
605,4512,0.1915,
605,8905,0.1913,
605,6835,0.1911,
605,3920,0.1908,
605,6141,0.1904,
605,7273,0.1897,
605,1081,0.1896,
605,754,0.1884,
588,8769,0.2221,
588,8118,0.2166,
588,919,0.216,
588,2764,0.2002,
588,4831,0.1945,
588,8273,0.1909,
588,2461,0.1906,
588,6517,0.1885,
588,1858,0.1884,
588,8978,0.1882,
588,534,0.1881,
588,7628,0.186,
588,4682,0.1857,
588,9070,0.1854,
588,1485,0.1845,
588,1636,0.1844,
588,7051,0.1842,
588,2053,0.1834,
588,5590,0.1834,
588,6701,0.1833,
589,8470,0.2689,
589,5583,0.2644,
589,6174,0.2616,
589,6973,0.2588,
589,8322,0.2543,
589,7031,0.2514,
589,6614,0.2505,
589,2994,0.2444,
589,5465,0.2414,
589,1337,0.2399,
589,7964,0.2397,
589,2536,0.2393,
589,5708,0.239,
589,4531,0.2386,
589,164,0.2355,
589,5001,0.2354,
589,409,0.2352,
589,7558,0.2328,
589,2795,0.2318,
589,5319,0.2297,
590,8410,0.2979,
590,616,0.2882,
590,99,0.2765,
590,1716,0.2726,
590,4115,0.2697,
590,5882,0.266,
590,8980,0.2658,
590,5246,0.2652,
590,8192,0.2592,
590,1659,0.2589,
590,3356,0.2557,
590,1508,0.2557,
590,5450,0.2548,
590,4667,0.2547,
590,4736,0.2493,
590,3345,0.2479,
590,6598,0.247,
590,6896,0.2466,
590,1341,0.2458,
590,973,0.2457,
591,5952,0.1158,
591,5646,0.113,
591,4670,0.1111,
591,9309,0.1069,
591,8184,0.1065,
591,5786,0.1059,
591,577,0.1055,
591,1445,0.1054,
591,5414,0.1023,
591,3170,0.1022,
591,7474,0.1022,
591,4647,0.1013,
591,5779,0.0994,
591,1411,0.0993,
591,2702,0.0992,
591,6084,0.0991,
591,8875,0.0982,
591,5534,0.0975,
591,8047,0.0974,
591,1083,0.097,
592,6174,0.2516,
592,3989,0.2265,
592,3770,0.2242,
592,7195,0.2204,
592,7453,0.22,
592,3840,0.2155,
592,4299,0.2119,
592,4531,0.2086,
592,8322,0.2054,
592,5583,0.2043,
592,1337,0.2023,
592,8036,0.1989,
592,7870,0.1986,
592,6807,0.1981,
592,2663,0.1974,
592,3827,0.197,
592,4848,0.1962,
592,882,0.1953,
592,5266,0.1953,
592,7371,0.195,
593,736,0.2381,
593,9273,0.2281,
593,3540,0.2241,
593,8131,0.2236,
593,3202,0.2144,
593,2837,0.2126,
593,1330,0.207,
593,3787,0.2001,
593,5223,0.1981,
593,6614,0.1976,
593,5583,0.1974,
593,5465,0.1922,
593,3744,0.1914,
593,7453,0.1913,
593,1083,0.1908,
593,5165,0.1903,
593,8067,0.1873,
593,6904,0.1872,
593,9388,0.186,
593,4127,0.1853,
594,1902,0.2351,
594,4127,0.227,
594,8036,0.224,
594,1054,0.2213,
594,5343,0.2184,
594,5967,0.2173,
594,4274,0.2165,
594,2164,0.216,
594,1149,0.2141,
594,2385,0.2133,
594,5559,0.2132,
594,3744,0.2069,
594,4818,0.2059,
594,1913,0.2055,
594,6444,0.2039,
594,616,0.2029,
594,2255,0.2027,
594,9447,0.2026,
594,1704,0.1998,
594,1083,0.1984,
595,5223,0.2865,
595,5157,0.2848,
595,6613,0.2808,
595,5519,0.2747,
595,4275,0.2731,
595,66,0.2714,
595,5464,0.2709,
595,6614,0.2685,
595,9452,0.267,
595,5583,0.2668,
595,5708,0.2667,
595,8551,0.2649,
595,5901,0.2634,
595,3787,0.2622,
595,4057,0.2621,
595,6643,0.2613,
595,4727,0.26,
595,2158,0.2599,
595,5716,0.2591,
595,8940,0.2588,
596,5089,0.4431,
596,4736,0.4325,
596,5932,0.4234,
596,8410,0.4136,
596,6100,0.4115,
596,4013,0.4086,
596,7662,0.4063,
596,8620,0.4043,
596,5554,0.4033,
596,9161,0.4016,
596,3260,0.3994,
596,3668,0.3934,
596,1202,0.3911,
596,6896,0.3891,
596,8653,0.3886,
596,8179,0.3884,
596,9013,0.3884,
596,2714,0.3882,
596,6683,0.3867,
596,42,0.3865,
597,3516,0.225,
597,4565,0.2244,
597,5189,0.2237,
597,7794,0.2186,
597,2724,0.2157,
597,282,0.2146,
597,3646,0.2143,
597,4057,0.2133,
597,7824,0.2105,
597,8471,0.2078,
597,1083,0.2073,
597,5106,0.2046,
597,455,0.2045,
597,7278,0.2042,
597,4127,0.2025,
597,2175,0.2014,
597,5984,0.1968,
597,5223,0.1943,
597,918,0.1931,
597,2926,0.1929,
598,338,0.2447,
598,7879,0.2316,
598,8834,0.2294,
598,4237,0.2202,
598,7512,0.2188,
598,965,0.2186,
598,3356,0.2136,
598,2148,0.2114,
598,6504,0.2097,
598,4286,0.2083,
598,5642,0.2077,
598,2764,0.2057,
598,2629,0.2051,
598,6613,0.204,
598,2175,0.2014,
598,9436,0.1948,
598,4565,0.1942,
598,3023,0.1916,
598,6433,0.1906,
598,5189,0.1898,
599,6021,0.2067,
599,683,0.2053,
599,8301,0.2021,
599,7747,0.2016,
599,6835,0.2016,
599,979,0.2002,
599,3506,0.1994,
599,8804,0.1969,
599,3259,0.1957,
599,78,0.1937,
599,246,0.1883,
599,5330,0.1863,
599,8707,0.186,
599,5319,0.1851,
599,3816,0.185,
599,1163,0.1847,
599,6160,0.1842,
599,6839,0.1838,
599,2859,0.1832,
599,4834,0.1814,
600,8431,0.2252,
600,2919,0.2238,
600,5725,0.2203,
600,2643,0.2181,
600,8190,0.2178,
600,3904,0.2177,
600,3519,0.2177,
600,8470,0.2146,
600,5053,0.2117,
600,3219,0.21,
600,8326,0.2082,
600,7312,0.2081,
600,3245,0.2078,
600,1337,0.2068,
600,7430,0.2053,
600,821,0.2051,
600,3667,0.2041,
600,7442,0.2037,
600,3114,0.2029,
600,8983,0.2022,
601,7628,0.2018,
601,2461,0.1971,
601,6803,0.194,
601,3202,0.189,
601,9062,0.1778,
601,2433,0.1775,
601,9394,0.1768,
601,4158,0.1739,
601,7578,0.1726,
601,6442,0.1711,
601,8067,0.1711,
601,2401,0.1706,
601,8968,0.169,
601,2331,0.1685,
601,850,0.1683,
601,155,0.1678,
601,3455,0.1639,
601,2696,0.161,
601,6627,0.1586,
601,3897,0.1586,
602,9062,0.2905,
602,3432,0.2723,
602,8769,0.2614,
602,5261,0.2604,
602,7051,0.2589,
602,7070,0.2546,
602,6627,0.2526,
602,2331,0.2517,
602,8118,0.2461,
602,7568,0.2442,
602,8612,0.2418,
602,4682,0.2409,
602,4158,0.2384,
602,1485,0.2281,
602,7231,0.2237,
602,8005,0.2228,
602,5375,0.222,
602,166,0.2217,
602,2461,0.221,
602,1858,0.2158,
606,5217,0.2477,
606,3170,0.2362,
606,5426,0.2336,
606,6382,0.2266,
606,7832,0.2241,
606,5904,0.2236,
606,2073,0.2223,
606,6199,0.221,
606,5671,0.2208,
606,7278,0.22,
606,213,0.2199,
606,5055,0.2185,
606,7840,0.2165,
606,154,0.2125,
606,9061,0.2116,
606,700,0.2116,
606,7334,0.2115,
606,6183,0.2103,
606,5036,0.2085,
606,1184,0.2085,
607,6444,0.2129,
607,919,0.2123,
607,1636,0.2118,
607,5590,0.2106,
607,2764,0.2068,
607,2053,0.2063,
607,5900,0.2046,
607,9447,0.2019,
607,8978,0.2016,
607,9070,0.1997,
607,6701,0.1977,
607,3575,0.1966,
607,8763,0.1962,
607,8769,0.1959,
607,3261,0.1954,
607,6940,0.1939,
607,8273,0.1932,
607,1858,0.191,
607,7214,0.1908,
607,5559,0.1906,
608,7782,0.4306,
608,8267,0.4226,
608,5183,0.4088,
608,5376,0.3976,
608,1276,0.3911,
608,3558,0.3908,
608,4209,0.39,
608,6421,0.3859,
608,3038,0.3853,
608,3527,0.383,
608,8375,0.3807,
608,9044,0.3798,
608,7076,0.3794,
608,8477,0.3784,
608,2098,0.3761,
608,6813,0.3761,
608,3598,0.3761,
608,1639,0.3755,
608,2561,0.3732,
608,2862,0.3716,
609,8571,0.2148,
609,3743,0.2121,
609,6046,0.2065,
609,7983,0.196,
609,7421,0.1949,
609,6440,0.1923,
609,1083,0.1908,
609,6960,0.1906,
609,2899,0.1903,
609,6403,0.1856,
609,789,0.1855,
609,4403,0.1853,
609,1116,0.1837,
609,7824,0.1836,
609,6217,0.1815,
609,7634,0.1811,
609,3516,0.181,
609,5453,0.1792,
609,8471,0.1779,
609,1637,0.1767,
610,1780,0.2725,
610,154,0.2694,
610,6767,0.2627,
610,7567,0.2598,
610,5617,0.2585,
610,213,0.2576,
610,777,0.2554,
610,900,0.2551,
610,2092,0.2546,
610,8338,0.2544,
610,7832,0.2543,
610,2161,0.251,
610,9413,0.2506,
610,6209,0.25,
610,5687,0.2495,
610,3653,0.2489,
610,7334,0.2486,
610,4641,0.2481,
610,9169,0.2477,
610,3695,0.2472,
611,7784,0.2624,
611,9062,0.2335,
611,5189,0.2246,
611,8834,0.2141,
611,3516,0.213,
611,7195,0.2117,
611,9213,0.2097,
611,8067,0.2089,
611,4299,0.2083,
611,3840,0.1981,
611,2461,0.1961,
611,7486,0.1956,
611,2724,0.1921,
611,9436,0.1919,
611,8192,0.1915,
611,4057,0.1914,
611,334,0.1904,
611,4504,0.1879,
611,5809,0.1878,
611,8850,0.1865,
647,2331,0.2228,
647,9062,0.2166,
647,6627,0.2113,
647,3897,0.201,
647,4682,0.1995,
647,8067,0.1983,
647,8005,0.1908,
647,4489,0.1893,
647,2461,0.1873,
647,3039,0.1873,
647,4158,0.1872,
647,3455,0.1866,
647,1859,0.1848,
647,1162,0.1847,
647,2696,0.1826,
647,3540,0.1826,
647,8192,0.1808,
647,7628,0.1804,
647,6442,0.1801,
647,8433,0.1795,
612,6444,0.2619,
612,919,0.2471,
612,2764,0.2274,
612,8202,0.2236,
612,846,0.2228,
612,6701,0.2191,
612,1858,0.2131,
612,6430,0.2122,
612,2053,0.2081,
612,9447,0.2078,
612,4848,0.2074,
612,6940,0.2074,
612,8438,0.2057,
612,5413,0.2056,
612,5344,0.2039,
612,5990,0.203,
612,4720,0.202,
612,2979,0.2017,
612,1311,0.2015,
612,4622,0.2007,
613,2256,0.2202,
613,3300,0.2146,
613,2455,0.2125,
613,732,0.2033,
613,5217,0.202,
613,3245,0.1995,
613,6474,0.199,
613,777,0.1977,
613,2161,0.1966,
613,5904,0.1945,
613,310,0.1941,
613,7892,0.1916,
613,4453,0.1912,
613,355,0.1899,
613,239,0.1889,
613,6742,0.1886,
613,4210,0.1844,
613,5999,0.183,
613,9455,0.1828,
613,3517,0.1816,
614,736,0.303,
614,8131,0.2792,
614,307,0.2789,
614,3540,0.274,
614,8600,0.2544,
614,5927,0.2527,
614,9452,0.2514,
614,5708,0.2503,
614,993,0.2496,
614,164,0.2486,
614,7416,0.2486,
614,5583,0.2477,
614,4252,0.2471,
614,3787,0.2462,
614,6614,0.2461,
614,2539,0.244,
614,4514,0.2427,
614,2145,0.2422,
614,7853,0.2418,
614,9407,0.2416,
615,5157,0.2661,
615,5583,0.2617,
615,6174,0.2606,
615,6996,0.2482,
615,6614,0.245,
615,6849,0.2402,
615,8267,0.2394,
615,5465,0.2371,
615,1908,0.2357,
615,6529,0.2342,
615,4531,0.2336,
615,4682,0.2326,
615,3787,0.2313,
615,2361,0.2299,
615,8679,0.2299,
615,1028,0.2283,
615,7140,0.2263,
615,164,0.2262,
615,613,0.2259,
615,7265,0.225,
616,355,0.2267,
616,754,0.2033,
616,3057,0.2024,
616,5165,0.2009,
616,7273,0.1959,
616,5999,0.1955,
616,8905,0.1926,
616,7523,0.1924,
616,5438,0.1905,
616,3920,0.1897,
616,2127,0.1883,
616,3436,0.1876,
616,2566,0.1867,
616,2874,0.1866,
616,998,0.183,
616,6141,0.1829,
616,4553,0.1815,
616,6376,0.1815,
616,2461,0.1814,
616,5659,0.1812,
617,3815,0.3159,
617,9288,0.3086,
617,1220,0.2984,
617,4582,0.2898,
617,1204,0.289,
617,7684,0.2875,
617,463,0.2859,
617,5010,0.2825,
617,7879,0.2773,
617,4401,0.276,
617,8741,0.2753,
617,6830,0.2752,
617,2156,0.2747,
617,4818,0.2747,
617,2175,0.2746,
617,6212,0.273,
617,5938,0.273,
617,8087,0.2729,
617,3531,0.2728,
617,6386,0.2721,
618,4275,0.3231,
618,2770,0.3135,
618,3787,0.3123,
618,993,0.3116,
618,6849,0.3104,
618,5837,0.3097,
618,9452,0.3096,
618,5583,0.3092,
618,7447,0.3079,
618,1743,0.3078,
618,1263,0.3077,
618,6643,0.3076,
618,2158,0.3073,
618,6614,0.3072,
618,66,0.3056,
618,598,0.3045,
618,7853,0.3041,
618,473,0.3038,
618,2539,0.3037,
618,2361,0.3035,
657,3057,0.2575,
657,5165,0.2368,
657,5999,0.2337,
657,8322,0.2323,
657,5438,0.2295,
657,4553,0.2277,
657,7523,0.227,
657,8905,0.2267,
657,3207,0.2257,
657,3436,0.2232,
657,2127,0.2211,
657,355,0.2209,
657,6376,0.2178,
657,6474,0.2164,
657,1207,0.2164,
657,2874,0.2146,
657,7973,0.2136,
657,4512,0.2116,
657,3920,0.2111,
657,2663,0.2105,
619,4553,0.2318,
619,8905,0.2315,
619,2127,0.2272,
619,3057,0.2257,
619,5438,0.2229,
619,6474,0.2226,
619,3920,0.2206,
619,7523,0.219,
619,5165,0.2185,
619,3436,0.214,
619,355,0.2119,
619,2874,0.2102,
619,7273,0.2091,
619,2566,0.2088,
619,5659,0.2076,
619,759,0.2061,
619,3207,0.2059,
619,6141,0.2056,
619,754,0.2051,
619,4512,0.2044,
620,2554,0.1849,
620,155,0.1719,
620,2401,0.1711,
620,8968,0.1695,
620,3917,0.1616,
620,3516,0.1599,
620,7578,0.1591,
620,850,0.1586,
620,4346,0.1554,
620,7083,0.1536,
620,9213,0.1508,
620,6835,0.1479,
620,3843,0.1471,
620,1054,0.1464,
620,5619,0.1437,
620,3136,0.1436,
620,4403,0.1436,
620,7626,0.1432,
620,7195,0.1427,
620,1081,0.1416,
621,7848,0.2744,
621,6885,0.2655,
621,2281,0.2606,
621,5426,0.2555,
621,5338,0.2518,
621,6183,0.2515,
621,5687,0.2489,
621,5036,0.248,
621,7333,0.2455,
621,1213,0.244,
621,2022,0.236,
621,699,0.2354,
621,8011,0.2339,
621,3191,0.2331,
621,8076,0.2329,
621,7334,0.2326,
621,7892,0.2326,
621,540,0.2325,
621,1686,0.2305,
621,3112,0.2302,
622,4819,0.2259,
622,4744,0.2173,
622,6472,0.2164,
622,3842,0.2164,
622,5803,0.2146,
622,8888,0.2129,
622,8470,0.2111,
622,8190,0.2088,
622,4041,0.2044,
622,1337,0.202,
622,164,0.1997,
622,7964,0.1992,
622,5001,0.1981,
622,1913,0.1972,
622,8118,0.197,
622,7647,0.1968,
622,4621,0.1961,
622,8322,0.196,
622,7200,0.1959,
622,2255,0.1945,
623,4291,0.2171,
623,2145,0.2067,
623,5344,0.2024,
623,433,0.2,
623,5708,0.1982,
623,3066,0.196,
623,3787,0.1943,
623,3050,0.1943,
623,34,0.1941,
623,1162,0.194,
623,2829,0.1929,
623,8267,0.1921,
623,2160,0.1893,
623,3219,0.1853,
623,78,0.1826,
623,164,0.1821,
623,8679,0.1812,
623,6849,0.1808,
623,1062,0.1798,
623,7525,0.1795,
624,2175,0.1794,
624,3516,0.1768,
624,8042,0.1761,
624,2926,0.1755,
624,4565,0.1693,
624,8439,0.164,
624,7737,0.1629,
624,6997,0.1612,
624,8992,0.1605,
624,4114,0.1588,
624,701,0.1588,
624,1427,0.1586,
624,5189,0.1578,
624,8206,0.157,
624,4057,0.1562,
624,5984,0.155,
624,6478,0.1549,
624,1841,0.1523,
624,3442,0.1507,
624,1235,0.149,
625,5790,0.2212,
625,3650,0.219,
625,5543,0.2137,
625,3552,0.2123,
625,8579,0.2089,
625,8720,0.2079,
625,3489,0.2076,
625,7278,0.207,
625,8352,0.2068,
625,9032,0.2055,
625,193,0.2051,
625,511,0.2048,
625,4547,0.2042,
625,5122,0.2042,
625,8620,0.2041,
625,5554,0.2038,
625,3287,0.2029,
625,2911,0.2024,
625,4074,0.2018,
625,4302,0.2007,
636,3816,0.261,
636,821,0.2608,
636,9431,0.2553,
636,78,0.2517,
636,6835,0.2493,
636,7525,0.2412,
636,4070,0.2255,
636,8843,0.2233,
636,99,0.2218,
636,6160,0.2212,
636,3506,0.2208,
636,5161,0.2189,
636,7166,0.2181,
636,1123,0.2176,
636,3406,0.2167,
636,2079,0.2126,
636,1004,0.2126,
636,8163,0.2105,
636,3275,0.2104,
636,4291,0.2104,
626,8557,0.3286,
626,3743,0.3258,
626,7964,0.3255,
626,5882,0.3243,
626,432,0.3234,
626,8322,0.3196,
626,6174,0.3134,
626,7493,0.3117,
626,1859,0.311,
626,7825,0.3102,
626,4531,0.3099,
626,4138,0.2996,
626,7765,0.2989,
626,8064,0.2989,
626,5735,0.2963,
626,6867,0.2949,
626,5246,0.2939,
626,5098,0.2936,
626,7699,0.2908,
626,478,0.2896,
627,5246,0.2888,
627,5450,0.2882,
627,334,0.2835,
627,1859,0.2811,
627,8481,0.2795,
627,1162,0.2786,
627,8992,0.2784,
627,8192,0.2759,
627,7923,0.2755,
627,6818,0.2749,
627,2240,0.2721,
627,3864,0.2717,
627,9034,0.2709,
627,967,0.2682,
627,6754,0.2664,
627,5397,0.2662,
627,4962,0.2641,
627,9366,0.2619,
627,6781,0.2615,
627,5356,0.2611,
628,3933,0.2493,
628,1636,0.2407,
628,5590,0.2394,
628,5559,0.2381,
628,8763,0.2373,
628,4143,0.2343,
628,3261,0.2336,
628,1869,0.2317,
628,7155,0.2311,
628,2764,0.231,
628,5113,0.231,
628,8295,0.2308,
628,2060,0.2307,
628,2972,0.2302,
628,95,0.23,
628,6747,0.2272,
628,7132,0.2267,
628,2926,0.2266,
628,3561,0.2251,
628,5176,0.2248,
629,7879,0.2086,
629,2175,0.1991,
629,338,0.1953,
629,9089,0.1819,
629,4582,0.1803,
629,6613,0.1799,
629,6433,0.1798,
629,786,0.1795,
629,9288,0.1794,
629,2599,0.1791,
629,7512,0.1769,
629,4565,0.1769,
629,8481,0.1768,
629,4057,0.1758,
629,5010,0.1745,
629,3815,0.1735,
629,3391,0.1734,
629,4026,0.1731,
629,8042,0.1715,
629,6164,0.171,
630,5165,0.2275,
630,4553,0.2216,
630,8905,0.2166,
630,5999,0.2148,
630,3207,0.2132,
630,3057,0.2101,
630,3920,0.2091,
630,7273,0.2048,
630,3417,0.1991,
630,6474,0.1989,
630,8221,0.1974,
630,2127,0.197,
630,5438,0.1965,
630,754,0.1964,
630,2566,0.1953,
630,2874,0.1925,
630,5659,0.1907,
630,7523,0.1906,
630,6376,0.1896,
630,3436,0.1888,
631,8036,0.2003,
631,5930,0.1937,
631,6444,0.1932,
631,919,0.1888,
631,5413,0.1806,
631,1054,0.1782,
631,9447,0.1769,
631,885,0.1767,
631,6963,0.1733,
631,4848,0.1726,
631,8813,0.1715,
631,8070,0.1709,
631,9213,0.1678,
631,846,0.1677,
631,3153,0.1656,
631,5344,0.1647,
631,2053,0.1645,
631,8202,0.1632,
631,8438,0.1622,
631,8592,0.1612,
632,4565,0.1725,
632,2175,0.1702,
632,6478,0.1699,
632,2926,0.1693,
632,5189,0.1663,
632,7737,0.1643,
632,8206,0.1596,
632,8439,0.1564,
632,3516,0.1563,
632,362,0.1563,
632,5417,0.1549,
632,4114,0.1539,
632,8042,0.1531,
632,4523,0.153,
632,1381,0.1528,
632,3442,0.1527,
632,1235,0.1517,
632,6997,0.1492,
632,3606,0.1489,
632,4057,0.1483,
633,7396,0.284,
633,6792,0.2658,
633,4644,0.2656,
633,2252,0.265,
633,1000,0.2631,
633,8174,0.2609,
633,4818,0.2601,
633,7044,0.2589,
633,1220,0.2583,
633,4223,0.2563,
633,6830,0.2557,
633,3815,0.2541,
633,1059,0.2529,
633,8543,0.2509,
633,2156,0.2507,
633,3107,0.2505,
633,8280,0.2499,
633,9288,0.2495,
633,8204,0.2494,
633,9114,0.2493,
634,3506,0.2056,
634,78,0.1975,
634,4291,0.1958,
634,1162,0.1935,
634,6835,0.1925,
634,3864,0.1915,
634,8192,0.1912,
634,8481,0.1912,
634,683,0.1882,
634,334,0.1882,
634,9034,0.1876,
634,3259,0.187,
634,7525,0.1863,
634,5356,0.1857,
634,4085,0.1856,
634,4939,0.1839,
634,4653,0.1831,
634,273,0.1816,
634,6400,0.1814,
634,6064,0.1812,
635,3516,0.2358,
635,4057,0.2338,
635,1337,0.2302,
635,8470,0.2252,
635,4127,0.2235,
635,5189,0.2219,
635,5465,0.2218,
635,8322,0.2182,
635,455,0.2144,
635,2175,0.2118,
635,409,0.2102,
635,1083,0.2091,
635,7453,0.2087,
635,2926,0.2082,
635,3989,0.208,
635,4819,0.2079,
635,5223,0.2074,
635,5930,0.2064,
635,5081,0.2059,
635,155,0.205,
637,5620,0.1784,
637,3386,0.1767,
637,8482,0.1751,
637,4875,0.1717,
637,7141,0.1687,
637,5219,0.1652,
637,3851,0.1643,
637,1536,0.1639,
637,3392,0.1638,
637,4788,0.163,
637,1684,0.1622,
637,7195,0.1607,
637,5117,0.1578,
637,5419,0.157,
637,3784,0.157,
637,3840,0.1546,
637,1704,0.1536,
637,7015,0.1528,
637,3727,0.1527,
637,2670,0.1526,
638,2080,0.2918,
638,2643,0.281,
638,4091,0.2769,
638,8322,0.2767,
638,7558,0.2746,
638,7465,0.2675,
638,7964,0.2663,
638,5001,0.266,
638,8190,0.2652,
638,5912,0.258,
638,8431,0.2552,
638,6691,0.2541,
638,2919,0.2531,
638,3245,0.2454,
638,3178,0.2454,
638,9109,0.244,
638,5114,0.2422,
638,409,0.2391,
638,1402,0.2271,
638,5319,0.2254,
639,6627,0.2779,
639,9062,0.2616,
639,3068,0.2472,
639,7042,0.2422,
639,2856,0.2362,
639,2718,0.2306,
639,4326,0.2301,
639,6276,0.2291,
639,3517,0.2244,
639,1127,0.2231,
639,7070,0.2224,
639,8771,0.2172,
639,2356,0.2168,
639,6676,0.2156,
639,9140,0.213,
639,547,0.2129,
639,5866,0.2127,
639,3770,0.2121,
639,2159,0.2112,
639,4783,0.2104,
640,8067,0.2065,
640,6701,0.1807,
640,3946,0.1656,
640,9447,0.1641,
640,5868,0.1622,
640,3202,0.1603,
640,4489,0.1596,
640,5034,0.1544,
640,6038,0.1497,
640,8276,0.1483,
640,3897,0.1478,
640,3120,0.1455,
640,1689,0.1454,
640,6470,0.1445,
640,1207,0.1434,
640,2255,0.1434,
640,8763,0.1433,
640,3074,0.143,
640,6444,0.1413,
640,920,0.1406,
641,1728,0.1244,
641,3140,0.118,
641,4875,0.1174,
641,8148,0.1149,
641,3505,0.1143,
641,4788,0.1115,
641,885,0.1113,
641,6444,0.1097,
641,3933,0.1079,
641,8130,0.1073,
641,6252,0.1072,
641,7371,0.1069,
641,6307,0.1065,
641,5552,0.106,
641,6996,0.106,
641,7641,0.105,
641,4300,0.1046,
641,9221,0.1044,
641,2103,0.1043,
641,8036,0.1042,
642,6369,0.2288,
642,2528,0.2209,
642,2722,0.215,
642,7540,0.2139,
642,1599,0.212,
642,3853,0.2049,
642,5534,0.203,
642,7438,0.2029,
642,9363,0.2021,
642,2560,0.2016,
642,8938,0.2,
642,8190,0.1998,
642,2226,0.1994,
642,383,0.1989,
642,9153,0.1985,
642,3692,0.193,
642,8322,0.1923,
642,3245,0.1921,
642,7239,0.1912,
642,3506,0.1907,
643,3744,0.2248,
643,155,0.2234,
643,3516,0.2203,
643,2837,0.217,
643,2841,0.2162,
643,4164,0.212,
643,7901,0.2092,
643,1913,0.2066,
643,6225,0.2063,
643,5619,0.2063,
643,3917,0.2023,
643,4403,0.2021,
643,1054,0.202,
643,2091,0.1997,
643,2401,0.1993,
643,1081,0.1985,
643,4127,0.1983,
643,3202,0.1981,
643,2433,0.1977,
643,8968,0.1974,
644,8067,0.2197,
644,3540,0.2104,
644,4291,0.2083,
644,9062,0.2049,
644,5716,0.2046,
644,4682,0.2035,
644,78,0.1991,
644,8600,0.1966,
644,1330,0.1944,
644,6442,0.1928,
644,736,0.1927,
644,8470,0.1904,
644,5583,0.1904,
644,307,0.1901,
644,6174,0.1897,
644,5223,0.1888,
644,1207,0.1877,
644,4514,0.1873,
644,8115,0.1847,
644,3787,0.1838,
645,3840,0.2469,
645,3989,0.2412,
645,9062,0.2398,
645,4682,0.2376,
645,7371,0.2354,
645,2006,0.2272,
645,4299,0.2239,
645,6442,0.2195,
645,307,0.2175,
645,164,0.217,
645,882,0.2086,
645,8130,0.2077,
645,5266,0.2066,
645,4057,0.2064,
645,7195,0.2062,
645,8769,0.206,
645,6627,0.2041,
645,5779,0.2036,
645,4657,0.2027,
645,3871,0.2024,
646,2461,0.2008,
646,1536,0.1993,
646,9062,0.1789,
646,8769,0.1732,
646,7070,0.1669,
646,3432,0.1668,
646,3202,0.1629,
646,7051,0.1584,
646,7568,0.1565,
646,6803,0.1544,
646,9344,0.1533,
646,1902,0.1513,
646,6627,0.1507,
646,2401,0.1491,
646,8968,0.1477,
646,4127,0.1467,
646,155,0.1467,
646,5261,0.1459,
646,1054,0.1451,
646,5559,0.1447,
648,6775,0.2501,
648,3240,0.2424,
648,1786,0.2214,
648,3175,0.2163,
648,1244,0.2149,
648,8054,0.2129,
648,6753,0.2082,
648,7714,0.2037,
648,5849,0.2028,
648,8156,0.1991,
648,3640,0.199,
648,8748,0.1983,
648,7036,0.1962,
648,2984,0.1946,
648,5924,0.1944,
648,991,0.194,
648,8585,0.1939,
648,5781,0.1938,
648,360,0.1935,
648,737,0.1927,
649,8905,0.2576,
649,5165,0.2478,
649,2127,0.2447,
649,355,0.2419,
649,7273,0.2403,
649,5438,0.2351,
649,759,0.2301,
649,3920,0.229,
649,7523,0.2277,
649,2566,0.2275,
649,3057,0.2273,
649,8221,0.227,
649,4553,0.2263,
649,6141,0.2258,
649,2874,0.2251,
649,3436,0.2237,
649,3417,0.2232,
649,5659,0.2217,
649,754,0.2213,
649,6474,0.2176,
650,5246,0.2899,
650,5356,0.2879,
650,1859,0.281,
650,7923,0.2808,
650,980,0.2765,
650,4962,0.2749,
650,967,0.2732,
650,9034,0.2728,
650,334,0.2724,
650,5450,0.2715,
650,9366,0.271,
650,6818,0.2695,
650,1162,0.2692,
650,6781,0.2692,
650,3864,0.2687,
650,8481,0.2676,
650,7317,0.2676,
650,6064,0.2667,
650,6754,0.2637,
650,5397,0.2617,
651,1908,0.2434,
651,6174,0.2407,
651,8322,0.2247,
651,4848,0.224,
651,7973,0.2181,
651,7825,0.2169,
651,8456,0.2147,
651,4531,0.2145,
651,2795,0.2097,
651,7486,0.2096,
651,8286,0.2091,
651,5319,0.2085,
651,4968,0.2077,
651,4353,0.206,
651,5001,0.2048,
651,3379,0.203,
651,2732,0.2028,
651,455,0.2024,
651,8834,0.2023,
651,6570,0.202,
652,307,0.2835,
652,2160,0.2717,
652,6613,0.2675,
652,3787,0.2652,
652,1263,0.2633,
652,8940,0.2615,
652,3066,0.2601,
652,5165,0.2567,
652,5971,0.2564,
652,5773,0.2538,
652,473,0.2538,
652,9452,0.2538,
652,2539,0.2536,
652,4275,0.2532,
652,6849,0.2531,
652,2158,0.2527,
652,1028,0.2527,
652,2770,0.2522,
652,5743,0.2518,
652,1743,0.2517,
653,2926,0.1575,
653,4622,0.1505,
653,3516,0.1502,
653,2764,0.144,
653,1083,0.1437,
653,3933,0.1411,
653,5684,0.136,
653,9436,0.1358,
653,5868,0.1352,
653,7083,0.1334,
653,8692,0.1331,
653,5492,0.1304,
653,8683,0.13,
653,1034,0.1296,
653,1465,0.1296,
653,4858,0.1285,
653,4317,0.1284,
653,9447,0.1281,
653,9002,0.1276,
653,1858,0.1272,
654,3815,0.3216,
654,9089,0.2962,
654,9288,0.2906,
654,8087,0.28,
654,2175,0.2778,
654,6386,0.2774,
654,8280,0.2774,
654,4582,0.2767,
654,8585,0.2765,
654,6830,0.2753,
654,886,0.2736,
654,7695,0.2721,
654,463,0.2711,
654,4026,0.2702,
654,1610,0.2701,
654,9321,0.2694,
654,7044,0.2691,
654,4818,0.2688,
654,8054,0.2646,
654,8765,0.2642,
655,1809,0.2458,
655,7312,0.2312,
655,8190,0.2311,
655,918,0.2303,
655,5465,0.2246,
655,455,0.224,
655,8431,0.2197,
655,9247,0.2178,
655,8983,0.2174,
655,4565,0.2165,
655,8470,0.2144,
655,7836,0.2142,
655,2255,0.2137,
655,7148,0.2126,
655,4819,0.2126,
655,1427,0.2119,
655,8322,0.211,
655,3646,0.2106,
655,3770,0.2092,
655,3667,0.2092,
656,736,0.2523,
656,8131,0.2413,
656,3540,0.2337,
656,4189,0.2112,
656,1330,0.2043,
656,630,0.2042,
656,4607,0.1906,
656,6904,0.1894,
656,318,0.1884,
656,307,0.1884,
656,3049,0.1879,
656,1753,0.1863,
656,5048,0.1809,
656,7977,0.1796,
656,7793,0.1796,
656,8067,0.1781,
656,3946,0.1759,
656,1034,0.1759,
656,1016,0.1757,
656,5555,0.1747,
660,4074,0.4026,
660,5790,0.3976,
660,3650,0.3925,
660,8620,0.3913,
660,3552,0.3913,
660,5543,0.391,
660,8579,0.3887,
660,8720,0.3886,
660,3287,0.3865,
660,4302,0.3863,
660,193,0.3861,
660,2911,0.386,
660,248,0.386,
660,9032,0.3858,
660,511,0.3853,
660,2459,0.3847,
660,5554,0.3824,
660,5122,0.3813,
660,4547,0.3812,
660,8836,0.3811,
661,1157,0.262,
661,547,0.2607,
661,2662,0.2593,
661,3315,0.2591,
661,6453,0.2563,
661,1376,0.2563,
661,7471,0.2559,
661,8699,0.2556,
661,4272,0.2555,
661,8336,0.2539,
661,5671,0.2539,
661,6859,0.2536,
661,6722,0.2518,
661,8338,0.2517,
661,1383,0.2517,
661,8771,0.2517,
661,3005,0.2516,
661,764,0.2514,
661,145,0.2514,
661,8193,0.2512,
662,736,0.2619,
662,8131,0.2414,
662,3540,0.2343,
662,307,0.2311,
662,1330,0.224,
662,630,0.2166,
662,2800,0.211,
662,7793,0.209,
662,4189,0.2049,
662,3049,0.2015,
662,4607,0.2006,
662,3489,0.1995,
662,7174,0.1958,
662,6904,0.1957,
662,1016,0.1926,
662,7977,0.1921,
662,6442,0.1899,
662,4396,0.1896,
662,6973,0.188,
662,5048,0.1876,
663,274,0.2345,
663,8769,0.2127,
663,6701,0.2095,
663,7371,0.2029,
663,4613,0.2004,
663,4731,0.1895,
663,1851,0.1859,
663,8701,0.183,
663,8276,0.1825,
663,2429,0.1821,
663,1359,0.1776,
663,5868,0.1768,
663,5492,0.1762,
663,8731,0.1751,
663,6430,0.1743,
663,3829,0.1741,
663,9070,0.173,
663,4989,0.1711,
663,776,0.171,
663,7846,0.1703,
664,3068,0.1779,
664,3506,0.1742,
664,3864,0.1673,
664,9061,0.1668,
664,4618,0.1656,
664,683,0.165,
664,8481,0.1625,
664,9034,0.1615,
664,5356,0.1606,
664,8192,0.1603,
664,3259,0.1603,
664,3039,0.1597,
664,3770,0.1594,
664,3517,0.1587,
664,4313,0.1568,
664,8190,0.1557,
664,2509,0.1553,
664,1379,0.155,
664,6835,0.1544,
664,5808,0.1542,
665,307,0.2537,
665,736,0.2537,
665,8131,0.24,
665,3540,0.2309,
665,5109,0.2031,
665,3787,0.1939,
665,6442,0.1932,
665,4514,0.192,
665,951,0.1901,
665,7633,0.1874,
665,7494,0.1866,
665,3066,0.1865,
665,6803,0.1852,
665,7977,0.1842,
665,5927,0.1833,
665,5971,0.1829,
665,6066,0.1828,
665,4744,0.1821,
665,2160,0.1821,
665,6565,0.1819,
666,5183,0.371,
666,7782,0.3586,
666,3527,0.3542,
666,8267,0.3541,
666,1276,0.3531,
666,3558,0.3465,
666,4751,0.3413,
666,6421,0.3385,
666,6174,0.336,
666,5376,0.3358,
666,4209,0.3337,
666,3598,0.3322,
666,2862,0.3305,
666,9044,0.3301,
666,396,0.3299,
666,2510,0.3299,
666,8375,0.3286,
666,7076,0.3282,
666,2098,0.3273,
666,3038,0.3249,
667,7195,0.1976,
667,6753,0.1929,
667,4299,0.1846,
667,616,0.1833,
667,5882,0.1815,
667,8067,0.1805,
667,3941,0.1805,
667,1908,0.1795,
667,3840,0.1789,
667,4629,0.1786,
667,816,0.1781,
667,5354,0.1748,
667,3871,0.1738,
667,9062,0.1735,
667,7656,0.1732,
667,5467,0.1726,
667,6442,0.1721,
667,882,0.172,
667,2856,0.1715,
667,8192,0.1709,
668,6444,0.2389,
668,846,0.2317,
668,9447,0.2245,
668,4041,0.2162,
668,2053,0.2158,
668,6940,0.215,
668,2891,0.2131,
668,919,0.2114,
668,8806,0.2114,
668,1763,0.2114,
668,8036,0.2113,
668,5344,0.2109,
668,6701,0.21,
668,8079,0.2099,
668,4819,0.2098,
668,3349,0.2091,
668,5413,0.2091,
668,6127,0.2073,
668,9070,0.2072,
668,4848,0.2065,
669,3827,0.3233,
669,6981,0.3098,
669,5135,0.3024,
669,5502,0.2967,
669,7836,0.2833,
669,3823,0.276,
669,8876,0.2759,
669,4286,0.2748,
669,3521,0.2742,
669,6478,0.273,
669,1614,0.2702,
669,7100,0.2698,
669,7178,0.2695,
669,1381,0.2691,
669,8542,0.2679,
669,4580,0.2679,
669,9132,0.2677,
669,7534,0.2676,
669,1003,0.2662,
669,5487,0.2661,
670,4736,0.3364,
670,8410,0.3342,
670,5089,0.3312,
670,5882,0.3165,
670,3668,0.3037,
670,2687,0.298,
670,8980,0.2916,
670,8620,0.2913,
670,1309,0.2891,
670,7765,0.2871,
670,8579,0.2871,
670,5554,0.2861,
670,1341,0.2846,
670,7662,0.28,
670,56,0.2794,
670,4074,0.2756,
670,9032,0.2733,
670,2714,0.2729,
670,1589,0.2723,
670,4667,0.2706,
671,8612,0.2072,
671,9062,0.1973,
671,5984,0.1602,
671,5189,0.1595,
671,676,0.1589,
671,3432,0.1574,
671,3426,0.1551,
671,4158,0.154,
671,6627,0.1519,
671,7070,0.1515,
671,4682,0.1505,
671,3120,0.1502,
671,5261,0.1492,
671,2429,0.1483,
671,7568,0.1483,
671,2298,0.1478,
671,7870,0.1476,
671,3843,0.1471,
671,8067,0.1469,
671,6442,0.1441,
672,3516,0.2612,
672,4565,0.2509,
672,4057,0.2349,
672,8206,0.2282,
672,4114,0.2281,
672,5189,0.2271,
672,8992,0.2261,
672,1841,0.2258,
672,1083,0.2204,
672,6997,0.2203,
672,6478,0.2202,
672,5984,0.218,
672,2926,0.2179,
672,7737,0.2176,
672,2175,0.2138,
672,9436,0.2129,
672,8439,0.2116,
672,6542,0.2081,
672,1427,0.2079,
672,701,0.2077,
673,1722,0.1693,
673,9140,0.1689,
673,1162,0.1673,
673,3788,0.1653,
673,8855,0.1647,
673,5397,0.1642,
673,7448,0.1636,
673,2630,0.1635,
673,9034,0.1626,
673,8192,0.1624,
673,334,0.1612,
673,5820,0.1601,
673,4536,0.1586,
673,3864,0.1586,
673,3039,0.1578,
673,5109,0.1556,
673,980,0.1542,
673,5356,0.1537,
673,6754,0.1535,
673,4962,0.1525,
674,3516,0.1751,
674,7472,0.1736,
674,5930,0.1729,
674,8720,0.1672,
674,355,0.1669,
674,87,0.1627,
674,5168,0.161,
674,1054,0.1606,
674,4721,0.1605,
674,3771,0.1599,
674,5619,0.1597,
674,4403,0.1575,
674,1081,0.1554,
674,6532,0.155,
674,3917,0.1547,
674,5714,0.1543,
674,2030,0.1534,
674,5839,0.1531,
674,8993,0.1526,
674,1704,0.1525,
675,3882,0.2741,
675,7216,0.2554,
675,6355,0.2435,
675,1859,0.2422,
675,6753,0.2303,
675,334,0.23,
675,5246,0.2223,
675,3864,0.2218,
675,9249,0.2177,
675,6561,0.2149,
675,9267,0.2144,
675,5450,0.2128,
675,3894,0.2118,
675,9366,0.2111,
675,4531,0.2101,
675,5098,0.21,
675,6174,0.2091,
675,7923,0.209,
675,5733,0.2068,
675,7870,0.2058,
676,5189,0.2132,
676,8834,0.1981,
676,1908,0.194,
676,4565,0.1929,
676,2926,0.1921,
676,4114,0.1919,
676,7737,0.188,
676,2859,0.1858,
676,8804,0.1851,
676,2175,0.1834,
676,3442,0.1833,
676,3039,0.1826,
676,5984,0.1816,
676,334,0.1794,
676,8439,0.1791,
676,7824,0.178,
676,8206,0.1776,
676,7486,0.1775,
676,338,0.176,
676,3864,0.1747,
677,6849,0.2396,
677,6613,0.2271,
677,1162,0.2207,
677,1062,0.2193,
677,3961,0.2175,
677,7638,0.2097,
677,1908,0.2097,
677,4057,0.2074,
677,5246,0.2058,
677,8192,0.2052,
677,3921,0.2036,
677,2774,0.2013,
677,7656,0.2011,
677,8267,0.2011,
677,3787,0.2,
677,5223,0.1992,
677,3039,0.1991,
677,218,0.1976,
677,8766,0.1973,
677,334,0.1967,
678,8245,0.2613,
678,3552,0.245,
678,8620,0.2342,
678,8557,0.2315,
678,6403,0.2313,
678,8720,0.2303,
678,3423,0.2296,
678,5554,0.2292,
678,5790,0.2281,
678,4074,0.219,
678,5122,0.219,
678,4302,0.2177,
678,5543,0.2167,
678,4250,0.216,
678,3224,0.2139,
678,1475,0.2136,
678,8571,0.2105,
678,7396,0.2104,
678,8786,0.2093,
678,2459,0.2088,
679,2461,0.2153,
679,3202,0.1826,
679,7628,0.1814,
679,3516,0.1769,
679,3917,0.1742,
679,2401,0.1717,
679,8968,0.1701,
679,2433,0.1697,
679,155,0.1688,
679,4127,0.1645,
679,9436,0.1638,
679,5967,0.1618,
679,5919,0.1601,
679,8965,0.1596,
679,6803,0.1595,
679,5343,0.1592,
679,7578,0.159,
679,9394,0.1581,
679,2385,0.1574,
679,816,0.1562,
680,5343,0.1543,
680,3917,0.1524,
680,6294,0.1465,
680,2385,0.1454,
680,3202,0.144,
680,3516,0.1433,
680,5930,0.1426,
680,1054,0.1419,
680,9273,0.1398,
680,2837,0.1395,
680,1022,0.1379,
680,1493,0.1372,
680,587,0.1364,
680,5619,0.1341,
680,4414,0.1331,
680,2330,0.131,
680,6835,0.1304,
680,4652,0.1295,
680,3978,0.1291,
680,7453,0.1278,
681,455,0.1962,
681,6217,0.196,
681,5189,0.1924,
681,7983,0.1907,
681,8834,0.1865,
681,3840,0.1846,
681,4299,0.1832,
681,8130,0.1824,
681,334,0.1793,
681,4057,0.1787,
681,9288,0.1784,
681,8481,0.1783,
681,2175,0.1782,
681,1162,0.1776,
681,7824,0.1772,
681,5465,0.1765,
681,7486,0.1761,
681,282,0.1743,
681,614,0.1736,
681,2240,0.1734,
682,2020,0.3151,
682,3695,0.3005,
682,1828,0.2924,
682,5608,0.2903,
682,213,0.2902,
682,1780,0.2895,
682,7571,0.2884,
682,7527,0.2884,
682,7334,0.285,
682,4935,0.2842,
682,7921,0.2827,
682,3027,0.2814,
682,154,0.2812,
682,4210,0.2803,
682,6209,0.2798,
682,4473,0.2792,
682,7832,0.2787,
682,2161,0.2726,
682,3653,0.2724,
682,900,0.2722,
683,6174,0.3118,
683,4531,0.3009,
683,9062,0.294,
683,7973,0.2833,
683,1908,0.2815,
683,8322,0.2797,
683,4299,0.2775,
683,7870,0.2739,
683,8067,0.2736,
683,7371,0.2623,
683,3379,0.2616,
683,312,0.2584,
683,399,0.2582,
683,249,0.2571,
683,4158,0.256,
683,7825,0.2531,
683,6208,0.253,
683,3840,0.2529,
683,5741,0.2529,
683,5412,0.2522,
684,9267,0.211,
684,1127,0.2094,
684,239,0.2064,
684,8600,0.2044,
684,9455,0.2043,
684,8322,0.2005,
684,8190,0.1971,
684,6192,0.197,
684,1337,0.1962,
684,8470,0.1944,
684,3300,0.1931,
684,3524,0.1917,
684,1400,0.189,
684,78,0.1888,
684,6053,0.1886,
684,9150,0.1882,
684,3245,0.1882,
684,1444,0.1881,
684,409,0.188,
684,5030,0.1876,
685,8477,0.2179,
685,3679,0.2156,
685,6575,0.2154,
685,8267,0.2152,
685,5183,0.2134,
685,5376,0.2115,
685,8375,0.2104,
685,8592,0.2067,
685,3527,0.2047,
685,3598,0.2039,
685,3973,0.2035,
685,9044,0.2025,
685,8322,0.2004,
685,6813,0.1991,
685,4491,0.1982,
685,3558,0.1981,
685,1276,0.198,
685,3038,0.1967,
685,7076,0.196,
685,6246,0.196,
686,7412,0.2276,
686,2718,0.2239,
686,2856,0.2099,
686,8888,0.2061,
686,8067,0.1943,
686,5736,0.1837,
686,6917,0.1793,
686,3882,0.1788,
686,1909,0.1767,
686,6400,0.1755,
686,399,0.1754,
686,8834,0.1741,
686,7042,0.1741,
686,6174,0.1736,
686,249,0.1731,
686,7973,0.1731,
686,4531,0.173,
686,2783,0.1721,
686,4421,0.1699,
686,1352,0.1679,
687,2175,0.2279,
687,9288,0.226,
687,8481,0.2186,
687,8992,0.2171,
687,9089,0.2163,
687,7500,0.2157,
687,4582,0.2124,
687,7879,0.2064,
687,5450,0.2028,
687,521,0.2015,
687,6402,0.2011,
687,5246,0.2009,
687,2240,0.1998,
687,3356,0.1991,
687,1000,0.1991,
687,8192,0.199,
687,6942,0.1987,
687,334,0.1983,
687,8925,0.1964,
687,4565,0.1964,
688,9213,0.2068,
688,1913,0.1979,
688,155,0.1844,
688,2174,0.1811,
688,9394,0.1778,
688,5106,0.1771,
688,6803,0.1755,
688,3516,0.1753,
688,2401,0.174,
688,8968,0.1724,
688,239,0.1722,
688,2433,0.1716,
688,5967,0.1715,
688,2883,0.1708,
688,7309,0.1688,
688,4127,0.1688,
688,4608,0.1673,
688,8184,0.1667,
688,7578,0.1644,
688,850,0.1639,
689,3432,0.2636,
689,2461,0.2604,
689,7051,0.2574,
689,8612,0.2566,
689,6627,0.2553,
689,5261,0.2474,
689,7568,0.2471,
689,4682,0.2429,
689,6803,0.2428,
689,7070,0.2321,
689,7917,0.2316,
689,9062,0.2302,
689,5609,0.2298,
689,2331,0.2273,
689,2298,0.2256,
689,5109,0.2245,
689,7494,0.2243,
689,1931,0.2231,
689,307,0.2178,
689,6565,0.2178,
690,3917,0.161,
690,6294,0.1451,
690,3516,0.1429,
690,1081,0.136,
690,5684,0.1357,
690,2668,0.1353,
690,239,0.1322,
690,4530,0.1314,
690,8781,0.1307,
690,7962,0.1301,
690,5155,0.1298,
690,4414,0.1271,
690,4858,0.1257,
690,3744,0.1249,
690,5011,0.1247,
690,7453,0.1229,
690,4544,0.1228,
690,324,0.1222,
690,1054,0.1221,
690,5616,0.1219,
691,5261,0.2178,
691,8612,0.2155,
691,5304,0.2125,
691,2634,0.2102,
691,6627,0.2001,
691,9062,0.1956,
691,3432,0.1953,
691,7051,0.1946,
691,5682,0.193,
691,3368,0.1912,
691,8693,0.1911,
691,3903,0.1894,
691,7070,0.1848,
691,4592,0.1833,
691,6241,0.1829,
691,4488,0.1826,
691,8143,0.181,
691,6740,0.181,
691,4633,0.1806,
691,676,0.1805,
692,9273,0.2168,
692,6803,0.1948,
692,3202,0.1934,
692,2837,0.192,
692,736,0.1882,
692,4403,0.1677,
692,9436,0.1662,
692,3540,0.1651,
692,8131,0.1645,
692,4544,0.1629,
692,1081,0.1621,
692,1022,0.1615,
692,2385,0.1613,
692,307,0.1611,
692,5967,0.161,
692,1704,0.1606,
692,1225,0.1604,
692,1083,0.1601,
692,5343,0.1598,
692,7453,0.1596,
693,736,0.2924,
693,307,0.288,
693,2006,0.2598,
693,3540,0.2544,
693,9452,0.254,
693,8131,0.2501,
693,5583,0.2496,
693,3787,0.2483,
693,2539,0.2474,
693,2158,0.2441,
693,8374,0.2438,
693,7633,0.2434,
693,1062,0.2433,
693,5971,0.2433,
693,1028,0.2415,
693,2770,0.2409,
693,2145,0.2406,
693,4275,0.2406,
693,6614,0.2402,
693,4744,0.2396,
695,7371,0.2392,
695,3074,0.2268,
695,4299,0.2205,
695,9062,0.2189,
695,8130,0.2184,
695,78,0.2184,
695,3840,0.2169,
695,7273,0.2147,
695,1908,0.2124,
695,296,0.2057,
695,8769,0.2051,
695,6517,0.205,
695,3941,0.2046,
695,4622,0.2043,
695,5266,0.203,
695,7195,0.203,
695,882,0.2004,
695,8067,0.1983,
695,5467,0.1977,
695,4819,0.1973,
696,3074,0.2711,
696,3506,0.2515,
696,78,0.2482,
696,7525,0.2446,
696,3816,0.2398,
696,4291,0.2364,
696,821,0.2309,
696,7273,0.2298,
696,1626,0.2233,
696,9431,0.2208,
696,3259,0.2189,
696,6173,0.2146,
696,6835,0.2143,
696,6160,0.2138,
696,4328,0.2132,
696,8843,0.2126,
696,8163,0.2123,
696,3503,0.2119,
696,4041,0.2117,
696,4819,0.2108,
697,4910,0.2396,
697,2315,0.2387,
697,2281,0.231,
697,2467,0.2297,
697,7857,0.2291,
697,1,0.2256,
697,5805,0.2205,
697,4346,0.2158,
697,8366,0.2145,
697,7583,0.2136,
697,3286,0.2125,
697,281,0.2121,
697,4597,0.2091,
697,308,0.2027,
697,1650,0.1955,
697,675,0.1906,
697,5634,0.1902,
697,624,0.188,
697,7821,0.188,
697,2175,0.187,
698,3989,0.2542,
698,9445,0.2375,
698,5779,0.2373,
698,9062,0.2252,
698,3036,0.2232,
698,7371,0.2221,
698,7925,0.2131,
698,7195,0.2121,
698,4299,0.2104,
698,1931,0.207,
698,6627,0.2058,
698,3060,0.2055,
698,3840,0.2048,
698,7824,0.2026,
698,882,0.2012,
698,5266,0.2002,
698,155,0.1996,
698,8978,0.1995,
698,5217,0.1995,
698,5774,0.199,
699,4553,0.2975,
699,8905,0.2952,
699,5438,0.2917,
699,3057,0.2861,
699,5999,0.2839,
699,754,0.2791,
699,3436,0.2703,
699,5165,0.2691,
699,3920,0.2678,
699,2127,0.2648,
699,4512,0.2641,
699,3207,0.2604,
699,2874,0.2596,
699,7523,0.2589,
699,6141,0.2539,
699,355,0.2536,
699,2566,0.2512,
699,5659,0.2488,
699,6474,0.2486,
699,7273,0.2465,
700,8267,0.2691,
700,7782,0.257,
700,6529,0.2506,
700,1639,0.2473,
700,6104,0.2451,
700,2561,0.2404,
700,5183,0.2404,
700,5344,0.2397,
700,9044,0.2341,
700,8370,0.2306,
700,396,0.2297,
700,8375,0.2292,
700,7380,0.2271,
700,1908,0.2269,
700,5376,0.2261,
700,3527,0.226,
700,6849,0.2253,
700,1276,0.2247,
700,7493,0.2244,
700,885,0.2226,
701,5708,0.2272,
701,6430,0.2089,
701,8131,0.2051,
701,307,0.1962,
701,736,0.1921,
701,7396,0.1878,
701,2774,0.1855,
701,6046,0.1825,
701,2006,0.1822,
701,8374,0.1793,
701,1858,0.1792,
701,4727,0.1782,
701,9002,0.1777,
701,3743,0.1777,
701,4744,0.1769,
701,983,0.1757,
701,3540,0.1745,
701,5453,0.1743,
701,1438,0.1742,
701,8571,0.1741,
702,4553,0.3255,
702,759,0.2948,
702,5165,0.2903,
702,355,0.2696,
702,7523,0.2687,
702,8905,0.2673,
702,3436,0.2632,
702,5999,0.2602,
702,3417,0.2596,
702,6474,0.2591,
702,5438,0.2588,
702,2127,0.2586,
702,3057,0.2568,
702,754,0.2568,
702,3920,0.2554,
702,2874,0.255,
702,6141,0.2541,
702,9288,0.2526,
702,7273,0.2523,
702,5659,0.2514,
703,2145,0.2772,
703,4291,0.2667,
703,3180,0.2602,
703,5094,0.2507,
703,4682,0.2468,
703,5773,0.2464,
703,5165,0.2458,
703,2160,0.244,
703,4085,0.2439,
703,7265,0.2421,
703,9341,0.2417,
703,3066,0.2414,
703,6849,0.2405,
703,7126,0.2389,
703,5901,0.2385,
703,6613,0.2365,
703,2158,0.2356,
703,6614,0.2355,
703,5583,0.2348,
703,3787,0.2339,
704,8067,0.2024,
704,5034,0.202,
704,8286,0.1929,
704,5787,0.1907,
704,2529,0.1817,
704,5147,0.18,
704,215,0.1788,
704,9360,0.1759,
704,7870,0.1747,
704,3961,0.174,
704,5689,0.1713,
704,6336,0.1712,
704,3361,0.1711,
704,2312,0.1711,
704,4206,0.1709,
704,8064,0.1706,
704,320,0.1695,
704,2356,0.1693,
704,8834,0.1685,
704,7512,0.1684,
705,5189,0.2849,
705,7824,0.2782,
705,9062,0.2759,
705,8834,0.2719,
705,6174,0.2709,
705,7973,0.2687,
705,7825,0.2666,
705,78,0.2631,
705,5535,0.2602,
705,399,0.2589,
705,790,0.2576,
705,2356,0.2572,
705,4810,0.2571,
705,7870,0.2569,
705,4531,0.2565,
705,169,0.2558,
705,5894,0.2542,
705,7486,0.2538,
705,4383,0.2494,
705,3379,0.2483,
706,6998,0.2029,
706,2461,0.1947,
706,6803,0.1906,
706,9394,0.1888,
706,2344,0.1791,
706,6664,0.1774,
706,7628,0.1747,
706,1083,0.1723,
706,9062,0.1679,
706,626,0.1675,
706,6768,0.1646,
706,292,0.1634,
706,8184,0.1626,
706,2373,0.1616,
706,8693,0.1615,
706,6442,0.1606,
706,3516,0.1578,
706,3432,0.1573,
706,7051,0.1541,
706,3596,0.1535,
707,1054,0.2057,
707,5343,0.2027,
707,2449,0.1978,
707,3744,0.1963,
707,2461,0.1951,
707,1902,0.1945,
707,4274,0.1917,
707,3346,0.1911,
707,3418,0.1906,
707,8500,0.1904,
707,5967,0.19,
707,2385,0.1897,
707,3917,0.1884,
707,9171,0.1879,
707,5106,0.1861,
707,2433,0.1853,
707,7453,0.1853,
707,1704,0.1844,
707,8732,0.1843,
707,1022,0.1842,
708,9062,0.3481,
708,6627,0.2713,
708,3432,0.271,
708,7070,0.2709,
708,1931,0.2663,
708,5609,0.2663,
708,2331,0.2654,
708,8693,0.2575,
708,6442,0.2575,
708,4158,0.2571,
708,7051,0.2463,
708,3989,0.2463,
708,7883,0.2444,
708,8067,0.2438,
708,7870,0.2413,
708,4175,0.2398,
708,7568,0.2393,
708,2461,0.237,
708,5261,0.2364,
708,4035,0.2362,
709,1083,0.2019,
709,9213,0.1947,
709,1054,0.1894,
709,8184,0.188,
709,2461,0.1853,
709,2401,0.1769,
709,155,0.1762,
709,8968,0.1752,
709,5930,0.1751,
709,7628,0.1742,
709,4127,0.173,
709,7453,0.1729,
709,5619,0.1723,
709,3202,0.1718,
709,3744,0.1716,
709,4886,0.1706,
709,1400,0.1705,
709,2433,0.1704,
709,1913,0.1699,
709,9436,0.1686,
710,239,0.2183,
710,7453,0.205,
710,155,0.1922,
710,7195,0.1859,
710,5011,0.1818,
710,8600,0.1776,
710,1772,0.1773,
710,7318,0.1765,
710,8079,0.176,
710,7083,0.1755,
710,1806,0.1748,
710,6225,0.1741,
710,5106,0.173,
710,7901,0.1722,
710,5321,0.1722,
710,3516,0.1721,
710,1054,0.1717,
710,7762,0.1709,
710,1081,0.1702,
710,9267,0.1702,
763,3151,0.2758,
763,1062,0.2706,
763,4455,0.2699,
763,3540,0.2696,
763,1028,0.2692,
763,9452,0.2674,
763,7140,0.2668,
763,3787,0.2664,
763,8131,0.2663,
763,4514,0.265,
763,4727,0.2597,
763,983,0.2595,
763,4275,0.2594,
763,3961,0.2591,
763,1545,0.2578,
763,4682,0.2577,
763,2158,0.2569,
763,6431,0.2565,
763,2160,0.2564,
763,736,0.2563,
711,5223,0.2949,
711,6849,0.2922,
711,433,0.2768,
711,6613,0.2724,
711,5465,0.2704,
711,5583,0.2654,
711,2361,0.2607,
711,6643,0.2605,
711,1908,0.2588,
711,6614,0.2576,
711,4057,0.2571,
711,1771,0.2562,
711,5494,0.2548,
711,5708,0.2541,
711,3457,0.2521,
711,7824,0.2475,
711,8662,0.2451,
711,3787,0.2446,
711,7638,0.2445,
711,4455,0.244,
712,1330,0.2313,
712,6442,0.2146,
712,1241,0.2013,
712,736,0.195,
712,7633,0.1941,
712,7825,0.1888,
712,8267,0.1887,
712,5165,0.1873,
712,307,0.1848,
712,2800,0.1845,
712,7977,0.1841,
712,4396,0.1823,
712,1639,0.1805,
712,3057,0.1798,
712,455,0.1796,
712,5109,0.1779,
712,7824,0.1775,
712,78,0.1774,
712,2724,0.177,
712,5189,0.1762,
713,919,0.2024,
713,6469,0.1938,
713,8224,0.1852,
713,2972,0.1842,
713,95,0.184,
713,6259,0.1838,
713,6940,0.1833,
713,7155,0.1831,
713,7419,0.1827,
713,5647,0.1827,
713,1869,0.1817,
713,7361,0.1816,
713,3090,0.1807,
713,6640,0.1805,
713,8806,0.1799,
713,4311,0.1798,
713,4160,0.1797,
713,414,0.1787,
713,3561,0.1783,
713,2473,0.1782,
714,8005,0.2344,
714,8267,0.2189,
714,4158,0.2189,
714,8746,0.2144,
714,4682,0.2136,
714,6973,0.2105,
714,2361,0.21,
714,6614,0.21,
714,7126,0.2093,
714,4514,0.2089,
714,3989,0.2079,
714,9062,0.2078,
714,3066,0.2069,
714,2856,0.2061,
714,2006,0.2039,
714,3787,0.2038,
714,6785,0.2028,
714,4531,0.2028,
714,7870,0.2027,
714,3050,0.2026,
715,2926,0.2404,
715,2255,0.2339,
715,4622,0.2289,
715,3693,0.2177,
715,3886,0.2161,
715,8880,0.2138,
715,7200,0.2095,
715,5559,0.207,
715,4057,0.2065,
715,1636,0.2006,
715,5465,0.2006,
715,6940,0.1997,
715,5590,0.1995,
715,7828,0.1979,
715,2764,0.1941,
715,6747,0.194,
715,516,0.1937,
715,6472,0.1936,
715,5223,0.1927,
715,6517,0.1926,
716,2043,0.3064,
716,2022,0.3027,
716,8011,0.2845,
716,2455,0.2844,
716,732,0.2806,
716,582,0.2772,
716,5055,0.2767,
716,4210,0.2752,
716,3245,0.2741,
716,7892,0.2686,
716,7832,0.2655,
716,8341,0.2637,
716,3486,0.2635,
716,777,0.2614,
716,4011,0.2611,
716,1533,0.2606,
716,7742,0.2599,
716,7602,0.2598,
716,2325,0.2598,
716,154,0.2579,
717,78,0.2975,
717,7525,0.2927,
717,169,0.2756,
717,3506,0.2671,
717,4291,0.2667,
717,3816,0.258,
717,6441,0.2482,
717,9431,0.2473,
717,1908,0.2466,
717,6173,0.2459,
717,8585,0.2435,
717,2356,0.2398,
717,2182,0.2386,
717,2079,0.2374,
717,8843,0.2364,
717,2252,0.2343,
717,3219,0.2335,
717,821,0.2334,
717,3259,0.2331,
717,1004,0.2328,
718,8131,0.2475,
718,2837,0.2322,
718,6904,0.2295,
718,736,0.2248,
718,3540,0.2214,
718,9273,0.2097,
718,3202,0.2069,
718,2006,0.2008,
718,1330,0.1957,
718,7633,0.1944,
718,9452,0.1937,
718,8067,0.1911,
718,155,0.1908,
718,5085,0.1884,
718,7174,0.1855,
718,5583,0.1833,
718,318,0.1833,
718,2770,0.1823,
718,5716,0.1822,
718,1753,0.1819,
764,8834,0.2548,
764,6613,0.2271,
764,2629,0.2215,
764,4286,0.2193,
764,2724,0.2122,
764,338,0.203,
764,3356,0.1986,
764,7879,0.198,
764,5642,0.1963,
764,3088,0.1948,
764,9436,0.194,
764,965,0.1928,
764,4237,0.1902,
764,7512,0.1888,
764,4810,0.1886,
764,3023,0.1875,
764,6433,0.1874,
764,3563,0.1858,
764,4377,0.1833,
764,1162,0.1828,
719,3989,0.2796,
719,155,0.214,
719,2724,0.2119,
719,5779,0.211,
719,8888,0.1997,
719,4981,0.1942,
719,2006,0.1938,
719,15,0.1898,
719,291,0.1894,
719,6084,0.1884,
719,7486,0.1864,
719,5882,0.1864,
719,5341,0.1862,
719,1908,0.1834,
719,8834,0.182,
719,5774,0.1816,
719,2923,0.1814,
719,7883,0.1793,
719,5894,0.1787,
719,5106,0.1782,
720,338,0.1625,
720,8834,0.1603,
720,6613,0.1599,
720,4286,0.153,
720,7512,0.1451,
720,4237,0.145,
720,6433,0.1448,
720,4377,0.1413,
720,965,0.1397,
720,9436,0.1339,
720,8470,0.1327,
720,3356,0.1291,
720,7784,0.1288,
720,2629,0.1283,
720,8322,0.1279,
720,6504,0.1276,
720,5642,0.1269,
720,6785,0.1267,
720,8190,0.1262,
720,4091,0.1255,
721,355,0.167,
721,5930,0.1609,
721,3516,0.1606,
721,5011,0.1603,
721,4403,0.1525,
721,9436,0.1519,
721,1081,0.151,
721,5676,0.145,
721,6835,0.1448,
721,9213,0.141,
721,5619,0.141,
721,1054,0.139,
721,7083,0.1389,
721,2554,0.1383,
721,5168,0.1366,
721,2127,0.1328,
721,5919,0.1324,
721,2461,0.1319,
721,9441,0.1313,
721,587,0.1297,
722,6444,0.2733,
722,919,0.2723,
722,6701,0.2677,
722,2053,0.2669,
722,9276,0.2651,
722,2764,0.2624,
722,9447,0.26,
722,5603,0.2585,
722,6259,0.2581,
722,2019,0.2564,
722,2492,0.2557,
722,1858,0.2546,
722,4622,0.2542,
722,3349,0.2538,
722,1846,0.2538,
722,9070,0.2522,
722,5660,0.2517,
722,5900,0.2511,
722,7701,0.2511,
722,6127,0.251,
723,2837,0.2536,
723,3202,0.2454,
723,9273,0.233,
723,850,0.2232,
723,2401,0.2218,
723,8968,0.2197,
723,4652,0.2181,
723,9213,0.218,
723,2461,0.2162,
723,7578,0.2132,
723,1902,0.2131,
723,1704,0.2126,
723,155,0.2106,
723,3744,0.21,
723,5343,0.2098,
723,6803,0.2094,
723,5967,0.2081,
723,2109,0.2067,
723,5044,0.2037,
723,7901,0.202,
724,2461,0.2362,
724,9436,0.2093,
724,4682,0.2085,
724,7070,0.2048,
724,7628,0.2031,
724,6998,0.2031,
724,5343,0.1991,
724,1902,0.1987,
724,5967,0.1928,
724,2344,0.1904,
724,9062,0.189,
724,6613,0.1884,
724,7231,0.1855,
724,7633,0.1841,
724,7568,0.1821,
724,9394,0.1817,
724,3787,0.181,
724,8005,0.1805,
724,1438,0.1795,
724,587,0.179,
725,7879,0.2523,
725,2561,0.2362,
725,4582,0.2306,
725,8834,0.2282,
725,1204,0.2223,
725,8585,0.2206,
725,4553,0.2184,
725,2175,0.2157,
725,6433,0.2132,
725,5010,0.2124,
725,2422,0.2117,
725,396,0.2115,
725,9288,0.2094,
725,885,0.2076,
725,8070,0.2054,
725,4810,0.2047,
725,4237,0.2045,
725,4818,0.2042,
725,183,0.2041,
725,4611,0.2037,
765,3044,0.1657,
765,7116,0.1637,
765,850,0.1606,
765,7247,0.1558,
765,8349,0.1511,
765,6012,0.1501,
765,4808,0.15,
765,2401,0.1499,
765,7628,0.149,
765,8968,0.1485,
765,2344,0.1478,
765,722,0.1477,
765,3016,0.1473,
765,3261,0.1469,
765,2461,0.1461,
765,8118,0.1457,
765,155,0.1441,
765,3202,0.143,
765,3368,0.143,
765,310,0.1429,
766,9452,0.2634,
766,307,0.2554,
766,5583,0.2361,
766,6973,0.2349,
766,7031,0.2314,
766,6613,0.2283,
766,5223,0.2271,
766,8005,0.2267,
766,592,0.2244,
766,6614,0.2236,
766,4275,0.2201,
766,8735,0.2189,
766,2145,0.2186,
766,8073,0.2184,
766,2642,0.2177,
766,6849,0.2167,
766,2539,0.2155,
766,5901,0.2146,
766,6643,0.2145,
766,6001,0.2145,
726,8720,0.2239,
726,5790,0.2215,
726,7901,0.221,
726,8054,0.2186,
726,3224,0.2097,
726,5554,0.2045,
726,1902,0.2043,
726,4818,0.2039,
726,4652,0.2031,
726,616,0.1989,
726,193,0.1987,
726,1000,0.1981,
726,4074,0.1961,
726,4223,0.1957,
726,8726,0.1947,
726,2459,0.1937,
726,8579,0.1935,
726,3489,0.1933,
726,4547,0.1933,
726,6310,0.1932,
727,3540,0.2241,
727,3897,0.2236,
727,4682,0.217,
727,4489,0.2138,
727,2331,0.2106,
727,8067,0.2071,
727,6627,0.1998,
727,5034,0.1969,
727,9062,0.1935,
727,6026,0.1927,
727,307,0.192,
727,164,0.1902,
727,5344,0.1854,
727,7070,0.1839,
727,3946,0.1838,
727,3840,0.1819,
727,920,0.1816,
727,8488,0.1793,
727,1931,0.1777,
727,2006,0.1761,
728,7918,0.2337,
728,504,0.226,
728,2215,0.2031,
728,8451,0.1996,
728,3549,0.1989,
728,1722,0.1969,
728,9096,0.1968,
728,7377,0.1952,
728,7883,0.1939,
728,8349,0.1923,
728,3788,0.1922,
728,6831,0.1921,
728,4175,0.1903,
728,722,0.1879,
728,2630,0.1851,
728,8138,0.1818,
728,6012,0.1814,
728,5820,0.1812,
728,1834,0.1783,
728,3016,0.1781,
729,5098,0.3599,
729,7462,0.3552,
729,7964,0.3517,
729,7699,0.3305,
729,432,0.3299,
729,1369,0.3288,
729,6164,0.3185,
729,3669,0.3174,
729,9237,0.3172,
729,5737,0.3171,
729,5049,0.3168,
729,9247,0.3165,
729,8151,0.3158,
729,4138,0.3153,
729,8042,0.3111,
729,8544,0.3111,
729,6829,0.3099,
729,4729,0.3098,
729,6867,0.3094,
729,5735,0.3086,
730,2127,0.3657,
730,3417,0.3647,
730,2874,0.364,
730,8905,0.3626,
730,4553,0.361,
730,3436,0.3601,
730,3920,0.3597,
730,5438,0.3576,
730,7523,0.3539,
730,6474,0.3528,
730,754,0.3521,
730,6141,0.3521,
730,6376,0.3518,
730,3057,0.3487,
730,5659,0.3482,
730,4512,0.3481,
730,2566,0.3428,
730,759,0.34,
730,3207,0.3352,
730,355,0.3341,
731,6998,0.1795,
731,1337,0.1756,
731,3744,0.1681,
731,9394,0.1667,
731,4544,0.1657,
731,8813,0.1654,
731,2461,0.1648,
731,1022,0.1643,
731,1225,0.1631,
731,8471,0.1622,
731,8146,0.162,
731,5155,0.1603,
731,7453,0.1601,
731,6803,0.1587,
731,2433,0.1585,
731,2668,0.158,
731,1913,0.1566,
731,8965,0.1566,
731,5619,0.1562,
731,2344,0.1561,
732,2331,0.2238,
732,6478,0.2127,
732,3897,0.2051,
732,3516,0.2025,
732,7195,0.1923,
732,2926,0.1912,
732,5189,0.1892,
732,8439,0.1891,
732,4057,0.1887,
732,3871,0.1878,
732,7371,0.186,
732,3840,0.1842,
732,2461,0.1838,
732,8855,0.1834,
732,4565,0.1824,
732,9062,0.18,
732,6542,0.18,
732,3060,0.1776,
732,2630,0.1776,
732,7051,0.1765,
1135,2461,0.229,
1135,6803,0.2215,
1135,7628,0.2143,
1135,3432,0.2081,
1135,9062,0.2043,
1135,2331,0.2034,
1135,9394,0.2018,
1135,3202,0.1989,
1135,6627,0.197,
1135,7070,0.1954,
1135,6442,0.1917,
1135,2433,0.1912,
1135,7494,0.1889,
1135,7231,0.1886,
1135,7568,0.1885,
1135,5261,0.187,
1135,8612,0.1859,
1135,951,0.185,
1135,5109,0.1834,
1135,7578,0.1834,
733,6973,0.2563,
733,4291,0.2563,
733,3787,0.2479,
733,5583,0.2443,
733,4057,0.2425,
733,5344,0.242,
733,2145,0.2377,
733,8470,0.2362,
733,4480,0.2355,
733,5519,0.2338,
733,4514,0.2332,
733,8679,0.2328,
733,7633,0.2316,
733,66,0.2302,
733,6849,0.2302,
733,1062,0.2295,
733,3066,0.2294,
733,2308,0.2287,
733,2006,0.2275,
733,555,0.2271,
734,7883,0.2773,
734,9062,0.2765,
734,8067,0.2755,
734,4175,0.272,
734,2663,0.2702,
734,8240,0.2667,
734,1908,0.2646,
734,8834,0.2569,
734,291,0.2532,
734,3379,0.2529,
734,8286,0.2515,
734,7973,0.2489,
734,6174,0.2457,
734,4531,0.2438,
734,5412,0.2433,
734,7990,0.243,
734,6442,0.242,
734,7870,0.2389,
734,6104,0.2387,
734,5535,0.2354,
735,8804,0.2004,
735,5642,0.1991,
735,4231,0.1987,
735,7515,0.1975,
735,7141,0.197,
735,8482,0.1951,
735,5620,0.1943,
735,8530,0.1936,
735,7747,0.1931,
735,6917,0.1892,
735,3330,0.1892,
735,2718,0.189,
735,4523,0.1886,
735,8834,0.188,
735,4968,0.1879,
735,4788,0.1871,
735,7412,0.1866,
735,806,0.1847,
735,7517,0.1836,
735,8301,0.1834,
736,4275,0.2956,
736,307,0.2942,
736,2158,0.29,
736,2361,0.2817,
736,5773,0.2815,
736,5583,0.2789,
736,9452,0.2787,
736,6614,0.2779,
736,983,0.2738,
736,4727,0.2736,
736,8940,0.2698,
736,3787,0.266,
736,2351,0.2658,
736,1829,0.2654,
736,4514,0.2648,
736,4744,0.2648,
736,5971,0.2647,
736,2606,0.2638,
736,3581,0.2638,
736,7265,0.2629,
737,4299,0.3057,
737,7195,0.2951,
737,3941,0.2805,
737,8130,0.2797,
737,3840,0.2772,
737,3060,0.2763,
737,326,0.2721,
737,7983,0.2709,
737,3871,0.2688,
737,882,0.2676,
737,5187,0.2675,
737,5266,0.2668,
737,3564,0.2616,
737,455,0.2614,
737,5467,0.2601,
737,614,0.2591,
737,9322,0.2589,
737,7371,0.2584,
737,7925,0.2582,
737,4258,0.2574,
738,6478,0.1971,
738,5189,0.197,
738,919,0.1939,
738,2665,0.1929,
738,2926,0.1926,
738,4848,0.1911,
738,4565,0.191,
738,8592,0.1907,
738,6444,0.1907,
738,4720,0.1896,
738,5192,0.1891,
738,9184,0.1836,
738,8206,0.1816,
738,6963,0.181,
738,5344,0.18,
738,5081,0.1796,
738,8834,0.1791,
738,5413,0.179,
738,4057,0.1782,
738,4286,0.1772,
739,7674,0.1823,
739,3516,0.1786,
739,8992,0.1773,
739,352,0.1748,
739,1081,0.1743,
739,6415,0.1676,
739,2104,0.1673,
739,4736,0.1667,
739,1570,0.1622,
739,7472,0.1601,
739,5619,0.158,
739,1914,0.1544,
739,4403,0.1526,
739,3356,0.1505,
739,3156,0.1492,
739,5011,0.1488,
739,9436,0.1483,
739,8506,0.1468,
739,1465,0.1462,
739,6451,0.1458,
808,8620,0.3533,
808,5554,0.3484,
808,2687,0.3384,
808,4547,0.3279,
808,4250,0.3256,
808,8720,0.3241,
808,3224,0.3173,
808,9032,0.3154,
808,3287,0.3152,
808,8836,0.3147,
808,8579,0.314,
808,4302,0.3131,
808,3650,0.3123,
808,3552,0.3121,
808,5122,0.3108,
808,4074,0.3099,
808,511,0.3097,
808,6819,0.3094,
808,2911,0.309,
808,5543,0.3077,
740,5930,0.1976,
740,919,0.1974,
740,8592,0.1943,
740,5081,0.1874,
740,5192,0.1872,
740,8070,0.1872,
740,794,0.1861,
740,5990,0.1803,
740,7414,0.1778,
740,7252,0.1774,
740,8275,0.176,
740,8834,0.1744,
740,2926,0.1738,
740,3516,0.1729,
740,7824,0.1723,
740,5189,0.1722,
740,2665,0.172,
740,2185,0.1704,
740,1083,0.1679,
740,6963,0.1674,
741,6346,0.2449,
741,6719,0.2403,
741,4227,0.2366,
741,6753,0.234,
741,5388,0.231,
741,3774,0.2307,
741,2412,0.2307,
741,3163,0.2294,
741,8821,0.2199,
741,3175,0.2193,
741,6234,0.2192,
741,5985,0.2172,
741,391,0.2137,
741,6124,0.2122,
741,249,0.2112,
741,920,0.2111,
741,4510,0.2094,
741,5748,0.2092,
741,9362,0.2091,
741,7341,0.2079,
742,3516,0.1736,
742,5619,0.1528,
742,2330,0.1511,
742,3917,0.1507,
742,7315,0.1504,
742,1081,0.1474,
742,7083,0.1428,
742,4414,0.1426,
742,9436,0.1422,
742,3605,0.142,
742,2926,0.1411,
742,606,0.1394,
742,5168,0.1393,
742,4721,0.1393,
742,4403,0.1389,
742,4652,0.1388,
742,5011,0.1383,
742,5017,0.1366,
742,1022,0.1366,
742,9192,0.1359,
743,8699,0.273,
743,1786,0.2703,
743,5671,0.268,
743,4344,0.266,
743,683,0.2654,
743,6859,0.2649,
743,1630,0.2633,
743,3175,0.262,
743,764,0.2605,
743,1807,0.2595,
743,3315,0.2574,
743,7471,0.2568,
743,8336,0.2552,
743,5190,0.2551,
743,4149,0.2546,
743,7188,0.2545,
743,6453,0.2539,
743,1035,0.2533,
743,7001,0.2531,
743,995,0.2529,
744,5246,0.188,
744,4370,0.1808,
744,985,0.179,
744,8328,0.1785,
744,4086,0.1777,
744,7535,0.1743,
744,820,0.1726,
744,8901,0.1726,
744,7006,0.1722,
744,967,0.1716,
744,696,0.1697,
744,3303,0.1695,
744,9106,0.1691,
744,8866,0.1685,
744,3808,0.168,
744,891,0.1679,
744,2070,0.1674,
744,649,0.1672,
744,3144,0.167,
744,2192,0.167,
745,282,0.2526,
745,3057,0.226,
745,8322,0.2247,
745,1962,0.2242,
745,5165,0.2232,
745,7824,0.2223,
745,5563,0.2186,
745,5494,0.2132,
745,8888,0.2121,
745,9368,0.2102,
745,3646,0.2099,
745,455,0.2093,
745,7973,0.2074,
745,8905,0.2045,
745,8470,0.2036,
745,1909,0.2036,
745,2510,0.2029,
745,5438,0.2004,
745,5999,0.1992,
745,3840,0.1988,
746,5559,0.2053,
746,8763,0.1873,
746,919,0.185,
746,3261,0.1845,
746,4143,0.181,
746,5176,0.1788,
746,3862,0.1782,
746,2060,0.1777,
746,1636,0.1753,
746,8295,0.1748,
746,1902,0.1747,
746,5590,0.1743,
746,2473,0.1742,
746,1796,0.1727,
746,6472,0.1699,
746,3693,0.1692,
746,4240,0.1686,
746,4342,0.1683,
746,8978,0.1668,
746,5877,0.1652,
747,7879,0.2603,
747,338,0.2404,
747,8481,0.2397,
747,2175,0.2353,
747,2252,0.2275,
747,8585,0.2255,
747,1859,0.2231,
747,8192,0.2212,
747,8834,0.2191,
747,7512,0.218,
747,9034,0.2172,
747,967,0.2165,
747,8070,0.2158,
747,334,0.2156,
747,980,0.2126,
747,1162,0.2106,
747,5397,0.2104,
747,9436,0.2098,
747,9366,0.2088,
747,3864,0.2077,
748,9441,0.2008,
748,3088,0.1999,
748,9436,0.1984,
748,7440,0.1977,
748,3516,0.1969,
748,1083,0.1955,
748,9337,0.1951,
748,1427,0.1947,
748,6021,0.1944,
748,2184,0.1924,
748,5529,0.1834,
748,7512,0.1831,
748,6880,0.1809,
748,338,0.1806,
748,5535,0.1796,
748,8834,0.1788,
748,5974,0.1775,
748,6975,0.1757,
748,6631,0.1756,
748,7737,0.1753,
749,7973,0.3072,
749,1809,0.282,
749,2568,0.2742,
749,2145,0.2702,
749,6486,0.2564,
749,9074,0.2537,
749,8834,0.2481,
749,2141,0.2439,
749,6613,0.2389,
749,3249,0.2327,
749,6802,0.2308,
749,3236,0.2294,
749,8087,0.2238,
749,4511,0.2236,
749,2929,0.2193,
749,338,0.215,
749,2325,0.2137,
749,6174,0.2107,
749,5448,0.2089,
749,6504,0.2081,
750,5356,0.2709,
750,9366,0.2656,
750,1859,0.2645,
750,980,0.2633,
750,334,0.2608,
750,9034,0.2595,
750,7923,0.2582,
750,967,0.2582,
750,3864,0.2557,
750,6754,0.2539,
750,4962,0.2511,
750,5450,0.251,
750,6524,0.249,
750,6064,0.2474,
750,1162,0.2474,
750,7317,0.2474,
750,5397,0.2474,
750,6818,0.2471,
750,8481,0.2463,
750,5246,0.2463,
1136,453,0.1416,
1136,7917,0.1322,
1136,6442,0.1185,
1136,2217,0.1152,
1136,6803,0.115,
1136,4396,0.1148,
1136,5886,0.1141,
1136,5109,0.1139,
1136,7494,0.1126,
1136,1946,0.1116,
1136,3443,0.1108,
1136,951,0.1097,
1136,9384,0.1095,
1136,5085,0.1073,
1136,3036,0.1063,
1136,7863,0.1049,
1136,6565,0.1047,
1136,5048,0.1021,
1136,1372,0.1018,
1136,1504,0.1007,
751,6174,0.2757,
751,4531,0.266,
751,4751,0.2628,
751,7784,0.2578,
751,2724,0.2485,
751,6009,0.2481,
751,5412,0.2464,
751,6442,0.246,
751,5349,0.2458,
751,7870,0.2456,
751,8888,0.2422,
751,249,0.2406,
751,6951,0.2397,
751,6807,0.2366,
751,1207,0.2365,
751,5533,0.2325,
751,1909,0.2312,
751,6960,0.2306,
751,3379,0.2303,
751,1962,0.23,
752,2312,0.196,
752,1062,0.1793,
752,6442,0.1749,
752,2663,0.1672,
752,6613,0.1647,
752,8834,0.1633,
752,7870,0.1621,
752,307,0.1615,
752,5081,0.1587,
752,8662,0.1586,
752,1162,0.1584,
752,2361,0.1554,
752,3039,0.1551,
752,334,0.152,
752,4531,0.1515,
752,3447,0.1514,
752,6174,0.1508,
752,2492,0.1496,
752,1215,0.1491,
752,8617,0.1488,
753,4057,0.2707,
753,4514,0.2603,
753,6613,0.2576,
753,8940,0.255,
753,5465,0.2526,
753,3787,0.2494,
753,2308,0.249,
753,2361,0.2474,
753,4275,0.2471,
753,5223,0.2447,
753,1028,0.2446,
753,66,0.2442,
753,5969,0.244,
753,9452,0.2435,
753,5548,0.2426,
753,7140,0.2425,
753,8746,0.2425,
753,2539,0.242,
753,6614,0.2419,
753,5583,0.2406,
754,8763,0.2818,
754,8769,0.2816,
754,5559,0.2799,
754,8806,0.2793,
754,534,0.2771,
754,6701,0.2759,
754,5761,0.2714,
754,7132,0.2711,
754,8118,0.2675,
754,7439,0.2674,
754,1891,0.2665,
754,5176,0.2662,
754,7155,0.2656,
754,5636,0.265,
754,5505,0.2644,
754,793,0.264,
754,3693,0.2637,
754,2473,0.2627,
754,1318,0.262,
754,6824,0.2617,
775,5223,0.1857,
775,7724,0.1849,
775,164,0.1753,
775,7824,0.1716,
775,5563,0.1662,
775,5081,0.1633,
775,307,0.1605,
775,5344,0.1602,
775,2145,0.1602,
775,4275,0.1596,
775,4085,0.1574,
775,5882,0.1549,
775,613,0.1549,
775,3457,0.1539,
775,3244,0.1532,
775,4744,0.1529,
775,1263,0.1525,
775,9135,0.1519,
775,3652,0.1518,
775,5927,0.1509,
755,7784,0.2628,
755,9062,0.2561,
755,8067,0.2387,
755,7825,0.2242,
755,2928,0.222,
755,4751,0.2216,
755,4848,0.2211,
755,2510,0.2177,
755,3743,0.2125,
755,2409,0.2121,
755,7870,0.2119,
755,7648,0.2118,
755,5882,0.2108,
755,7883,0.2082,
755,8834,0.2081,
755,9283,0.2078,
755,2724,0.2076,
755,8036,0.2066,
755,4421,0.2062,
755,8888,0.2061,
756,6444,0.1908,
756,8202,0.1751,
756,919,0.1726,
756,5413,0.1711,
756,885,0.1657,
756,4848,0.1631,
756,2053,0.1608,
756,2891,0.1592,
756,8438,0.1578,
756,9447,0.1575,
756,8036,0.1562,
756,846,0.156,
756,4720,0.1536,
756,6570,0.1535,
756,501,0.1528,
756,1311,0.1519,
756,7252,0.1495,
756,9184,0.1474,
756,3568,0.1473,
756,2979,0.1472,
757,2255,0.234,
757,2019,0.2191,
757,6472,0.2167,
757,4622,0.205,
757,8763,0.2037,
757,3074,0.2029,
757,2926,0.2015,
757,3693,0.2011,
757,787,0.201,
757,5465,0.1993,
757,9070,0.1986,
757,6701,0.1986,
757,3052,0.1984,
757,8692,0.197,
757,3503,0.1967,
757,4364,0.1962,
757,8978,0.196,
757,6127,0.1944,
757,7200,0.1943,
757,1359,0.1937,
758,7784,0.2284,
758,9213,0.2228,
758,2461,0.2193,
758,9062,0.2161,
758,7195,0.1986,
758,3202,0.1884,
758,5106,0.1882,
758,8067,0.1795,
758,3516,0.1759,
758,4299,0.1756,
758,5854,0.1749,
758,7051,0.1717,
758,2724,0.1707,
758,9219,0.1677,
758,2433,0.1647,
758,2385,0.1631,
758,3060,0.1631,
758,7371,0.162,
758,7628,0.1606,
758,5967,0.1596,
759,4553,0.1903,
759,355,0.179,
759,2127,0.175,
759,3436,0.1738,
759,3057,0.1721,
759,8711,0.1705,
759,5438,0.1678,
759,7273,0.165,
759,7523,0.1647,
759,5659,0.1625,
759,6386,0.1618,
759,754,0.1597,
759,4512,0.1587,
759,8905,0.1582,
759,759,0.1565,
759,2874,0.1564,
759,3920,0.1563,
759,5165,0.1555,
759,8221,0.1551,
759,7867,0.154,
760,3516,0.1793,
760,5930,0.1777,
760,9436,0.1723,
760,7083,0.1664,
760,5081,0.1617,
760,4057,0.1614,
760,3744,0.1609,
760,919,0.1594,
760,2926,0.1581,
760,9213,0.1578,
760,4544,0.1546,
760,6613,0.1538,
760,2668,0.1535,
760,7453,0.1532,
760,1337,0.1532,
760,5168,0.1528,
760,5619,0.1527,
760,1022,0.1526,
760,1225,0.1522,
760,4403,0.1518,
761,231,0.2218,
761,7110,0.2037,
761,8289,0.1998,
761,726,0.1934,
761,5813,0.1929,
761,7589,0.1904,
761,5857,0.1901,
761,116,0.1898,
761,6872,0.189,
761,1219,0.1878,
761,5381,0.1859,
761,6959,0.1842,
761,8048,0.1832,
761,1050,0.1827,
761,4082,0.1806,
761,7095,0.1797,
761,8801,0.1789,
761,1742,0.1788,
761,6516,0.1755,
761,2736,0.175,
762,3516,0.2375,
762,8439,0.2329,
762,2926,0.2326,
762,8571,0.2317,
762,5189,0.2303,
762,3743,0.23,
762,6440,0.2298,
762,6430,0.2295,
762,6046,0.2282,
762,1427,0.2281,
762,7679,0.228,
762,6478,0.2275,
762,5984,0.2271,
762,4565,0.2253,
762,9438,0.2246,
762,6644,0.2198,
762,5708,0.2149,
762,4057,0.2147,
762,7800,0.2141,
762,4523,0.2135,
767,4424,0.2422,
767,4958,0.2237,
767,197,0.2209,
767,5348,0.218,
767,6522,0.2164,
767,2683,0.2139,
767,3821,0.2117,
767,5933,0.2086,
767,767,0.2076,
767,4577,0.2047,
767,8678,0.202,
767,3612,0.2019,
767,5190,0.2002,
767,376,0.1986,
767,3774,0.197,
767,30,0.1968,
767,5874,0.1961,
767,5621,0.1943,
767,3637,0.1942,
767,7698,0.1929,
768,9452,0.3878,
768,4275,0.3719,
768,5583,0.3689,
768,2361,0.3639,
768,6614,0.3556,
768,3787,0.3552,
768,993,0.354,
768,1028,0.3527,
768,9388,0.3525,
768,3540,0.3524,
768,8551,0.3521,
768,9407,0.3519,
768,307,0.3519,
768,2308,0.3518,
768,2145,0.3511,
768,7853,0.3498,
768,7140,0.3497,
768,2606,0.3489,
768,7447,0.3475,
768,2160,0.3471,
769,3743,0.1302,
769,4810,0.124,
769,455,0.1193,
769,8571,0.1166,
769,9267,0.1133,
769,56,0.1122,
769,6038,0.1106,
769,1817,0.1104,
769,9185,0.1075,
769,4127,0.1071,
769,6430,0.107,
769,8592,0.1065,
769,239,0.1047,
769,8792,0.1044,
769,5930,0.1027,
769,2718,0.101,
769,1424,0.1002,
769,5168,0.0997,
769,5708,0.0993,
769,5011,0.099,
770,951,0.1941,
770,5109,0.1924,
770,7494,0.1917,
770,6803,0.1855,
770,6442,0.1832,
770,6627,0.1808,
770,3432,0.1807,
770,7070,0.1804,
770,6565,0.1753,
770,1504,0.175,
770,2298,0.1739,
770,2461,0.1739,
770,9062,0.1715,
770,1858,0.1711,
770,453,0.168,
770,7917,0.1669,
770,7568,0.1622,
770,5261,0.1618,
770,8612,0.1606,
770,8769,0.1606,
771,4553,0.2211,
771,3057,0.2064,
771,3436,0.2051,
771,5438,0.2,
771,754,0.1983,
771,409,0.1976,
771,5999,0.1941,
771,8711,0.1919,
771,7523,0.19,
771,5165,0.1893,
771,998,0.1891,
771,3207,0.1889,
771,6376,0.1875,
771,8322,0.1865,
771,6474,0.1863,
771,2127,0.1854,
771,6141,0.1853,
771,3417,0.1848,
771,8221,0.184,
771,7782,0.1832,
772,307,0.1479,
772,6442,0.1439,
772,6803,0.1388,
772,7494,0.1331,
772,951,0.1244,
772,1504,0.1213,
772,5081,0.1183,
772,6565,0.1181,
772,8681,0.1176,
772,2298,0.1172,
772,5109,0.1165,
772,3961,0.1147,
772,9452,0.1144,
772,5971,0.1119,
772,5716,0.1106,
772,453,0.1103,
772,4190,0.1098,
772,3067,0.1096,
772,5930,0.1067,
772,1734,0.1066,
773,6701,0.2777,
773,6444,0.2615,
773,2053,0.2608,
773,8769,0.2591,
773,919,0.259,
773,2764,0.2579,
773,6127,0.2578,
773,4622,0.2578,
773,8806,0.2559,
773,6940,0.2557,
773,9070,0.2554,
773,1858,0.2527,
773,1846,0.2525,
773,6259,0.2516,
773,4041,0.2512,
773,3349,0.2493,
773,5761,0.2493,
773,4819,0.2488,
773,8272,0.2486,
773,1209,0.2486,
774,5319,0.2284,
774,1337,0.2265,
774,8190,0.2252,
774,7558,0.2102,
774,3864,0.2061,
774,3178,0.2048,
774,4091,0.2042,
774,409,0.2039,
774,7399,0.2038,
774,5001,0.2037,
774,2859,0.2036,
774,8471,0.203,
774,8192,0.202,
774,4127,0.2011,
774,7358,0.2002,
774,3646,0.2001,
774,3516,0.1988,
774,7638,0.1972,
774,3245,0.1963,
774,7656,0.1944,
776,1157,0.4036,
776,8376,0.3936,
776,477,0.391,
776,4344,0.3899,
776,2662,0.3879,
776,1807,0.3852,
776,2730,0.3849,
776,4248,0.3843,
776,6265,0.3835,
776,5560,0.3832,
776,6453,0.3818,
776,6358,0.3811,
776,6776,0.3795,
776,4272,0.3791,
776,968,0.3784,
776,515,0.3757,
776,6494,0.3755,
776,8537,0.3754,
776,6722,0.3724,
776,6859,0.3723,
777,5554,0.2497,
777,3563,0.2412,
777,5790,0.2392,
777,8579,0.2356,
777,248,0.2345,
777,4250,0.234,
777,7387,0.2317,
777,3650,0.2313,
777,8720,0.2284,
777,8836,0.2273,
777,8401,0.2268,
777,8620,0.2263,
777,511,0.2254,
777,3287,0.2253,
777,5543,0.2248,
777,3489,0.2247,
777,4547,0.2227,
777,9032,0.2221,
777,5122,0.2221,
777,4787,0.2214,
778,3039,0.2102,
778,1859,0.2096,
778,5356,0.2036,
778,8192,0.1999,
778,1465,0.1998,
778,334,0.1993,
778,9034,0.1983,
778,7652,0.1981,
778,868,0.198,
778,6754,0.197,
778,1162,0.1938,
778,5397,0.1924,
778,980,0.1915,
778,8481,0.1913,
778,6316,0.1902,
778,5450,0.1893,
778,6781,0.1892,
778,2589,0.1892,
778,3864,0.1892,
778,4962,0.1883,
779,3151,0.4142,
779,4744,0.3947,
779,34,0.3938,
779,9452,0.3888,
779,3787,0.3865,
779,2145,0.385,
779,4275,0.385,
779,3066,0.3849,
779,5494,0.379,
779,2160,0.3785,
779,473,0.3782,
779,6849,0.3781,
779,4252,0.378,
779,7724,0.3763,
779,6643,0.375,
779,5548,0.3749,
779,7447,0.3743,
779,4514,0.3736,
779,8551,0.3735,
779,2351,0.3728,
780,7824,0.265,
780,9062,0.242,
780,5563,0.2419,
780,4299,0.2402,
780,5189,0.2372,
780,7883,0.2287,
780,9328,0.2262,
780,4175,0.2244,
780,2430,0.2228,
780,7195,0.221,
780,82,0.2197,
780,8067,0.2189,
780,7870,0.218,
780,3989,0.2174,
780,291,0.2165,
780,8834,0.2146,
780,8240,0.2144,
780,455,0.2141,
780,3941,0.2113,
780,6174,0.2113,
805,919,0.2395,
805,6444,0.2342,
805,5990,0.2312,
805,846,0.2274,
805,8769,0.2218,
805,534,0.2216,
805,1858,0.2209,
805,8433,0.2155,
805,6412,0.2144,
805,4831,0.2136,
805,6701,0.2129,
805,2053,0.2127,
805,9384,0.2123,
805,9447,0.2107,
805,5943,0.2104,
805,8118,0.2088,
805,6273,0.2064,
805,8273,0.2062,
805,6773,0.2023,
805,6430,0.201,
781,736,0.2551,
781,3540,0.2512,
781,5165,0.2455,
781,5708,0.2442,
781,8131,0.2388,
781,5344,0.2181,
781,4727,0.2136,
781,1330,0.2118,
781,5716,0.2115,
781,8067,0.2066,
781,7633,0.2036,
781,983,0.2033,
781,307,0.1999,
781,164,0.1979,
781,3057,0.1975,
781,4744,0.1966,
781,1062,0.1964,
781,2361,0.196,
781,8374,0.1957,
781,4275,0.1952,
782,6563,0.2208,
782,8721,0.211,
782,1017,0.2067,
782,1573,0.1981,
782,6438,0.1947,
782,7186,0.194,
782,2071,0.1917,
782,1409,0.1907,
782,7735,0.1891,
782,3454,0.1891,
782,7248,0.1888,
782,2780,0.1875,
782,673,0.1857,
782,5272,0.1856,
782,3221,0.184,
782,1563,0.1839,
782,7370,0.1789,
782,3526,0.1784,
782,5882,0.1782,
782,6,0.1759,
783,432,0.2449,
783,9247,0.2384,
783,616,0.2315,
783,3552,0.2286,
783,5882,0.228,
783,6867,0.2259,
783,5737,0.2246,
783,8042,0.2244,
783,99,0.2243,
783,1763,0.2242,
783,7462,0.2202,
783,4869,0.22,
783,6083,0.2197,
783,4127,0.2197,
783,1445,0.2171,
783,1659,0.2157,
783,8720,0.2154,
783,7500,0.215,
783,455,0.2147,
783,7825,0.2142,
784,6444,0.2594,
784,8036,0.2437,
784,6104,0.2417,
784,9447,0.2361,
784,2255,0.2332,
784,4041,0.2332,
784,4848,0.2327,
784,4622,0.229,
784,1639,0.2247,
784,8763,0.2222,
784,6472,0.2221,
784,3039,0.2215,
784,3693,0.22,
784,6570,0.2193,
784,4317,0.2182,
784,7200,0.2166,
784,5344,0.2141,
784,4819,0.2139,
784,6940,0.2132,
784,4127,0.2121,
785,3516,0.2083,
785,9273,0.1717,
785,2837,0.1714,
785,3202,0.1707,
785,6997,0.1625,
785,8992,0.1568,
785,5984,0.1561,
785,4565,0.1555,
785,4114,0.1545,
785,7737,0.1535,
785,6478,0.1532,
785,6542,0.1501,
785,8439,0.1498,
785,1841,0.1495,
785,5189,0.1493,
785,9436,0.1488,
785,2926,0.1484,
785,701,0.1471,
785,1081,0.1462,
785,4523,0.1451,
786,2926,0.2142,
786,7200,0.2024,
786,8272,0.2005,
786,5761,0.1996,
786,1209,0.1995,
786,4819,0.1987,
786,8199,0.1975,
786,9053,0.1972,
786,8806,0.1962,
786,5505,0.1954,
786,1846,0.1944,
786,6778,0.1943,
786,9070,0.1939,
786,5422,0.1933,
786,6127,0.1931,
786,2255,0.1924,
786,4317,0.1897,
786,3561,0.1895,
786,7155,0.1888,
786,3933,0.1874,
787,2926,0.2553,
787,3933,0.2458,
787,2764,0.239,
787,4622,0.2308,
787,4317,0.2267,
787,3516,0.2254,
787,2255,0.2254,
787,6940,0.2242,
787,4041,0.2234,
787,8769,0.2182,
787,7083,0.2159,
787,5492,0.2155,
787,5559,0.214,
787,6701,0.2129,
787,6444,0.2128,
787,3052,0.2113,
787,6472,0.21,
787,8692,0.2097,
787,8763,0.2097,
787,9447,0.208,
788,5930,0.1948,
788,919,0.1829,
788,1902,0.1827,
788,2109,0.1744,
788,5559,0.1713,
788,8070,0.17,
788,5343,0.1677,
788,5990,0.1593,
788,5967,0.1582,
788,4818,0.1567,
788,8763,0.1534,
788,1704,0.1521,
788,2164,0.1516,
788,5970,0.1515,
788,3705,0.151,
788,4274,0.1498,
788,5192,0.1497,
788,2401,0.1494,
788,2449,0.1481,
788,4127,0.148,
789,5189,0.2277,
789,7737,0.2073,
789,4114,0.2031,
789,8834,0.2006,
789,8206,0.199,
789,4565,0.1986,
789,4057,0.1947,
789,6478,0.1938,
789,8439,0.1937,
789,2175,0.1923,
789,5984,0.1899,
789,8992,0.189,
789,1427,0.1888,
789,4523,0.1878,
789,2926,0.1857,
789,3516,0.1827,
789,6542,0.1826,
789,2510,0.182,
789,6997,0.181,
789,3008,0.1786,
790,9452,0.195,
790,5165,0.1847,
790,8600,0.1806,
790,307,0.1803,
790,7323,0.1795,
790,7548,0.1773,
790,378,0.1727,
790,1263,0.172,
790,5727,0.1712,
790,6066,0.1698,
790,5283,0.1692,
790,5,0.169,
790,2770,0.1685,
790,2435,0.1683,
790,4275,0.1675,
790,2642,0.1671,
790,9361,0.1659,
790,2145,0.1652,
790,684,0.1648,
790,4291,0.1642,
791,8163,0.2298,
791,78,0.2232,
791,6835,0.2219,
791,3816,0.2154,
791,6160,0.2122,
791,3506,0.208,
791,4291,0.2076,
791,6173,0.2067,
791,2079,0.2062,
791,3219,0.2058,
791,9074,0.2053,
791,3114,0.2019,
791,9431,0.199,
791,7514,0.1971,
791,683,0.1962,
791,821,0.1951,
791,8192,0.1928,
791,2008,0.1898,
791,8843,0.1893,
791,980,0.1891,
792,8190,0.2692,
792,8322,0.2581,
792,1809,0.2517,
792,3245,0.2486,
792,409,0.2485,
792,8470,0.2434,
792,7278,0.2424,
792,7824,0.2409,
792,1337,0.2389,
792,7638,0.2385,
792,6691,0.2374,
792,3646,0.2356,
792,1127,0.2356,
792,455,0.2355,
792,5319,0.2352,
792,5001,0.2343,
792,7558,0.2319,
792,3178,0.2298,
792,918,0.2298,
792,3506,0.2297,
793,8481,0.2935,
793,7606,0.2908,
793,6818,0.2752,
793,5450,0.2747,
793,8192,0.2719,
793,3864,0.2715,
793,334,0.2709,
793,5246,0.2703,
793,6781,0.2674,
793,9034,0.2668,
793,7923,0.2662,
793,5397,0.2661,
793,5356,0.2655,
793,1859,0.2655,
793,6064,0.265,
793,967,0.2646,
793,6942,0.2634,
793,7317,0.2633,
793,4962,0.2621,
793,9366,0.2611,
794,1205,0.1969,
794,274,0.1877,
794,6206,0.1849,
794,2764,0.1848,
794,5196,0.1844,
794,3517,0.1832,
794,8763,0.1807,
794,5825,0.1791,
794,6682,0.1773,
794,5559,0.1754,
794,6935,0.1747,
794,8955,0.1746,
794,338,0.1742,
794,2926,0.1729,
794,6613,0.1718,
794,4480,0.1699,
794,9447,0.1676,
794,3787,0.1673,
794,1766,0.167,
794,3052,0.1656,
795,8888,0.2128,
795,3842,0.2119,
795,5192,0.2084,
795,6627,0.2052,
795,9309,0.204,
795,8592,0.1968,
795,5563,0.1962,
795,7278,0.1936,
795,7824,0.1901,
795,882,0.1891,
795,7794,0.1878,
795,9062,0.1864,
795,3345,0.1862,
795,919,0.1838,
795,4299,0.1836,
795,5081,0.1822,
795,5882,0.1816,
795,7371,0.1802,
795,3840,0.1797,
795,2724,0.1746,
806,7695,0.2848,
806,1064,0.2786,
806,8711,0.2678,
806,8490,0.2659,
806,6775,0.2622,
806,8280,0.2619,
806,9310,0.2602,
806,2070,0.2602,
806,3375,0.2584,
806,9352,0.2579,
806,17,0.2564,
806,9030,0.2562,
806,7044,0.2557,
806,2252,0.2552,
806,1853,0.253,
806,7014,0.2526,
806,5097,0.2524,
806,7951,0.2514,
806,696,0.2514,
806,2865,0.2508,
807,8748,0.2677,
807,1908,0.25,
807,6164,0.2408,
807,432,0.2352,
807,1369,0.2315,
807,7699,0.2302,
807,7493,0.2277,
807,3258,0.2234,
807,7216,0.2207,
807,7307,0.2203,
807,7036,0.2196,
807,6786,0.218,
807,7452,0.2154,
807,4894,0.2149,
807,6618,0.2128,
807,6823,0.2125,
807,845,0.2125,
807,4138,0.2117,
807,8624,0.2111,
807,2949,0.211,
796,6444,0.2348,
796,6701,0.2338,
796,6430,0.2267,
796,919,0.2264,
796,4622,0.2172,
796,2053,0.2164,
796,8769,0.2161,
796,8118,0.2116,
796,1858,0.2083,
796,9070,0.2081,
796,9422,0.2066,
796,9447,0.2023,
796,3257,0.2006,
796,5344,0.1995,
796,6259,0.1971,
796,8079,0.1967,
796,5761,0.1962,
796,6517,0.1951,
796,3540,0.1951,
796,6127,0.195,
797,1908,0.226,
797,8585,0.2168,
797,9007,0.1834,
797,2008,0.1772,
797,3921,0.1755,
797,7879,0.1747,
797,5639,0.1739,
797,5807,0.1737,
797,4353,0.173,
797,885,0.1726,
797,8070,0.1698,
797,8834,0.169,
797,2175,0.169,
797,7638,0.1682,
797,2252,0.1667,
797,4624,0.1647,
797,4848,0.1634,
797,6792,0.1627,
797,1135,0.1627,
797,909,0.1622,
798,355,0.2103,
798,9213,0.1991,
798,2127,0.1816,
798,5297,0.1778,
798,6141,0.1721,
798,3057,0.1712,
798,8905,0.1711,
798,7523,0.1711,
798,2874,0.1701,
798,9219,0.1684,
798,754,0.1664,
798,3436,0.1661,
798,5438,0.1657,
798,5165,0.1654,
798,3920,0.165,
798,5659,0.1627,
798,4512,0.1622,
798,6474,0.1596,
798,3417,0.1586,
798,6376,0.1582,
799,5261,0.2051,
799,9062,0.1996,
799,5990,0.1965,
799,919,0.1944,
799,5930,0.1936,
799,2461,0.1936,
799,3432,0.1891,
799,8433,0.1891,
799,7051,0.1889,
799,1931,0.1834,
799,8769,0.1819,
799,6963,0.1819,
799,846,0.1799,
799,8592,0.1789,
799,7252,0.1786,
799,4058,0.1783,
799,7231,0.1778,
799,6444,0.1777,
799,8036,0.1773,
799,2331,0.177,
800,8374,0.3124,
800,4682,0.3121,
800,7265,0.283,
800,6978,0.2814,
800,7375,0.2813,
800,4057,0.2784,
800,8005,0.2776,
800,7126,0.277,
800,1363,0.2742,
800,4744,0.2741,
800,307,0.2712,
800,6973,0.2706,
800,8326,0.2701,
800,5969,0.2699,
800,8073,0.2696,
800,3794,0.2685,
800,5223,0.2673,
800,2361,0.2665,
800,5773,0.2659,
800,2642,0.2645,
801,6444,0.2512,
801,846,0.249,
801,7273,0.2361,
801,6104,0.2337,
801,5943,0.2315,
801,5999,0.2303,
801,3454,0.2273,
801,2019,0.2271,
801,6701,0.2266,
801,7493,0.2244,
801,9359,0.2236,
801,6898,0.223,
801,5900,0.2223,
801,7740,0.2184,
801,6430,0.2182,
801,4669,0.2175,
801,9070,0.2161,
801,7886,0.2156,
801,4628,0.2155,
801,4364,0.2152,
802,7782,0.2993,
802,1639,0.2903,
802,1276,0.2899,
802,5183,0.2898,
802,8267,0.2883,
802,3527,0.2814,
802,3558,0.2785,
802,3598,0.2779,
802,7824,0.2754,
802,6421,0.2746,
802,3973,0.2732,
802,2098,0.2721,
802,7076,0.272,
802,5376,0.2712,
802,4209,0.268,
802,8477,0.2676,
802,6813,0.2655,
802,9044,0.2654,
802,4491,0.2637,
802,8375,0.263,
803,5882,0.3221,
803,1000,0.309,
803,8888,0.2723,
803,4848,0.2702,
803,885,0.2673,
803,3345,0.265,
803,1165,0.2626,
803,1341,0.2605,
803,8410,0.2536,
803,455,0.251,
803,3668,0.2507,
803,7973,0.2502,
803,8980,0.2476,
803,6183,0.2465,
803,4747,0.245,
803,8440,0.2445,
803,2724,0.2442,
803,4558,0.244,
803,9288,0.2433,
803,5088,0.243,
804,8834,0.2253,
804,6613,0.2187,
804,3989,0.2145,
804,2764,0.2045,
804,338,0.2033,
804,8888,0.1946,
804,7486,0.1885,
804,4286,0.1884,
804,2006,0.1884,
804,6433,0.1844,
804,6643,0.1843,
804,3356,0.1828,
804,5779,0.1828,
804,4744,0.1817,
804,7879,0.1779,
804,2741,0.1769,
804,6973,0.1753,
804,6504,0.1752,
804,6164,0.174,
804,2536,0.1739,
857,2920,0.3033,
857,8410,0.2721,
857,5882,0.2629,
857,5089,0.2534,
857,4736,0.2514,
857,3236,0.2477,
857,2220,0.247,
857,1165,0.2422,
857,6113,0.2408,
857,3668,0.2407,
857,9161,0.2399,
857,1266,0.2394,
857,2714,0.2387,
857,8980,0.2365,
857,7104,0.236,
857,2813,0.2357,
857,1000,0.2346,
857,3260,0.234,
857,720,0.2328,
857,6364,0.2313,
858,5165,0.2655,
858,3057,0.2577,
858,4553,0.2515,
858,8905,0.2474,
858,3920,0.2463,
858,759,0.245,
858,6141,0.2414,
858,8221,0.2408,
858,2566,0.2406,
858,78,0.2364,
858,5438,0.2363,
858,6474,0.2356,
858,754,0.2351,
858,3207,0.2331,
858,4512,0.2316,
858,2127,0.2305,
858,4291,0.2301,
858,3436,0.2285,
858,355,0.2282,
858,7973,0.2272,
809,2859,0.2539,
809,9180,0.246,
809,4565,0.2416,
809,872,0.238,
809,3646,0.2345,
809,700,0.2332,
809,7358,0.2316,
809,2073,0.2312,
809,9186,0.2307,
809,7399,0.2294,
809,8771,0.2282,
809,4661,0.2273,
809,1283,0.2272,
809,6016,0.2209,
809,4783,0.2202,
809,3770,0.22,
809,1736,0.2197,
809,4005,0.2176,
809,8103,0.2172,
809,2585,0.2165,
810,8470,0.2237,
810,4057,0.2211,
810,8322,0.2134,
810,5157,0.2067,
810,6613,0.2049,
810,5716,0.2048,
810,5223,0.2042,
810,5189,0.2039,
810,5081,0.2013,
810,736,0.1977,
810,5583,0.1972,
810,1337,0.1958,
810,2145,0.1953,
810,6614,0.1949,
810,5708,0.1944,
810,3457,0.1943,
810,6643,0.1935,
810,2361,0.1914,
810,5494,0.1912,
810,1330,0.1906,
811,7824,0.2446,
811,7278,0.2284,
811,1083,0.2209,
811,364,0.2165,
811,6975,0.2153,
811,4622,0.2145,
811,521,0.2141,
811,7634,0.2118,
811,5223,0.2073,
811,1629,0.2059,
811,3039,0.2051,
811,2702,0.2051,
811,5189,0.2036,
811,5217,0.2028,
811,9337,0.2025,
811,3113,0.202,
811,5236,0.2015,
811,8192,0.1987,
811,334,0.198,
811,8834,0.1972,
812,307,0.2748,
812,736,0.2744,
812,3540,0.2347,
812,4744,0.2341,
812,2361,0.2319,
812,3787,0.2303,
812,9341,0.2291,
812,9407,0.2289,
812,7677,0.2288,
812,8131,0.2287,
812,5583,0.2274,
812,1598,0.2265,
812,7416,0.2262,
812,4514,0.2261,
812,142,0.2261,
812,6614,0.2259,
812,5789,0.2252,
812,4252,0.225,
812,5548,0.2248,
812,2006,0.2235,
813,4736,0.3734,
813,5089,0.3558,
813,1805,0.3507,
813,3668,0.3463,
813,1443,0.34,
813,7662,0.3299,
813,8410,0.3243,
813,346,0.3235,
813,5932,0.3194,
813,8653,0.3156,
813,4115,0.3121,
813,6100,0.3116,
813,3631,0.3048,
813,2048,0.3039,
813,1095,0.3028,
813,3423,0.302,
813,4249,0.3014,
813,4013,0.3001,
813,1508,0.2987,
813,1407,0.2985,
814,5344,0.1914,
814,6444,0.1819,
814,5413,0.1671,
814,4892,0.1668,
814,4720,0.1664,
814,6570,0.1659,
814,4057,0.1644,
814,8202,0.1641,
814,4848,0.1641,
814,501,0.1637,
814,9184,0.1619,
814,5223,0.1618,
814,3540,0.1618,
814,8470,0.1602,
814,4819,0.159,
814,1311,0.1588,
814,5716,0.1587,
814,2926,0.1578,
814,4361,0.1567,
814,5081,0.1566,
815,9366,0.2402,
815,1859,0.2342,
815,7923,0.2317,
815,3442,0.2305,
815,8192,0.2302,
815,334,0.2283,
815,1162,0.2256,
815,5450,0.2243,
815,967,0.2241,
815,9034,0.2231,
815,6781,0.2226,
815,980,0.2206,
815,5912,0.2206,
815,5356,0.2198,
815,4114,0.2196,
815,6818,0.2195,
815,7317,0.2171,
815,6064,0.2167,
815,5246,0.2165,
815,5397,0.2163,
816,5779,0.1807,
816,7794,0.178,
816,5106,0.1753,
816,4127,0.1716,
816,2255,0.1713,
816,6940,0.1694,
816,2724,0.1663,
816,155,0.1651,
816,1913,0.1642,
816,3989,0.1629,
816,4041,0.1629,
816,616,0.162,
816,4489,0.162,
816,6444,0.1619,
816,8036,0.1606,
816,8888,0.1604,
816,455,0.16,
816,6472,0.1594,
816,3842,0.1588,
816,918,0.1572,
817,2764,0.2826,
817,6259,0.2814,
817,3039,0.2785,
817,6701,0.2754,
817,5176,0.2754,
817,8806,0.2718,
817,4041,0.2717,
817,4819,0.2717,
817,8763,0.2704,
817,3836,0.2686,
817,6127,0.2683,
817,9447,0.2675,
817,9070,0.2661,
817,5761,0.2644,
817,919,0.2629,
817,8272,0.2621,
817,4240,0.262,
817,1846,0.262,
817,4317,0.2609,
817,296,0.2598,
818,5189,0.2203,
818,4057,0.2151,
818,7737,0.212,
818,3516,0.2101,
818,4565,0.2073,
818,4114,0.2038,
818,5344,0.202,
818,2175,0.2009,
818,8834,0.1999,
818,8206,0.1998,
818,4848,0.1993,
818,2859,0.1962,
818,8036,0.1961,
818,8439,0.196,
818,8992,0.1955,
818,8322,0.1953,
818,5984,0.1946,
818,6478,0.1938,
818,7535,0.1925,
818,3008,0.1918,
819,3516,0.231,
819,4057,0.2036,
819,5189,0.1989,
819,2926,0.19,
819,4565,0.1863,
819,4127,0.1858,
819,9436,0.1854,
819,8192,0.1823,
819,7737,0.1817,
819,1083,0.1792,
819,5106,0.1791,
819,5984,0.1783,
819,5919,0.1777,
819,8471,0.1775,
819,4114,0.1749,
819,6997,0.1737,
819,3039,0.1703,
819,8965,0.1699,
819,1841,0.1699,
819,1162,0.1697,
820,2315,0.2601,
820,2256,0.2584,
820,2281,0.2538,
820,9293,0.2503,
820,3646,0.2472,
820,3268,0.2426,
820,7980,0.2403,
820,3068,0.2392,
820,1686,0.2377,
820,3731,0.2376,
820,4910,0.2373,
820,3289,0.2353,
820,1792,0.2317,
820,6767,0.2311,
820,7961,0.2309,
820,146,0.2294,
820,498,0.2286,
820,213,0.2278,
820,4313,0.225,
820,4359,0.2242,
1026,6433,0.236,
1026,3153,0.2156,
1026,3695,0.2114,
1026,6032,0.2083,
1026,4377,0.2069,
1026,6963,0.2068,
1026,6033,0.2054,
1026,3655,0.2048,
1026,6389,0.2027,
1026,4641,0.2026,
1026,9007,0.2025,
1026,7096,0.2025,
1026,4011,0.2023,
1026,7742,0.2019,
1026,7602,0.2015,
1026,1227,0.2012,
1026,2325,0.2009,
1026,8912,0.1997,
1026,1792,0.1997,
1026,6382,0.1989,
821,4744,0.3543,
821,6643,0.3216,
821,8326,0.3122,
821,8679,0.309,
821,8374,0.3077,
821,5094,0.3069,
821,34,0.3012,
821,3457,0.2986,
821,3066,0.2985,
821,6613,0.2963,
821,5081,0.295,
821,164,0.2939,
821,6978,0.2934,
821,5583,0.2925,
821,3787,0.2919,
821,8091,0.2907,
821,2145,0.2902,
821,9407,0.2891,
821,9388,0.288,
821,4727,0.2873,
822,4041,0.3162,
822,6940,0.3118,
822,6472,0.306,
822,8118,0.3025,
822,8769,0.302,
822,5505,0.2949,
822,8856,0.2928,
822,1636,0.2892,
822,5590,0.2876,
822,6259,0.2871,
822,7132,0.2861,
822,2891,0.2858,
822,3349,0.2856,
822,8763,0.2849,
822,8880,0.284,
822,95,0.2838,
822,5559,0.2837,
822,7758,0.2828,
822,8806,0.2822,
822,5900,0.2822,
823,4057,0.2021,
823,7633,0.2008,
823,8374,0.1912,
823,4291,0.1895,
823,3516,0.1881,
823,4514,0.1876,
823,3787,0.1874,
823,6613,0.1859,
823,307,0.1857,
823,5344,0.184,
823,3794,0.1838,
823,5716,0.183,
823,5465,0.1802,
823,1902,0.1797,
823,8746,0.1792,
823,9452,0.178,
823,6835,0.1777,
823,4256,0.1775,
823,5106,0.1771,
823,5583,0.1751,
824,6819,0.3669,
824,2687,0.331,
824,9364,0.3302,
824,8620,0.3222,
824,1554,0.3214,
824,2445,0.3179,
824,3782,0.3179,
824,4547,0.3117,
824,973,0.308,
824,4250,0.3048,
824,4013,0.3032,
824,3552,0.3031,
824,9013,0.3026,
824,5754,0.3011,
824,8720,0.3003,
824,3423,0.3,
824,5554,0.2991,
824,7431,0.2949,
824,1135,0.2947,
824,2986,0.2919,
825,8720,0.2333,
825,5405,0.229,
825,8620,0.2287,
825,5554,0.2278,
825,9032,0.2231,
825,4547,0.2213,
825,3650,0.2203,
825,5790,0.2201,
825,8579,0.218,
825,2687,0.2174,
825,2080,0.2174,
825,4302,0.2155,
825,5122,0.2154,
825,248,0.2152,
825,3552,0.2149,
825,5543,0.2125,
825,4074,0.2122,
825,2911,0.2121,
825,511,0.2121,
825,2459,0.212,
826,7824,0.2442,
826,9062,0.2359,
826,7195,0.2356,
826,4299,0.2311,
826,1083,0.2239,
826,8834,0.2234,
826,882,0.2154,
826,3060,0.2083,
826,7486,0.206,
826,7278,0.2057,
826,8067,0.2049,
826,3840,0.2041,
826,5266,0.2038,
826,4258,0.2037,
826,9436,0.2028,
826,9322,0.2025,
826,4657,0.2022,
826,2461,0.2016,
826,5467,0.2011,
826,3564,0.1999,
827,9219,0.2495,
827,5297,0.2207,
827,1585,0.2146,
827,158,0.2121,
827,7784,0.2088,
827,2892,0.2075,
827,8850,0.2068,
827,7610,0.2001,
827,3483,0.1958,
827,5854,0.1896,
827,7391,0.1856,
827,4952,0.1818,
827,3395,0.1678,
827,5045,0.1675,
827,8599,0.1674,
827,9008,0.1581,
827,2019,0.148,
827,2163,0.1463,
827,6785,0.1453,
827,7522,0.1437,
828,5190,0.3018,
828,7926,0.2765,
828,9293,0.2648,
828,6172,0.2604,
828,338,0.2597,
828,6605,0.2595,
828,3268,0.2566,
828,1564,0.2561,
828,6433,0.2561,
828,3697,0.2541,
828,8699,0.2534,
828,9018,0.2524,
828,5808,0.2516,
828,5668,0.2493,
828,8103,0.2478,
828,9079,0.2458,
828,3335,0.2452,
828,2873,0.2433,
828,872,0.2432,
828,4377,0.2412,
829,9007,0.2867,
829,1908,0.2644,
829,2325,0.2637,
829,6183,0.2464,
829,3259,0.2438,
829,2455,0.2426,
829,7973,0.24,
829,8585,0.2398,
829,2043,0.2384,
829,654,0.2381,
829,3245,0.2364,
829,1464,0.235,
829,2022,0.2343,
829,1931,0.2339,
829,8011,0.2329,
829,7076,0.2326,
829,8250,0.232,
829,6104,0.2302,
829,7493,0.2267,
829,5882,0.2267,
830,4682,0.2582,
830,1438,0.2525,
830,9062,0.2506,
830,6664,0.2361,
830,7126,0.2345,
830,7375,0.225,
830,8005,0.2247,
830,307,0.2244,
830,8693,0.2178,
830,4057,0.2175,
830,8662,0.2159,
830,6442,0.2128,
830,4035,0.2101,
830,2361,0.2093,
830,5494,0.2087,
830,5223,0.206,
830,6613,0.2042,
830,5583,0.203,
830,6614,0.2024,
830,3794,0.2017,
831,8470,0.2421,
831,5344,0.2408,
831,8662,0.2209,
831,4091,0.2196,
831,164,0.2153,
831,5583,0.213,
831,6614,0.213,
831,409,0.2115,
831,5465,0.2099,
831,8190,0.2098,
831,6849,0.2079,
831,3457,0.2065,
831,3787,0.2049,
831,8322,0.2047,
831,5494,0.2046,
831,473,0.2042,
831,885,0.2039,
831,4720,0.2038,
831,1337,0.2037,
831,846,0.2028,
832,8067,0.193,
832,9062,0.1899,
832,3039,0.1866,
832,4848,0.1836,
832,334,0.18,
832,6444,0.1789,
832,8834,0.1788,
832,1162,0.1787,
832,8592,0.1785,
832,3120,0.1781,
832,5344,0.1778,
832,919,0.1777,
832,8612,0.1776,
832,1859,0.1773,
832,5081,0.1736,
832,5397,0.1731,
832,6818,0.1725,
832,6570,0.1724,
832,8481,0.1717,
832,2185,0.1715,
833,2006,0.3341,
833,4744,0.29,
833,5223,0.2846,
833,5927,0.2805,
833,736,0.2803,
833,613,0.2792,
833,1028,0.2778,
833,7265,0.2775,
833,4682,0.2771,
833,7140,0.2754,
833,307,0.274,
833,5519,0.2738,
833,6643,0.273,
833,5157,0.2729,
833,3540,0.272,
833,5548,0.2711,
833,5969,0.2708,
833,7853,0.2697,
833,2351,0.2693,
833,6613,0.2693,
834,2330,0.1977,
834,9436,0.1974,
834,9192,0.1896,
834,1872,0.1867,
834,1022,0.1864,
834,4886,0.1847,
834,8395,0.1841,
834,587,0.1834,
834,739,0.1807,
834,2841,0.1804,
834,266,0.1804,
834,874,0.1802,
834,9394,0.1799,
834,9390,0.1794,
834,4377,0.1793,
834,8053,0.1791,
834,3749,0.1775,
834,4940,0.177,
834,1902,0.1748,
834,3605,0.174,
835,9436,0.1862,
835,338,0.1825,
835,3516,0.1781,
835,3088,0.1716,
835,4237,0.167,
835,5642,0.1651,
835,7879,0.1627,
835,2764,0.1627,
835,1427,0.1626,
835,4286,0.1618,
835,4565,0.1611,
835,2926,0.1609,
835,2629,0.1595,
835,2175,0.1559,
835,965,0.1559,
835,8834,0.1547,
835,4523,0.1546,
835,7083,0.1544,
835,1083,0.1529,
835,6433,0.1515,
836,8131,0.1972,
836,736,0.1969,
836,3540,0.1904,
836,9273,0.1879,
836,2837,0.1876,
836,6803,0.1825,
836,307,0.1825,
836,3202,0.1818,
836,6904,0.1746,
836,1330,0.1733,
836,9223,0.1665,
836,8067,0.1642,
836,630,0.1611,
836,1753,0.1605,
836,6442,0.1589,
836,7977,0.1586,
836,4489,0.1531,
836,4189,0.1526,
836,3787,0.1524,
836,318,0.1517,
837,1330,0.2549,
837,736,0.2507,
837,630,0.2331,
837,8131,0.2289,
837,6904,0.2249,
837,7977,0.2226,
837,3540,0.222,
837,1016,0.2154,
837,8067,0.2138,
837,4189,0.211,
837,5048,0.2087,
837,3296,0.2086,
837,1753,0.1989,
837,9223,0.1979,
837,307,0.1926,
837,4607,0.1885,
837,5034,0.1877,
837,5465,0.1839,
837,4489,0.1837,
837,7793,0.1834,
838,1908,0.2692,
838,1207,0.2388,
838,6174,0.2273,
838,8322,0.2243,
838,4531,0.2228,
838,8834,0.2193,
838,2436,0.2108,
838,7973,0.2105,
838,7824,0.2099,
838,2663,0.2088,
838,6960,0.2086,
838,492,0.2079,
838,1909,0.2049,
838,1962,0.2042,
838,4566,0.2028,
838,3524,0.2025,
838,249,0.2016,
838,4421,0.1998,
838,9268,0.1998,
838,1215,0.1995,
839,9062,0.3036,
839,2331,0.2771,
839,8067,0.254,
839,4531,0.2523,
839,6174,0.2399,
839,7870,0.2379,
839,5502,0.2335,
839,7883,0.2308,
839,6627,0.2283,
839,4175,0.2264,
839,3989,0.226,
839,4299,0.222,
839,8240,0.2205,
839,3897,0.2189,
839,291,0.2181,
839,6442,0.2173,
839,2663,0.2167,
839,3827,0.2165,
839,4158,0.2159,
839,4682,0.2128,
840,7879,0.2689,
840,7044,0.239,
840,338,0.2296,
840,6212,0.2284,
840,6145,0.2271,
840,5010,0.2254,
840,8585,0.2246,
840,4401,0.2234,
840,2049,0.2225,
840,3640,0.2198,
840,4713,0.2198,
840,9089,0.2183,
840,9083,0.2177,
840,5973,0.2174,
840,5386,0.217,
840,6278,0.2169,
840,1000,0.2162,
840,3356,0.2149,
840,8054,0.2144,
840,4223,0.2139,
841,2261,0.2484,
841,3175,0.2479,
841,6605,0.2387,
841,5125,0.2385,
841,5808,0.2334,
841,5866,0.2329,
841,1809,0.2323,
841,3223,0.2299,
841,3506,0.2289,
841,925,0.2289,
841,8830,0.2286,
841,3612,0.2283,
841,1674,0.2265,
841,9061,0.2256,
841,5874,0.2251,
841,872,0.2251,
841,9048,0.2238,
841,8103,0.2236,
841,4589,0.2234,
841,3517,0.2231,
842,8834,0.21,
842,5189,0.1912,
842,1330,0.1831,
842,6613,0.1817,
842,2764,0.1771,
842,2926,0.1766,
842,6442,0.1755,
842,4057,0.1755,
842,7512,0.171,
842,6996,0.169,
842,4377,0.1669,
842,2859,0.1653,
842,9436,0.1638,
842,3516,0.163,
842,8067,0.1621,
842,4810,0.1616,
842,2629,0.1612,
842,7737,0.1603,
842,4237,0.1572,
842,9062,0.1546,
843,4744,0.3422,
843,307,0.3092,
843,6643,0.2992,
843,473,0.2986,
843,4275,0.2981,
843,9452,0.2945,
843,8374,0.2926,
843,9094,0.2901,
843,2606,0.2883,
843,2351,0.2877,
843,4514,0.2854,
843,7853,0.2853,
843,5223,0.2853,
843,4252,0.2851,
843,8551,0.2844,
843,4682,0.2844,
843,7447,0.2843,
843,1889,0.2843,
843,5548,0.2841,
843,2158,0.2839,
844,9062,0.2541,
844,6442,0.2285,
844,6174,0.2277,
844,9267,0.2264,
844,7870,0.2219,
844,4531,0.2189,
844,8834,0.2141,
844,334,0.2089,
844,2663,0.2068,
844,8612,0.2034,
844,1162,0.2031,
844,3864,0.2013,
844,4035,0.2011,
844,4158,0.2006,
844,1909,0.2002,
844,2331,0.1989,
844,8192,0.1983,
844,5681,0.1981,
844,291,0.1979,
844,8600,0.1973,
845,1704,0.199,
845,7015,0.1977,
845,1684,0.1791,
845,6398,0.1725,
845,2461,0.1714,
845,7628,0.1632,
845,8571,0.1632,
845,3202,0.1624,
845,7195,0.1621,
845,3516,0.1616,
845,5117,0.1601,
845,5892,0.1577,
845,9394,0.1571,
845,5343,0.1548,
845,9081,0.1547,
845,7844,0.152,
845,2385,0.1516,
845,2401,0.1508,
845,7578,0.1508,
845,2433,0.1507,
846,8240,0.3016,
846,6431,0.2608,
846,7448,0.2506,
846,7247,0.2409,
846,9062,0.2302,
846,916,0.2295,
846,5656,0.2275,
846,3684,0.226,
846,5021,0.2225,
846,5344,0.221,
846,4682,0.2165,
846,4383,0.2161,
846,4848,0.2103,
846,4536,0.2062,
846,9341,0.2053,
846,7825,0.2049,
846,3787,0.1995,
846,5032,0.1985,
846,5165,0.198,
846,850,0.1972,
847,1337,0.2267,
847,6802,0.2245,
847,239,0.22,
847,3236,0.2177,
847,5448,0.2175,
847,7656,0.2149,
847,4743,0.2146,
847,7964,0.2127,
847,6034,0.2093,
847,1054,0.2091,
847,2080,0.2088,
847,1135,0.2087,
847,8100,0.2085,
847,2643,0.2085,
847,5947,0.2064,
847,5001,0.2044,
847,8965,0.2037,
847,2568,0.2029,
847,1763,0.2017,
847,8322,0.2012,
848,9436,0.1865,
848,8834,0.1823,
848,7083,0.179,
848,1908,0.1784,
848,7656,0.178,
848,3516,0.1772,
848,3320,0.1728,
848,6996,0.1716,
848,389,0.1715,
848,9441,0.1696,
848,6504,0.1661,
848,5189,0.1645,
848,5919,0.1638,
848,338,0.1633,
848,5535,0.159,
848,7486,0.1581,
848,7879,0.1576,
848,4286,0.1573,
848,1902,0.1567,
848,5529,0.1561,
849,5696,0.1928,
849,8087,0.1909,
849,9288,0.1889,
849,8183,0.1885,
849,1000,0.1861,
849,4979,0.1828,
849,6221,0.1825,
849,6413,0.1798,
849,885,0.1773,
849,7525,0.1771,
849,8130,0.1763,
849,8585,0.1751,
849,4401,0.1748,
849,1809,0.1747,
849,1345,0.1735,
849,4026,0.1717,
849,4582,0.1711,
849,2175,0.1708,
849,4127,0.17,
849,8148,0.17,
850,3989,0.232,
850,7824,0.2301,
850,455,0.2171,
850,1241,0.2135,
850,6174,0.212,
850,5535,0.2069,
850,2732,0.2064,
850,5223,0.206,
850,7870,0.2057,
850,1083,0.2041,
850,1908,0.2036,
850,2663,0.2019,
850,282,0.1995,
850,5465,0.1979,
850,7633,0.1977,
850,5189,0.1971,
850,4127,0.1958,
850,8834,0.1954,
850,5030,0.1946,
850,2073,0.1933,
851,8054,0.2908,
851,3815,0.2711,
851,4223,0.2664,
851,7044,0.2601,
851,1220,0.2598,
851,4818,0.2596,
851,5921,0.2568,
851,2239,0.2528,
851,9321,0.2515,
851,6212,0.2476,
851,9114,0.2463,
851,6827,0.2449,
851,8166,0.2447,
851,8585,0.2443,
851,463,0.2428,
851,7867,0.2427,
851,3105,0.2402,
851,3371,0.2394,
851,8087,0.2394,
851,4112,0.2388,
852,9062,0.2495,
852,4682,0.2329,
852,3840,0.21,
852,291,0.2094,
852,8067,0.207,
852,7973,0.2058,
852,2718,0.2055,
852,3989,0.2055,
852,5165,0.203,
852,1908,0.2028,
852,2145,0.2027,
852,7883,0.2019,
852,2452,0.2004,
852,8005,0.1993,
852,3540,0.1986,
852,4455,0.1981,
852,4175,0.1981,
852,7825,0.197,
852,4057,0.1962,
852,3787,0.1961,
853,736,0.2778,
853,8131,0.2721,
853,3540,0.2687,
853,7633,0.2372,
853,307,0.232,
853,8374,0.2305,
853,5344,0.2262,
853,5708,0.2259,
853,3787,0.2252,
853,5773,0.221,
853,2770,0.22,
853,5081,0.2153,
853,5223,0.2134,
853,7265,0.213,
853,3151,0.2118,
853,983,0.2116,
853,5971,0.2114,
853,473,0.2111,
853,4727,0.2104,
853,1545,0.2095,
854,2561,0.2506,
854,8370,0.2473,
854,7782,0.2446,
854,1639,0.2418,
854,6529,0.2285,
854,396,0.2262,
854,8267,0.2239,
854,4611,0.2238,
854,7380,0.2227,
854,6104,0.2191,
854,8670,0.2177,
854,1317,0.217,
854,8566,0.2161,
854,5724,0.2156,
854,5183,0.2144,
854,4046,0.2142,
854,8337,0.2142,
854,1204,0.2124,
854,2422,0.2116,
854,4818,0.2115,
855,5189,0.3453,
855,5563,0.3185,
855,7824,0.3152,
855,282,0.3091,
855,6174,0.3076,
855,455,0.3027,
855,8888,0.2935,
855,1647,0.2931,
855,8834,0.2921,
855,249,0.2917,
855,5412,0.2892,
855,5882,0.2889,
855,7486,0.2865,
855,4531,0.2863,
855,1908,0.2839,
855,82,0.2837,
855,8440,0.2837,
855,5149,0.2836,
855,2724,0.2831,
855,7973,0.2818,
856,2461,0.1995,
856,7195,0.1992,
856,1485,0.1921,
856,3840,0.1919,
856,9436,0.1879,
856,1902,0.1861,
856,5467,0.1859,
856,4682,0.183,
856,5930,0.1796,
856,7633,0.1794,
856,3202,0.1782,
856,9146,0.1766,
856,3088,0.1766,
856,6613,0.1764,
856,3516,0.1754,
856,7371,0.1725,
856,8965,0.1717,
856,2433,0.1707,
856,4715,0.1703,
856,6627,0.1701,
859,8720,0.3446,
859,3224,0.325,
859,8836,0.3186,
859,4547,0.3184,
859,8620,0.3181,
859,9032,0.3178,
859,4302,0.316,
859,5122,0.3146,
859,2911,0.3143,
859,3552,0.3141,
859,5543,0.3138,
859,3650,0.3137,
859,2687,0.3131,
859,3287,0.3129,
859,511,0.3123,
859,4074,0.3123,
859,8579,0.3119,
859,2459,0.3114,
859,5790,0.3101,
859,248,0.31,
860,3516,0.214,
860,1841,0.2122,
860,4057,0.2051,
860,4565,0.1998,
860,2148,0.1985,
860,4114,0.1975,
860,5984,0.1944,
860,5189,0.1944,
860,8992,0.1928,
860,9436,0.1911,
860,5930,0.1889,
860,7737,0.1885,
860,8192,0.1869,
860,3678,0.1851,
860,1811,0.185,
860,6613,0.1843,
860,338,0.1839,
860,5529,0.1835,
860,6997,0.1835,
860,1162,0.1827,
861,4544,0.1983,
861,1225,0.1953,
861,1209,0.1953,
861,8199,0.1934,
861,9053,0.1931,
861,1022,0.193,
861,3744,0.1921,
861,5155,0.192,
861,2433,0.1916,
861,8272,0.1909,
861,4819,0.1907,
861,9070,0.1899,
861,5422,0.1893,
861,8965,0.1892,
861,2668,0.1891,
861,6127,0.1891,
861,2330,0.1878,
861,8806,0.1869,
861,1846,0.185,
861,5761,0.1847,
862,736,0.2384,
862,307,0.2239,
862,1330,0.2141,
862,4514,0.2023,
862,3787,0.2008,
862,6442,0.2002,
862,5583,0.191,
862,6613,0.1905,
862,6849,0.1885,
862,2361,0.1866,
862,6614,0.1865,
862,1062,0.1864,
862,66,0.1859,
862,5743,0.1842,
862,8681,0.1836,
862,8600,0.1834,
862,3066,0.1814,
862,4275,0.1805,
862,5465,0.1804,
862,1771,0.1802,
863,2926,0.1852,
863,3039,0.1841,
863,8276,0.1745,
863,5189,0.1717,
863,4565,0.171,
863,5868,0.1696,
863,1859,0.1692,
863,2764,0.1691,
863,4360,0.1682,
863,9185,0.1679,
863,334,0.1673,
863,1851,0.1669,
863,8192,0.1664,
863,9034,0.1648,
863,3074,0.1647,
863,338,0.1622,
863,7412,0.1612,
863,3516,0.1609,
863,3864,0.16,
863,5736,0.1597,
864,1902,0.2097,
864,4886,0.203,
864,1070,0.1982,
864,4544,0.1976,
864,5967,0.1974,
864,4684,0.1971,
864,3744,0.1948,
864,2841,0.1935,
864,7453,0.1932,
864,8996,0.1917,
864,1225,0.1913,
864,1379,0.1902,
864,7318,0.1898,
864,2330,0.1898,
864,8395,0.1898,
864,3705,0.1892,
864,8471,0.1877,
864,7586,0.1868,
864,5025,0.1864,
864,5343,0.1863,
894,8834,0.2927,
894,7648,0.2924,
894,2510,0.2907,
894,8322,0.2898,
894,5360,0.2884,
894,6174,0.2859,
894,282,0.2843,
894,4383,0.2812,
894,7486,0.2791,
894,8888,0.279,
894,1909,0.2776,
894,4810,0.2761,
894,56,0.2734,
894,320,0.2722,
894,5183,0.272,
894,399,0.2718,
894,4848,0.2677,
894,6370,0.2676,
894,4531,0.2645,
894,6960,0.2639,
895,2175,0.2352,
895,7879,0.2196,
895,8481,0.2075,
895,8054,0.2071,
895,4114,0.2035,
895,796,0.1936,
895,9321,0.1928,
895,4223,0.1892,
895,8992,0.189,
895,2240,0.1872,
895,4237,0.187,
895,9202,0.1865,
895,7387,0.1864,
895,2239,0.1863,
895,5189,0.1857,
895,7923,0.1843,
895,1204,0.1834,
895,3105,0.1834,
895,4057,0.1827,
895,1162,0.1825,
865,5465,0.3366,
865,5223,0.3079,
865,7724,0.2947,
865,4744,0.2794,
865,164,0.2666,
865,455,0.2663,
865,4057,0.2629,
865,918,0.2591,
865,8374,0.2585,
865,4127,0.2582,
865,7836,0.2546,
865,9452,0.2522,
865,8326,0.2491,
865,5494,0.2487,
865,5583,0.2479,
865,8925,0.2473,
865,54,0.2466,
865,7874,0.2445,
865,6614,0.2439,
865,6089,0.2437,
866,2926,0.1835,
866,6444,0.1761,
866,4057,0.1748,
866,919,0.1736,
866,5344,0.1697,
866,4622,0.1665,
866,2764,0.1653,
866,5081,0.1637,
866,3039,0.1624,
866,4565,0.1601,
866,6613,0.1582,
866,5223,0.1572,
866,6701,0.1543,
866,3540,0.1527,
866,7737,0.1525,
866,2175,0.1521,
866,1162,0.1516,
866,9184,0.1503,
866,8769,0.1501,
866,5189,0.1497,
867,5520,0.289,
867,1763,0.2759,
867,5737,0.2694,
867,1967,0.2601,
867,6867,0.2562,
867,8540,0.2557,
867,8748,0.2534,
867,7964,0.2523,
867,7973,0.2491,
867,7493,0.247,
867,3172,0.2461,
867,478,0.246,
867,1937,0.2457,
867,1626,0.2456,
867,3669,0.2445,
867,3430,0.2437,
867,8042,0.2434,
867,6164,0.2433,
867,4370,0.2417,
867,4956,0.2415,
868,6164,0.353,
868,8042,0.3435,
868,5327,0.3186,
868,6823,0.3161,
868,7462,0.3133,
868,122,0.3111,
868,729,0.3108,
868,9247,0.3106,
868,9237,0.308,
868,8557,0.307,
868,7699,0.307,
868,6867,0.3066,
868,3669,0.306,
868,1956,0.305,
868,5735,0.3034,
868,8544,0.3033,
868,3240,0.3027,
868,8476,0.3027,
868,3580,0.3009,
868,7547,0.3005,
869,7273,0.1984,
869,274,0.1971,
869,1858,0.1938,
869,8769,0.1909,
869,4831,0.1749,
869,8273,0.1748,
869,534,0.173,
869,1318,0.1706,
869,3261,0.1698,
869,2298,0.1695,
869,8612,0.1686,
869,2926,0.168,
869,5900,0.165,
869,2764,0.1648,
869,1636,0.1648,
869,5590,0.1639,
869,6442,0.1626,
869,3933,0.1625,
869,9062,0.161,
869,6430,0.1607,
870,8067,0.2794,
870,9062,0.2754,
870,3897,0.2747,
870,2331,0.2741,
870,4682,0.2603,
870,3540,0.258,
870,3868,0.2491,
870,6026,0.2474,
870,7870,0.2461,
870,3840,0.2437,
870,291,0.2416,
870,1931,0.2407,
870,6627,0.2391,
870,4489,0.2389,
870,2361,0.2387,
870,6442,0.2305,
870,8005,0.2297,
870,5266,0.2294,
870,8855,0.2293,
870,4455,0.2291,
871,2175,0.2238,
871,4582,0.2164,
871,8087,0.2141,
871,8585,0.2141,
871,5010,0.2075,
871,2252,0.205,
871,5189,0.2036,
871,4026,0.202,
871,7879,0.2008,
871,5984,0.1991,
871,1908,0.1979,
871,2568,0.1976,
871,7824,0.1962,
871,7973,0.195,
871,4057,0.1942,
871,7525,0.1941,
871,9089,0.1941,
871,9288,0.1931,
871,7867,0.193,
871,2859,0.1916,
872,5165,0.2647,
872,4057,0.237,
872,4291,0.2324,
872,7239,0.2238,
872,3057,0.2215,
872,6613,0.2209,
872,5223,0.2146,
872,3772,0.2135,
872,2127,0.2131,
872,8905,0.2124,
872,1162,0.211,
872,8374,0.2093,
872,6849,0.2086,
872,1734,0.2082,
872,5438,0.2081,
872,7273,0.208,
872,8459,0.2068,
872,3652,0.2062,
872,4553,0.2059,
872,3920,0.2056,
873,4223,0.318,
873,8741,0.2761,
873,8054,0.2728,
873,1577,0.2617,
873,9114,0.2611,
873,4652,0.2595,
873,3799,0.2496,
873,3815,0.2447,
873,8161,0.2431,
873,7281,0.2393,
873,9321,0.2392,
873,8087,0.2369,
873,1795,0.2363,
873,1129,0.234,
873,1366,0.2334,
873,2239,0.2325,
873,8760,0.2281,
873,463,0.2261,
873,8174,0.2242,
873,7684,0.2238,
874,1330,0.2835,
874,736,0.2712,
874,4189,0.2604,
874,7977,0.2577,
874,630,0.2535,
874,3296,0.2447,
874,5048,0.2403,
874,1016,0.2361,
874,4607,0.2272,
874,7793,0.225,
874,307,0.2227,
874,6442,0.2178,
874,3443,0.2154,
874,8131,0.2052,
874,9263,0.2052,
874,7645,0.2047,
874,2800,0.2021,
874,3540,0.199,
874,9273,0.198,
874,5109,0.197,
875,6940,0.2269,
875,8880,0.2254,
875,6517,0.2235,
875,3693,0.2182,
875,7200,0.2132,
875,5559,0.2132,
875,8079,0.2131,
875,2418,0.213,
875,5603,0.207,
875,2255,0.204,
875,4622,0.2039,
875,2473,0.2027,
875,8806,0.2024,
875,6430,0.2022,
875,95,0.2021,
875,8199,0.2008,
875,2060,0.1994,
875,5761,0.1979,
875,2972,0.1949,
875,9070,0.1942,
876,4682,0.2376,
876,9062,0.2276,
876,3540,0.2271,
876,8067,0.2175,
876,307,0.2141,
876,6627,0.2125,
876,2361,0.2097,
876,4093,0.2049,
876,6442,0.2035,
876,5969,0.2034,
876,2006,0.2006,
876,4998,0.1992,
876,4489,0.1988,
876,4455,0.1938,
876,7265,0.1938,
876,5708,0.1911,
876,5465,0.1907,
876,1028,0.1906,
876,6431,0.1903,
876,164,0.1897,
877,1908,0.2422,
877,8322,0.2343,
877,8190,0.2297,
877,7638,0.2297,
877,3770,0.2295,
877,6174,0.2246,
877,282,0.2245,
877,1809,0.2196,
877,7973,0.2181,
877,3057,0.2166,
877,1337,0.216,
877,409,0.2138,
877,5319,0.2135,
877,3646,0.2131,
877,355,0.2129,
877,8905,0.2124,
877,3207,0.2123,
877,7825,0.2094,
877,7824,0.2093,
877,5999,0.2092,
903,2874,0.3962,
903,5438,0.3954,
903,3920,0.3828,
903,8905,0.3817,
903,7523,0.3813,
903,3057,0.3802,
903,3436,0.3796,
903,5659,0.3775,
903,2127,0.3758,
903,754,0.374,
903,6141,0.3714,
903,4512,0.3706,
903,355,0.3629,
903,3417,0.3594,
903,6376,0.3585,
903,2566,0.3575,
903,4553,0.3513,
903,6474,0.3509,
903,759,0.3489,
903,3207,0.3435,
878,7273,0.2987,
878,355,0.2826,
878,8905,0.2812,
878,5165,0.2667,
878,5438,0.2643,
878,2127,0.2597,
878,3436,0.2581,
878,3057,0.2575,
878,3920,0.2563,
878,2874,0.2552,
878,7523,0.253,
878,4553,0.2519,
878,754,0.2518,
878,5999,0.25,
878,6141,0.2488,
878,4512,0.2472,
878,3417,0.2472,
878,6474,0.2467,
878,2566,0.245,
878,5659,0.2441,
879,3787,0.2168,
879,8470,0.2084,
879,7825,0.2063,
879,1337,0.2038,
879,5161,0.201,
879,5157,0.1986,
879,5343,0.1982,
879,164,0.1969,
879,1675,0.1963,
879,8322,0.1919,
879,6614,0.1901,
879,7558,0.1881,
879,7083,0.1871,
879,5583,0.1853,
879,2643,0.1852,
879,8679,0.1852,
879,7964,0.1842,
879,99,0.1838,
879,616,0.1836,
879,1162,0.1816,
880,6212,0.2224,
880,8054,0.2186,
880,5921,0.2076,
880,4818,0.1988,
880,7044,0.1972,
880,2467,0.1932,
880,8087,0.192,
880,90,0.1919,
880,3640,0.1914,
880,9202,0.1862,
880,2506,0.1859,
880,4782,0.1854,
880,9321,0.1846,
880,463,0.1834,
880,4223,0.183,
880,2156,0.1828,
880,3105,0.181,
880,8385,0.1803,
880,8466,0.1801,
880,1220,0.18,
881,8741,0.2464,
881,8054,0.2452,
881,1292,0.2174,
881,2418,0.2154,
881,4818,0.2152,
881,4223,0.2074,
881,9321,0.2072,
881,8500,0.2071,
881,7901,0.2068,
881,5559,0.2042,
881,8161,0.2029,
881,3799,0.2026,
881,9114,0.2015,
881,2239,0.1916,
881,2467,0.1898,
881,8760,0.1887,
881,3815,0.1868,
881,9246,0.1857,
881,5076,0.1847,
881,3998,0.1846,
882,7249,0.309,
882,160,0.2635,
882,4645,0.2326,
882,6819,0.2224,
882,5839,0.2214,
882,35,0.2193,
882,9409,0.2174,
882,8282,0.2171,
882,3058,0.2162,
882,8143,0.2111,
882,8720,0.2096,
882,3516,0.2077,
882,4733,0.2059,
882,8992,0.2047,
882,1309,0.2045,
882,8544,0.2032,
882,139,0.2026,
882,1925,0.2012,
882,2679,0.1998,
882,616,0.1994,
883,3693,0.2255,
883,6940,0.2235,
883,8079,0.2221,
883,8880,0.2205,
883,7200,0.219,
883,2418,0.2096,
883,6472,0.2094,
883,6517,0.2079,
883,5559,0.2045,
883,7828,0.2042,
883,9447,0.2038,
883,4622,0.2026,
883,5603,0.2026,
883,4041,0.2001,
883,2473,0.1982,
883,6285,0.1973,
883,2972,0.197,
883,6430,0.1964,
883,8806,0.1949,
883,8199,0.1948,
884,9452,0.298,
884,4744,0.2947,
884,307,0.2894,
884,8940,0.2793,
884,5519,0.2789,
884,3787,0.277,
884,2158,0.2763,
884,9135,0.2752,
884,4682,0.2751,
884,4275,0.2744,
884,4514,0.2741,
884,8374,0.2711,
884,5464,0.2696,
884,2361,0.2655,
884,473,0.2652,
884,5583,0.265,
884,9094,0.2646,
884,6614,0.2644,
884,9407,0.2632,
884,2351,0.263,
885,78,0.2647,
885,3506,0.2418,
885,3816,0.2359,
885,7525,0.2348,
885,3074,0.2338,
885,8163,0.233,
885,4291,0.2317,
885,215,0.2316,
885,1908,0.2296,
885,169,0.2282,
885,2356,0.2229,
885,8834,0.2201,
885,7824,0.22,
885,4268,0.2164,
885,7825,0.2142,
885,7973,0.2142,
885,4498,0.2113,
885,6397,0.2098,
885,1004,0.2097,
885,3259,0.2093,
938,6580,0.1779,
938,6997,0.1757,
938,9110,0.1696,
938,3516,0.1694,
938,965,0.1693,
938,8992,0.1682,
938,6135,0.168,
938,8206,0.1669,
938,6118,0.1614,
938,3342,0.1611,
938,4114,0.1603,
938,6694,0.1562,
938,8042,0.1559,
938,4221,0.1552,
938,3356,0.1545,
938,8192,0.1536,
938,2178,0.1531,
938,5246,0.1528,
938,6433,0.1521,
938,1859,0.1513,
886,6433,0.2931,
886,7832,0.2905,
886,7840,0.2842,
886,154,0.2841,
886,777,0.2793,
886,774,0.2785,
886,7742,0.2784,
886,8341,0.278,
886,7602,0.2735,
886,5687,0.2707,
886,3831,0.2685,
886,7096,0.2674,
886,5036,0.267,
886,6033,0.267,
886,5055,0.2656,
886,3177,0.2645,
886,8185,0.2643,
886,7567,0.2637,
886,5037,0.2632,
886,4641,0.2628,
887,5559,0.1811,
887,9447,0.1692,
887,687,0.1678,
887,8806,0.1568,
887,1241,0.156,
887,2473,0.1551,
887,7361,0.1537,
887,1689,0.1525,
887,3317,0.1522,
887,2418,0.1522,
887,2060,0.1501,
887,3074,0.15,
887,296,0.1484,
887,2492,0.1481,
887,4240,0.1478,
887,2019,0.1477,
887,3836,0.1469,
887,8763,0.1461,
887,7419,0.1461,
887,4328,0.1436,
888,4736,0.368,
888,5932,0.3349,
888,6100,0.3197,
888,5089,0.3102,
888,6896,0.3077,
888,7662,0.307,
888,5469,0.305,
888,9209,0.3034,
888,4013,0.3032,
888,8764,0.3009,
888,42,0.3003,
888,1741,0.2992,
888,8179,0.2987,
888,8653,0.2972,
888,973,0.2956,
888,5754,0.2934,
888,6772,0.2914,
888,444,0.2911,
888,7674,0.2903,
888,1202,0.2903,
889,4223,0.3272,
889,5921,0.3105,
889,6212,0.2979,
889,7044,0.2975,
889,8054,0.2954,
889,3640,0.2863,
889,9321,0.2834,
889,409,0.2828,
889,8585,0.2807,
889,2239,0.277,
889,8087,0.2759,
889,3105,0.2647,
889,7049,0.2642,
889,2156,0.2642,
889,3107,0.2638,
889,4401,0.2632,
889,2252,0.2628,
889,3815,0.2595,
889,4553,0.2579,
889,909,0.2573,
890,6038,0.1946,
890,7486,0.1889,
890,7824,0.187,
890,9267,0.1841,
890,8834,0.1791,
890,5189,0.1765,
890,78,0.1761,
890,6996,0.1743,
890,9062,0.1729,
890,7548,0.1719,
890,5868,0.1698,
890,9185,0.1697,
890,5149,0.1682,
890,5535,0.1671,
890,202,0.1653,
890,3039,0.1653,
890,5965,0.165,
890,8888,0.1642,
890,8600,0.1636,
890,2926,0.1633,
891,8439,0.2399,
891,2629,0.2289,
891,9434,0.2273,
891,5189,0.2235,
891,7634,0.2227,
891,2695,0.2226,
891,4565,0.222,
891,2859,0.2213,
891,3289,0.2179,
891,455,0.212,
891,338,0.208,
891,8834,0.2046,
891,7824,0.2041,
891,7399,0.2037,
891,8750,0.2003,
891,6423,0.2002,
891,3516,0.1998,
891,7486,0.1994,
891,5395,0.199,
891,918,0.1983,
892,2361,0.3167,
892,8940,0.3154,
892,4275,0.309,
892,5969,0.3051,
892,2158,0.3049,
892,3540,0.3007,
892,2006,0.2991,
892,5548,0.2987,
892,473,0.2986,
892,9452,0.298,
892,2876,0.2978,
892,2160,0.2972,
892,2351,0.2971,
892,7853,0.2968,
892,307,0.2968,
892,8551,0.2962,
892,1028,0.2958,
892,9388,0.2956,
892,5583,0.2955,
892,4455,0.2955,
893,3840,0.2984,
893,3564,0.2847,
893,7195,0.2769,
893,312,0.2769,
893,4299,0.2756,
893,5467,0.2727,
893,4237,0.2719,
893,807,0.2712,
893,3060,0.2699,
893,882,0.2668,
893,4258,0.266,
893,4788,0.264,
893,4657,0.2618,
893,326,0.2612,
893,7925,0.2601,
893,2944,0.2594,
893,9322,0.2588,
893,6613,0.2578,
893,7478,0.2555,
893,3941,0.2552,
896,2401,0.2886,
896,8968,0.2859,
896,2461,0.2839,
896,850,0.2686,
896,2433,0.2658,
896,155,0.2572,
896,7578,0.2527,
896,1902,0.251,
896,2394,0.2452,
896,3202,0.2448,
896,6803,0.2439,
896,6012,0.2403,
896,8571,0.2392,
896,8965,0.2389,
896,3744,0.2385,
896,3016,0.2359,
896,7628,0.2353,
896,2344,0.2343,
896,2668,0.2314,
896,4274,0.2306,
897,9273,0.2152,
897,6803,0.2071,
897,5048,0.2067,
897,736,0.1974,
897,7917,0.1896,
897,307,0.1822,
897,7977,0.1783,
897,4189,0.1726,
897,3202,0.1713,
897,2837,0.1709,
897,5106,0.1675,
897,8036,0.1657,
897,5109,0.1656,
897,1902,0.1638,
897,3296,0.1633,
897,5930,0.1622,
897,8550,0.1577,
897,8571,0.1567,
897,5344,0.1556,
897,7633,0.1556,
898,8067,0.1937,
898,9062,0.192,
898,5930,0.1903,
898,2461,0.1863,
898,3202,0.1832,
898,8592,0.1765,
898,4127,0.1755,
898,2856,0.1747,
898,1704,0.171,
898,1054,0.1705,
898,587,0.1696,
898,455,0.1692,
898,7195,0.1658,
898,6803,0.1648,
898,7825,0.1647,
898,7628,0.1643,
898,1207,0.1631,
898,1083,0.1617,
898,2433,0.1614,
898,712,0.1611,
899,3175,0.1931,
899,371,0.1809,
899,6775,0.169,
899,3842,0.168,
899,6423,0.1664,
899,6346,0.1662,
899,5938,0.1618,
899,2777,0.1613,
899,3240,0.1602,
899,7547,0.1577,
899,3501,0.1569,
899,7635,0.1551,
899,6585,0.1453,
899,4933,0.1419,
899,9214,0.1417,
899,8595,0.1414,
899,9247,0.1374,
899,2969,0.1365,
899,1066,0.1362,
899,337,0.1341,
900,1931,0.2697,
900,3695,0.228,
900,4396,0.2269,
900,7051,0.2258,
900,4011,0.2176,
900,8769,0.2173,
900,3847,0.2173,
900,8341,0.2169,
900,6033,0.2146,
900,7742,0.2145,
900,6524,0.2143,
900,9062,0.213,
900,6627,0.2117,
900,3259,0.2098,
900,4210,0.2086,
900,3834,0.2074,
900,154,0.2067,
900,2456,0.2061,
900,4641,0.2057,
900,7568,0.2048,
901,6904,0.1613,
901,3989,0.1598,
901,8131,0.1528,
901,7174,0.148,
901,2006,0.1477,
901,9445,0.1469,
901,1330,0.1438,
901,4057,0.1419,
901,736,0.1413,
901,3787,0.1371,
901,2837,0.1366,
901,8626,0.136,
901,155,0.1359,
901,215,0.1352,
901,5,0.1345,
901,5774,0.1345,
901,6442,0.1339,
901,7825,0.1337,
901,307,0.1332,
901,3151,0.1322,
902,6444,0.2703,
902,95,0.2561,
902,919,0.2558,
902,9447,0.2508,
902,5505,0.2484,
902,9070,0.2467,
902,5176,0.2455,
902,6701,0.2454,
902,8763,0.2438,
902,2053,0.2432,
902,8769,0.2421,
902,1869,0.2409,
902,8806,0.2405,
902,7155,0.238,
902,7132,0.2374,
902,4628,0.2374,
902,2891,0.2363,
902,3349,0.2358,
902,6127,0.2348,
902,6430,0.2347,
904,3552,0.348,
904,2687,0.3472,
904,8620,0.3386,
904,5790,0.3289,
904,5554,0.3288,
904,4250,0.3237,
904,4547,0.3211,
904,4302,0.316,
904,8836,0.3159,
904,3650,0.314,
904,5543,0.3122,
904,5122,0.312,
904,4074,0.3119,
904,9032,0.3113,
904,8720,0.3095,
904,8579,0.3073,
904,2911,0.3072,
904,511,0.3065,
904,6819,0.305,
904,3287,0.3048,
905,5735,0.2819,
905,5943,0.2772,
905,6164,0.2751,
905,9384,0.2659,
905,8433,0.263,
905,3669,0.2611,
905,303,0.2611,
905,3742,0.2596,
905,6626,0.2588,
905,16,0.2566,
905,4956,0.2565,
905,4325,0.256,
905,2764,0.2553,
905,8806,0.2548,
905,6247,0.2546,
905,7452,0.2536,
905,202,0.2531,
905,1244,0.2531,
905,6765,0.2529,
905,5781,0.2513,
906,6174,0.2469,
906,1908,0.2428,
906,6996,0.2387,
906,5882,0.2372,
906,8834,0.2345,
906,7486,0.2331,
906,5189,0.2299,
906,7825,0.2265,
906,7973,0.2239,
906,7195,0.223,
906,3516,0.2194,
906,616,0.219,
906,4299,0.2187,
906,7083,0.2183,
906,4810,0.2176,
906,455,0.2176,
906,8192,0.2172,
906,334,0.2161,
906,7824,0.2158,
906,8440,0.2153,
907,9062,0.302,
907,5261,0.267,
907,4682,0.2641,
907,3432,0.2629,
907,7231,0.2606,
907,7568,0.2603,
907,2331,0.2452,
907,4158,0.2418,
907,7051,0.2404,
907,8005,0.2382,
907,6442,0.2372,
907,8612,0.2366,
907,6627,0.2353,
907,8433,0.2336,
907,8693,0.2303,
907,1485,0.2296,
907,1931,0.2212,
907,7070,0.22,
907,5609,0.2168,
907,2461,0.2162,
908,3540,0.2291,
908,5034,0.2124,
908,8067,0.2096,
908,736,0.2047,
908,307,0.2035,
908,3946,0.1956,
908,4489,0.1926,
908,3120,0.1896,
908,3202,0.1889,
908,6026,0.1864,
908,8131,0.1861,
908,6470,0.1851,
908,951,0.1831,
908,920,0.1812,
908,6442,0.1794,
908,6613,0.1793,
908,630,0.1778,
908,6803,0.1744,
908,1330,0.1743,
908,3897,0.1743,
909,9219,0.1808,
909,8850,0.1614,
909,158,0.1609,
909,9213,0.1554,
909,5297,0.1506,
909,2892,0.1504,
909,1585,0.1473,
909,7522,0.145,
909,7610,0.145,
909,3483,0.1412,
909,7784,0.1361,
909,7391,0.1345,
909,4952,0.1317,
909,5854,0.1302,
909,3395,0.1273,
909,5045,0.1271,
909,3917,0.1198,
909,6785,0.1182,
909,2163,0.1159,
909,8599,0.1149,
910,4329,0.1446,
910,2433,0.1394,
910,3516,0.1318,
910,2401,0.1286,
910,8968,0.1274,
910,7578,0.1272,
910,850,0.1269,
910,3202,0.1266,
910,155,0.1265,
910,2461,0.1231,
910,7918,0.1223,
910,7628,0.121,
910,8965,0.1197,
910,4783,0.1193,
910,6803,0.1185,
910,1669,0.1184,
910,504,0.1183,
910,26,0.1177,
910,1404,0.1177,
910,3426,0.1167,
911,6442,0.1943,
911,1330,0.1918,
911,1241,0.1802,
911,78,0.178,
911,2732,0.1694,
911,951,0.169,
911,630,0.1617,
911,5869,0.1576,
911,8163,0.1564,
911,2838,0.1553,
911,8579,0.1525,
911,6835,0.1522,
911,683,0.148,
911,8720,0.1461,
911,193,0.146,
911,1902,0.1455,
911,6803,0.1451,
911,3224,0.1441,
911,8836,0.1434,
911,1379,0.1409,
912,47,0.2603,
912,6474,0.2549,
912,979,0.251,
912,8749,0.2429,
912,7138,0.2424,
912,7892,0.2403,
912,355,0.24,
912,4553,0.2359,
912,3245,0.2352,
912,8905,0.2343,
912,8250,0.2338,
912,9454,0.2309,
912,7602,0.2296,
912,6799,0.2289,
912,3057,0.2261,
912,2329,0.2247,
912,3417,0.2246,
912,9125,0.223,
912,3259,0.2216,
912,5338,0.2207,
913,4041,0.2598,
913,6430,0.2493,
913,2926,0.2409,
913,4328,0.2396,
913,5287,0.2392,
913,1869,0.2378,
913,9276,0.2348,
913,3773,0.2281,
913,3829,0.2276,
913,4474,0.2275,
913,5176,0.2262,
913,414,0.2261,
913,95,0.2239,
913,4628,0.2237,
913,5113,0.2237,
913,7670,0.2234,
913,7155,0.2232,
913,3224,0.2231,
913,3561,0.2222,
913,1429,0.2209,
914,7784,0.2441,
914,4751,0.2331,
914,7883,0.231,
914,3989,0.2293,
914,291,0.2267,
914,4175,0.2266,
914,8267,0.2212,
914,5183,0.2142,
914,6351,0.214,
914,6996,0.21,
914,9062,0.2045,
914,1639,0.2031,
914,3558,0.2025,
914,8240,0.2017,
914,5412,0.2016,
914,1241,0.2008,
914,7648,0.2005,
914,2510,0.1993,
914,1276,0.198,
914,8067,0.1958,
915,8067,0.1986,
915,9062,0.1954,
915,3039,0.1865,
915,919,0.1824,
915,8592,0.1773,
915,1162,0.1768,
915,334,0.1766,
915,6444,0.1755,
915,5081,0.1751,
915,2331,0.1749,
915,3897,0.1746,
915,1859,0.1742,
915,8834,0.1731,
915,4848,0.1731,
915,5344,0.1708,
915,5397,0.1695,
915,7371,0.1688,
915,8481,0.1682,
915,8612,0.1681,
915,3120,0.1676,
916,8067,0.2601,
916,2718,0.2502,
916,6370,0.2342,
916,2856,0.231,
916,8064,0.2252,
916,7825,0.2147,
916,7412,0.2129,
916,8286,0.2097,
916,5586,0.2094,
916,1909,0.2091,
916,4383,0.2086,
916,6174,0.2079,
916,249,0.2075,
916,4531,0.2074,
916,8834,0.2072,
916,7870,0.2067,
916,5635,0.2064,
916,5533,0.2056,
916,3628,0.2049,
916,9062,0.2046,
945,8374,0.3312,
945,6849,0.3308,
945,3540,0.3281,
945,5583,0.3263,
945,6614,0.3241,
945,2006,0.3234,
945,7265,0.3225,
945,34,0.3209,
945,5773,0.317,
945,9388,0.3162,
945,736,0.3156,
945,1028,0.3147,
945,9407,0.3145,
945,5901,0.3145,
945,2435,0.3142,
945,4455,0.3142,
945,1062,0.313,
945,7447,0.3129,
945,7853,0.3129,
945,8131,0.3126,
917,5081,0.2824,
917,3151,0.2809,
917,4057,0.2761,
917,5773,0.2735,
917,9452,0.2723,
917,4275,0.272,
917,3787,0.2695,
917,5716,0.2691,
917,8374,0.2686,
917,5157,0.2683,
917,4727,0.268,
917,473,0.2679,
917,6613,0.2677,
917,66,0.2674,
917,983,0.267,
917,2158,0.2663,
917,5971,0.2663,
917,2606,0.2661,
917,1062,0.2657,
917,3540,0.2654,
918,8769,0.3314,
918,6430,0.2967,
918,8806,0.2912,
918,5761,0.289,
918,9070,0.2818,
918,8118,0.2793,
918,9062,0.2756,
918,6701,0.269,
918,9422,0.2654,
918,5559,0.2635,
918,6127,0.2623,
918,8978,0.2607,
918,3257,0.2604,
918,8079,0.26,
918,7132,0.2593,
918,2019,0.2584,
918,5900,0.2573,
918,8199,0.2568,
918,1846,0.2563,
918,6962,0.2551,
919,7292,0.2318,
919,3175,0.2315,
919,8103,0.2293,
919,498,0.2279,
919,5608,0.2273,
919,2020,0.2259,
919,6180,0.2256,
919,4589,0.2253,
919,872,0.225,
919,362,0.2249,
919,6388,0.2246,
919,213,0.2242,
919,7961,0.2239,
919,1127,0.2238,
919,8338,0.2219,
919,338,0.2218,
919,4473,0.2213,
919,1478,0.2208,
919,2873,0.2197,
919,3355,0.2194,
920,6442,0.2288,
920,2298,0.219,
920,5109,0.2144,
920,6565,0.2139,
920,951,0.2138,
920,7917,0.2117,
920,7494,0.206,
920,307,0.1991,
920,1858,0.1928,
920,1504,0.1884,
920,4396,0.1878,
920,3067,0.1817,
920,453,0.1805,
920,6803,0.1805,
920,9384,0.1751,
920,7313,0.1716,
920,922,0.1694,
920,3024,0.1678,
920,4190,0.1669,
920,4875,0.1637,
921,4057,0.3721,
921,4744,0.3286,
921,9407,0.3226,
921,5494,0.3225,
921,3151,0.3158,
921,4252,0.3151,
921,2361,0.3145,
921,9452,0.3139,
921,6614,0.3138,
921,5583,0.3114,
921,7724,0.3111,
921,9388,0.3106,
921,3772,0.3099,
921,993,0.3077,
921,6643,0.3067,
921,8374,0.3056,
921,6264,0.305,
921,2351,0.3036,
921,5789,0.3033,
921,5464,0.303,
922,7051,0.2722,
922,5375,0.2439,
922,2461,0.2432,
922,8769,0.2345,
922,7628,0.2341,
922,8118,0.2306,
922,3432,0.229,
922,4592,0.2221,
922,7231,0.2176,
922,4682,0.216,
922,1485,0.2159,
922,5261,0.2155,
922,6430,0.2149,
922,7568,0.2133,
922,8005,0.2113,
922,9394,0.2093,
922,4831,0.2085,
922,9025,0.205,
922,8571,0.2046,
922,6046,0.2044,
923,9186,0.3316,
923,6755,0.3207,
923,9271,0.3185,
923,2585,0.3179,
923,9180,0.3172,
923,6585,0.3152,
923,6293,0.3142,
923,2020,0.3139,
923,4344,0.3133,
923,3612,0.3113,
923,6335,0.3109,
923,1912,0.3105,
923,8376,0.3091,
923,1157,0.3087,
923,7471,0.3084,
923,2873,0.3082,
923,6265,0.3082,
923,6494,0.308,
923,4473,0.3078,
923,6555,0.3074,
924,155,0.2066,
924,9436,0.1979,
924,3516,0.1892,
924,2764,0.1871,
924,2461,0.1834,
924,2926,0.1832,
924,1083,0.1829,
924,3989,0.1827,
924,4127,0.1819,
924,8978,0.1795,
924,6613,0.1769,
924,7195,0.1764,
924,2255,0.1756,
924,2006,0.1753,
924,4622,0.1746,
924,7371,0.174,
924,4057,0.1692,
924,8769,0.1666,
924,8036,0.166,
924,9447,0.1656,
946,5089,0.2341,
946,8992,0.2247,
946,3356,0.2175,
946,5246,0.2082,
946,7535,0.2053,
946,1914,0.2024,
946,2104,0.1977,
946,8711,0.1975,
946,7387,0.1951,
946,5450,0.1951,
946,2240,0.1951,
946,4736,0.1948,
946,3436,0.1912,
946,1309,0.1899,
946,1188,0.1897,
946,7674,0.1887,
946,5804,0.1882,
946,7813,0.1862,
946,2687,0.1843,
946,8192,0.1816,
1027,2926,0.1916,
1027,3516,0.1851,
1027,5559,0.1775,
1027,1902,0.1669,
1027,2764,0.1646,
1027,2019,0.1644,
1027,3933,0.1608,
1027,9213,0.1606,
1027,4057,0.1592,
1027,9436,0.1556,
1027,8763,0.1548,
1027,4143,0.1544,
1027,7083,0.1521,
1027,8206,0.1513,
1027,2255,0.1508,
1027,9447,0.1505,
1027,5684,0.1495,
1027,2060,0.1488,
1027,1465,0.1482,
1027,8295,0.1465,
925,2255,0.2026,
925,4127,0.1981,
925,5559,0.1975,
925,1902,0.1885,
925,455,0.1881,
925,6444,0.187,
925,6742,0.1869,
925,919,0.1854,
925,4041,0.1839,
925,8036,0.181,
925,1241,0.1798,
925,9447,0.1789,
925,4622,0.1786,
925,616,0.1768,
925,5930,0.1766,
925,2695,0.1764,
925,5465,0.1752,
925,5904,0.1716,
925,1083,0.1715,
925,2926,0.1714,
926,4682,0.2754,
926,307,0.2577,
926,5223,0.2546,
926,473,0.2483,
926,5519,0.2471,
926,3772,0.2453,
926,5465,0.2437,
926,3787,0.2411,
926,3540,0.2398,
926,5464,0.2385,
926,8662,0.236,
926,4514,0.2351,
926,8374,0.235,
926,9388,0.2344,
926,7724,0.2338,
926,4291,0.2331,
926,1598,0.2323,
926,4455,0.2322,
926,2361,0.2315,
926,9452,0.2312,
927,486,0.2788,
927,455,0.271,
927,7500,0.2703,
927,8436,0.2643,
927,8983,0.2642,
927,918,0.2615,
927,6161,0.2609,
927,7874,0.2558,
927,7430,0.2533,
927,7836,0.2491,
927,7160,0.2481,
927,8925,0.2464,
927,4762,0.2462,
927,2695,0.2457,
927,4127,0.2453,
927,3238,0.2418,
927,7967,0.2383,
927,5465,0.2362,
927,7312,0.2357,
927,4979,0.2337,
928,9309,0.2068,
928,7278,0.1921,
928,8184,0.1887,
928,749,0.1876,
928,8875,0.1867,
928,7724,0.1845,
928,4670,0.1808,
928,7702,0.1787,
928,1083,0.1772,
928,2573,0.1768,
928,1972,0.1756,
928,886,0.1743,
928,5223,0.1721,
928,5753,0.1718,
928,7475,0.1713,
928,5236,0.1705,
928,364,0.1687,
928,1696,0.1685,
928,3170,0.1681,
928,577,0.1678,
929,7656,0.2325,
929,1902,0.2149,
929,7453,0.2115,
929,155,0.2108,
929,3744,0.2107,
929,2433,0.2091,
929,4544,0.2055,
929,2164,0.2053,
929,8146,0.2049,
929,8968,0.2048,
929,2668,0.2025,
929,5343,0.2002,
929,2109,0.2002,
929,5155,0.199,
929,1225,0.1985,
929,7901,0.1982,
929,2373,0.1977,
929,8965,0.1973,
929,2401,0.1973,
929,5967,0.196,
930,4553,0.2042,
930,7879,0.1966,
930,2175,0.1925,
930,8585,0.1846,
930,409,0.1805,
930,3057,0.1803,
930,7273,0.1781,
930,8834,0.1746,
930,5438,0.1728,
930,624,0.1726,
930,8905,0.1707,
930,355,0.1706,
930,4512,0.1705,
930,8711,0.1702,
930,2127,0.17,
930,4782,0.1696,
930,5189,0.1695,
930,8087,0.1686,
930,7523,0.1671,
930,4818,0.1664,
931,5217,0.2305,
931,7278,0.2285,
931,1629,0.2278,
931,3669,0.2228,
931,6742,0.2219,
931,8190,0.2204,
931,6975,0.22,
931,9247,0.2179,
931,3245,0.2177,
931,5223,0.2175,
931,7824,0.2145,
931,918,0.2129,
931,7964,0.2129,
931,5236,0.212,
931,1083,0.2118,
931,364,0.2116,
931,5465,0.2114,
931,8983,0.2087,
931,455,0.2072,
931,8470,0.2071,
932,2331,0.2033,
932,1536,0.1904,
932,4788,0.1786,
932,7195,0.1762,
932,9062,0.1761,
932,3432,0.1747,
932,7051,0.1733,
932,2670,0.1733,
932,3871,0.1731,
932,4231,0.1726,
932,3455,0.1715,
932,5609,0.1698,
932,3060,0.1692,
932,6627,0.1686,
932,2461,0.1653,
932,5187,0.1652,
932,4299,0.1651,
932,5467,0.1641,
932,8702,0.1639,
932,3897,0.1635,
933,6819,0.3676,
933,1064,0.3646,
933,2687,0.3385,
933,6909,0.3271,
933,9352,0.3196,
933,7014,0.3195,
933,2070,0.3179,
933,3303,0.3177,
933,9364,0.3173,
933,5932,0.3148,
933,8517,0.3139,
933,17,0.3135,
933,1390,0.3121,
933,3144,0.3084,
933,4013,0.3074,
933,1988,0.3062,
933,973,0.3058,
933,696,0.3058,
933,6100,0.3052,
933,6480,0.3045,
934,5583,0.2768,
934,3457,0.2651,
934,433,0.2614,
934,2145,0.26,
934,6614,0.2597,
934,3787,0.2573,
934,5716,0.2542,
934,473,0.2533,
934,8374,0.2527,
934,6849,0.2509,
934,8470,0.2488,
934,8600,0.2466,
934,8662,0.2442,
934,2361,0.2428,
934,2308,0.2426,
934,5901,0.2426,
934,5293,0.2423,
934,684,0.242,
934,3066,0.241,
934,1771,0.2409,
935,7375,0.2345,
935,4682,0.2237,
935,7126,0.2201,
935,8273,0.2125,
935,1438,0.2117,
935,307,0.2113,
935,8769,0.2034,
935,6614,0.2025,
935,1858,0.2013,
935,8005,0.2009,
935,4831,0.2003,
935,2310,0.1966,
935,1318,0.1941,
935,5583,0.1895,
935,8118,0.1887,
935,993,0.1876,
935,2361,0.1873,
935,5,0.186,
935,9407,0.185,
935,8806,0.185,
936,9452,0.1545,
936,5594,0.1533,
936,8940,0.1483,
936,8720,0.1474,
936,4346,0.1469,
936,3489,0.1463,
936,7633,0.1427,
936,1902,0.1381,
936,4127,0.1357,
936,5465,0.1357,
936,4514,0.1331,
936,5716,0.1311,
936,3224,0.1307,
936,5967,0.1303,
936,4744,0.1297,
936,3787,0.1289,
936,8579,0.1282,
936,1913,0.128,
936,9328,0.1277,
936,6803,0.1277,
937,155,0.2037,
937,7628,0.1823,
937,3989,0.1806,
937,4346,0.1803,
937,7195,0.1798,
937,1902,0.1751,
937,5967,0.1735,
937,4922,0.1721,
937,4127,0.1695,
937,2401,0.1686,
937,8968,0.167,
937,2385,0.1661,
937,7578,0.1654,
937,5343,0.1648,
937,6225,0.1643,
937,2461,0.1629,
937,1083,0.1623,
937,8965,0.1621,
937,6803,0.1619,
937,1772,0.1611,
939,2764,0.2384,
939,296,0.2301,
939,338,0.2219,
939,7638,0.2148,
939,8834,0.2014,
939,2255,0.2005,
939,2926,0.1997,
939,3886,0.1996,
939,1908,0.1995,
939,6613,0.1973,
939,5511,0.1971,
939,6517,0.1925,
939,4622,0.1918,
939,2418,0.1894,
939,1292,0.1892,
939,8692,0.1888,
939,6433,0.1881,
939,6940,0.1878,
939,5201,0.1877,
939,5761,0.1876,
940,5183,0.394,
940,8267,0.3821,
940,8477,0.3736,
940,8375,0.3684,
940,396,0.3624,
940,1639,0.3612,
940,3558,0.3598,
940,4491,0.3576,
940,3598,0.3552,
940,6813,0.3533,
940,5376,0.3508,
940,9044,0.3507,
940,4209,0.3484,
940,3038,0.3478,
940,1276,0.3475,
940,3527,0.3459,
940,6421,0.3451,
940,7782,0.3433,
940,7076,0.3431,
940,2098,0.3404,
941,6444,0.1849,
941,919,0.1775,
941,5413,0.1769,
941,885,0.1699,
941,6963,0.1667,
941,4720,0.1647,
941,9184,0.1633,
941,8036,0.1629,
941,8070,0.161,
941,4848,0.1593,
941,2979,0.1591,
941,5777,0.1559,
941,4892,0.1559,
941,8438,0.1557,
941,8202,0.1553,
941,5344,0.155,
941,6026,0.154,
941,6570,0.1537,
941,5192,0.1536,
941,2665,0.1529,
942,8041,0.2122,
942,7593,0.2079,
942,1207,0.2053,
942,7469,0.1995,
942,1054,0.1977,
942,2089,0.1949,
942,2980,0.1919,
942,1256,0.1893,
942,7262,0.1887,
942,7525,0.185,
942,503,0.1847,
942,6835,0.1838,
942,78,0.183,
942,536,0.1819,
942,409,0.1811,
942,8776,0.1779,
942,445,0.1778,
942,8462,0.1763,
942,3776,0.1762,
942,2976,0.1757,
943,1626,0.2248,
943,9247,0.2218,
943,9288,0.2217,
943,7525,0.2209,
943,7493,0.2204,
943,7782,0.2182,
943,7879,0.2167,
943,6164,0.2164,
943,4582,0.2159,
943,3669,0.2158,
943,8267,0.2145,
943,4291,0.2127,
943,1445,0.2093,
943,1859,0.2091,
943,886,0.2084,
943,8087,0.2076,
943,4644,0.2073,
943,5465,0.2071,
943,78,0.207,
943,5010,0.2064,
944,3506,0.183,
944,78,0.1806,
944,8481,0.1742,
944,4848,0.174,
944,885,0.1739,
944,7525,0.1732,
944,338,0.1732,
944,9184,0.1709,
944,7606,0.1705,
944,334,0.1701,
944,8834,0.1696,
944,4389,0.1688,
944,1809,0.1682,
944,9034,0.1674,
944,3517,0.1668,
944,8163,0.1659,
944,3816,0.165,
944,4892,0.1638,
944,980,0.1637,
944,7879,0.1628,
947,3320,0.2403,
947,9302,0.231,
947,5856,0.2261,
947,5020,0.2163,
947,9177,0.21,
947,5712,0.2084,
947,3634,0.2028,
947,3084,0.2016,
947,1711,0.1961,
947,6894,0.1955,
947,389,0.1892,
947,5087,0.1823,
947,8941,0.1805,
947,2231,0.1761,
947,3537,0.1725,
947,4187,0.1719,
947,120,0.1701,
947,7823,0.1686,
947,118,0.1513,
947,8463,0.1461,
948,8192,0.2847,
948,334,0.2761,
948,1162,0.2754,
948,6835,0.2738,
948,1859,0.2719,
948,78,0.2696,
948,3864,0.2683,
948,5246,0.2627,
948,7923,0.262,
948,8481,0.2596,
948,980,0.2577,
948,5450,0.2574,
948,6818,0.2572,
948,9034,0.2566,
948,3516,0.2562,
948,7317,0.2557,
948,5356,0.2556,
948,967,0.2552,
948,7825,0.2549,
948,5397,0.2545,
949,4057,0.2242,
949,6613,0.2183,
949,5189,0.2074,
949,8834,0.203,
949,5223,0.2028,
949,8042,0.1976,
949,5157,0.1919,
949,3516,0.1893,
949,7824,0.1862,
949,6643,0.183,
949,6164,0.1829,
949,5984,0.1825,
949,4455,0.1824,
949,1427,0.1809,
949,4114,0.18,
949,6431,0.1751,
949,66,0.1746,
949,3669,0.173,
949,5616,0.1728,
949,9436,0.1727,
950,3057,0.3731,
950,7523,0.3665,
950,5165,0.36,
950,8905,0.358,
950,355,0.3558,
950,2566,0.3542,
950,5438,0.3537,
950,3436,0.3535,
950,2127,0.3531,
950,5659,0.3522,
950,6141,0.349,
950,6474,0.3487,
950,3920,0.3457,
950,754,0.345,
950,6376,0.3415,
950,2874,0.3411,
950,3417,0.3368,
950,5999,0.3365,
950,4512,0.3328,
950,4553,0.3317,
951,4721,0.2223,
951,9436,0.2197,
951,8036,0.2125,
951,5168,0.2096,
951,43,0.1974,
951,3516,0.1947,
951,7083,0.1923,
951,1083,0.1896,
951,6803,0.1807,
951,1924,0.1776,
951,6356,0.1734,
951,1054,0.1726,
951,5919,0.1685,
951,5930,0.1684,
951,394,0.1643,
951,8975,0.1639,
951,606,0.1639,
951,8184,0.1611,
951,7453,0.1604,
951,9441,0.1592,
952,9062,0.3262,
952,7070,0.2692,
952,4682,0.2674,
952,3432,0.2666,
952,6627,0.2644,
952,7568,0.2559,
952,8612,0.2545,
952,2461,0.2541,
952,4035,0.2446,
952,455,0.2436,
952,8693,0.2413,
952,6442,0.2401,
952,7051,0.234,
952,5261,0.2339,
952,7824,0.2333,
952,2331,0.2288,
952,6664,0.2255,
952,5465,0.225,
952,8067,0.2204,
952,4158,0.2173,
953,9436,0.2012,
953,1902,0.182,
953,1083,0.1798,
953,7879,0.1722,
953,6164,0.1698,
953,5967,0.1655,
953,3744,0.1643,
953,8571,0.1617,
953,3356,0.1612,
953,8184,0.1612,
953,5343,0.1604,
953,3563,0.1601,
953,4818,0.1576,
953,7901,0.157,
953,1704,0.1556,
953,6083,0.1555,
953,2385,0.1551,
953,616,0.1551,
953,2679,0.1537,
953,7453,0.1536,
954,1902,0.1847,
954,5930,0.182,
954,1241,0.1672,
954,5892,0.159,
954,4721,0.1543,
954,8592,0.1541,
954,3576,0.1505,
954,1924,0.1474,
954,1167,0.1446,
954,3744,0.1441,
954,7453,0.1433,
954,4058,0.1431,
954,8462,0.1408,
954,6963,0.1404,
954,9146,0.14,
954,4274,0.1398,
954,7414,0.1396,
954,5904,0.1394,
954,2394,0.1394,
954,3422,0.1393,
955,4175,0.2312,
955,8968,0.2274,
955,7140,0.2176,
955,8118,0.2168,
955,5590,0.2143,
955,7628,0.2141,
955,2019,0.2127,
955,9213,0.2099,
955,3788,0.2075,
955,8005,0.2066,
955,7784,0.2041,
955,6831,0.2034,
955,2401,0.2031,
955,6785,0.2024,
955,2418,0.1991,
955,8769,0.1983,
955,7883,0.1979,
955,1636,0.1954,
955,2461,0.1944,
955,8806,0.1943,
956,9062,0.2738,
956,3432,0.2707,
956,8612,0.2659,
956,6627,0.2618,
956,7568,0.2561,
956,5261,0.2521,
956,7231,0.2427,
956,7070,0.2415,
956,2331,0.2405,
956,7051,0.2398,
956,4682,0.2298,
956,166,0.2239,
956,5609,0.2224,
956,1485,0.2107,
956,1536,0.2103,
956,8769,0.209,
956,6322,0.2088,
956,2461,0.2054,
956,8693,0.1965,
956,1931,0.195,
957,5559,0.2419,
957,7633,0.2184,
957,1241,0.2127,
957,1902,0.2111,
957,2019,0.2097,
957,2704,0.1955,
957,9061,0.1948,
957,5869,0.1919,
957,3576,0.1904,
957,7655,0.1889,
957,2473,0.1882,
957,7784,0.1848,
957,8066,0.1846,
957,5904,0.1843,
957,7220,0.1822,
957,603,0.1821,
957,6785,0.1819,
957,1236,0.1811,
957,9213,0.1791,
957,2154,0.1759,
958,4223,0.2398,
958,2252,0.2393,
958,3815,0.2313,
958,2175,0.2251,
958,8087,0.2161,
958,4582,0.2156,
958,7044,0.2146,
958,9288,0.2141,
958,670,0.2135,
958,6172,0.2119,
958,2506,0.2105,
958,409,0.2101,
958,9114,0.2052,
958,7879,0.2045,
958,8054,0.2045,
958,2239,0.2044,
958,2599,0.2044,
958,5745,0.2041,
958,5010,0.2028,
958,2182,0.2023,
959,9234,0.2424,
959,4223,0.2311,
959,8054,0.2276,
959,2536,0.2187,
959,1366,0.2181,
959,1000,0.2142,
959,1577,0.2079,
959,5882,0.1995,
959,5186,0.1995,
959,4866,0.1976,
959,5921,0.1965,
959,3649,0.1937,
959,1420,0.1926,
959,7281,0.1921,
959,2994,0.1914,
959,6310,0.1906,
959,6212,0.1903,
959,8726,0.1885,
959,9288,0.1882,
959,7044,0.188,
960,6613,0.2661,
960,8834,0.259,
960,1908,0.2573,
960,6849,0.2463,
960,6978,0.2395,
960,4057,0.2364,
960,8374,0.2336,
960,2724,0.2334,
960,5809,0.2265,
960,338,0.2237,
960,3787,0.2236,
960,6433,0.2235,
960,433,0.2232,
960,5081,0.2226,
960,5465,0.2213,
960,5223,0.22,
960,5189,0.2185,
960,5716,0.2176,
960,6643,0.2165,
960,7825,0.2161,
961,7736,0.2155,
961,8322,0.2154,
961,1909,0.2021,
961,5001,0.1989,
961,6246,0.197,
961,2510,0.1964,
961,7825,0.1949,
961,3057,0.1949,
961,7648,0.1945,
961,2536,0.1941,
961,4848,0.1941,
961,5183,0.1932,
961,1639,0.1923,
961,7486,0.189,
961,4168,0.1888,
961,257,0.1888,
961,3527,0.1887,
961,7857,0.1876,
961,2819,0.1856,
961,1337,0.1852,
962,78,0.1908,
962,4291,0.1891,
962,9267,0.1826,
962,8600,0.1825,
962,3074,0.1787,
962,5081,0.1752,
962,3961,0.1745,
962,8286,0.1739,
962,6173,0.1718,
962,2356,0.1696,
962,3259,0.1689,
962,6160,0.1686,
962,3506,0.1676,
962,7548,0.1671,
962,919,0.1669,
962,7525,0.1668,
962,8079,0.1665,
962,8592,0.1662,
962,7593,0.1653,
962,6038,0.1651,
965,5882,0.3021,
965,1165,0.2991,
965,56,0.2661,
965,1207,0.263,
965,8888,0.26,
965,7825,0.2564,
965,7973,0.2548,
965,2920,0.2545,
965,7455,0.2544,
965,4383,0.2511,
965,7765,0.2484,
965,215,0.247,
965,4747,0.2468,
965,6174,0.245,
965,169,0.2445,
965,164,0.2442,
965,5894,0.2438,
965,8440,0.2433,
965,2510,0.2425,
965,4848,0.2419,
966,1902,0.2166,
966,4818,0.2127,
966,1241,0.2125,
966,4127,0.1964,
966,9288,0.19,
966,9436,0.1879,
966,7825,0.1864,
966,155,0.1863,
966,5343,0.1857,
966,3989,0.1854,
966,455,0.1849,
966,3815,0.1832,
966,7633,0.183,
966,3516,0.1829,
966,9061,0.1828,
966,8066,0.1819,
966,5967,0.1803,
966,7879,0.1798,
966,5794,0.1791,
966,5559,0.1775,
967,6613,0.3144,
967,5157,0.2921,
967,8940,0.2812,
967,4275,0.2775,
967,307,0.277,
967,66,0.277,
967,3787,0.2751,
967,6643,0.2744,
967,8551,0.2695,
967,2606,0.2682,
967,2158,0.2659,
967,5583,0.2655,
967,5969,0.2655,
967,4514,0.2649,
967,473,0.2646,
967,5548,0.2646,
967,6614,0.2645,
967,5971,0.2644,
967,7447,0.2644,
967,2351,0.264,
968,2418,0.2805,
968,3261,0.2476,
968,3707,0.242,
968,6472,0.2381,
968,6310,0.234,
968,5900,0.2339,
968,1636,0.2324,
968,3112,0.2317,
968,5590,0.2311,
968,9246,0.228,
968,4525,0.2269,
968,5076,0.2261,
968,6127,0.2256,
968,5877,0.2184,
968,601,0.218,
968,3836,0.2142,
968,2387,0.2139,
968,7771,0.2133,
968,8806,0.2119,
968,6824,0.2104,
969,9388,0.2929,
969,736,0.2915,
969,307,0.2833,
969,6849,0.2794,
969,8131,0.2773,
969,3540,0.2769,
969,2361,0.2761,
969,9407,0.2757,
969,3787,0.2755,
969,4252,0.2735,
969,5583,0.2733,
969,1771,0.2718,
969,6614,0.2715,
969,993,0.2715,
969,2160,0.2712,
969,8662,0.2699,
969,6613,0.2682,
969,6264,0.2676,
969,2351,0.2658,
969,4275,0.2652,
970,9062,0.329,
970,4682,0.286,
970,2461,0.2511,
970,4158,0.2506,
970,4035,0.2475,
970,8005,0.2475,
970,5261,0.2455,
970,3432,0.2428,
970,6627,0.239,
970,6442,0.2348,
970,8693,0.2314,
970,2331,0.2305,
970,7231,0.2295,
970,8769,0.2278,
970,8067,0.2257,
970,8612,0.2247,
970,7051,0.2226,
970,7375,0.2225,
970,7568,0.2216,
970,7633,0.2177,
971,3669,0.267,
971,9247,0.2561,
971,1445,0.2525,
971,7547,0.2417,
971,7462,0.2381,
971,6164,0.2351,
971,8042,0.2348,
971,7278,0.2273,
971,1775,0.2273,
971,5704,0.2203,
971,4729,0.2196,
971,7824,0.2182,
971,5098,0.2156,
971,7441,0.2146,
971,918,0.2096,
971,455,0.2082,
971,8476,0.2079,
971,9309,0.2071,
971,729,0.207,
971,5699,0.2069,
972,355,0.2548,
972,754,0.2402,
972,6474,0.2381,
972,4553,0.2363,
972,2566,0.235,
972,8905,0.2341,
972,3436,0.2332,
972,3417,0.2324,
972,2874,0.2313,
972,6141,0.2311,
972,7273,0.2299,
972,3057,0.2298,
972,3207,0.229,
972,5438,0.2274,
972,3920,0.2256,
972,7523,0.2253,
972,998,0.2245,
972,759,0.2229,
972,2127,0.2223,
972,4512,0.2219,
973,3540,0.2639,
973,4682,0.2625,
973,1711,0.2337,
973,8769,0.2275,
973,8005,0.2271,
973,4744,0.224,
973,6701,0.2234,
973,4455,0.223,
973,3840,0.2208,
973,2361,0.2203,
973,8067,0.2198,
973,1028,0.2178,
973,164,0.2178,
973,6431,0.2175,
973,7140,0.2159,
973,9062,0.2148,
973,2006,0.2139,
973,8374,0.2138,
973,7371,0.2114,
973,4908,0.2069,
974,5790,0.4353,
974,5554,0.4334,
974,8620,0.4173,
974,3650,0.4149,
974,3552,0.4142,
974,511,0.4142,
974,4074,0.4108,
974,5543,0.4095,
974,4302,0.4087,
974,2911,0.4083,
974,8836,0.4082,
974,3287,0.4075,
974,4547,0.4074,
974,8579,0.4071,
974,8720,0.4065,
974,2459,0.4061,
974,5122,0.4056,
974,9032,0.4043,
974,8352,0.4037,
974,248,0.4028,
975,307,0.2067,
975,8940,0.1986,
975,6803,0.1967,
975,5223,0.1939,
975,4346,0.1786,
975,1083,0.1779,
975,3787,0.1741,
975,4514,0.1715,
975,736,0.1675,
975,3489,0.1675,
975,7633,0.167,
975,8746,0.1667,
975,3794,0.1634,
975,8720,0.1611,
975,5768,0.1605,
975,3043,0.1589,
975,5716,0.1588,
975,8681,0.1584,
975,1545,0.1584,
975,3280,0.1583,
976,3989,0.2561,
976,5779,0.2443,
976,3036,0.2319,
976,2923,0.1916,
976,5563,0.1906,
976,15,0.1883,
976,8888,0.1827,
976,7702,0.1817,
976,5774,0.1791,
976,5882,0.1762,
976,2596,0.1758,
976,2995,0.1738,
976,9309,0.1719,
976,4981,0.1718,
976,4848,0.1693,
976,2724,0.1687,
976,8081,0.1684,
976,19,0.1678,
976,155,0.1676,
976,3743,0.1662,
1017,4138,0.3123,
1017,6773,0.2868,
1017,5735,0.2858,
1017,1369,0.285,
1017,4669,0.2839,
1017,5166,0.2838,
1017,432,0.2831,
1017,7699,0.2828,
1017,4894,0.282,
1017,2136,0.2819,
1017,5098,0.2806,
1017,3258,0.2805,
1017,845,0.2782,
1017,6618,0.277,
1017,5005,0.2745,
1017,5754,0.274,
1017,6786,0.2739,
1017,6867,0.2717,
1017,4585,0.2712,
1017,3304,0.2703,
977,8240,0.2734,
977,3261,0.2621,
977,8769,0.249,
977,6701,0.2462,
977,2926,0.2368,
977,3074,0.2359,
977,7448,0.2349,
977,4819,0.2338,
977,4340,0.2328,
977,8067,0.2317,
977,9070,0.2316,
977,8118,0.2297,
977,2764,0.2288,
977,1796,0.2273,
977,6431,0.2271,
977,5761,0.2266,
977,5492,0.2261,
977,2492,0.2253,
977,9062,0.2242,
977,7371,0.2223,
978,7083,0.1925,
978,3933,0.1912,
978,9447,0.1789,
978,2926,0.1787,
978,3516,0.1756,
978,2764,0.1724,
978,8276,0.1716,
978,1054,0.1709,
978,9436,0.1706,
978,3202,0.1702,
978,3052,0.1695,
978,9441,0.1694,
978,1081,0.1685,
978,155,0.1654,
978,239,0.1643,
978,4622,0.1635,
978,6701,0.1627,
978,8763,0.1625,
978,8079,0.1619,
978,919,0.1619,
979,3057,0.2705,
979,5165,0.2608,
979,9062,0.2594,
979,2127,0.257,
979,5999,0.2508,
979,3207,0.2445,
979,4553,0.2433,
979,6474,0.2409,
979,6174,0.2389,
979,8905,0.2381,
979,7523,0.2376,
979,754,0.2371,
979,2566,0.2364,
979,3920,0.2315,
979,8221,0.2309,
979,7273,0.2301,
979,6141,0.2287,
979,6376,0.2283,
979,4512,0.228,
979,355,0.2279,
980,1902,0.1635,
980,7628,0.1535,
980,5343,0.1527,
980,8053,0.1491,
980,5967,0.1484,
980,2385,0.1458,
980,8370,0.1448,
980,5904,0.1447,
980,2109,0.1443,
980,2455,0.1417,
980,1704,0.1405,
980,587,0.1382,
980,5869,0.1381,
980,4818,0.1375,
980,2164,0.1373,
980,2091,0.1371,
980,3705,0.1368,
980,5159,0.1346,
980,3749,0.1345,
980,2989,0.1342,
981,9366,0.24,
981,980,0.2298,
981,8192,0.2282,
981,6781,0.2276,
981,334,0.2237,
981,7317,0.2224,
981,9034,0.2223,
981,1162,0.2218,
981,7923,0.2215,
981,4962,0.2208,
981,1859,0.2206,
981,5450,0.22,
981,967,0.2189,
981,5356,0.2189,
981,5216,0.2184,
981,6942,0.2177,
981,6818,0.2176,
981,6754,0.2176,
981,5397,0.2171,
981,5246,0.2166,
982,8466,0.2662,
982,3161,0.2633,
982,8488,0.2512,
982,7086,0.2409,
982,5656,0.2366,
982,3371,0.2352,
982,2156,0.2334,
982,5938,0.2311,
982,6441,0.2295,
982,2252,0.2293,
982,7044,0.2292,
982,6212,0.2284,
982,7049,0.2238,
982,8054,0.2235,
982,2844,0.2235,
982,90,0.2233,
982,4576,0.2229,
982,5793,0.222,
982,7525,0.2194,
982,6836,0.2191,
983,1083,0.1991,
983,8184,0.1935,
983,2461,0.1661,
983,4622,0.1638,
983,7278,0.1599,
983,3693,0.1597,
983,8571,0.1585,
983,1081,0.157,
983,239,0.1569,
983,7453,0.1554,
983,9309,0.1536,
983,7634,0.1527,
983,2883,0.1513,
983,3744,0.151,
983,5106,0.1498,
983,8813,0.1496,
983,3202,0.1491,
983,8146,0.1487,
983,2385,0.1487,
983,8471,0.1485,
984,8834,0.2486,
984,6613,0.2453,
984,1162,0.2348,
984,3039,0.2314,
984,334,0.227,
984,8192,0.2253,
984,9062,0.2226,
984,7870,0.2198,
984,9436,0.2157,
984,4682,0.2134,
984,8067,0.2126,
984,2361,0.211,
984,1859,0.2108,
984,3864,0.2105,
984,2764,0.2103,
984,8481,0.2073,
984,9034,0.2062,
984,8470,0.2058,
984,2663,0.2055,
984,6754,0.2053,
1018,5703,0.1915,
1018,4770,0.1889,
1018,6430,0.1712,
1018,44,0.1692,
1018,4234,0.1667,
1018,8924,0.1666,
1018,4342,0.1625,
1018,1781,0.1602,
1018,1487,0.1592,
1018,5176,0.1565,
1018,3257,0.155,
1018,3693,0.151,
1018,4622,0.151,
1018,4432,0.1506,
1018,1737,0.1501,
1018,8892,0.1478,
1018,8486,0.146,
1018,1034,0.145,
1018,3085,0.1449,
1018,1031,0.1448,
1019,5223,0.2672,
1019,5465,0.2469,
1019,5494,0.2364,
1019,7278,0.2343,
1019,4057,0.2199,
1019,3772,0.2177,
1019,7824,0.2156,
1019,1629,0.2152,
1019,8470,0.2149,
1019,6975,0.2133,
1019,1083,0.2121,
1019,364,0.2111,
1019,7634,0.2092,
1019,4688,0.2074,
1019,9337,0.2071,
1019,918,0.207,
1019,5236,0.2055,
1019,340,0.2048,
1019,3646,0.2046,
1019,5217,0.2028,
1143,2361,0.2222,
1143,5223,0.2216,
1143,4455,0.2186,
1143,4727,0.216,
1143,2006,0.2149,
1143,4682,0.2127,
1143,8662,0.2114,
1143,5708,0.2113,
1143,1028,0.2106,
1143,6431,0.2103,
1143,7140,0.2087,
1143,4057,0.2076,
1143,3540,0.2072,
1143,4744,0.2037,
1143,4252,0.198,
1143,8374,0.1978,
1143,9388,0.1965,
1143,7633,0.1962,
1143,6643,0.1958,
1143,9407,0.1955,
985,3517,0.2592,
985,3731,0.2557,
985,6676,0.2518,
985,7961,0.2485,
985,547,0.243,
985,536,0.242,
985,1809,0.24,
985,2261,0.2372,
985,8190,0.2302,
985,7978,0.2301,
985,4495,0.2272,
985,8771,0.2242,
985,1780,0.2242,
985,3153,0.224,
985,7638,0.2213,
985,6224,0.2205,
985,2020,0.2192,
985,8791,0.2187,
985,5671,0.2181,
985,498,0.2181,
986,3057,0.2582,
986,5165,0.2375,
986,5999,0.2344,
986,8322,0.2316,
986,5438,0.2303,
986,4553,0.2285,
986,7523,0.2279,
986,8905,0.2276,
986,3207,0.2264,
986,3436,0.2241,
986,2127,0.222,
986,355,0.2216,
986,6376,0.2187,
986,6474,0.2172,
986,1207,0.2157,
986,2874,0.2156,
986,7973,0.2129,
986,4512,0.2125,
986,3920,0.212,
986,7273,0.2117,
987,7525,0.2269,
987,78,0.2247,
987,3074,0.2167,
987,3816,0.213,
987,3506,0.2052,
987,8585,0.2043,
987,7868,0.2027,
987,1908,0.201,
987,3815,0.2005,
987,8130,0.1996,
987,7086,0.1995,
987,6835,0.1993,
987,7825,0.1991,
987,821,0.1966,
987,9062,0.196,
987,8163,0.1959,
987,4968,0.1951,
987,7371,0.1943,
987,4291,0.1904,
987,6663,0.1887,
988,7848,0.3006,
988,3571,0.284,
988,3112,0.2758,
988,7832,0.2701,
988,9169,0.27,
988,7333,0.2699,
988,6885,0.2689,
988,8156,0.2668,
988,5924,0.266,
988,4603,0.2647,
988,154,0.264,
988,3279,0.2599,
988,900,0.2544,
988,8253,0.2543,
988,6033,0.254,
988,9136,0.2538,
988,540,0.2534,
988,4011,0.2533,
988,3191,0.2515,
988,2022,0.2515,
989,8070,0.1842,
989,794,0.1805,
989,7512,0.1799,
989,7252,0.1779,
989,919,0.1742,
989,2629,0.173,
989,7737,0.172,
989,7879,0.1711,
989,8592,0.1709,
989,2175,0.1709,
989,5192,0.1682,
989,2665,0.1678,
989,8834,0.166,
989,8439,0.1657,
989,2953,0.1652,
989,5905,0.1643,
989,5930,0.1625,
989,5189,0.162,
989,5081,0.1619,
989,2926,0.1618,
990,1859,0.2755,
990,3669,0.2745,
990,7462,0.2598,
990,8042,0.2541,
990,6164,0.2532,
990,6786,0.2511,
990,7964,0.248,
990,1445,0.2477,
990,1856,0.247,
990,6083,0.2469,
990,9247,0.2465,
990,6867,0.2456,
990,8476,0.2451,
990,8748,0.2446,
990,5737,0.2432,
990,3431,0.2423,
990,1247,0.2422,
990,9117,0.2417,
990,1821,0.2416,
990,8831,0.2411,
991,4553,0.336,
991,8905,0.3214,
991,3436,0.3097,
991,355,0.3077,
991,998,0.3054,
991,5438,0.303,
991,3057,0.3026,
991,6474,0.3006,
991,759,0.2971,
991,2127,0.2964,
991,3207,0.2963,
991,3417,0.2942,
991,754,0.294,
991,3920,0.2939,
991,2874,0.2938,
991,7523,0.2935,
991,6141,0.2909,
991,2566,0.2888,
991,5659,0.2885,
991,5165,0.2875,
992,5554,0.24,
992,5790,0.2335,
992,3650,0.2335,
992,8620,0.2318,
992,8720,0.2309,
992,3552,0.2265,
992,4074,0.2261,
992,6403,0.2261,
992,2459,0.2256,
992,2687,0.2252,
992,8579,0.2237,
992,5543,0.2223,
992,511,0.2221,
992,3668,0.2214,
992,8245,0.2202,
992,4547,0.22,
992,2911,0.2192,
992,9032,0.2187,
992,3287,0.2183,
992,5122,0.2175,
993,4158,0.2113,
993,7870,0.21,
993,8240,0.2092,
993,9062,0.2089,
993,3989,0.2079,
993,8067,0.1962,
993,7883,0.1956,
993,2696,0.1952,
993,4783,0.1931,
993,8888,0.192,
993,4175,0.1919,
993,291,0.1885,
993,6627,0.1844,
993,7448,0.1834,
993,2136,0.1825,
993,5779,0.182,
993,3455,0.1787,
993,2663,0.1773,
993,5375,0.1768,
993,8005,0.1768,
994,6940,0.219,
994,2255,0.2177,
994,8880,0.2176,
994,3693,0.2162,
994,8661,0.2127,
994,4041,0.2125,
994,296,0.2096,
994,7200,0.2093,
994,5106,0.2072,
994,8763,0.2068,
994,8295,0.2059,
994,3813,0.2045,
994,3886,0.2044,
994,4127,0.2026,
994,2174,0.2021,
994,6285,0.2021,
994,9276,0.2007,
994,8184,0.1999,
994,7828,0.1985,
994,6517,0.1984,
995,1204,0.3117,
995,2175,0.3052,
995,7044,0.3043,
995,3815,0.3039,
995,4223,0.3022,
995,6212,0.3011,
995,7879,0.2996,
995,7212,0.2987,
995,8041,0.297,
995,463,0.2945,
995,6386,0.2945,
995,8054,0.2933,
995,3640,0.2929,
995,6698,0.292,
995,3173,0.2915,
995,8490,0.2907,
995,7684,0.2904,
995,7854,0.2904,
995,5973,0.2903,
995,431,0.289,
996,6613,0.2092,
996,3517,0.2055,
996,8679,0.2044,
996,3787,0.2014,
996,338,0.2005,
996,3770,0.1994,
996,5716,0.1981,
996,8746,0.1978,
996,8005,0.1969,
996,7633,0.1957,
996,9441,0.1954,
996,9436,0.1939,
996,6631,0.1923,
996,7780,0.1916,
996,3068,0.1916,
996,5583,0.1914,
996,5223,0.1898,
996,164,0.189,
996,3961,0.1888,
996,433,0.1878,
997,5583,0.3057,
997,3787,0.2958,
997,5465,0.2945,
997,4744,0.2922,
997,6614,0.2905,
997,6849,0.2883,
997,164,0.2876,
997,4275,0.2852,
997,4514,0.2816,
997,473,0.2816,
997,2145,0.2805,
997,8374,0.28,
997,6613,0.2789,
997,8746,0.2786,
997,2158,0.2778,
997,2308,0.2773,
997,5223,0.2772,
997,66,0.277,
997,5901,0.2769,
997,7633,0.2766,
998,8276,0.2783,
998,8769,0.2781,
998,9447,0.2778,
998,8806,0.2775,
998,5868,0.2773,
998,8763,0.2734,
998,2972,0.2727,
998,9070,0.2712,
998,1359,0.2706,
998,5176,0.2696,
998,95,0.2687,
998,9246,0.2677,
998,1796,0.2674,
998,7419,0.2673,
998,5647,0.2673,
998,7155,0.2671,
998,1031,0.2669,
998,5113,0.2663,
998,1209,0.2658,
998,7361,0.2657,
999,5583,0.1826,
999,6935,0.1804,
999,8940,0.1786,
999,6614,0.1685,
999,8470,0.1656,
999,9407,0.1653,
999,2539,0.1621,
999,4057,0.1619,
999,2006,0.1612,
999,8662,0.1603,
999,274,0.1601,
999,5081,0.159,
999,4819,0.1584,
999,5761,0.1582,
999,2361,0.1554,
999,5511,0.1554,
999,6089,0.1542,
999,1028,0.1536,
999,684,0.1534,
999,1598,0.1526,
1000,683,0.2113,
1000,3074,0.1996,
1000,8301,0.1962,
1000,5319,0.1958,
1000,4340,0.1911,
1000,4819,0.1907,
1000,4291,0.1907,
1000,3207,0.1889,
1000,5610,0.1886,
1000,7525,0.1882,
1000,4303,0.1858,
1000,7273,0.1844,
1000,1736,0.1833,
1000,8115,0.1821,
1000,1379,0.1817,
1000,1259,0.181,
1000,78,0.18,
1000,409,0.18,
1000,3506,0.179,
1000,1092,0.1789,
1001,7273,0.3021,
1001,4553,0.2898,
1001,3057,0.2851,
1001,5999,0.2795,
1001,5165,0.2741,
1001,3436,0.265,
1001,6474,0.2613,
1001,3207,0.2588,
1001,8905,0.2581,
1001,5438,0.2575,
1001,355,0.2547,
1001,2127,0.2541,
1001,3417,0.2539,
1001,2874,0.2538,
1001,3920,0.2531,
1001,6376,0.2513,
1001,7523,0.2497,
1001,754,0.2497,
1001,6141,0.2469,
1001,5659,0.2456,
1002,9219,0.2066,
1002,9213,0.1916,
1002,158,0.181,
1002,2892,0.1796,
1002,6785,0.1775,
1002,1585,0.1721,
1002,7784,0.1719,
1002,5297,0.1718,
1002,8850,0.1686,
1002,7610,0.1657,
1002,3483,0.1595,
1002,4952,0.1551,
1002,7391,0.1537,
1002,5854,0.1521,
1002,3395,0.139,
1002,5045,0.1387,
1002,8599,0.1342,
1002,9008,0.1309,
1002,1337,0.1235,
1002,7522,0.1226,
1003,154,0.3323,
1003,7602,0.3289,
1003,7832,0.3252,
1003,777,0.3218,
1003,5037,0.3216,
1003,5055,0.3216,
1003,1780,0.3165,
1003,6767,0.3131,
1003,213,0.3124,
1003,732,0.3106,
1003,7840,0.3091,
1003,84,0.3081,
1003,7194,0.3076,
1003,8011,0.3075,
1003,8749,0.3072,
1003,9092,0.307,
1003,6260,0.3068,
1003,7567,0.3059,
1003,498,0.3054,
1003,8599,0.3042,
1004,9246,0.1935,
1004,6940,0.1883,
1004,2418,0.1802,
1004,1292,0.1773,
1004,194,0.1772,
1004,2209,0.1728,
1004,2376,0.1678,
1004,5076,0.1671,
1004,4311,0.1668,
1004,6640,0.1657,
1004,3090,0.164,
1004,7725,0.1635,
1004,7701,0.1632,
1004,2972,0.1621,
1004,3707,0.1613,
1004,4342,0.1608,
1004,1382,0.1606,
1004,6469,0.1603,
1004,4041,0.1603,
1004,9447,0.1602,
1005,6444,0.2733,
1005,2053,0.2686,
1005,919,0.2678,
1005,9276,0.2639,
1005,6701,0.2632,
1005,4819,0.2576,
1005,6259,0.2537,
1005,1846,0.2531,
1005,2019,0.2517,
1005,9070,0.2502,
1005,5603,0.2501,
1005,1858,0.25,
1005,9447,0.2498,
1005,3349,0.2493,
1005,6127,0.249,
1005,2492,0.2486,
1005,4622,0.2485,
1005,2764,0.2483,
1005,8806,0.2483,
1005,5761,0.2472,
1006,9062,0.2329,
1006,4682,0.2275,
1006,7568,0.224,
1006,6627,0.2198,
1006,8067,0.2176,
1006,3540,0.2128,
1006,2331,0.208,
1006,6470,0.2055,
1006,4489,0.2004,
1006,8005,0.1999,
1006,3840,0.197,
1006,8612,0.1953,
1006,5344,0.1944,
1006,3432,0.1905,
1006,2461,0.1903,
1006,7070,0.19,
1006,3897,0.1872,
1006,4158,0.1816,
1006,5727,0.1811,
1006,3787,0.1792,
1007,8447,0.2416,
1007,7919,0.2392,
1007,2589,0.2257,
1007,1465,0.2237,
1007,7086,0.2189,
1007,7965,0.2166,
1007,9062,0.2139,
1007,9071,0.2134,
1007,7652,0.2121,
1007,6316,0.212,
1007,5165,0.2112,
1007,868,0.211,
1007,4553,0.211,
1007,9288,0.2107,
1007,3840,0.2102,
1007,4682,0.2101,
1007,8130,0.2097,
1007,2591,0.2085,
1007,5465,0.2053,
1007,352,0.2051,
1008,3151,0.3233,
1008,1062,0.3121,
1008,5519,0.3064,
1008,4275,0.3037,
1008,7265,0.3016,
1008,3787,0.3011,
1008,2158,0.3008,
1008,5464,0.3,
1008,221,0.3,
1008,3961,0.3,
1008,2160,0.2961,
1008,2361,0.2951,
1008,5583,0.2943,
1008,2351,0.2942,
1008,5773,0.294,
1008,1711,0.294,
1008,5548,0.2927,
1008,9452,0.2926,
1008,6614,0.2923,
1008,473,0.2919,
1009,7728,0.2714,
1009,64,0.2596,
1009,6996,0.2487,
1009,8065,0.2431,
1009,562,0.2348,
1009,401,0.2258,
1009,8783,0.2245,
1009,7992,0.2165,
1009,2536,0.2126,
1009,3740,0.2102,
1009,6307,0.2096,
1009,1496,0.2086,
1009,1701,0.2071,
1009,2807,0.2068,
1009,2147,0.2062,
1009,4844,0.2027,
1009,3112,0.2024,
1009,1541,0.2019,
1009,5157,0.2019,
1009,8440,0.2017,
1010,6819,0.3409,
1010,7249,0.3279,
1010,8620,0.322,
1010,1309,0.3146,
1010,4547,0.3093,
1010,8579,0.3034,
1010,2687,0.3033,
1010,3552,0.3029,
1010,8720,0.3013,
1010,4074,0.301,
1010,9032,0.3001,
1010,4302,0.2979,
1010,4250,0.2974,
1010,511,0.2944,
1010,2911,0.294,
1010,5790,0.2936,
1010,8245,0.2931,
1010,2459,0.2922,
1010,3650,0.2909,
1010,248,0.2907,
1011,7441,0.3417,
1011,3669,0.3398,
1011,7462,0.334,
1011,9247,0.3293,
1011,6164,0.3271,
1011,8557,0.3202,
1011,6867,0.3196,
1011,8476,0.319,
1011,6829,0.316,
1011,122,0.3159,
1011,7699,0.3148,
1011,1369,0.3112,
1011,1445,0.3106,
1011,5704,0.3106,
1011,432,0.3105,
1011,7547,0.31,
1011,2535,0.3099,
1011,1859,0.3087,
1011,3431,0.3077,
1011,8042,0.3076,
1012,3516,0.2397,
1012,2926,0.2383,
1012,5189,0.2146,
1012,2461,0.2124,
1012,4057,0.203,
1012,8769,0.2024,
1012,8439,0.202,
1012,7628,0.2008,
1012,4565,0.1992,
1012,8118,0.1963,
1012,6478,0.1914,
1012,9062,0.1912,
1012,4114,0.1895,
1012,7737,0.1887,
1012,8206,0.1885,
1012,8042,0.1874,
1012,2255,0.1873,
1012,6998,0.1861,
1012,6997,0.1859,
1012,6542,0.185,
1013,4553,0.3335,
1013,8585,0.3267,
1013,9007,0.2943,
1013,6474,0.294,
1013,3057,0.2837,
1013,4782,0.2764,
1013,1908,0.2735,
1013,8765,0.2732,
1013,5010,0.268,
1013,998,0.2668,
1013,8905,0.2649,
1013,2127,0.2647,
1013,1204,0.2645,
1013,3097,0.2643,
1013,7879,0.2604,
1013,4401,0.2598,
1013,7868,0.2585,
1013,5438,0.2574,
1013,9089,0.2552,
1013,7854,0.2548,
1014,6083,0.2598,
1014,8042,0.245,
1014,7699,0.2399,
1014,5735,0.2373,
1014,432,0.2337,
1014,5098,0.2328,
1014,7462,0.2317,
1014,7964,0.2315,
1014,6867,0.2312,
1014,1859,0.2299,
1014,1718,0.2294,
1014,3576,0.2281,
1014,1241,0.2281,
1014,4138,0.2271,
1014,6162,0.2243,
1014,312,0.2235,
1014,5737,0.2227,
1014,4549,0.2225,
1014,3669,0.2223,
1014,3258,0.2217,
1015,9436,0.2311,
1015,7879,0.2006,
1015,2461,0.1961,
1015,2401,0.195,
1015,8968,0.1932,
1015,7628,0.1911,
1015,4127,0.1906,
1015,7578,0.1899,
1015,3202,0.188,
1015,850,0.1863,
1015,1902,0.1847,
1015,5343,0.1845,
1015,2433,0.1841,
1015,155,0.1839,
1015,9049,0.1824,
1015,5168,0.182,
1015,7195,0.1815,
1015,43,0.1808,
1015,1083,0.1805,
1015,5967,0.1804,
1020,4344,0.4152,
1020,4272,0.3819,
1020,7471,0.3813,
1020,3005,0.379,
1020,8699,0.3785,
1020,7188,0.378,
1020,1940,0.3751,
1020,6494,0.3738,
1020,3735,0.3735,
1020,3682,0.3727,
1020,3315,0.3727,
1020,8045,0.3722,
1020,77,0.3715,
1020,3672,0.3714,
1020,968,0.3708,
1020,6776,0.3706,
1020,995,0.3704,
1020,8537,0.3702,
1020,764,0.3693,
1020,6690,0.3684,
1021,5165,0.2539,
1021,4291,0.2343,
1021,6613,0.2284,
1021,5223,0.2181,
1021,34,0.211,
1021,4057,0.209,
1021,8679,0.2026,
1021,3066,0.201,
1021,5999,0.1995,
1021,3057,0.1978,
1021,8374,0.1978,
1021,3151,0.1962,
1021,759,0.1939,
1021,66,0.1933,
1021,3920,0.1928,
1021,2145,0.1919,
1021,473,0.1916,
1021,4553,0.1913,
1021,5157,0.19,
1021,2829,0.1897,
1022,5559,0.2371,
1022,6940,0.2247,
1022,4041,0.2208,
1022,6444,0.2163,
1022,6430,0.2157,
1022,6259,0.214,
1022,9422,0.2134,
1022,6472,0.2132,
1022,95,0.2126,
1022,2060,0.212,
1022,8763,0.2116,
1022,1636,0.2085,
1022,4143,0.2085,
1022,8769,0.2082,
1022,5590,0.2074,
1022,5176,0.2071,
1022,919,0.2053,
1022,8295,0.205,
1022,9447,0.2035,
1022,6170,0.203,
1023,8118,0.2413,
1023,8769,0.2322,
1023,9062,0.2288,
1023,4158,0.2218,
1023,8005,0.2122,
1023,3432,0.2097,
1023,6941,0.2077,
1023,8612,0.207,
1023,676,0.2067,
1023,2696,0.2063,
1023,6627,0.2061,
1023,5375,0.2049,
1023,7600,0.2045,
1023,7070,0.2035,
1023,6463,0.2016,
1023,7628,0.2007,
1023,6740,0.2005,
1023,4682,0.1998,
1023,5261,0.1995,
1023,4831,0.1992,
1024,4819,0.2565,
1024,8470,0.2288,
1024,8806,0.2257,
1024,8769,0.2205,
1024,5761,0.2201,
1024,1337,0.2158,
1024,8322,0.2137,
1024,7964,0.2129,
1024,9447,0.2128,
1024,9070,0.2102,
1024,6127,0.2095,
1024,6614,0.2094,
1024,2019,0.2084,
1024,409,0.2074,
1024,3074,0.205,
1024,1846,0.2038,
1024,9053,0.2037,
1024,5684,0.2035,
1024,5422,0.2034,
1024,8079,0.2032,
1025,3516,0.1737,
1025,5619,0.1696,
1025,1081,0.1683,
1025,7083,0.1658,
1025,6835,0.1637,
1025,5011,0.1596,
1025,673,0.1549,
1025,7195,0.1529,
1025,3917,0.1524,
1025,4403,0.152,
1025,6803,0.1518,
1025,9436,0.1505,
1025,3136,0.1489,
1025,606,0.1482,
1025,9273,0.1474,
1025,182,0.1472,
1025,6225,0.1461,
1025,5321,0.1455,
1025,6633,0.1453,
1025,3346,0.1446,
1028,5554,0.3322,
1028,4547,0.3044,
1028,8579,0.3021,
1028,8620,0.2999,
1028,4302,0.2981,
1028,3552,0.2929,
1028,511,0.2927,
1028,9032,0.2927,
1028,5790,0.2923,
1028,248,0.2904,
1028,3650,0.2894,
1028,5122,0.2885,
1028,3563,0.2858,
1028,2911,0.2858,
1028,8836,0.2855,
1028,4250,0.2851,
1028,4074,0.285,
1028,2459,0.2841,
1028,8720,0.2841,
1028,2687,0.2839,
1029,9361,0.3263,
1029,684,0.3239,
1029,5901,0.3217,
1029,2435,0.3184,
1029,5583,0.3176,
1029,6614,0.3165,
1029,307,0.316,
1029,4283,0.3107,
1029,6613,0.3071,
1029,9135,0.3064,
1029,4275,0.3048,
1029,7031,0.303,
1029,6297,0.3017,
1029,9452,0.2994,
1029,8551,0.2993,
1029,142,0.2947,
1029,9341,0.2947,
1029,473,0.2945,
1029,5971,0.2917,
1029,7447,0.2916,
1030,6444,0.2302,
1030,919,0.2284,
1030,8036,0.2206,
1030,5930,0.2151,
1030,6430,0.2146,
1030,846,0.2113,
1030,5990,0.2067,
1030,8571,0.1981,
1030,8202,0.1966,
1030,2019,0.1924,
1030,2053,0.1906,
1030,885,0.19,
1030,7252,0.1894,
1030,2979,0.188,
1030,5344,0.1868,
1030,8557,0.1868,
1030,1311,0.1867,
1030,8438,0.1862,
1030,4848,0.1859,
1030,8070,0.1851,
1031,8592,0.19,
1031,282,0.1858,
1031,3743,0.185,
1031,2718,0.181,
1031,6174,0.1794,
1031,5894,0.1794,
1031,9062,0.1786,
1031,6220,0.1757,
1031,6217,0.1737,
1031,7870,0.1736,
1031,1909,0.1718,
1031,9283,0.1714,
1031,171,0.1707,
1031,6807,0.1704,
1031,1962,0.1698,
1031,4566,0.1697,
1031,5681,0.1691,
1031,2724,0.1665,
1031,2409,0.1663,
1031,5979,0.1662,
1032,8005,0.2388,
1032,3840,0.2296,
1032,4057,0.2236,
1032,7371,0.2213,
1032,4158,0.2208,
1032,8118,0.2167,
1032,2926,0.2129,
1032,2696,0.2124,
1032,6836,0.2103,
1032,8130,0.2091,
1032,676,0.2078,
1032,5716,0.2063,
1032,5465,0.206,
1032,4299,0.2044,
1032,5189,0.2032,
1032,7195,0.2032,
1032,6941,0.2028,
1032,7628,0.1977,
1032,882,0.1973,
1032,2175,0.1967,
1042,7633,0.1796,
1042,307,0.1754,
1042,3787,0.1703,
1042,6803,0.1694,
1042,6613,0.1677,
1042,3489,0.167,
1042,736,0.1651,
1042,1902,0.1634,
1042,8720,0.1629,
1042,5157,0.1628,
1042,8679,0.1618,
1042,6442,0.1611,
1042,8131,0.1595,
1042,3794,0.1592,
1042,4514,0.1561,
1042,3224,0.1544,
1042,1241,0.1542,
1042,9436,0.1526,
1042,3540,0.1521,
1042,5223,0.1518,
1043,7879,0.2468,
1043,8834,0.2437,
1043,338,0.2373,
1043,7512,0.227,
1043,9288,0.2261,
1043,6613,0.225,
1043,4582,0.222,
1043,8041,0.2178,
1043,455,0.2177,
1043,2175,0.2173,
1043,6504,0.2165,
1043,7824,0.2125,
1043,9436,0.2082,
1043,5465,0.2057,
1043,5189,0.2047,
1043,4303,0.2046,
1043,1207,0.2026,
1043,4057,0.2006,
1043,3356,0.2001,
1043,5223,0.2,
1033,476,0.2629,
1033,8329,0.2555,
1033,409,0.2513,
1033,6673,0.248,
1033,5001,0.2462,
1033,3926,0.2426,
1033,1226,0.2385,
1033,7964,0.2383,
1033,7831,0.2371,
1033,2080,0.2368,
1033,7274,0.2366,
1033,150,0.2353,
1033,4428,0.23,
1033,8190,0.2296,
1033,6675,0.2264,
1033,3919,0.2261,
1033,3659,0.2245,
1033,8322,0.2236,
1033,3178,0.2235,
1033,1337,0.2227,
1034,980,0.3415,
1034,967,0.3397,
1034,8192,0.3388,
1034,7317,0.3361,
1034,3630,0.336,
1034,5450,0.3359,
1034,7923,0.3358,
1034,9034,0.3356,
1034,9366,0.3352,
1034,1859,0.335,
1034,334,0.3345,
1034,5397,0.3328,
1034,8481,0.3323,
1034,6064,0.3322,
1034,6818,0.3318,
1034,5356,0.3309,
1034,4962,0.3301,
1034,6781,0.3301,
1034,6942,0.3301,
1034,3864,0.3252,
1035,9062,0.2335,
1035,3432,0.2297,
1035,4682,0.2296,
1035,7051,0.2246,
1035,5261,0.2194,
1035,6627,0.2149,
1035,2461,0.213,
1035,8769,0.212,
1035,7568,0.21,
1035,8612,0.2029,
1035,166,0.2014,
1035,2331,0.1998,
1035,8005,0.1971,
1035,7126,0.1961,
1035,7070,0.1949,
1035,1438,0.1941,
1035,307,0.1896,
1035,1485,0.1889,
1035,8118,0.1887,
1035,8693,0.1873,
1036,3886,0.2162,
1036,2883,0.2152,
1036,4622,0.1899,
1036,8880,0.1898,
1036,2926,0.1896,
1036,3693,0.1873,
1036,2174,0.1852,
1036,1083,0.1851,
1036,3516,0.1827,
1036,8184,0.1813,
1036,9447,0.1794,
1036,7504,0.1771,
1036,5559,0.1754,
1036,1851,0.1745,
1036,2255,0.1741,
1036,6574,0.1739,
1036,3174,0.1735,
1036,3317,0.1735,
1036,6472,0.173,
1036,6940,0.1726,
1037,4622,0.2274,
1037,919,0.2272,
1037,274,0.2224,
1037,8769,0.2119,
1037,916,0.2088,
1037,3039,0.2061,
1037,6975,0.2055,
1037,2764,0.2051,
1037,7070,0.2043,
1037,6430,0.2041,
1037,8118,0.2025,
1037,3693,0.2019,
1037,3261,0.2019,
1037,2053,0.1996,
1037,9447,0.1995,
1037,5900,0.1988,
1037,500,0.1988,
1037,6701,0.1975,
1037,5081,0.197,
1037,5761,0.1967,
1038,1255,0.1614,
1038,5343,0.1611,
1038,2461,0.1588,
1038,7438,0.1548,
1038,3749,0.1544,
1038,2668,0.1526,
1038,5930,0.1508,
1038,1902,0.1476,
1038,5967,0.1473,
1038,3992,0.1469,
1038,3269,0.1438,
1038,1704,0.1395,
1038,3202,0.1388,
1038,2091,0.1375,
1038,8146,0.1371,
1038,2385,0.1362,
1038,5448,0.135,
1038,9081,0.1325,
1038,1054,0.1317,
1038,1116,0.1304,
1039,5510,0.1868,
1039,1309,0.1656,
1039,6819,0.1634,
1039,4736,0.1581,
1039,5753,0.1495,
1039,5932,0.146,
1039,7632,0.1448,
1039,3997,0.1414,
1039,1471,0.1408,
1039,346,0.1407,
1039,1741,0.1392,
1039,7881,0.1378,
1039,8179,0.1362,
1039,4362,0.1357,
1039,662,0.1357,
1039,8734,0.1354,
1039,6100,0.1349,
1039,4571,0.1331,
1039,4323,0.133,
1039,2445,0.1309,
1040,6973,0.2731,
1040,8470,0.2601,
1040,2040,0.26,
1040,6614,0.2578,
1040,5583,0.2554,
1040,6849,0.2548,
1040,1633,0.2506,
1040,2642,0.2501,
1040,8073,0.2495,
1040,3793,0.2484,
1040,473,0.2483,
1040,3066,0.2477,
1040,8662,0.2472,
1040,7845,0.2438,
1040,5494,0.2437,
1040,2145,0.243,
1040,592,0.2427,
1040,7031,0.2425,
1040,5344,0.2423,
1040,8062,0.2416,
1041,2687,0.2437,
1041,8720,0.2433,
1041,8620,0.2288,
1041,3552,0.2282,
1041,5554,0.2277,
1041,5790,0.2194,
1041,8579,0.2124,
1041,4547,0.2116,
1041,2459,0.2103,
1041,5122,0.2088,
1041,9032,0.2082,
1041,4302,0.2082,
1041,4250,0.208,
1041,2911,0.2078,
1041,3650,0.2071,
1041,3224,0.207,
1041,7693,0.2067,
1041,4074,0.2065,
1041,5543,0.2043,
1041,8352,0.2037,
1133,8940,0.1973,
1133,6613,0.1969,
1133,5223,0.1873,
1133,307,0.1812,
1133,4275,0.1757,
1133,6643,0.1738,
1133,66,0.172,
1133,2158,0.1716,
1133,3787,0.171,
1133,2361,0.1659,
1133,5583,0.1656,
1133,6614,0.1653,
1133,473,0.1652,
1133,4744,0.1651,
1133,4514,0.1639,
1133,5969,0.1629,
1133,2606,0.1623,
1133,8551,0.1618,
1133,2351,0.1608,
1133,5157,0.1608,
1044,1356,0.2452,
1044,7044,0.2286,
1044,2506,0.2239,
1044,4223,0.2238,
1044,5484,0.2234,
1044,6212,0.2234,
1044,3815,0.2231,
1044,2175,0.2192,
1044,6441,0.2176,
1044,2405,0.2171,
1044,6830,0.2144,
1044,2156,0.2138,
1044,1220,0.2129,
1044,6827,0.2117,
1044,463,0.2116,
1044,8041,0.2109,
1044,3640,0.2097,
1044,8741,0.2095,
1044,1270,0.2082,
1044,3799,0.2078,
1045,9436,0.2111,
1045,6613,0.1942,
1045,3023,0.1915,
1045,338,0.1869,
1045,3088,0.1849,
1045,8834,0.1817,
1045,4237,0.1808,
1045,5529,0.1776,
1045,965,0.1708,
1045,2461,0.1706,
1045,4286,0.1672,
1045,2629,0.1664,
1045,7512,0.1656,
1045,6164,0.164,
1045,3516,0.1631,
1045,433,0.1629,
1045,6504,0.1606,
1045,6433,0.1593,
1045,1913,0.1587,
1045,8192,0.1583,
1046,4652,0.181,
1046,8500,0.1794,
1046,8720,0.1761,
1046,4127,0.1751,
1046,2385,0.1732,
1046,4403,0.1715,
1046,579,0.1688,
1046,1277,0.1676,
1046,7474,0.1671,
1046,3516,0.1667,
1046,9334,0.1667,
1046,6324,0.1665,
1046,2449,0.1657,
1046,1704,0.1655,
1046,6725,0.1653,
1046,2164,0.1652,
1046,2109,0.1628,
1046,3705,0.1628,
1046,1902,0.1622,
1046,8282,0.1622,
1047,8054,0.2943,
1047,6310,0.2829,
1047,1220,0.2602,
1047,2418,0.2493,
1047,7470,0.2443,
1047,3112,0.2413,
1047,7782,0.2407,
1047,6104,0.2376,
1047,2536,0.2365,
1047,4223,0.235,
1047,9321,0.2318,
1047,2239,0.2311,
1047,5921,0.2284,
1047,2561,0.2283,
1047,5186,0.2263,
1047,8741,0.225,
1047,7380,0.2234,
1047,6278,0.2229,
1047,8585,0.2222,
1047,6172,0.2212,
1048,9213,0.2175,
1048,7784,0.1954,
1048,2461,0.1939,
1048,2019,0.1934,
1048,3483,0.1899,
1048,850,0.1823,
1048,6803,0.177,
1048,7578,0.1765,
1048,2401,0.1763,
1048,2344,0.1751,
1048,8968,0.1746,
1048,9219,0.1744,
1048,8769,0.1733,
1048,158,0.1666,
1048,1902,0.1665,
1048,4684,0.1656,
1048,2091,0.1648,
1048,3202,0.1635,
1048,8571,0.1634,
1048,5559,0.1632,
1049,307,0.2835,
1049,736,0.281,
1049,3540,0.2533,
1049,8131,0.2523,
1049,3787,0.2328,
1049,3489,0.2212,
1049,3794,0.2154,
1049,8681,0.2147,
1049,4514,0.214,
1049,6803,0.2121,
1049,7633,0.2116,
1049,6442,0.2112,
1049,8746,0.211,
1049,5583,0.2078,
1049,9452,0.2071,
1049,2145,0.207,
1049,4682,0.2069,
1049,2308,0.2065,
1049,2113,0.2054,
1049,4256,0.205,
1065,2175,0.2517,
1065,7879,0.2396,
1065,7387,0.2378,
1065,2926,0.2307,
1065,5189,0.2247,
1065,5984,0.2202,
1065,3563,0.2198,
1065,3516,0.2197,
1065,4057,0.2195,
1065,8992,0.2166,
1065,7737,0.2163,
1065,4565,0.2149,
1065,8834,0.2117,
1065,2764,0.2105,
1065,6504,0.2076,
1065,2859,0.2057,
1065,338,0.2043,
1065,8439,0.2039,
1065,3356,0.2038,
1065,8206,0.2023,
1050,2764,0.3363,
1050,2926,0.3076,
1050,4317,0.2999,
1050,4328,0.2923,
1050,8661,0.2824,
1050,3074,0.2824,
1050,6517,0.2792,
1050,8880,0.2788,
1050,5603,0.2784,
1050,6940,0.2782,
1050,8834,0.2769,
1050,2255,0.2766,
1050,4340,0.2764,
1050,4622,0.2754,
1050,5492,0.2734,
1050,8763,0.2724,
1050,2060,0.2695,
1050,8276,0.2691,
1050,5761,0.2688,
1050,3052,0.2665,
1051,4057,0.2215,
1051,6613,0.2209,
1051,5157,0.2064,
1051,5223,0.2062,
1051,2926,0.2018,
1051,164,0.2003,
1051,338,0.1954,
1051,5189,0.1947,
1051,6643,0.1944,
1051,4682,0.1943,
1051,8834,0.1939,
1051,2764,0.1918,
1051,8662,0.1915,
1051,4565,0.1914,
1051,8206,0.1905,
1051,6433,0.189,
1051,6849,0.1875,
1051,3540,0.1862,
1051,8679,0.1845,
1051,5094,0.1844,
1052,3540,0.2441,
1052,4682,0.2432,
1052,2361,0.2218,
1052,2461,0.2209,
1052,3202,0.22,
1052,5081,0.2187,
1052,1028,0.2181,
1052,7140,0.2162,
1052,4455,0.2131,
1052,5494,0.2125,
1052,8769,0.2104,
1052,164,0.2084,
1052,919,0.2073,
1052,6431,0.2069,
1052,6701,0.2063,
1052,6978,0.2052,
1052,8662,0.2051,
1052,8374,0.2037,
1052,5930,0.2024,
1052,2006,0.2009,
1053,846,0.2565,
1053,5943,0.2563,
1053,5990,0.2508,
1053,6444,0.2476,
1053,6773,0.2432,
1053,919,0.2427,
1053,3669,0.2349,
1053,6701,0.2337,
1053,9384,0.2336,
1053,2053,0.2322,
1053,6164,0.2314,
1053,4669,0.2309,
1053,6898,0.2306,
1053,8557,0.2302,
1053,1763,0.2286,
1053,5735,0.228,
1053,9359,0.2277,
1053,3172,0.2269,
1053,6430,0.2261,
1053,7740,0.2254,
1066,5727,0.1989,
1066,6935,0.1973,
1066,2006,0.1786,
1066,7323,0.1762,
1066,5315,0.1745,
1066,8131,0.1728,
1066,6613,0.1728,
1066,2458,0.1726,
1066,5601,0.1722,
1066,66,0.1715,
1066,2770,0.1695,
1066,8746,0.1689,
1066,2269,0.1684,
1066,2435,0.1679,
1066,1162,0.1662,
1066,274,0.1656,
1066,5081,0.1646,
1066,3066,0.1644,
1066,9361,0.1644,
1066,684,0.1644,
1054,338,0.2817,
1054,4179,0.2721,
1054,6433,0.2685,
1054,1478,0.2665,
1054,498,0.262,
1054,8190,0.2613,
1054,3245,0.2567,
1054,5608,0.254,
1054,3167,0.2506,
1054,5978,0.2498,
1054,6224,0.2493,
1054,8749,0.2461,
1054,5642,0.246,
1054,2629,0.2438,
1054,2020,0.2435,
1054,330,0.2425,
1054,9109,0.2392,
1054,7558,0.2376,
1054,2148,0.2361,
1054,362,0.2336,
1055,9436,0.1562,
1055,4127,0.1494,
1055,3516,0.1486,
1055,4403,0.1484,
1055,5011,0.1444,
1055,1081,0.1437,
1055,7083,0.1428,
1055,3346,0.1408,
1055,5168,0.1403,
1055,5930,0.1371,
1055,5919,0.136,
1055,2385,0.133,
1055,3917,0.1323,
1055,5967,0.1322,
1055,1054,0.1301,
1055,606,0.1283,
1055,5343,0.128,
1055,5619,0.1273,
1055,4414,0.1273,
1055,2330,0.1253,
1056,2461,0.2207,
1056,3516,0.2154,
1056,1083,0.2016,
1056,6627,0.194,
1056,7628,0.1937,
1056,2926,0.189,
1056,9062,0.1888,
1056,9436,0.1881,
1056,8184,0.1853,
1056,5189,0.1783,
1056,4565,0.1775,
1056,8769,0.1752,
1056,4127,0.1752,
1056,2883,0.175,
1056,7195,0.1748,
1056,3432,0.1732,
1056,4622,0.1714,
1056,5919,0.1706,
1056,3202,0.1686,
1056,5529,0.1684,
1057,8042,0.2745,
1057,5189,0.2631,
1057,3516,0.2498,
1057,3669,0.2324,
1057,9247,0.2311,
1057,8992,0.2301,
1057,4114,0.2221,
1057,5984,0.221,
1057,6083,0.2202,
1057,7462,0.2194,
1057,7824,0.2183,
1057,3442,0.2172,
1057,6997,0.2169,
1057,4565,0.2165,
1057,455,0.2164,
1057,5098,0.2157,
1057,5049,0.2133,
1057,7737,0.2097,
1057,2859,0.2091,
1057,6867,0.2087,
1058,736,0.2672,
1058,9273,0.2604,
1058,8131,0.2518,
1058,2837,0.2439,
1058,3540,0.239,
1058,3202,0.2322,
1058,6803,0.221,
1058,307,0.2181,
1058,7633,0.205,
1058,1545,0.2037,
1058,630,0.2036,
1058,4607,0.2028,
1058,3787,0.2006,
1058,1330,0.1999,
1058,4514,0.1993,
1058,8746,0.1966,
1058,5048,0.1952,
1058,8002,0.195,
1058,1902,0.1934,
1058,5716,0.1932,
1067,4953,0.2066,
1067,8019,0.2059,
1067,462,0.2025,
1067,8127,0.1958,
1067,4382,0.1942,
1067,10,0.1871,
1067,8879,0.1857,
1067,6975,0.1848,
1067,4700,0.182,
1067,3089,0.1804,
1067,3787,0.1783,
1067,1972,0.1775,
1067,5927,0.1765,
1067,6336,0.1765,
1067,939,0.1735,
1067,5223,0.1731,
1067,1045,0.1731,
1067,8374,0.1726,
1067,75,0.1692,
1067,7724,0.1687,
1134,3516,0.1861,
1134,5011,0.1858,
1134,2461,0.1842,
1134,9436,0.176,
1134,1081,0.175,
1134,6803,0.1664,
1134,1054,0.1611,
1134,7083,0.161,
1134,816,0.1603,
1134,5168,0.1583,
1134,4403,0.1572,
1134,239,0.155,
1134,5919,0.1534,
1134,352,0.1531,
1134,3346,0.153,
1134,3917,0.1498,
1134,3202,0.1494,
1134,5619,0.1486,
1134,9441,0.1473,
1134,606,0.1447,
1059,7371,0.2211,
1059,9062,0.2147,
1059,3840,0.2119,
1059,4299,0.2065,
1059,8130,0.2008,
1059,7925,0.1999,
1059,9447,0.1975,
1059,882,0.1975,
1059,6627,0.195,
1059,4622,0.1939,
1059,7195,0.1933,
1059,8769,0.1928,
1059,6517,0.1924,
1059,312,0.1922,
1059,7824,0.1913,
1059,6174,0.1911,
1059,5467,0.1897,
1059,2764,0.1896,
1059,8834,0.1882,
1059,5354,0.1879,
1060,9062,0.3345,
1060,7070,0.3313,
1060,7568,0.2772,
1060,3432,0.2627,
1060,8612,0.2619,
1060,8067,0.2547,
1060,5609,0.2533,
1060,6627,0.2503,
1060,1931,0.2472,
1060,5034,0.2472,
1060,2529,0.2438,
1060,1485,0.243,
1060,7870,0.2401,
1060,5261,0.2383,
1060,6442,0.2317,
1060,6322,0.2302,
1060,2461,0.2284,
1060,951,0.2273,
1060,2331,0.2273,
1060,166,0.2271,
1061,7525,0.2221,
1061,1809,0.2217,
1061,2252,0.2216,
1061,8087,0.2211,
1061,1127,0.2201,
1061,78,0.2181,
1061,7973,0.2176,
1061,3506,0.2152,
1061,8054,0.2112,
1061,3815,0.2091,
1061,3517,0.2089,
1061,9288,0.2089,
1061,7825,0.2082,
1061,624,0.2046,
1061,6212,0.2044,
1061,2536,0.2025,
1061,2182,0.2016,
1061,3112,0.2005,
1061,169,0.2003,
1061,3770,0.1996,
1062,1064,0.2895,
1062,7695,0.286,
1062,8711,0.2741,
1062,8490,0.2696,
1062,9352,0.2695,
1062,17,0.269,
1062,2070,0.2682,
1062,9310,0.2676,
1062,8280,0.2655,
1062,3375,0.2603,
1062,696,0.2602,
1062,7014,0.2601,
1062,1853,0.26,
1062,2865,0.2593,
1062,5097,0.2591,
1062,7951,0.2584,
1062,8211,0.2578,
1062,7394,0.2575,
1062,8167,0.2572,
1062,4617,0.257,
1063,5183,0.3362,
1063,3598,0.3225,
1063,396,0.322,
1063,8267,0.3187,
1063,3527,0.3157,
1063,6813,0.3155,
1063,9044,0.3154,
1063,2862,0.3149,
1063,4491,0.3122,
1063,3973,0.3093,
1063,6421,0.3081,
1063,3038,0.308,
1063,5376,0.3079,
1063,8477,0.3077,
1063,3558,0.306,
1063,8375,0.3056,
1063,1276,0.3026,
1063,2098,0.3023,
1063,1639,0.302,
1063,4209,0.2994,
1064,6174,0.3736,
1064,4531,0.3484,
1064,4383,0.3388,
1064,7973,0.336,
1064,6208,0.335,
1064,7825,0.334,
1064,249,0.3308,
1064,399,0.329,
1064,5635,0.3251,
1064,5412,0.3247,
1064,7870,0.3183,
1064,8440,0.3177,
1064,3977,0.3177,
1064,1071,0.3174,
1064,1207,0.3155,
1064,1165,0.3153,
1064,3440,0.3145,
1064,5533,0.3131,
1064,3379,0.3129,
1064,790,0.3104,
1068,8322,0.2454,
1068,1424,0.2369,
1068,7964,0.2226,
1068,7465,0.2191,
1068,455,0.2185,
1068,8190,0.2169,
1068,1337,0.216,
1068,3245,0.2135,
1068,5319,0.2093,
1068,1859,0.2075,
1068,5539,0.2047,
1068,2919,0.2044,
1068,8431,0.2035,
1068,334,0.203,
1068,1402,0.202,
1068,4819,0.2019,
1068,2643,0.2017,
1068,8470,0.2013,
1068,9247,0.1992,
1068,1962,0.1991,
1069,4291,0.2398,
1069,78,0.2184,
1069,3506,0.2116,
1069,2160,0.2083,
1069,7239,0.2077,
1069,4085,0.2058,
1069,6613,0.2054,
1069,8005,0.2039,
1069,7525,0.2016,
1069,164,0.1999,
1069,3050,0.1992,
1069,5583,0.1977,
1069,6978,0.1951,
1069,8374,0.1934,
1069,6160,0.1926,
1069,7724,0.192,
1069,6173,0.1914,
1069,3066,0.1909,
1069,8326,0.1904,
1069,4744,0.19,
1070,9062,0.2598,
1070,2461,0.207,
1070,4158,0.2052,
1070,7070,0.2039,
1070,8612,0.2013,
1070,7051,0.1985,
1070,8834,0.1985,
1070,5189,0.1966,
1070,6627,0.1952,
1070,1485,0.1938,
1070,3432,0.1911,
1070,7568,0.1903,
1070,7824,0.1895,
1070,4682,0.1884,
1070,2331,0.188,
1070,7628,0.185,
1070,3516,0.182,
1070,8693,0.182,
1070,6442,0.181,
1070,1931,0.1801,
1071,8410,0.2741,
1071,3356,0.2727,
1071,1000,0.2486,
1071,9209,0.248,
1071,4736,0.2451,
1071,5089,0.2443,
1071,4667,0.2431,
1071,5246,0.2409,
1071,1716,0.2395,
1071,1508,0.2373,
1071,5882,0.2323,
1071,1741,0.2315,
1071,8980,0.231,
1071,3230,0.2307,
1071,1659,0.2294,
1071,4558,0.2272,
1071,7813,0.2272,
1071,616,0.227,
1071,7909,0.2265,
1071,7674,0.2259,
1072,1589,0.2778,
1072,6819,0.2714,
1072,99,0.2587,
1072,9364,0.2529,
1072,3782,0.2507,
1072,3236,0.2448,
1072,1064,0.2434,
1072,149,0.242,
1072,2614,0.2413,
1072,6683,0.2408,
1072,4013,0.2402,
1072,1577,0.2402,
1072,5754,0.2396,
1072,973,0.2393,
1072,6716,0.2389,
1072,1508,0.2378,
1072,1554,0.2368,
1072,3260,0.2363,
1072,9013,0.2355,
1072,6896,0.2348,
1073,3112,0.2957,
1073,4525,0.2797,
1073,3571,0.2773,
1073,9201,0.2663,
1073,7848,0.2552,
1073,1446,0.2532,
1073,4863,0.2531,
1073,2536,0.2525,
1073,8054,0.2514,
1073,2315,0.2466,
1073,6310,0.2464,
1073,5186,0.2426,
1073,2197,0.2388,
1073,5924,0.2372,
1073,189,0.2339,
1073,4910,0.2339,
1073,7530,0.2291,
1073,5382,0.2273,
1073,8817,0.2242,
1073,7901,0.2241,
1074,7273,0.2834,
1074,3417,0.2616,
1074,5999,0.2601,
1074,3057,0.2542,
1074,4041,0.2527,
1074,7371,0.2432,
1074,6221,0.2432,
1074,6474,0.2399,
1074,3436,0.2382,
1074,754,0.2373,
1074,3207,0.2362,
1074,5882,0.235,
1074,8905,0.235,
1074,3920,0.2349,
1074,2127,0.2348,
1074,7523,0.2333,
1074,5165,0.2332,
1074,8769,0.2319,
1074,355,0.231,
1074,1536,0.2308,
1075,307,0.1539,
1075,736,0.1518,
1075,6442,0.1394,
1075,6613,0.1355,
1075,6803,0.1351,
1075,3540,0.1342,
1075,6565,0.1334,
1075,5109,0.1331,
1075,8131,0.1319,
1075,1330,0.1319,
1075,7494,0.1314,
1075,4396,0.1307,
1075,5157,0.1296,
1075,951,0.1291,
1075,3489,0.1274,
1075,4057,0.1239,
1075,9273,0.1237,
1075,4875,0.1235,
1075,4607,0.1235,
1075,7633,0.1229,
1076,4115,0.3561,
1076,8410,0.3487,
1076,3668,0.3177,
1076,3345,0.3152,
1076,1341,0.2972,
1076,7966,0.2909,
1076,1659,0.2903,
1076,4312,0.2868,
1076,720,0.2777,
1076,8980,0.2705,
1076,8620,0.2691,
1076,4558,0.2684,
1076,541,0.2667,
1076,5554,0.2665,
1076,3930,0.2632,
1076,6221,0.2632,
1076,3187,0.2616,
1076,5882,0.2614,
1076,2116,0.2608,
1076,6113,0.2591,
1113,3516,0.1931,
1113,2433,0.1852,
1113,6835,0.1848,
1113,8349,0.1848,
1113,2401,0.1844,
1113,3426,0.1838,
1113,8968,0.1826,
1113,7578,0.1824,
1113,850,0.1819,
1113,722,0.1806,
1113,1337,0.1805,
1113,239,0.1803,
1113,3044,0.1789,
1113,8965,0.1785,
1113,5950,0.1774,
1113,5919,0.1741,
1113,5984,0.1739,
1113,155,0.1724,
1113,6225,0.1723,
1113,1913,0.1699,
1114,3417,0.3176,
1114,7273,0.3138,
1114,355,0.3022,
1114,8905,0.2986,
1114,3057,0.2963,
1114,5438,0.2932,
1114,2127,0.2926,
1114,5165,0.2915,
1114,3436,0.2883,
1114,2566,0.2879,
1114,754,0.2874,
1114,3920,0.2871,
1114,2874,0.2868,
1114,7523,0.2841,
1114,6141,0.2827,
1114,4512,0.2817,
1114,5659,0.2806,
1114,759,0.2806,
1114,3207,0.2804,
1114,6376,0.2778,
1077,4736,0.4025,
1077,5089,0.3679,
1077,7765,0.3525,
1077,8410,0.348,
1077,1309,0.3438,
1077,5932,0.3416,
1077,7662,0.3338,
1077,5882,0.3315,
1077,8734,0.3238,
1077,2687,0.323,
1077,6100,0.3227,
1077,1508,0.3221,
1077,8653,0.322,
1077,56,0.3163,
1077,3668,0.3148,
1077,2714,0.3132,
1077,346,0.311,
1077,4667,0.3093,
1077,173,0.3084,
1077,8764,0.3083,
1078,3540,0.2457,
1078,736,0.2457,
1078,8131,0.2333,
1078,4275,0.232,
1078,8067,0.2311,
1078,1330,0.2309,
1078,4057,0.2296,
1078,5583,0.2286,
1078,6614,0.2283,
1078,7724,0.2263,
1078,66,0.2231,
1078,2361,0.2219,
1078,1771,0.2211,
1078,5494,0.2203,
1078,8470,0.218,
1078,307,0.2177,
1078,6935,0.2177,
1078,1062,0.2162,
1078,473,0.216,
1078,9388,0.215,
1079,9436,0.1733,
1079,8834,0.1671,
1079,6803,0.1591,
1079,5011,0.1558,
1079,3516,0.1519,
1079,1081,0.1519,
1079,6442,0.1519,
1079,6038,0.1463,
1079,6835,0.146,
1079,9185,0.1434,
1079,3202,0.1418,
1079,2764,0.1389,
1079,7083,0.137,
1079,4237,0.1368,
1079,5189,0.1365,
1079,3917,0.1363,
1079,352,0.1352,
1079,8067,0.1351,
1079,7512,0.135,
1079,5619,0.1344,
1080,3516,0.1844,
1080,9436,0.1827,
1080,7083,0.1742,
1080,5919,0.167,
1080,5168,0.1655,
1080,155,0.1602,
1080,5011,0.1592,
1080,87,0.1547,
1080,2030,0.1512,
1080,4403,0.1497,
1080,5984,0.147,
1080,6504,0.146,
1080,1081,0.1444,
1080,606,0.1436,
1080,3346,0.1427,
1080,3917,0.1419,
1080,352,0.1388,
1080,5155,0.1379,
1080,7453,0.1378,
1080,3744,0.1367,
1081,5583,0.2782,
1081,164,0.2747,
1081,6614,0.2729,
1081,6613,0.2696,
1081,5465,0.2623,
1081,8600,0.2573,
1081,4275,0.2572,
1081,1829,0.2537,
1081,5344,0.2524,
1081,3457,0.2484,
1081,555,0.2457,
1081,2361,0.2449,
1081,66,0.2448,
1081,7853,0.2432,
1081,5283,0.242,
1081,993,0.2416,
1081,5223,0.2407,
1081,7447,0.2406,
1081,6643,0.2404,
1081,2770,0.239,
1082,9062,0.2203,
1082,5809,0.2138,
1082,5189,0.2028,
1082,282,0.1983,
1082,2724,0.1976,
1082,8592,0.1958,
1082,5681,0.1937,
1082,6174,0.1912,
1082,2718,0.1905,
1082,5894,0.1902,
1082,7824,0.1893,
1082,3743,0.1877,
1082,4531,0.1859,
1082,8888,0.1821,
1082,6220,0.1784,
1082,6397,0.1783,
1082,9283,0.1762,
1082,6807,0.176,
1082,7870,0.1758,
1082,455,0.1758,
1130,5583,0.2776,
1130,9452,0.2771,
1130,6614,0.2767,
1130,5081,0.2727,
1130,3457,0.2719,
1130,993,0.27,
1130,2361,0.2697,
1130,4252,0.2665,
1130,8374,0.2665,
1130,9407,0.2656,
1130,4275,0.2643,
1130,5157,0.2642,
1130,8600,0.2632,
1130,6613,0.2625,
1130,66,0.2603,
1130,5971,0.2597,
1130,5716,0.2591,
1130,9388,0.2586,
1130,7031,0.2579,
1130,6264,0.2578,
1083,1908,0.2808,
1083,4158,0.2623,
1083,4743,0.2475,
1083,5909,0.247,
1083,4299,0.237,
1083,7870,0.2334,
1083,8105,0.2302,
1083,5882,0.2291,
1083,6174,0.2285,
1083,4531,0.2257,
1083,6208,0.2256,
1083,1135,0.2252,
1083,3840,0.2243,
1083,7825,0.2238,
1083,6740,0.2238,
1083,3564,0.2237,
1083,6351,0.2228,
1083,2536,0.2206,
1083,7195,0.2167,
1083,3379,0.2155,
1084,4396,0.182,
1084,6803,0.1779,
1084,7494,0.1716,
1084,3316,0.1672,
1084,951,0.1568,
1084,5109,0.1555,
1084,6565,0.1542,
1084,1504,0.1535,
1084,6442,0.1516,
1084,2298,0.1511,
1084,7917,0.1476,
1084,453,0.1451,
1084,2461,0.1422,
1084,3067,0.1413,
1084,9348,0.1404,
1084,1931,0.1397,
1084,4190,0.139,
1084,7578,0.1386,
1084,922,0.1354,
1084,2648,0.1343,
1085,736,0.2151,
1085,307,0.2102,
1085,6973,0.2057,
1085,7633,0.2047,
1085,2642,0.1933,
1085,8131,0.193,
1085,3540,0.1897,
1085,2770,0.1882,
1085,6613,0.1857,
1085,4057,0.1789,
1085,66,0.1778,
1085,6499,0.1758,
1085,5109,0.1743,
1085,8367,0.1742,
1085,1438,0.1731,
1085,4396,0.1725,
1085,8073,0.1713,
1085,3235,0.1713,
1085,8735,0.171,
1085,8681,0.1705,
1086,6174,0.2591,
1086,3057,0.2423,
1086,399,0.2319,
1086,1647,0.2309,
1086,249,0.2303,
1086,2043,0.2301,
1086,2928,0.2274,
1086,6474,0.2273,
1086,7973,0.2255,
1086,5189,0.2204,
1086,3207,0.2199,
1086,3920,0.2186,
1086,78,0.2177,
1086,6442,0.2174,
1086,2356,0.2163,
1086,5894,0.2162,
1086,4531,0.2161,
1086,7825,0.2147,
1086,169,0.2139,
1086,5165,0.2132,
1087,7273,0.1641,
1087,3057,0.1539,
1087,355,0.1516,
1087,6430,0.1475,
1087,3743,0.1446,
1087,3207,0.1413,
1087,8905,0.137,
1087,6009,0.1355,
1087,5165,0.1342,
1087,2874,0.134,
1087,2127,0.1335,
1087,7523,0.1322,
1087,8571,0.1315,
1087,3436,0.1309,
1087,6951,0.1307,
1087,5438,0.1305,
1087,3920,0.13,
1087,6141,0.1298,
1087,754,0.1286,
1087,5659,0.1282,
1088,1639,0.2556,
1088,8477,0.2408,
1088,8370,0.2407,
1088,6813,0.2389,
1088,5183,0.2387,
1088,3973,0.2371,
1088,3598,0.2349,
1088,1276,0.2346,
1088,9044,0.2342,
1088,8267,0.234,
1088,4209,0.2338,
1088,2098,0.2312,
1088,5376,0.2307,
1088,396,0.23,
1088,3527,0.2294,
1088,4491,0.2292,
1088,6421,0.2291,
1088,3558,0.229,
1088,7782,0.2289,
1088,3038,0.2288,
1089,9062,0.2803,
1089,3432,0.2652,
1089,6627,0.2534,
1089,2331,0.2497,
1089,7051,0.2433,
1089,8612,0.2363,
1089,5261,0.2354,
1089,7070,0.2333,
1089,1536,0.2307,
1089,2461,0.2305,
1089,7568,0.2298,
1089,4682,0.2266,
1089,4158,0.2255,
1089,7231,0.2195,
1089,1485,0.2156,
1089,5609,0.2125,
1089,7628,0.2091,
1089,166,0.2065,
1089,8005,0.2063,
1089,5375,0.2046,
1090,6613,0.2425,
1090,6973,0.2285,
1090,5223,0.2281,
1090,8834,0.228,
1090,8470,0.2225,
1090,2145,0.2157,
1090,2536,0.213,
1090,7824,0.2127,
1090,6849,0.2101,
1090,4057,0.2097,
1090,5583,0.209,
1090,4291,0.2085,
1090,8662,0.2081,
1090,8322,0.208,
1090,5494,0.2079,
1090,433,0.2063,
1090,8073,0.2052,
1090,1908,0.205,
1090,8679,0.2037,
1090,7973,0.2032,
1091,8067,0.2452,
1091,6940,0.2357,
1091,2724,0.2322,
1091,4317,0.2279,
1091,6701,0.2274,
1091,7883,0.226,
1091,7486,0.2234,
1091,4175,0.2217,
1091,6127,0.2207,
1091,8240,0.2199,
1091,9070,0.2195,
1091,7870,0.219,
1091,2255,0.2178,
1091,2663,0.2152,
1091,6472,0.215,
1091,7200,0.2149,
1091,5603,0.2146,
1091,4622,0.2127,
1091,8888,0.2124,
1091,3693,0.2111,
1131,3840,0.1597,
1131,4299,0.1566,
1131,3060,0.1506,
1131,3941,0.1499,
1131,4258,0.1446,
1131,9322,0.144,
1131,6442,0.1437,
1131,8130,0.1432,
1131,326,0.1432,
1131,5187,0.1432,
1131,4657,0.1399,
1131,614,0.1398,
1131,3564,0.1398,
1131,7925,0.1396,
1131,882,0.1395,
1131,5467,0.1382,
1131,3871,0.1351,
1131,7195,0.1348,
1131,5266,0.1348,
1131,2944,0.1345,
1144,8721,0.1471,
1144,3917,0.1418,
1144,1017,0.1346,
1144,4127,0.1336,
1144,8781,0.1314,
1144,7248,0.1294,
1144,6563,0.1247,
1144,5272,0.1244,
1144,7790,0.1238,
1144,7453,0.1232,
1144,1548,0.1229,
1144,5930,0.1217,
1144,7735,0.1211,
1144,7186,0.1199,
1144,2071,0.1186,
1144,324,0.1184,
1144,1563,0.1167,
1144,6438,0.1165,
1144,3526,0.116,
1144,7779,0.1157,
1145,7273,0.2123,
1145,4553,0.207,
1145,3057,0.194,
1145,5165,0.1903,
1145,2127,0.1863,
1145,8905,0.1849,
1145,8711,0.1834,
1145,7523,0.18,
1145,6474,0.1793,
1145,3207,0.1785,
1145,5438,0.1777,
1145,759,0.176,
1145,3920,0.1757,
1145,2566,0.1736,
1145,5999,0.1731,
1145,754,0.1728,
1145,5659,0.1724,
1145,2926,0.172,
1145,6376,0.1706,
1145,2874,0.1702,
1092,9062,0.2956,
1092,3840,0.2827,
1092,4682,0.2739,
1092,6627,0.2639,
1092,4299,0.2637,
1092,8612,0.2586,
1092,5467,0.251,
1092,882,0.249,
1092,3941,0.2482,
1092,8130,0.2476,
1092,3060,0.2454,
1092,7195,0.2449,
1092,312,0.244,
1092,5187,0.2429,
1092,5266,0.2427,
1092,7568,0.2409,
1092,3564,0.239,
1092,8267,0.2388,
1092,4258,0.2384,
1092,2944,0.2379,
1093,7363,0.1932,
1093,5025,0.1848,
1093,6380,0.1828,
1093,8648,0.1782,
1093,6803,0.1731,
1093,307,0.1727,
1093,5044,0.1704,
1093,4695,0.1642,
1093,2298,0.1599,
1093,2517,0.1568,
1093,6062,0.1561,
1093,474,0.1554,
1093,7502,0.1537,
1093,3807,0.1493,
1093,5,0.148,
1093,7548,0.1459,
1093,6081,0.1448,
1093,5465,0.1444,
1093,4403,0.1426,
1093,7002,0.1402,
1094,6996,0.1564,
1094,8834,0.1516,
1094,7083,0.1498,
1094,5533,0.1492,
1094,5189,0.1482,
1094,3516,0.1478,
1094,9436,0.1436,
1094,401,0.1382,
1094,9062,0.1379,
1094,7737,0.1329,
1094,2663,0.1328,
1094,7512,0.1323,
1094,6225,0.1313,
1094,291,0.1299,
1094,7870,0.1296,
1094,3989,0.1293,
1094,2461,0.1271,
1094,4810,0.1266,
1094,6174,0.1258,
1094,8192,0.1247,
1095,5999,0.2313,
1095,3436,0.2233,
1095,355,0.2117,
1095,1859,0.2108,
1095,7273,0.2103,
1095,4822,0.204,
1095,3039,0.1987,
1095,8711,0.1979,
1095,8042,0.197,
1095,7249,0.1955,
1095,998,0.1951,
1095,5450,0.1947,
1095,4618,0.1945,
1095,8192,0.1943,
1095,5246,0.1922,
1095,6376,0.1913,
1095,4553,0.1906,
1095,8992,0.1903,
1095,7523,0.1895,
1095,5438,0.1892,
1096,4933,0.2135,
1096,299,0.2107,
1096,2969,0.2086,
1096,985,0.2079,
1096,1626,0.2046,
1096,3669,0.203,
1096,7044,0.2029,
1096,8328,0.2016,
1096,4582,0.2011,
1096,5354,0.2002,
1096,7525,0.1985,
1096,478,0.1973,
1096,7535,0.1973,
1096,5246,0.197,
1096,8042,0.1953,
1096,5735,0.1946,
1096,8901,0.1923,
1096,312,0.1923,
1096,2252,0.1921,
1096,3375,0.1918,
1097,3039,0.22,
1097,7371,0.2111,
1097,3998,0.21,
1097,8192,0.2093,
1097,5559,0.2083,
1097,8481,0.2062,
1097,1292,0.2059,
1097,7195,0.2045,
1097,8500,0.2045,
1097,1859,0.2015,
1097,5246,0.201,
1097,1162,0.1986,
1097,8763,0.198,
1097,8130,0.1979,
1097,1902,0.1974,
1097,8741,0.1966,
1097,3864,0.194,
1097,99,0.194,
1097,5450,0.194,
1097,4818,0.1928,
1098,9366,0.238,
1098,967,0.2322,
1098,5246,0.2295,
1098,334,0.2292,
1098,1859,0.2292,
1098,7923,0.2271,
1098,5450,0.2261,
1098,9034,0.2246,
1098,6754,0.2236,
1098,980,0.223,
1098,8192,0.2229,
1098,4962,0.2224,
1098,5356,0.2218,
1098,3630,0.2218,
1098,6781,0.2203,
1098,6818,0.2203,
1098,5397,0.2202,
1098,7317,0.2201,
1098,3864,0.2196,
1098,3039,0.2195,
1099,7973,0.2527,
1099,6687,0.2376,
1099,7857,0.2337,
1099,3057,0.2306,
1099,1564,0.2292,
1099,2436,0.2232,
1099,1455,0.2205,
1099,5390,0.2162,
1099,3750,0.2145,
1099,1647,0.2136,
1099,5689,0.2136,
1099,4168,0.2135,
1099,6004,0.2128,
1099,790,0.2123,
1099,6051,0.2102,
1099,7300,0.2101,
1099,5412,0.2096,
1099,4553,0.2088,
1099,9268,0.208,
1099,2667,0.208,
1100,5165,0.2624,
1100,355,0.2308,
1100,3057,0.2305,
1100,4553,0.2287,
1100,5999,0.2263,
1100,8600,0.2229,
1100,8905,0.2187,
1100,7724,0.2167,
1100,2127,0.2135,
1100,7273,0.2133,
1100,5716,0.2122,
1100,5465,0.209,
1100,5223,0.2075,
1100,3417,0.2073,
1100,4512,0.2059,
1100,7523,0.205,
1100,3920,0.2048,
1100,4744,0.2042,
1100,6376,0.2042,
1100,3787,0.2039,
1101,7273,0.2636,
1101,355,0.234,
1101,2926,0.2327,
1101,2764,0.2319,
1101,8763,0.2275,
1101,8769,0.2253,
1101,4041,0.2243,
1101,5559,0.2239,
1101,5165,0.2233,
1101,4622,0.2216,
1101,2418,0.221,
1101,6701,0.2195,
1101,3933,0.2182,
1101,7371,0.2177,
1101,8295,0.2176,
1101,9070,0.2171,
1101,2255,0.2162,
1101,8978,0.2159,
1101,8118,0.2158,
1101,2060,0.2151,
1102,8585,0.4433,
1102,6212,0.4382,
1102,8174,0.4361,
1102,7684,0.4344,
1102,8087,0.434,
1102,7044,0.4338,
1102,3815,0.4281,
1102,5973,0.4241,
1102,3097,0.4229,
1102,7854,0.4215,
1102,3173,0.4209,
1102,6441,0.4209,
1102,7049,0.4187,
1102,51,0.4183,
1102,431,0.4183,
1102,2367,0.4168,
1102,8874,0.4165,
1102,2156,0.4161,
1102,1220,0.4161,
1102,1896,0.4161,
1103,736,0.2395,
1103,7633,0.2332,
1103,8131,0.2322,
1103,5583,0.2141,
1103,2770,0.2137,
1103,2006,0.2117,
1103,8005,0.2096,
1103,3540,0.2049,
1103,2308,0.2034,
1103,6499,0.1944,
1103,6849,0.1932,
1103,473,0.1926,
1103,2145,0.1907,
1103,6978,0.1896,
1103,164,0.1894,
1103,4744,0.1881,
1103,5708,0.1875,
1103,8374,0.1861,
1103,9407,0.186,
1103,307,0.1855,
1104,274,0.2059,
1104,2429,0.1895,
1104,3843,0.1839,
1104,2764,0.1767,
1104,5559,0.176,
1104,2926,0.1746,
1104,4989,0.172,
1104,6935,0.1711,
1104,2555,0.1699,
1104,8955,0.1693,
1104,8731,0.1689,
1104,8701,0.1682,
1104,2974,0.1682,
1104,2061,0.1666,
1104,2554,0.1652,
1104,500,0.1635,
1104,3933,0.1625,
1104,2473,0.1608,
1104,9447,0.1588,
1104,6341,0.1576,
1105,3516,0.1797,
1105,7083,0.1592,
1105,6997,0.1527,
1105,9436,0.15,
1105,8992,0.1474,
1105,5984,0.1468,
1105,4565,0.1461,
1105,4114,0.1452,
1105,7737,0.1443,
1105,6478,0.144,
1105,6542,0.1411,
1105,8439,0.1408,
1105,1841,0.1406,
1105,2926,0.1405,
1105,5189,0.1404,
1105,701,0.1383,
1105,4523,0.1364,
1105,8206,0.1361,
1105,3442,0.1356,
1105,1488,0.1348,
1106,7334,0.2836,
1106,8156,0.2754,
1106,7832,0.2725,
1106,9169,0.27,
1106,154,0.265,
1106,7926,0.2632,
1106,3695,0.263,
1106,3986,0.2619,
1106,900,0.2591,
1106,1213,0.2585,
1106,9456,0.2577,
1106,5036,0.2577,
1106,2161,0.2572,
1106,8341,0.2571,
1106,2326,0.2568,
1106,654,0.2543,
1106,1828,0.2527,
1106,3486,0.2526,
1106,7579,0.2519,
1106,4804,0.2516,
1107,5036,0.2996,
1107,1517,0.2923,
1107,3027,0.2907,
1107,4940,0.2666,
1107,558,0.2639,
1107,8076,0.2589,
1107,7892,0.2512,
1107,5338,0.2433,
1107,7921,0.2419,
1107,5959,0.2368,
1107,6092,0.2333,
1107,7087,0.2295,
1107,5507,0.2274,
1107,1928,0.2269,
1107,654,0.2235,
1107,154,0.2223,
1107,5626,0.2222,
1107,7334,0.2219,
1107,1474,0.22,
1107,5687,0.2193,
1108,3564,0.2083,
1108,882,0.2081,
1108,2573,0.2081,
1108,7037,0.2059,
1108,4299,0.2007,
1108,9309,0.1972,
1108,3840,0.1898,
1108,3060,0.1898,
1108,9322,0.1893,
1108,3941,0.1881,
1108,4657,0.1873,
1108,5563,0.1873,
1108,5467,0.1867,
1108,3286,0.1862,
1108,326,0.1856,
1108,8130,0.1855,
1108,807,0.1852,
1108,7195,0.1851,
1108,4258,0.1844,
1108,3842,0.1841,
1109,307,0.1747,
1109,6613,0.1731,
1109,5165,0.1715,
1109,736,0.1637,
1109,5157,0.1623,
1109,4057,0.161,
1109,3807,0.1599,
1109,5081,0.157,
1109,2770,0.1562,
1109,66,0.1555,
1109,6643,0.153,
1109,3540,0.1529,
1109,5,0.1494,
1109,8600,0.1488,
1109,7548,0.1488,
1109,3235,0.1477,
1109,2361,0.1474,
1109,8131,0.1473,
1109,9407,0.1472,
1109,7273,0.147,
1110,998,0.2245,
1110,4553,0.2186,
1110,8401,0.2163,
1110,469,0.2133,
1110,355,0.2119,
1110,409,0.2103,
1110,3057,0.2048,
1110,7525,0.2018,
1110,8322,0.2018,
1110,78,0.2,
1110,1337,0.1998,
1110,6474,0.1997,
1110,3245,0.1997,
1110,9030,0.1991,
1110,6835,0.1989,
1110,754,0.1979,
1110,1444,0.1975,
1110,9098,0.1966,
1110,5165,0.1962,
1110,5461,0.1959,
1111,1000,0.2911,
1111,3815,0.276,
1111,8054,0.2742,
1111,4644,0.2643,
1111,1220,0.2613,
1111,5938,0.2611,
1111,4401,0.2572,
1111,7044,0.2559,
1111,4223,0.2544,
1111,3371,0.2523,
1111,6212,0.2509,
1111,99,0.2504,
1111,3878,0.2479,
1111,5921,0.2474,
1111,2252,0.2459,
1111,3846,0.2455,
1111,1059,0.2445,
1111,1413,0.2444,
1111,9321,0.2443,
1111,2156,0.2439,
1112,1330,0.2826,
1112,736,0.2576,
1112,6442,0.2511,
1112,8067,0.2364,
1112,307,0.2351,
1112,8681,0.2298,
1112,3540,0.2255,
1112,2838,0.2247,
1112,4255,0.2092,
1112,6904,0.2085,
1112,4057,0.2073,
1112,8131,0.2051,
1112,4682,0.2049,
1112,7300,0.204,
1112,3840,0.2033,
1112,3787,0.203,
1112,6613,0.2027,
1112,5157,0.2024,
1112,9062,0.2023,
1112,6643,0.1996,
1190,1083,0.1805,
1190,8184,0.1728,
1190,1913,0.1718,
1190,7278,0.1677,
1190,9394,0.1642,
1190,3842,0.1642,
1190,6803,0.163,
1190,4489,0.1625,
1190,4622,0.1621,
1190,7628,0.1619,
1190,2461,0.1597,
1190,3202,0.1597,
1190,5109,0.1593,
1190,9309,0.1589,
1190,7448,0.1589,
1190,6627,0.1584,
1190,4127,0.1572,
1190,4488,0.1564,
1190,3693,0.1561,
1190,850,0.1546,
1115,4223,0.3687,
1115,5938,0.3496,
1115,8385,0.3491,
1115,8585,0.3489,
1115,7044,0.3484,
1115,4644,0.3443,
1115,3815,0.343,
1115,2599,0.3399,
1115,4553,0.3391,
1115,6212,0.3391,
1115,2239,0.3327,
1115,8054,0.3324,
1115,8874,0.3302,
1115,7322,0.3291,
1115,2367,0.328,
1115,3173,0.3274,
1115,8174,0.327,
1115,5921,0.3246,
1115,7152,0.324,
1115,3846,0.324,
1116,9062,0.2971,
1116,8067,0.2829,
1116,7784,0.2559,
1116,3039,0.2382,
1116,1859,0.2364,
1116,8322,0.2363,
1116,8433,0.2358,
1116,7870,0.2309,
1116,334,0.2304,
1116,215,0.2298,
1116,8769,0.2289,
1116,4819,0.2272,
1116,7371,0.2272,
1116,312,0.225,
1116,7273,0.224,
1116,4682,0.2238,
1116,1162,0.2229,
1116,4299,0.2223,
1116,4531,0.2223,
1116,5999,0.2222,
1117,1902,0.1669,
1117,1241,0.1543,
1117,7655,0.1456,
1117,5869,0.1454,
1117,2704,0.1428,
1117,4818,0.1417,
1117,3576,0.1356,
1117,9061,0.1353,
1117,8066,0.1348,
1117,5559,0.1348,
1117,603,0.1343,
1117,7220,0.1331,
1117,5904,0.1304,
1117,1236,0.129,
1117,2154,0.1284,
1117,8370,0.128,
1117,2454,0.128,
1117,717,0.1237,
1117,1739,0.1226,
1117,1379,0.1224,
1118,9213,0.1639,
1118,3516,0.1612,
1118,1277,0.1564,
1118,5930,0.1537,
1118,2433,0.1522,
1118,3744,0.1515,
1118,2926,0.1511,
1118,919,0.1461,
1118,9436,0.1452,
1118,7453,0.145,
1118,8965,0.1442,
1118,2019,0.1426,
1118,4057,0.1406,
1118,8500,0.1401,
1118,4544,0.1394,
1118,7083,0.1383,
1118,1022,0.1373,
1118,1225,0.1373,
1118,6785,0.1364,
1118,8146,0.1363,
1119,8401,0.1959,
1119,409,0.1936,
1119,8322,0.1935,
1119,614,0.1862,
1119,5319,0.1849,
1119,6174,0.1841,
1119,5354,0.183,
1119,8130,0.1827,
1119,4370,0.1818,
1119,8190,0.1805,
1119,8470,0.1791,
1119,5266,0.1789,
1119,3840,0.1781,
1119,4531,0.1775,
1119,3245,0.1759,
1119,5001,0.1759,
1119,5246,0.1748,
1119,4299,0.1744,
1119,6212,0.1735,
1119,2643,0.1732,
1120,4682,0.2724,
1120,7265,0.2683,
1120,9407,0.2676,
1120,2361,0.2665,
1120,6614,0.2661,
1120,5583,0.2653,
1120,5773,0.264,
1120,6264,0.2635,
1120,9388,0.2632,
1120,4252,0.2631,
1120,5464,0.2613,
1120,5519,0.2603,
1120,8662,0.258,
1120,993,0.2575,
1120,1771,0.255,
1120,613,0.2549,
1120,1398,0.2537,
1120,2606,0.2528,
1120,7677,0.2521,
1120,1598,0.252,
1132,1639,0.2705,
1132,5183,0.2494,
1132,6104,0.2437,
1132,9062,0.2405,
1132,3558,0.2371,
1132,3598,0.2344,
1132,7782,0.2337,
1132,4209,0.2326,
1132,8267,0.231,
1132,8370,0.231,
1132,8566,0.227,
1132,2862,0.2265,
1132,1276,0.2259,
1132,2098,0.2241,
1132,6813,0.2239,
1132,5376,0.2235,
1132,2461,0.2227,
1132,8375,0.2223,
1132,9044,0.2208,
1132,8477,0.2206,
1121,9062,0.2754,
1121,6442,0.2401,
1121,6627,0.2315,
1121,4682,0.2278,
1121,4035,0.2218,
1121,8693,0.2211,
1121,8433,0.2197,
1121,4158,0.2194,
1121,6664,0.2189,
1121,7051,0.2184,
1121,8769,0.217,
1121,2331,0.217,
1121,5261,0.2167,
1121,8612,0.2149,
1121,919,0.2144,
1121,7568,0.2142,
1121,3432,0.2131,
1121,8592,0.2129,
1121,5990,0.2119,
1121,5081,0.2103,
1122,2461,0.1974,
1122,2174,0.1879,
1122,5106,0.18,
1122,3202,0.175,
1122,4403,0.1747,
1122,2883,0.1742,
1122,5930,0.1721,
1122,1081,0.1705,
1122,3516,0.1685,
1122,5011,0.1636,
1122,8471,0.1625,
1122,8146,0.1623,
1122,2433,0.1615,
1122,1684,0.1612,
1122,239,0.1609,
1122,8965,0.1595,
1122,4608,0.1594,
1122,5967,0.159,
1122,2385,0.1586,
1122,2668,0.1583,
1123,5223,0.2386,
1123,5465,0.2358,
1123,7824,0.2267,
1123,4744,0.2248,
1123,455,0.2246,
1123,8888,0.2224,
1123,1083,0.2178,
1123,4127,0.2169,
1123,7724,0.2132,
1123,8326,0.2129,
1123,4057,0.2124,
1123,7633,0.2088,
1123,7278,0.2076,
1123,918,0.2018,
1123,5344,0.2006,
1123,7634,0.1984,
1123,5238,0.1973,
1123,1913,0.1963,
1123,4727,0.1959,
1123,2695,0.1949,
1124,4819,0.2688,
1124,6940,0.2627,
1124,2724,0.2538,
1124,5603,0.2488,
1124,4328,0.248,
1124,6285,0.2469,
1124,6259,0.2456,
1124,8806,0.242,
1124,5894,0.241,
1124,1318,0.2409,
1124,2086,0.2408,
1124,215,0.2406,
1124,2891,0.2398,
1124,8763,0.2395,
1124,8322,0.2378,
1124,8661,0.2376,
1124,5761,0.2373,
1124,3052,0.2367,
1124,5900,0.2365,
1124,3189,0.2355,
1125,622,0.2669,
1125,4490,0.241,
1125,8857,0.2281,
1125,5149,0.2238,
1125,6072,0.2172,
1125,8457,0.215,
1125,4271,0.2059,
1125,2813,0.2031,
1125,7543,0.1956,
1125,2434,0.1922,
1125,4451,0.1812,
1125,140,0.176,
1125,7161,0.1709,
1125,2966,0.1704,
1125,7070,0.1696,
1125,2111,0.1662,
1125,2437,0.1644,
1125,8665,0.1619,
1125,7631,0.157,
1125,6514,0.1561,
1126,5728,0.2623,
1126,7063,0.2606,
1126,3449,0.2606,
1126,7358,0.2595,
1126,5807,0.2558,
1126,2515,0.2528,
1126,5319,0.2526,
1126,1786,0.249,
1126,1144,0.2465,
1126,4149,0.2451,
1126,7539,0.2449,
1126,3315,0.2446,
1126,7399,0.2444,
1126,2611,0.244,
1126,4272,0.2432,
1126,1736,0.2431,
1126,6494,0.2431,
1126,683,0.2412,
1126,9284,0.2405,
1126,280,0.2405,
1127,5583,0.1927,
1127,4682,0.1895,
1127,4291,0.1838,
1127,6613,0.1815,
1127,2145,0.181,
1127,1162,0.1776,
1127,3787,0.177,
1127,2006,0.1747,
1127,3840,0.1715,
1127,6212,0.1714,
1127,1097,0.1709,
1127,6174,0.1701,
1127,8481,0.1684,
1127,3066,0.1675,
1127,34,0.1673,
1127,6614,0.167,
1127,5901,0.1667,
1127,8551,0.1649,
1127,4275,0.1642,
1127,2160,0.1641,
1128,3057,0.2614,
1128,9062,0.2525,
1128,355,0.2507,
1128,5165,0.2476,
1128,8905,0.2468,
1128,7523,0.2447,
1128,3207,0.2416,
1128,2127,0.2381,
1128,8221,0.2379,
1128,3436,0.2336,
1128,7870,0.2327,
1128,754,0.232,
1128,5438,0.2308,
1128,3920,0.2303,
1128,5999,0.2258,
1128,6174,0.2258,
1128,2874,0.2245,
1128,6442,0.2244,
1128,6376,0.2241,
1128,8693,0.224,
1129,2461,0.225,
1129,2091,0.2112,
1129,7901,0.2098,
1129,1902,0.2072,
1129,2401,0.205,
1129,8184,0.2043,
1129,6225,0.2041,
1129,6324,0.2039,
1129,2344,0.2034,
1129,7578,0.2031,
1129,4652,0.2031,
1129,3744,0.2031,
1129,8968,0.2031,
1129,7976,0.2024,
1129,850,0.2022,
1129,1083,0.2022,
1129,2433,0.2017,
1129,4127,0.1994,
1129,8965,0.1993,
1129,6633,0.1989,
1137,4751,0.2282,
1137,2856,0.2225,
1137,7883,0.2216,
1137,9328,0.2185,
1137,4175,0.2174,
1137,291,0.2156,
1137,8240,0.2156,
1137,9062,0.2148,
1137,5349,0.2108,
1137,7825,0.2106,
1137,8858,0.2103,
1137,2430,0.2089,
1137,8067,0.2089,
1137,3989,0.2056,
1137,7870,0.2033,
1137,1909,0.2031,
1137,8693,0.2019,
1137,82,0.2009,
1137,6442,0.1992,
1137,7412,0.195,
1138,9062,0.283,
1138,8769,0.2719,
1138,4682,0.2258,
1138,6701,0.2256,
1138,7371,0.2246,
1138,7070,0.2235,
1138,3432,0.2234,
1138,7273,0.2228,
1138,8433,0.2217,
1138,8612,0.2214,
1138,6627,0.2211,
1138,7086,0.2183,
1138,8067,0.2181,
1138,8079,0.2155,
1138,896,0.2136,
1138,2331,0.2133,
1138,2926,0.213,
1138,7568,0.2126,
1138,7051,0.2119,
1138,8118,0.2116,
1139,7901,0.2224,
1139,8682,0.1941,
1139,3744,0.1867,
1139,7453,0.1861,
1139,2536,0.1843,
1139,6287,0.1837,
1139,1902,0.1822,
1139,8084,0.1811,
1139,5529,0.1808,
1139,4652,0.1799,
1139,2197,0.1797,
1139,4525,0.1797,
1139,7976,0.1764,
1139,9436,0.1761,
1139,2453,0.1742,
1139,5343,0.1727,
1139,9441,0.1716,
1139,8500,0.1711,
1139,1639,0.1705,
1139,6310,0.1697,
1140,4057,0.2219,
1140,3516,0.2201,
1140,5465,0.1995,
1140,5223,0.1988,
1140,4127,0.1971,
1140,1083,0.1964,
1140,4565,0.1945,
1140,5106,0.1892,
1140,8374,0.188,
1140,5494,0.1872,
1140,8471,0.1863,
1140,8326,0.1811,
1140,4114,0.1808,
1140,2883,0.1796,
1140,6997,0.1788,
1140,5189,0.1769,
1140,2926,0.1768,
1140,7737,0.1765,
1140,4744,0.1761,
1140,1162,0.1745,
1141,4744,0.2288,
1141,1913,0.222,
1141,3540,0.2192,
1141,3202,0.2133,
1141,736,0.2121,
1141,6935,0.206,
1141,8888,0.2058,
1141,9273,0.2054,
1141,8662,0.2052,
1141,2361,0.2033,
1141,8965,0.2028,
1141,4291,0.2021,
1141,5716,0.2014,
1141,6835,0.2007,
1141,6978,0.1996,
1141,2433,0.1972,
1141,8374,0.196,
1141,5106,0.1958,
1141,5465,0.1946,
1141,2554,0.1942,
1142,6613,0.2957,
1142,4744,0.291,
1142,3787,0.29,
1142,7724,0.2882,
1142,8326,0.2869,
1142,5465,0.2866,
1142,5223,0.28,
1142,433,0.2755,
1142,5583,0.2754,
1142,4503,0.2697,
1142,8374,0.2665,
1142,2308,0.2626,
1142,6978,0.2616,
1142,4514,0.2614,
1142,5494,0.2612,
1142,7633,0.2606,
1142,5094,0.2598,
1142,6643,0.2577,
1142,164,0.2574,
1142,3151,0.2551,
1146,307,0.1997,
1146,6442,0.1847,
1146,6565,0.1743,
1146,7494,0.1716,
1146,7917,0.1709,
1146,4396,0.1645,
1146,3067,0.1614,
1146,6803,0.1604,
1146,951,0.1587,
1146,1504,0.1581,
1146,5109,0.1579,
1146,3489,0.1514,
1146,7313,0.1478,
1146,2298,0.147,
1146,4190,0.1469,
1146,3024,0.1468,
1146,7633,0.1459,
1146,453,0.1437,
1146,5583,0.1437,
1146,3787,0.1417,
1147,5930,0.1649,
1147,2554,0.1498,
1147,4058,0.1463,
1147,2185,0.1392,
1147,6341,0.1353,
1147,5905,0.1333,
1147,7252,0.13,
1147,673,0.1299,
1147,627,0.1294,
1147,9436,0.126,
1147,3843,0.1258,
1147,2953,0.1258,
1147,3516,0.1254,
1147,2108,0.125,
1147,7414,0.1248,
1147,5676,0.1244,
1147,5630,0.1242,
1147,616,0.1223,
1147,8731,0.1203,
1147,3808,0.1199,
1148,5716,0.2756,
1148,7724,0.2708,
1148,736,0.2659,
1148,8131,0.2528,
1148,6613,0.2509,
1148,1330,0.2472,
1148,8551,0.2468,
1148,5328,0.2456,
1148,5283,0.2454,
1148,3540,0.2449,
1148,2302,0.2434,
1148,9094,0.2428,
1148,3787,0.2426,
1148,9341,0.2424,
1148,2710,0.2402,
1148,4744,0.2399,
1148,4275,0.2398,
1148,8679,0.2397,
1148,4057,0.2387,
1148,5465,0.2381,
1149,307,0.2228,
1149,4396,0.1987,
1149,6803,0.1984,
1149,5109,0.1969,
1149,6613,0.194,
1149,951,0.1938,
1149,6442,0.191,
1149,1162,0.1868,
1149,4057,0.1861,
1149,8306,0.1814,
1149,7494,0.1808,
1149,7917,0.1796,
1149,113,0.1761,
1149,8192,0.1749,
1149,5789,0.174,
1149,7346,0.1735,
1149,2298,0.1723,
1149,3067,0.171,
1149,4682,0.1702,
1149,5356,0.169,
1150,9062,0.272,
1150,8888,0.2692,
1150,5189,0.2625,
1150,5882,0.2586,
1150,8834,0.255,
1150,4531,0.2474,
1150,7870,0.241,
1150,7486,0.2407,
1150,455,0.2387,
1150,6174,0.2358,
1150,5894,0.2333,
1150,8067,0.2299,
1150,215,0.2282,
1150,291,0.2274,
1150,2663,0.2248,
1150,7824,0.224,
1150,7825,0.2214,
1150,8240,0.2201,
1150,7883,0.2199,
1150,4057,0.2192,
1151,8067,0.2174,
1151,1330,0.2038,
1151,3202,0.1889,
1151,920,0.1881,
1151,4489,0.1828,
1151,9062,0.1795,
1151,9273,0.1785,
1151,5048,0.1775,
1151,6904,0.1762,
1151,5809,0.1708,
1151,3516,0.1703,
1151,5189,0.1673,
1151,2174,0.1664,
1151,3120,0.1663,
1151,2461,0.1661,
1151,8888,0.1648,
1151,7977,0.1631,
1151,3946,0.1627,
1151,7195,0.1612,
1151,5930,0.1611,
1152,409,0.2556,
1152,8041,0.247,
1152,5921,0.2324,
1152,6212,0.2238,
1152,3640,0.2172,
1152,88,0.2171,
1152,7340,0.2144,
1152,9202,0.212,
1152,3245,0.2118,
1152,2543,0.2118,
1152,1337,0.2114,
1152,5001,0.2105,
1152,8087,0.2104,
1152,5386,0.2086,
1152,7335,0.2083,
1152,7558,0.2081,
1152,8400,0.2077,
1152,8190,0.207,
1152,3908,0.2059,
1152,5745,0.2054,
1191,2837,0.1918,
1191,9273,0.1799,
1191,5930,0.1737,
1191,3202,0.17,
1191,5619,0.1679,
1191,6835,0.1641,
1191,4652,0.1617,
1191,2109,0.16,
1191,1081,0.1584,
1191,9436,0.1578,
1191,4403,0.1524,
1191,5168,0.1516,
1191,5011,0.1511,
1191,3516,0.1505,
1191,1054,0.1502,
1191,919,0.1472,
1191,7901,0.1466,
1191,87,0.1445,
1191,2385,0.1438,
1191,2164,0.1437,
1153,3057,0.2472,
1153,3920,0.2461,
1153,4512,0.2437,
1153,8905,0.2429,
1153,5165,0.24,
1153,355,0.2392,
1153,7523,0.2358,
1153,2127,0.2327,
1153,5438,0.2285,
1153,7273,0.2277,
1153,6474,0.2268,
1153,3417,0.2264,
1153,754,0.2254,
1153,2874,0.2254,
1153,3436,0.2222,
1153,5659,0.2221,
1153,8221,0.2221,
1153,6141,0.2198,
1153,3207,0.2174,
1153,6376,0.2166,
1154,4565,0.2342,
1154,7278,0.2284,
1154,7737,0.2266,
1154,4057,0.2253,
1154,6975,0.225,
1154,2175,0.224,
1154,4582,0.2189,
1154,5189,0.2186,
1154,5223,0.2179,
1154,7824,0.2169,
1154,1841,0.2134,
1154,5984,0.2126,
1154,918,0.2117,
1154,9288,0.2117,
1154,5465,0.2108,
1154,2702,0.2084,
1154,455,0.2082,
1154,340,0.2081,
1154,8436,0.2059,
1154,6478,0.2055,
1155,149,0.2533,
1155,1859,0.2466,
1155,5246,0.237,
1155,5450,0.2344,
1155,334,0.2278,
1155,967,0.2267,
1155,8481,0.2233,
1155,7923,0.2199,
1155,7317,0.2182,
1155,8192,0.2179,
1155,980,0.2179,
1155,6754,0.2177,
1155,9034,0.2174,
1155,5356,0.2169,
1155,1162,0.2165,
1155,6818,0.2165,
1155,9366,0.216,
1155,2240,0.2154,
1155,5397,0.2153,
1155,4962,0.2142,
1156,1309,0.3153,
1156,2687,0.299,
1156,8620,0.2892,
1156,5089,0.2852,
1156,5754,0.2834,
1156,2213,0.2832,
1156,8720,0.2825,
1156,3260,0.2824,
1156,4013,0.2812,
1156,8579,0.2772,
1156,2714,0.2767,
1156,99,0.276,
1156,9161,0.2757,
1156,6896,0.2754,
1156,8734,0.2744,
1156,973,0.2744,
1156,7671,0.2739,
1156,3631,0.2721,
1156,1669,0.2718,
1156,4547,0.2715,
1157,164,0.1903,
1157,5882,0.1901,
1157,8888,0.182,
1157,6174,0.1799,
1157,7825,0.1774,
1157,6397,0.1753,
1157,7724,0.175,
1157,455,0.1749,
1157,5081,0.1743,
1157,5465,0.1732,
1157,5563,0.1731,
1157,4531,0.1725,
1157,7633,0.172,
1157,616,0.17,
1157,1241,0.1699,
1157,8028,0.1686,
1157,2724,0.168,
1157,1736,0.1679,
1157,3787,0.1676,
1157,2302,0.1672,
1158,7486,0.2711,
1158,9062,0.2602,
1158,8240,0.255,
1158,7883,0.2504,
1158,5189,0.2501,
1158,291,0.2462,
1158,4175,0.2457,
1158,9328,0.2427,
1158,3989,0.24,
1158,6370,0.2386,
1158,8693,0.2381,
1158,8834,0.2378,
1158,82,0.2357,
1158,8067,0.2346,
1158,7870,0.2318,
1158,4751,0.2315,
1158,3977,0.2294,
1158,2430,0.2279,
1158,4810,0.2275,
1158,6664,0.2274,
1159,6463,0.292,
1159,2696,0.289,
1159,6740,0.2836,
1159,5375,0.2827,
1159,7628,0.2803,
1159,3455,0.273,
1159,676,0.2709,
1159,5909,0.2684,
1159,3412,0.2647,
1159,6941,0.2638,
1159,7600,0.258,
1159,468,0.2571,
1159,7659,0.2568,
1159,4158,0.2541,
1159,2136,0.2515,
1159,9025,0.2487,
1159,2670,0.2435,
1159,7134,0.2419,
1159,6836,0.2367,
1159,8005,0.222,
1160,3516,0.22,
1160,9436,0.2032,
1160,7083,0.1858,
1160,5168,0.1777,
1160,1054,0.1758,
1160,4403,0.173,
1160,5919,0.1723,
1160,1081,0.1716,
1160,3346,0.1699,
1160,5011,0.1699,
1160,606,0.1625,
1160,3917,0.1617,
1160,9441,0.1607,
1160,5189,0.1584,
1160,5619,0.1572,
1160,2385,0.1568,
1160,352,0.155,
1160,1083,0.1549,
1160,5984,0.154,
1160,5967,0.1536,
1192,9062,0.2268,
1192,8067,0.2116,
1192,6370,0.1888,
1192,282,0.1888,
1192,7070,0.1883,
1192,4299,0.1869,
1192,8834,0.1869,
1192,7195,0.1855,
1192,455,0.1825,
1192,5189,0.1811,
1192,2461,0.18,
1192,7051,0.1794,
1192,7371,0.1773,
1192,3840,0.1747,
1192,1909,0.1736,
1192,3060,0.1736,
1192,7870,0.1735,
1192,4258,0.1717,
1192,5034,0.1692,
1192,3516,0.1666,
1161,5344,0.2428,
1161,846,0.2425,
1161,6444,0.2285,
1161,6773,0.2249,
1161,7462,0.2247,
1161,3457,0.2234,
1161,9247,0.2232,
1161,5494,0.2226,
1161,54,0.2224,
1161,4848,0.2212,
1161,5465,0.221,
1161,520,0.2203,
1161,5708,0.2174,
1161,8042,0.2151,
1161,4057,0.2126,
1161,3669,0.2125,
1161,8557,0.212,
1161,5223,0.211,
1161,5990,0.2096,
1161,282,0.2095,
1162,5246,0.2217,
1162,334,0.2078,
1162,5450,0.2064,
1162,3864,0.2052,
1162,7923,0.2019,
1162,9034,0.1995,
1162,6818,0.1992,
1162,967,0.1984,
1162,3630,0.1971,
1162,7317,0.1971,
1162,5397,0.1969,
1162,2240,0.1964,
1162,6064,0.1942,
1162,6754,0.1932,
1162,980,0.1926,
1162,8481,0.1922,
1162,5356,0.1919,
1162,8192,0.1913,
1162,6942,0.1911,
1162,6781,0.191,
1163,4176,0.2729,
1163,5082,0.2724,
1163,1626,0.2665,
1163,8480,0.2554,
1163,2313,0.2528,
1163,6520,0.2515,
1163,520,0.2486,
1163,3722,0.2483,
1163,3125,0.2472,
1163,8329,0.2459,
1163,7298,0.2456,
1163,6756,0.2451,
1163,9331,0.2434,
1163,8694,0.2424,
1163,5098,0.2417,
1163,2136,0.2415,
1163,646,0.2412,
1163,3514,0.241,
1163,5520,0.2408,
1163,1937,0.2373,
1164,8447,0.2804,
1164,409,0.2776,
1164,2252,0.2749,
1164,7389,0.2703,
1164,8585,0.2681,
1164,7520,0.2678,
1164,9288,0.2677,
1164,8087,0.2647,
1164,8041,0.2635,
1164,6212,0.2633,
1164,178,0.2629,
1164,2126,0.2628,
1164,9083,0.2619,
1164,4026,0.2613,
1164,7525,0.2609,
1164,6919,0.2602,
1164,512,0.2584,
1164,1059,0.2581,
1164,8183,0.2578,
1164,2599,0.2577,
1165,3303,0.2503,
1165,696,0.2496,
1165,857,0.2486,
1165,6268,0.2447,
1165,299,0.2431,
1165,7535,0.2429,
1165,820,0.2409,
1165,891,0.2401,
1165,8517,0.2398,
1165,923,0.2398,
1165,4826,0.2377,
1165,8328,0.2377,
1165,1039,0.2373,
1165,5193,0.2368,
1165,6943,0.2365,
1165,8424,0.236,
1165,1988,0.2349,
1165,2309,0.2341,
1165,4086,0.2339,
1165,7813,0.2339,
1166,8888,0.3994,
1166,5563,0.3688,
1166,7824,0.3613,
1166,2724,0.35,
1166,5189,0.3479,
1166,282,0.339,
1166,7486,0.3177,
1166,5882,0.2953,
1166,455,0.2942,
1166,9052,0.2926,
1166,9309,0.2918,
1166,1987,0.2917,
1166,1647,0.2908,
1166,6397,0.2878,
1166,6807,0.2868,
1166,5809,0.2851,
1166,4565,0.2842,
1166,790,0.2841,
1166,2631,0.2812,
1166,6340,0.2808,
1167,6474,0.3452,
1167,5165,0.3259,
1167,8905,0.3245,
1167,3057,0.3244,
1167,355,0.3243,
1167,7523,0.3179,
1167,2874,0.3117,
1167,4553,0.3116,
1167,6141,0.3114,
1167,2127,0.3104,
1167,3436,0.3104,
1167,3920,0.3098,
1167,3417,0.3085,
1167,5438,0.3076,
1167,5659,0.3031,
1167,4512,0.3011,
1167,754,0.3009,
1167,6376,0.3008,
1167,2566,0.3001,
1167,759,0.2937,
1168,9062,0.2816,
1168,7070,0.2612,
1168,2461,0.2469,
1168,4158,0.2423,
1168,7628,0.2364,
1168,7825,0.235,
1168,6941,0.2313,
1168,8067,0.2219,
1168,8769,0.2211,
1168,7568,0.2209,
1168,7051,0.2202,
1168,8118,0.2182,
1168,7883,0.2181,
1168,1931,0.2151,
1168,4953,0.2141,
1168,4175,0.214,
1168,2331,0.2137,
1168,4682,0.2136,
1168,8612,0.2121,
1168,1241,0.2121,
1169,967,0.242,
1169,4962,0.2413,
1169,980,0.2396,
1169,7923,0.2365,
1169,9034,0.2358,
1169,5356,0.2347,
1169,334,0.2344,
1169,1859,0.2336,
1169,5397,0.2329,
1169,7737,0.2319,
1169,9366,0.2309,
1169,1162,0.2301,
1169,3864,0.2297,
1169,5450,0.2281,
1169,6064,0.228,
1169,8192,0.2278,
1169,6754,0.2268,
1169,1427,0.2265,
1169,6781,0.2263,
1169,4114,0.2261,
1170,3039,0.2056,
1170,8834,0.1997,
1170,8067,0.1984,
1170,2764,0.1959,
1170,334,0.1906,
1170,1162,0.1889,
1170,919,0.181,
1170,1859,0.1808,
1170,8481,0.1802,
1170,9062,0.1791,
1170,3074,0.1782,
1170,5397,0.1775,
1170,6613,0.1774,
1170,3864,0.1759,
1170,6701,0.1746,
1170,7923,0.1744,
1170,980,0.1729,
1170,6754,0.1718,
1170,1689,0.171,
1170,5356,0.171,
1171,2926,0.2233,
1171,4057,0.219,
1171,4565,0.2028,
1171,2255,0.2025,
1171,5189,0.2024,
1171,3516,0.2014,
1171,5465,0.1976,
1171,4622,0.1938,
1171,5984,0.1887,
1171,5223,0.1886,
1171,6444,0.184,
1171,7737,0.1838,
1171,8118,0.1834,
1171,455,0.1829,
1171,919,0.1828,
1171,8079,0.1827,
1171,8005,0.1823,
1171,6834,0.1819,
1171,8439,0.1806,
1171,8600,0.1803,
1172,6104,0.2199,
1172,8267,0.2115,
1172,919,0.209,
1172,1639,0.2028,
1172,5081,0.1995,
1172,7380,0.1915,
1172,5684,0.191,
1172,8276,0.1888,
1172,6444,0.1865,
1172,5930,0.1854,
1172,2019,0.1854,
1172,5183,0.1846,
1172,7782,0.184,
1172,4364,0.1831,
1172,6529,0.1831,
1172,5,0.1829,
1172,9070,0.1825,
1172,6785,0.1822,
1172,5616,0.1808,
1172,5761,0.1806,
1173,7782,0.3785,
1173,5183,0.3508,
1173,2862,0.3408,
1173,3527,0.3385,
1173,1639,0.3366,
1173,1276,0.3358,
1173,3558,0.332,
1173,3973,0.3315,
1173,8267,0.3308,
1173,7076,0.3303,
1173,4209,0.3297,
1173,7493,0.3288,
1173,5376,0.3276,
1173,6813,0.3255,
1173,8375,0.3248,
1173,6421,0.3246,
1173,3038,0.3226,
1173,2098,0.3221,
1173,9044,0.3183,
1173,8477,0.3178,
1174,9062,0.3021,
1174,7051,0.2619,
1174,5261,0.2585,
1174,8433,0.2531,
1174,6627,0.2457,
1174,3432,0.2439,
1174,1931,0.2399,
1174,6442,0.2358,
1174,4158,0.2354,
1174,7568,0.2334,
1174,8693,0.2313,
1174,2331,0.231,
1174,8067,0.2301,
1174,2136,0.2269,
1174,8612,0.2244,
1174,7070,0.2228,
1174,7231,0.2198,
1174,5375,0.2124,
1174,9384,0.2122,
1174,8769,0.2113,
1175,6701,0.3004,
1175,2019,0.2921,
1175,8763,0.2879,
1175,8276,0.2871,
1175,1209,0.2864,
1175,7361,0.2839,
1175,8199,0.2835,
1175,3257,0.2833,
1175,7273,0.2832,
1175,5761,0.2831,
1175,1846,0.283,
1175,4474,0.2809,
1175,8272,0.2799,
1175,9053,0.2797,
1175,9070,0.2791,
1175,4546,0.2791,
1175,5868,0.2789,
1175,6081,0.278,
1175,1031,0.2779,
1175,6127,0.2779,
1176,9062,0.3181,
1176,4682,0.3079,
1176,6627,0.2696,
1176,3840,0.2692,
1176,8267,0.2666,
1176,8067,0.266,
1176,3540,0.2659,
1176,8769,0.2642,
1176,3989,0.2632,
1176,6104,0.2594,
1176,7371,0.256,
1176,2006,0.2557,
1176,8005,0.2554,
1176,2331,0.2482,
1176,1028,0.2477,
1176,7883,0.2472,
1176,6614,0.2463,
1176,7140,0.2456,
1176,5583,0.2432,
1176,8612,0.2427,
1177,6217,0.2693,
1177,6220,0.2529,
1177,7983,0.2403,
1177,8888,0.2359,
1177,9283,0.2335,
1177,6960,0.2269,
1177,2409,0.2265,
1177,3743,0.222,
1177,4421,0.2215,
1177,1637,0.2159,
1177,8423,0.2139,
1177,4566,0.2119,
1177,5635,0.2088,
1177,1444,0.2084,
1177,8064,0.2083,
1177,1116,0.2068,
1177,2877,0.2056,
1177,2718,0.2052,
1177,3628,0.2043,
1177,4383,0.2038,
1178,7973,0.2078,
1178,4158,0.1897,
1178,3989,0.1886,
1178,2145,0.1881,
1178,8005,0.1873,
1178,7883,0.1866,
1178,4175,0.183,
1178,6996,0.1828,
1178,6174,0.1814,
1178,6442,0.1812,
1178,1908,0.1809,
1178,5157,0.1798,
1178,8834,0.1796,
1178,3489,0.1769,
1178,9062,0.1766,
1178,7617,0.1758,
1178,6613,0.1758,
1178,8286,0.1754,
1178,5030,0.1742,
1178,5412,0.1741,
1179,1763,0.2137,
1179,1207,0.208,
1179,8791,0.2071,
1179,3153,0.2056,
1179,2980,0.1962,
1179,3776,0.1938,
1179,8041,0.1848,
1179,536,0.1846,
1179,8355,0.1787,
1179,1054,0.1787,
1179,503,0.176,
1179,6034,0.1735,
1179,5990,0.1723,
1179,9215,0.1689,
1179,7973,0.1686,
1179,5520,0.1679,
1179,6164,0.1675,
1179,7964,0.1649,
1179,6823,0.1645,
1179,1244,0.1634,
1180,6381,0.2997,
1180,5924,0.2959,
1180,8873,0.283,
1180,6743,0.2727,
1180,1630,0.2717,
1180,5326,0.2717,
1180,7627,0.2684,
1180,7912,0.268,
1180,6555,0.2629,
1180,9156,0.2627,
1180,3315,0.2605,
1180,3112,0.2598,
1180,3735,0.2588,
1180,6755,0.2584,
1180,3571,0.2583,
1180,1807,0.2581,
1180,6265,0.2571,
1180,4344,0.2563,
1180,3801,0.2558,
1180,6874,0.2552,
1181,3516,0.1967,
1181,5011,0.1964,
1181,9436,0.1861,
1181,1081,0.185,
1181,7083,0.1772,
1181,3202,0.1742,
1181,1054,0.1703,
1181,5168,0.1673,
1181,4403,0.1641,
1181,5919,0.1622,
1181,9273,0.1618,
1181,3346,0.1617,
1181,2837,0.1615,
1181,3917,0.1583,
1181,5619,0.157,
1181,6225,0.1569,
1181,239,0.1565,
1181,606,0.1529,
1181,8571,0.1524,
1181,9441,0.1506,
1182,5438,0.2783,
1182,3057,0.2759,
1182,2874,0.2677,
1182,7523,0.2668,
1182,2127,0.2658,
1182,8905,0.2633,
1182,3436,0.26,
1182,3920,0.2598,
1182,5999,0.2571,
1182,5165,0.2566,
1182,6141,0.2565,
1182,754,0.2534,
1182,759,0.2528,
1182,6376,0.2528,
1182,6474,0.2517,
1182,4512,0.2507,
1182,5659,0.2506,
1182,2566,0.2479,
1182,355,0.2464,
1182,7273,0.2459,
1204,9062,0.2463,
1204,1241,0.2359,
1204,2461,0.233,
1204,1902,0.2329,
1204,6627,0.2297,
1204,9061,0.2184,
1204,7633,0.2091,
1204,3432,0.2069,
1204,7568,0.2027,
1204,5869,0.2019,
1204,7655,0.201,
1204,7070,0.201,
1204,2704,0.1941,
1204,5261,0.1937,
1204,4682,0.1933,
1204,3576,0.1924,
1204,8066,0.1873,
1204,8067,0.187,
1204,7220,0.1848,
1204,3202,0.1847,
1183,7180,0.2661,
1183,7450,0.2627,
1183,247,0.2607,
1183,6873,0.2471,
1183,1492,0.2456,
1183,5577,0.2414,
1183,1576,0.2382,
1183,3111,0.2374,
1183,8340,0.2369,
1183,2932,0.2361,
1183,5153,0.2287,
1183,2169,0.2265,
1183,3726,0.2189,
1183,8917,0.2176,
1183,8244,0.2144,
1183,6457,0.2123,
1183,1369,0.212,
1183,9062,0.2101,
1183,7070,0.2094,
1183,3351,0.2087,
1184,2315,0.2892,
1184,3112,0.259,
1184,2281,0.2549,
1184,5102,0.2494,
1184,2020,0.2423,
1184,308,0.2411,
1184,7278,0.2292,
1184,7583,0.2266,
1184,5608,0.2248,
1184,5217,0.2245,
1184,1,0.2238,
1184,7848,0.2227,
1184,6742,0.2226,
1184,3268,0.2218,
1184,918,0.2196,
1184,6743,0.219,
1184,3842,0.2185,
1184,675,0.2178,
1184,4910,0.2174,
1184,7961,0.2169,
1185,9153,0.2789,
1185,2528,0.2763,
1185,8089,0.2731,
1185,6369,0.2722,
1185,5534,0.2683,
1185,4239,0.2622,
1185,8739,0.2581,
1185,8938,0.2486,
1185,2722,0.2467,
1185,1315,0.2434,
1185,7438,0.2403,
1185,1389,0.2376,
1185,2816,0.2355,
1185,7540,0.2345,
1185,1599,0.2307,
1185,8437,0.2296,
1185,2647,0.2277,
1185,4856,0.2239,
1185,3692,0.2233,
1185,3853,0.2217,
1186,5190,0.2737,
1186,3335,0.2561,
1186,872,0.239,
1186,1564,0.2388,
1186,5125,0.2372,
1186,7926,0.2345,
1186,5668,0.2282,
1186,3697,0.2266,
1186,6522,0.2221,
1186,699,0.2205,
1186,5808,0.216,
1186,3637,0.2145,
1186,379,0.2138,
1186,3027,0.2131,
1186,2741,0.2131,
1186,8830,0.2129,
1186,5621,0.2099,
1186,3199,0.2098,
1186,2683,0.2093,
1186,4783,0.2083,
1187,5223,0.2868,
1187,7724,0.2657,
1187,7824,0.2642,
1187,4744,0.2449,
1187,6613,0.2429,
1187,5081,0.2403,
1187,6643,0.2328,
1187,5563,0.2319,
1187,4275,0.2297,
1187,4057,0.2277,
1187,164,0.2249,
1187,8679,0.2225,
1187,473,0.2213,
1187,4514,0.2206,
1187,8888,0.2201,
1187,4727,0.22,
1187,2158,0.2198,
1187,5583,0.2185,
1187,6614,0.2177,
1187,3787,0.2166,
1188,9436,0.2084,
1188,6613,0.1917,
1188,3023,0.1891,
1188,338,0.1845,
1188,3088,0.1826,
1188,8834,0.1794,
1188,4237,0.1785,
1188,5529,0.1753,
1188,965,0.1686,
1188,2461,0.1684,
1188,4286,0.1651,
1188,2629,0.1642,
1188,7512,0.1635,
1188,6164,0.1619,
1188,3516,0.161,
1188,433,0.1608,
1188,6504,0.1585,
1188,6433,0.1573,
1188,1913,0.1566,
1188,8192,0.1563,
1189,9062,0.2927,
1189,8888,0.2877,
1189,8067,0.275,
1189,7824,0.2593,
1189,6664,0.2496,
1189,4035,0.2476,
1189,3989,0.247,
1189,7883,0.2463,
1189,4158,0.2421,
1189,4175,0.2417,
1189,8693,0.2409,
1189,8834,0.2399,
1189,455,0.2355,
1189,7486,0.2337,
1189,215,0.2306,
1189,5563,0.2275,
1189,8240,0.2272,
1189,7412,0.2268,
1189,5882,0.2261,
1189,6442,0.226,
1193,307,0.3693,
1193,6613,0.3608,
1193,4275,0.3506,
1193,4514,0.3474,
1193,2770,0.3405,
1193,9452,0.3382,
1193,8551,0.3361,
1193,6614,0.3354,
1193,9407,0.3351,
1193,5538,0.3338,
1193,5583,0.3336,
1193,7853,0.3334,
1193,2351,0.3328,
1193,5548,0.3326,
1193,2606,0.3322,
1193,5901,0.3311,
1193,2361,0.3307,
1193,9094,0.3302,
1193,4252,0.3301,
1193,2158,0.3298,
1194,5808,0.362,
1194,3697,0.3356,
1194,4589,0.3349,
1194,1828,0.3305,
1194,6522,0.325,
1194,5125,0.3221,
1194,1674,0.3198,
1194,547,0.3196,
1194,5668,0.3195,
1194,8815,0.3174,
1194,30,0.3158,
1194,2873,0.3157,
1194,9169,0.3153,
1194,3637,0.3151,
1194,3027,0.3146,
1194,3612,0.3142,
1194,7601,0.3132,
1194,5621,0.3129,
1194,2765,0.3123,
1194,8512,0.3102,
1195,5165,0.2048,
1195,5999,0.198,
1195,8905,0.1897,
1195,3057,0.1886,
1195,5223,0.1851,
1195,4553,0.1846,
1195,1809,0.1831,
1195,4057,0.1822,
1195,7724,0.1807,
1195,8005,0.1802,
1195,4291,0.1801,
1195,7824,0.1792,
1195,3840,0.1789,
1195,3669,0.1762,
1195,8042,0.1755,
1195,2145,0.1746,
1195,6627,0.1738,
1195,3506,0.1734,
1195,7973,0.1729,
1195,2724,0.1725,
1196,1000,0.2926,
1196,5882,0.2732,
1196,5010,0.2718,
1196,7879,0.2692,
1196,2175,0.2691,
1196,3815,0.2663,
1196,7854,0.2602,
1196,7782,0.259,
1196,409,0.2578,
1196,7825,0.2561,
1196,8585,0.2559,
1196,4026,0.255,
1196,6212,0.2537,
1196,4713,0.2537,
1196,8087,0.2532,
1196,6663,0.2528,
1196,4782,0.2526,
1196,7486,0.2523,
1196,8834,0.2506,
1196,6672,0.2496,
1197,9213,0.1841,
1197,5930,0.1616,
1197,1083,0.1606,
1197,8184,0.159,
1197,1913,0.1485,
1197,1081,0.1479,
1197,3516,0.1441,
1197,8571,0.1424,
1197,4414,0.1422,
1197,5619,0.1414,
1197,5155,0.1406,
1197,9436,0.1401,
1197,3346,0.1374,
1197,5106,0.137,
1197,5011,0.1366,
1197,3136,0.1363,
1197,9342,0.1361,
1197,1772,0.1356,
1197,441,0.1348,
1197,6063,0.1343,
1205,7249,0.2848,
1205,160,0.2429,
1205,4645,0.2143,
1205,1925,0.2083,
1205,8282,0.2056,
1205,6819,0.2049,
1205,5839,0.2041,
1205,8143,0.2036,
1205,35,0.2021,
1205,3516,0.2015,
1205,8992,0.2008,
1205,9409,0.2004,
1205,3058,0.1992,
1205,1309,0.1948,
1205,8720,0.1931,
1205,3224,0.191,
1205,4733,0.1897,
1205,6998,0.1877,
1205,8571,0.1876,
1205,8544,0.1873,
1206,9366,0.2914,
1206,6781,0.2877,
1206,980,0.284,
1206,967,0.2819,
1206,4962,0.278,
1206,7317,0.2771,
1206,7923,0.2771,
1206,5450,0.2716,
1206,334,0.2713,
1206,6942,0.2686,
1206,5246,0.2684,
1206,1162,0.2678,
1206,5397,0.2675,
1206,9034,0.267,
1206,6818,0.2664,
1206,3630,0.2659,
1206,1859,0.2639,
1206,6754,0.2634,
1206,8481,0.2633,
1206,8192,0.2632,
1198,7051,0.2917,
1198,9062,0.2893,
1198,5261,0.2596,
1198,6627,0.255,
1198,3432,0.2528,
1198,8769,0.2418,
1198,8612,0.24,
1198,2461,0.236,
1198,2331,0.2324,
1198,5375,0.2288,
1198,7568,0.2287,
1198,7070,0.2232,
1198,4158,0.2195,
1198,8118,0.2159,
1198,4682,0.212,
1198,7231,0.2115,
1198,8693,0.2098,
1198,7371,0.209,
1198,8067,0.2086,
1198,5609,0.2085,
1199,7371,0.2098,
1199,3693,0.1968,
1199,7195,0.1866,
1199,2926,0.1858,
1199,3941,0.1842,
1199,1292,0.1828,
1199,2418,0.1822,
1199,44,0.1803,
1199,4041,0.1801,
1199,3840,0.1774,
1199,3933,0.1766,
1199,5703,0.1759,
1199,1925,0.1741,
1199,5511,0.1717,
1199,4670,0.1715,
1199,882,0.1696,
1199,4299,0.1687,
1199,8130,0.1679,
1199,9322,0.1679,
1199,4703,0.1664,
1200,8067,0.2582,
1200,9062,0.2508,
1200,5882,0.2265,
1200,4531,0.2248,
1200,6174,0.2241,
1200,164,0.2225,
1200,7870,0.2223,
1200,3540,0.2213,
1200,4682,0.2213,
1200,4968,0.2125,
1200,1215,0.2104,
1200,3840,0.2104,
1200,1162,0.2104,
1200,7486,0.2103,
1200,8834,0.2094,
1200,8888,0.2072,
1200,4810,0.207,
1200,7825,0.2063,
1200,334,0.206,
1200,78,0.2053,
1201,6444,0.2473,
1201,846,0.2436,
1201,919,0.2343,
1201,9447,0.232,
1201,5990,0.2285,
1201,2053,0.2262,
1201,5943,0.2253,
1201,1763,0.2231,
1201,6701,0.223,
1201,6773,0.2199,
1201,2019,0.2177,
1201,6430,0.2172,
1201,2764,0.2169,
1201,6164,0.211,
1201,6898,0.2109,
1201,6259,0.2108,
1201,1858,0.2108,
1201,5868,0.2093,
1201,5684,0.2078,
1201,202,0.2065,
1202,5098,0.3073,
1202,7699,0.3,
1202,7462,0.2922,
1202,5097,0.2877,
1202,6823,0.2837,
1202,8557,0.2819,
1202,8476,0.2815,
1202,9247,0.2804,
1202,432,0.2751,
1202,1369,0.2735,
1202,6867,0.2733,
1202,3669,0.2717,
1202,8151,0.2717,
1202,2650,0.2707,
1202,7964,0.2696,
1202,5704,0.2695,
1202,5049,0.2692,
1202,7547,0.2691,
1202,6083,0.268,
1202,4964,0.2675,
1203,5930,0.1615,
1203,919,0.16,
1203,8592,0.1542,
1203,5192,0.151,
1203,7252,0.1489,
1203,2665,0.1479,
1203,5905,0.1424,
1203,794,0.1417,
1203,8070,0.1417,
1203,2185,0.1364,
1203,2953,0.1361,
1203,4058,0.136,
1203,2108,0.1357,
1203,7414,0.1356,
1203,1811,0.1344,
1203,6963,0.1337,
1203,4300,0.1326,
1203,6839,0.1322,
1203,6748,0.1305,
1203,8275,0.1267,
1207,1902,0.2543,
1207,5343,0.2471,
1207,5967,0.2448,
1207,2164,0.2427,
1207,1704,0.2389,
1207,4274,0.2321,
1207,2385,0.2313,
1207,3744,0.2304,
1207,2394,0.2258,
1207,2091,0.2241,
1207,1861,0.2233,
1207,8002,0.2232,
1207,2109,0.2224,
1207,3749,0.2219,
1207,4643,0.2214,
1207,6063,0.2207,
1207,1054,0.2203,
1207,1149,0.2199,
1207,5461,0.2196,
1207,2433,0.2191,
1208,8470,0.2524,
1208,3457,0.2394,
1208,5583,0.2363,
1208,4057,0.2294,
1208,5465,0.224,
1208,164,0.2223,
1208,5081,0.2218,
1208,5494,0.2195,
1208,5223,0.2174,
1208,6614,0.2164,
1208,1162,0.2124,
1208,8190,0.2117,
1208,2080,0.2116,
1208,4091,0.2112,
1208,5344,0.2099,
1208,8322,0.2094,
1208,8431,0.2078,
1208,2919,0.2074,
1208,473,0.207,
1208,5001,0.2066,
1209,6310,0.1939,
1209,2418,0.1878,
1209,4525,0.1822,
1209,3571,0.1803,
1209,7901,0.1737,
1209,189,0.1735,
1209,8054,0.1698,
1209,1446,0.1667,
1209,8817,0.1602,
1209,194,0.1595,
1209,4863,0.1586,
1209,5186,0.158,
1209,3112,0.1574,
1209,2197,0.1556,
1209,9201,0.1554,
1209,7996,0.155,
1209,5076,0.1495,
1209,7530,0.1492,
1209,8726,0.1471,
1209,1292,0.1458,
1210,3727,0.2215,
1210,6620,0.22,
1210,2856,0.2064,
1210,2718,0.2033,
1210,1704,0.1811,
1210,3068,0.1785,
1210,7015,0.1775,
1210,3209,0.1751,
1210,567,0.1724,
1210,7042,0.1719,
1210,5419,0.1714,
1210,806,0.1676,
1210,375,0.1635,
1210,7195,0.1603,
1210,5280,0.1593,
1210,7412,0.1592,
1210,3871,0.1574,
1210,7980,0.1547,
1210,6917,0.1539,
1210,6126,0.1536,
1211,291,0.3043,
1211,7883,0.3015,
1211,4175,0.2958,
1211,8240,0.2763,
1211,1722,0.2704,
1211,9140,0.2691,
1211,3788,0.264,
1211,4455,0.2545,
1211,6988,0.2493,
1211,1028,0.2489,
1211,7140,0.2467,
1211,26,0.2453,
1211,2215,0.2434,
1211,7448,0.2422,
1211,3588,0.2395,
1211,3549,0.2383,
1211,90,0.2376,
1211,6431,0.2367,
1211,7918,0.2357,
1211,8451,0.2318,
1212,3516,0.2148,
1212,9213,0.1978,
1212,5930,0.1941,
1212,5919,0.1933,
1212,9436,0.1933,
1212,2401,0.1924,
1212,5619,0.1923,
1212,8968,0.1906,
1212,1913,0.1905,
1212,1083,0.1869,
1212,850,0.1824,
1212,7748,0.1822,
1212,7309,0.182,
1212,5106,0.1816,
1212,1054,0.1807,
1212,8184,0.1802,
1212,155,0.1802,
1212,9081,0.1781,
1212,7083,0.1754,
1212,2883,0.1746,
1213,5189,0.2831,
1213,7824,0.2498,
1213,4057,0.249,
1213,8834,0.2464,
1213,9062,0.2442,
1213,8206,0.2362,
1213,4114,0.2347,
1213,7737,0.2343,
1213,282,0.2324,
1213,8439,0.2314,
1213,8992,0.2311,
1213,4565,0.2309,
1213,5984,0.2309,
1213,2926,0.2297,
1213,7870,0.2266,
1213,6478,0.2243,
1213,455,0.2232,
1213,8042,0.2215,
1213,6542,0.219,
1213,6174,0.219,
1214,8070,0.179,
1214,2175,0.1777,
1214,4565,0.1644,
1214,5192,0.164,
1214,4713,0.1606,
1214,919,0.159,
1214,3790,0.1585,
1214,885,0.1581,
1214,6963,0.1577,
1214,8206,0.1571,
1214,2926,0.1563,
1214,5938,0.1519,
1214,1220,0.1516,
1214,1000,0.1501,
1214,7396,0.1493,
1214,6827,0.1481,
1214,7737,0.1479,
1214,8391,0.1473,
1214,8481,0.1466,
1214,794,0.1466,
1215,9062,0.2665,
1215,3432,0.2304,
1215,7568,0.2292,
1215,5261,0.2284,
1215,8769,0.2183,
1215,8433,0.2158,
1215,2331,0.214,
1215,7070,0.209,
1215,8693,0.2083,
1215,7051,0.2082,
1215,6442,0.208,
1215,6322,0.2073,
1215,1931,0.2069,
1215,6627,0.2046,
1215,8612,0.2041,
1215,4035,0.1994,
1215,4682,0.192,
1215,7231,0.1898,
1215,6664,0.1891,
1215,5609,0.187,
1216,3516,0.1516,
1216,355,0.1483,
1216,2433,0.144,
1216,8965,0.1423,
1216,2554,0.1421,
1216,5165,0.1409,
1216,5930,0.1405,
1216,4057,0.1401,
1216,7273,0.1376,
1216,2926,0.1349,
1216,6935,0.1342,
1216,1337,0.1318,
1216,5081,0.1305,
1216,2361,0.129,
1216,9436,0.1289,
1216,919,0.127,
1216,274,0.1254,
1216,8662,0.1254,
1216,6225,0.1207,
1216,4544,0.1201,
1217,8571,0.2053,
1217,6430,0.2043,
1217,5708,0.201,
1217,7844,0.1811,
1217,3516,0.1794,
1217,2926,0.1793,
1217,9422,0.1745,
1217,5003,0.1722,
1217,4727,0.1708,
1217,4057,0.17,
1217,1475,0.1695,
1217,6440,0.1685,
1217,5453,0.1666,
1217,1181,0.1604,
1217,715,0.1569,
1217,9438,0.1566,
1217,8245,0.1565,
1217,5890,0.1562,
1217,3743,0.1556,
1217,7679,0.1555,
1218,5904,0.2444,
1218,7832,0.2327,
1218,6382,0.2245,
1218,3486,0.2231,
1218,1379,0.2228,
1218,6199,0.2217,
1218,9061,0.2216,
1218,7840,0.2212,
1218,5055,0.2198,
1218,5036,0.2194,
1218,5796,0.2169,
1218,154,0.2153,
1218,8341,0.2144,
1218,7742,0.2139,
1218,2326,0.2129,
1218,213,0.2113,
1218,3695,0.2113,
1218,1792,0.2107,
1218,1227,0.2107,
1218,7567,0.2094,
1219,4818,0.227,
1219,8174,0.2094,
1219,5559,0.2084,
1219,7086,0.2057,
1219,603,0.1902,
1219,5869,0.1901,
1219,5794,0.1888,
1219,1241,0.1884,
1219,7220,0.1864,
1219,8466,0.1838,
1219,3161,0.1818,
1219,9061,0.1796,
1219,5904,0.1775,
1219,2704,0.1766,
1219,2473,0.1763,
1219,3576,0.1758,
1219,3732,0.1755,
1219,409,0.1742,
1219,8769,0.1742,
1219,6836,0.1741,
1220,3259,0.2585,
1220,7525,0.2573,
1220,6835,0.256,
1220,2455,0.2478,
1220,3815,0.2444,
1220,3074,0.2342,
1220,7879,0.2277,
1220,6433,0.2267,
1220,78,0.2232,
1220,5343,0.2231,
1220,3816,0.2211,
1220,6418,0.2204,
1220,2182,0.2202,
1220,6441,0.2184,
1220,1464,0.2173,
1220,9436,0.2158,
1220,8280,0.2157,
1220,4291,0.2148,
1220,409,0.2133,
1220,4576,0.2132,
1221,4744,0.1599,
1221,4057,0.1591,
1221,164,0.1531,
1221,3516,0.1513,
1221,6643,0.1482,
1221,1913,0.1474,
1221,4291,0.1464,
1221,6613,0.1457,
1221,5157,0.1453,
1221,5081,0.1451,
1221,3840,0.1441,
1221,6089,0.1438,
1221,5716,0.143,
1221,4682,0.1427,
1221,5094,0.1423,
1221,616,0.1413,
1221,307,0.141,
1221,1829,0.1407,
1221,9452,0.1406,
1221,5465,0.1403,
1222,4127,0.2405,
1222,2461,0.2309,
1222,2174,0.2291,
1222,5106,0.2291,
1222,1902,0.2153,
1222,2433,0.2129,
1222,3516,0.2128,
1222,9436,0.2122,
1222,455,0.2114,
1222,3202,0.2107,
1222,155,0.2084,
1222,9062,0.1997,
1222,2401,0.1996,
1222,5892,0.1994,
1222,7578,0.1991,
1222,8968,0.1977,
1222,6803,0.1974,
1222,850,0.1969,
1222,8965,0.1958,
1222,5809,0.1934,
1223,980,0.2458,
1223,9366,0.2428,
1223,967,0.2413,
1223,8192,0.2407,
1223,7317,0.2406,
1223,3630,0.2397,
1223,9034,0.2396,
1223,7923,0.239,
1223,7606,0.2371,
1223,4962,0.236,
1223,6781,0.2348,
1223,5356,0.234,
1223,6064,0.2333,
1223,5450,0.2326,
1223,1859,0.2318,
1223,5397,0.2308,
1223,334,0.2302,
1223,6942,0.2302,
1223,4618,0.2301,
1223,6818,0.2295,
1224,7083,0.2023,
1224,1054,0.1958,
1224,5619,0.195,
1224,9436,0.1926,
1224,3516,0.1902,
1224,3917,0.1894,
1224,2164,0.1824,
1224,4403,0.1821,
1224,6225,0.1815,
1224,5168,0.1801,
1224,7318,0.1797,
1224,5967,0.178,
1224,1806,0.1779,
1224,5321,0.1777,
1224,1772,0.1777,
1224,2373,0.1768,
1224,3346,0.1765,
1224,7453,0.1758,
1224,5343,0.1756,
1224,2385,0.175,
1225,2175,0.3363,
1225,3815,0.3121,
1225,3531,0.3059,
1225,1000,0.3044,
1225,5010,0.3011,
1225,4026,0.2985,
1225,6212,0.2984,
1225,8087,0.293,
1225,8490,0.2926,
1225,8280,0.2924,
1225,7044,0.2914,
1225,9288,0.2907,
1225,4582,0.2907,
1225,1204,0.2901,
1225,4223,0.2901,
1225,2252,0.2889,
1225,3846,0.2858,
1225,4713,0.2852,
1225,5938,0.285,
1225,909,0.2839,
1226,355,0.2276,
1226,5165,0.211,
1226,7273,0.2046,
1226,754,0.1987,
1226,9273,0.194,
1226,2566,0.1925,
1226,3417,0.1874,
1226,7523,0.1869,
1226,3057,0.1862,
1226,998,0.1859,
1226,5438,0.1855,
1226,8905,0.1817,
1226,3920,0.1815,
1226,7083,0.1812,
1226,2874,0.1809,
1226,5999,0.1795,
1226,2127,0.177,
1226,3436,0.1767,
1226,6474,0.1755,
1226,6803,0.1755,
1227,2926,0.159,
1227,6430,0.1414,
1227,4858,0.1413,
1227,3261,0.1397,
1227,1796,0.1317,
1227,8295,0.1291,
1227,1024,0.1272,
1227,5877,0.1252,
1227,1858,0.125,
1227,3836,0.1248,
1227,1767,0.1246,
1227,7771,0.1243,
1227,5684,0.1243,
1227,2387,0.1232,
1227,601,0.1207,
1227,6824,0.1206,
1227,4474,0.1205,
1227,3224,0.12,
1227,3317,0.1196,
1227,7737,0.1179,
1228,2160,0.2753,
1228,2361,0.273,
1228,3787,0.2725,
1228,6614,0.2698,
1228,2158,0.2684,
1228,5583,0.268,
1228,307,0.2673,
1228,1263,0.2672,
1228,6203,0.267,
1228,473,0.2658,
1228,4275,0.2653,
1228,6643,0.2604,
1228,3066,0.2593,
1228,9388,0.2583,
1228,9407,0.2579,
1228,4744,0.2572,
1228,2145,0.2571,
1228,2029,0.2564,
1228,4252,0.2563,
1228,993,0.2558,
1229,8600,0.2692,
1229,9452,0.2645,
1229,5583,0.262,
1229,6614,0.2602,
1229,2361,0.2598,
1229,4275,0.2565,
1229,993,0.256,
1229,9407,0.2547,
1229,4252,0.2529,
1229,9388,0.2489,
1229,3787,0.2456,
1229,5081,0.2446,
1229,5157,0.2435,
1229,1263,0.2433,
1229,8662,0.2426,
1229,1598,0.2413,
1229,4514,0.241,
1229,6264,0.241,
1229,6499,0.2404,
1229,8551,0.2395,
1243,5223,0.21,
1243,4057,0.1975,
1243,7724,0.197,
1243,5344,0.1861,
1243,5465,0.1853,
1243,7633,0.1785,
1243,307,0.1781,
1243,555,0.1754,
1243,5236,0.1743,
1243,2770,0.1707,
1243,2006,0.1689,
1243,7265,0.1664,
1243,7824,0.1617,
1243,7634,0.1609,
1243,5969,0.1609,
1243,2361,0.1606,
1243,4543,0.1602,
1243,6478,0.1588,
1243,749,0.1586,
1243,6975,0.1573,
1230,4275,0.3801,
1230,2158,0.3741,
1230,4514,0.3672,
1230,2351,0.3671,
1230,473,0.366,
1230,5548,0.365,
1230,3540,0.3646,
1230,2361,0.3636,
1230,7447,0.3623,
1230,2875,0.362,
1230,6643,0.3618,
1230,7853,0.3612,
1230,8374,0.3608,
1230,8145,0.3607,
1230,34,0.3607,
1230,5969,0.3601,
1230,5583,0.3599,
1230,9135,0.3598,
1230,2539,0.3598,
1230,1398,0.3596,
1231,4275,0.4131,
1231,307,0.3998,
1231,2158,0.3989,
1231,2361,0.3925,
1231,5583,0.3906,
1231,6614,0.3904,
1231,2351,0.3786,
1231,9452,0.3776,
1231,5548,0.3773,
1231,5773,0.3767,
1231,7447,0.3761,
1231,7853,0.3747,
1231,983,0.3739,
1231,2875,0.3733,
1231,5538,0.3722,
1231,9135,0.3722,
1231,5969,0.3719,
1231,8145,0.3713,
1231,9407,0.3711,
1231,1398,0.3708,
1232,2019,0.2605,
1232,3693,0.2275,
1232,8763,0.2226,
1232,4622,0.2186,
1232,5559,0.2184,
1232,4041,0.2166,
1232,8769,0.2162,
1232,6701,0.2161,
1232,8978,0.216,
1232,5900,0.2151,
1232,9447,0.214,
1232,2060,0.212,
1232,3836,0.2117,
1232,1636,0.2116,
1232,6824,0.2116,
1232,6834,0.2115,
1232,4143,0.211,
1232,5590,0.2104,
1232,6747,0.2087,
1232,4628,0.2083,
1233,1639,0.3125,
1233,5183,0.2906,
1233,8267,0.2859,
1233,4491,0.2777,
1233,3598,0.2743,
1233,1276,0.2741,
1233,3558,0.2726,
1233,7076,0.2721,
1233,6421,0.2719,
1233,5376,0.2696,
1233,3527,0.2672,
1233,8477,0.267,
1233,6813,0.2666,
1233,4209,0.2664,
1233,3038,0.2658,
1233,3973,0.2648,
1233,2098,0.264,
1233,9044,0.263,
1233,8370,0.2618,
1233,8375,0.2618,
1234,8769,0.2905,
1234,3261,0.2841,
1234,1636,0.2835,
1234,5590,0.2819,
1234,5176,0.2786,
1234,6701,0.2729,
1234,1858,0.2714,
1234,9070,0.2688,
1234,5900,0.2682,
1234,4628,0.2649,
1234,1869,0.2629,
1234,2972,0.2602,
1234,95,0.26,
1234,7155,0.2591,
1234,1122,0.2582,
1234,4364,0.2579,
1234,7491,0.2572,
1234,194,0.2569,
1234,6127,0.2566,
1234,945,0.2565,
1235,6442,0.2393,
1235,5109,0.232,
1235,307,0.2314,
1235,4057,0.2251,
1235,6613,0.2145,
1235,4291,0.2105,
1235,2145,0.2104,
1235,3787,0.21,
1235,7323,0.2091,
1235,5189,0.2075,
1235,6643,0.2068,
1235,6849,0.2054,
1235,736,0.2042,
1235,1908,0.2033,
1235,7633,0.2032,
1235,5494,0.2024,
1235,3066,0.2014,
1235,8115,0.201,
1235,7825,0.2009,
1235,7973,0.2009,
1441,5081,0.1935,
1441,9452,0.1933,
1441,9407,0.1863,
1441,9388,0.1839,
1441,5583,0.1828,
1441,66,0.1826,
1441,2361,0.1817,
1441,8470,0.1811,
1441,4252,0.1809,
1441,8600,0.1803,
1441,993,0.1803,
1441,6643,0.1802,
1441,1598,0.1799,
1441,6614,0.1798,
1441,8662,0.1798,
1441,6613,0.1764,
1441,6264,0.1762,
1441,1771,0.1758,
1441,5094,0.1737,
1441,4057,0.1736,
1442,9288,0.2772,
1442,455,0.2666,
1442,1127,0.2656,
1442,4127,0.2622,
1442,918,0.2586,
1442,6742,0.2541,
1442,4582,0.2524,
1442,2252,0.2523,
1442,1083,0.2377,
1442,7824,0.2376,
1442,7278,0.2369,
1442,7500,0.2353,
1442,1400,0.2352,
1442,3517,0.2345,
1442,886,0.232,
1442,1000,0.2314,
1442,5938,0.2301,
1442,2175,0.2297,
1442,8250,0.229,
1442,8041,0.2286,
1443,355,0.2099,
1443,3516,0.2076,
1443,6835,0.2024,
1443,4127,0.1996,
1443,4553,0.1952,
1443,4565,0.1947,
1443,1913,0.1945,
1443,8905,0.1939,
1443,3506,0.1931,
1443,3770,0.1908,
1443,2175,0.1883,
1443,3842,0.1859,
1443,3057,0.1843,
1443,5189,0.1834,
1443,754,0.1832,
1443,7453,0.183,
1443,9288,0.1823,
1443,616,0.1821,
1443,9441,0.182,
1443,3530,0.1814,
1236,8433,0.2386,
1236,9062,0.2382,
1236,8769,0.2342,
1236,9384,0.2324,
1236,1858,0.2312,
1236,5943,0.2272,
1236,6442,0.2271,
1236,8067,0.2254,
1236,6444,0.2202,
1236,846,0.2194,
1236,6701,0.2192,
1236,2053,0.2163,
1236,6773,0.2148,
1236,9447,0.2137,
1236,6273,0.2134,
1236,4831,0.2111,
1236,1763,0.2092,
1236,919,0.2089,
1236,4819,0.2079,
1236,5990,0.2064,
1237,3303,0.2967,
1237,696,0.2943,
1237,857,0.2943,
1237,6268,0.29,
1237,7535,0.2881,
1237,299,0.2878,
1237,820,0.2852,
1237,923,0.2837,
1237,8517,0.2825,
1237,8328,0.2816,
1237,4826,0.2811,
1237,6943,0.2798,
1237,8424,0.2792,
1237,855,0.279,
1237,5193,0.2787,
1237,1988,0.2778,
1237,891,0.2771,
1237,2309,0.2768,
1237,7813,0.2768,
1237,8129,0.2759,
1238,8769,0.1755,
1238,9062,0.1633,
1238,6701,0.1603,
1238,1858,0.1587,
1238,3503,0.1572,
1238,7231,0.1546,
1238,3074,0.1535,
1238,4041,0.1489,
1238,4328,0.1474,
1238,5176,0.1471,
1238,8067,0.1458,
1238,4038,0.1456,
1238,913,0.1454,
1238,296,0.1453,
1238,5900,0.145,
1238,7371,0.1444,
1238,6472,0.1417,
1238,2764,0.141,
1238,194,0.1409,
1238,7070,0.1407,
1239,9394,0.2014,
1239,3516,0.1983,
1239,2461,0.1928,
1239,6803,0.1917,
1239,7628,0.1905,
1239,6241,0.1828,
1239,4057,0.1741,
1239,8693,0.1715,
1239,6998,0.1711,
1239,7126,0.17,
1239,355,0.1699,
1239,3903,0.1695,
1239,2926,0.1695,
1239,7737,0.1684,
1239,7070,0.166,
1239,2433,0.1657,
1239,3202,0.1646,
1239,951,0.1642,
1239,4488,0.164,
1239,4127,0.1636,
1240,3074,0.2144,
1240,7525,0.2071,
1240,7086,0.2048,
1240,2926,0.2046,
1240,3505,0.2025,
1240,3933,0.2021,
1240,2175,0.1988,
1240,3052,0.1968,
1240,624,0.1958,
1240,8769,0.1956,
1240,7371,0.194,
1240,6835,0.191,
1240,7214,0.1906,
1240,5559,0.1899,
1240,2764,0.1891,
1240,8763,0.1882,
1240,3815,0.1879,
1240,3783,0.1878,
1240,8130,0.187,
1240,919,0.186,
1241,5165,0.3218,
1241,8905,0.3073,
1241,7273,0.306,
1241,2127,0.3059,
1241,7523,0.3053,
1241,4553,0.3,
1241,5438,0.2996,
1241,3920,0.2953,
1241,3057,0.2915,
1241,6474,0.2905,
1241,2566,0.2899,
1241,3417,0.289,
1241,2874,0.2881,
1241,3436,0.285,
1241,4512,0.2835,
1241,5659,0.2835,
1241,3207,0.2831,
1241,355,0.2816,
1241,759,0.2794,
1241,754,0.2792,
1242,1162,0.216,
1242,334,0.2075,
1242,1859,0.2032,
1242,3039,0.2009,
1242,8481,0.1996,
1242,2240,0.1983,
1242,6818,0.1965,
1242,8192,0.1955,
1242,7923,0.1927,
1242,4962,0.1923,
1242,6754,0.1922,
1242,7317,0.1917,
1242,9034,0.1911,
1242,5397,0.1908,
1242,5356,0.1904,
1242,980,0.1889,
1242,9366,0.1884,
1242,3864,0.1883,
1242,6781,0.1875,
1242,5450,0.1861,
1244,5465,0.2482,
1244,455,0.2424,
1244,5081,0.2302,
1244,4127,0.2155,
1244,4744,0.2129,
1244,5716,0.2103,
1244,8888,0.2101,
1244,7836,0.2086,
1244,8592,0.2083,
1244,3457,0.2069,
1244,918,0.203,
1244,4727,0.1996,
1244,5930,0.1993,
1244,164,0.1988,
1244,5344,0.1959,
1244,7724,0.1943,
1244,2255,0.1932,
1244,54,0.1928,
1244,486,0.1924,
1244,5360,0.1919,
1245,534,0.2013,
1245,2019,0.1982,
1245,8273,0.1851,
1245,6747,0.1848,
1245,1858,0.1832,
1245,8769,0.1813,
1245,8353,0.1796,
1245,9070,0.1793,
1245,8978,0.1792,
1245,8763,0.1783,
1245,1636,0.1779,
1245,5590,0.1769,
1245,4364,0.1761,
1245,8295,0.1759,
1245,8806,0.1759,
1245,9447,0.1758,
1245,5176,0.1758,
1245,6469,0.1754,
1245,8276,0.1747,
1245,5647,0.1741,
1246,164,0.2348,
1246,5882,0.234,
1246,5081,0.2261,
1246,1215,0.2212,
1246,8980,0.2185,
1246,8592,0.2159,
1246,4057,0.2142,
1246,6174,0.2134,
1246,4531,0.2106,
1246,5189,0.209,
1246,2185,0.2086,
1246,1659,0.2075,
1246,5165,0.2073,
1246,455,0.2073,
1246,5465,0.2072,
1246,1908,0.2051,
1246,3345,0.2045,
1246,4483,0.2028,
1246,2724,0.2018,
1246,282,0.2012,
1247,9062,0.2191,
1247,7784,0.2156,
1247,4682,0.2037,
1247,6785,0.1969,
1247,2461,0.1925,
1247,7051,0.1884,
1247,6613,0.1852,
1247,9213,0.1837,
1247,8834,0.1813,
1247,2331,0.1801,
1247,5854,0.177,
1247,8067,0.1755,
1247,5261,0.1748,
1247,7070,0.1739,
1247,7568,0.1729,
1247,8433,0.172,
1247,9436,0.1718,
1247,7610,0.1705,
1247,8005,0.1699,
1247,6627,0.1694,
1248,9062,0.2383,
1248,1908,0.2194,
1248,7070,0.2178,
1248,8612,0.203,
1248,6442,0.2017,
1248,8067,0.2009,
1248,2008,0.1974,
1248,6627,0.194,
1248,7051,0.1921,
1248,5261,0.1914,
1248,4682,0.1909,
1248,7086,0.1887,
1248,3432,0.188,
1248,7568,0.188,
1248,8693,0.1873,
1248,951,0.1832,
1248,2461,0.1792,
1248,5639,0.179,
1248,1485,0.1772,
1248,4353,0.1771,
1273,7628,0.1675,
1273,4158,0.1628,
1273,7195,0.1492,
1273,2696,0.1452,
1273,8693,0.1449,
1273,9394,0.1419,
1273,5909,0.141,
1273,6463,0.1399,
1273,9062,0.1391,
1273,2461,0.1388,
1273,6998,0.1388,
1273,6941,0.1368,
1273,6664,0.1365,
1273,4299,0.1364,
1273,676,0.1352,
1273,5375,0.1349,
1273,2856,0.1348,
1273,6740,0.1347,
1273,1704,0.1336,
1273,2670,0.1335,
1249,9340,0.1709,
1249,7535,0.1678,
1249,478,0.1633,
1249,1813,0.1612,
1249,8992,0.1602,
1249,301,0.1598,
1249,9352,0.1557,
1249,5246,0.1551,
1249,5189,0.1549,
1249,1153,0.1544,
1249,3808,0.1539,
1249,8734,0.1512,
1249,8337,0.1498,
1249,3577,0.1488,
1249,2687,0.1483,
1249,8328,0.1472,
1249,4611,0.1465,
1249,396,0.1455,
1249,1309,0.1446,
1249,2011,0.1446,
1250,6973,0.2674,
1250,8054,0.2575,
1250,2536,0.2561,
1250,4291,0.2486,
1250,164,0.247,
1250,6310,0.2396,
1250,1000,0.235,
1250,7525,0.2347,
1250,78,0.2311,
1250,2145,0.2283,
1250,2642,0.2264,
1250,5882,0.2239,
1250,8267,0.2238,
1250,3787,0.2208,
1250,8087,0.2184,
1250,3066,0.2179,
1250,7901,0.2173,
1250,5344,0.2165,
1250,9234,0.2145,
1250,6835,0.2139,
1251,4553,0.2873,
1251,8585,0.279,
1251,2175,0.2713,
1251,3815,0.2705,
1251,9288,0.2675,
1251,409,0.2638,
1251,6212,0.2626,
1251,1000,0.2623,
1251,5484,0.2618,
1251,2252,0.2596,
1251,8087,0.2585,
1251,2156,0.2568,
1251,1220,0.2561,
1251,624,0.255,
1251,7879,0.2542,
1251,463,0.2532,
1251,5010,0.2525,
1251,8041,0.2523,
1251,1204,0.2506,
1251,7049,0.2503,
1252,8769,0.2786,
1252,8763,0.2581,
1252,1092,0.2539,
1252,4340,0.2448,
1252,5559,0.2437,
1252,6259,0.2431,
1252,5674,0.2424,
1252,4240,0.242,
1252,5761,0.2419,
1252,2255,0.2419,
1252,7207,0.2413,
1252,274,0.2386,
1252,8806,0.2383,
1252,3886,0.2378,
1252,8295,0.2375,
1252,2060,0.2371,
1252,6940,0.2371,
1252,6430,0.2363,
1252,1796,0.2361,
1252,787,0.2361,
1253,7628,0.2168,
1253,8118,0.205,
1253,6835,0.2037,
1253,3074,0.2001,
1253,3202,0.1997,
1253,7901,0.1969,
1253,7083,0.1931,
1253,155,0.1907,
1253,9436,0.1898,
1253,3933,0.1895,
1253,3744,0.1892,
1253,2385,0.189,
1253,7453,0.1865,
1253,2764,0.1865,
1253,2418,0.1863,
1253,9441,0.1862,
1253,4158,0.1858,
1253,2461,0.1857,
1253,8295,0.1856,
1253,1083,0.1856,
1254,291,0.2473,
1254,1639,0.2345,
1254,5183,0.2337,
1254,6104,0.2275,
1254,4751,0.2273,
1254,5533,0.2241,
1254,7825,0.2203,
1254,7870,0.2183,
1254,7782,0.2174,
1254,3527,0.2169,
1254,5376,0.2167,
1254,8267,0.213,
1254,8375,0.2118,
1254,6813,0.2117,
1254,2862,0.2105,
1254,1207,0.2102,
1254,1276,0.2088,
1254,9044,0.2081,
1254,3558,0.2076,
1254,6421,0.2073,
1476,7628,0.204,
1476,2461,0.1944,
1476,9062,0.1932,
1476,4158,0.1907,
1476,6803,0.179,
1476,5375,0.176,
1476,6941,0.1729,
1476,6442,0.1695,
1476,9394,0.1678,
1476,2344,0.1666,
1476,7051,0.1664,
1476,3202,0.166,
1476,2433,0.164,
1476,7070,0.1637,
1476,7600,0.1625,
1476,6329,0.1615,
1476,6836,0.1611,
1476,4035,0.1599,
1476,8067,0.1594,
1476,8693,0.1593,
1255,4275,0.3778,
1255,2158,0.3718,
1255,307,0.3712,
1255,2361,0.3633,
1255,6614,0.3599,
1255,5583,0.3597,
1255,9452,0.3578,
1255,5773,0.3491,
1255,2351,0.3474,
1255,983,0.3464,
1255,5548,0.3458,
1255,7447,0.3434,
1255,2875,0.3427,
1255,7853,0.3419,
1255,5969,0.341,
1255,8145,0.3409,
1255,1398,0.3403,
1255,5538,0.3403,
1255,4727,0.34,
1255,9135,0.3399,
1256,4127,0.2366,
1256,355,0.2356,
1256,9436,0.2278,
1256,7578,0.2187,
1256,2401,0.2179,
1256,8968,0.2158,
1256,850,0.2149,
1256,2433,0.2126,
1256,8965,0.2106,
1256,5448,0.2104,
1256,5967,0.2094,
1256,6225,0.2087,
1256,5343,0.2082,
1256,1054,0.208,
1256,2385,0.2076,
1256,3202,0.2072,
1256,4553,0.2071,
1256,7748,0.2064,
1256,155,0.2063,
1256,7453,0.2059,
1257,1908,0.2507,
1257,56,0.2367,
1257,7656,0.2345,
1257,9283,0.2337,
1257,4383,0.2335,
1257,7825,0.2319,
1257,1207,0.2287,
1257,1054,0.2284,
1257,2409,0.2272,
1257,4531,0.2251,
1257,1987,0.2236,
1257,6174,0.2235,
1257,6220,0.2234,
1257,9062,0.2232,
1257,7195,0.2226,
1257,3346,0.2225,
1257,7586,0.221,
1257,355,0.2209,
1257,7973,0.2204,
1257,6217,0.2189,
1258,9436,0.2364,
1258,3516,0.2248,
1258,355,0.2136,
1258,1083,0.2029,
1258,5529,0.2024,
1258,8834,0.2013,
1258,8518,0.1995,
1258,4608,0.1986,
1258,5642,0.1979,
1258,6613,0.197,
1258,1400,0.1936,
1258,2629,0.1935,
1258,5448,0.1933,
1258,9441,0.1909,
1258,338,0.1894,
1258,4057,0.1891,
1258,2174,0.1885,
1258,5165,0.1881,
1258,8471,0.1876,
1258,5189,0.1856,
1259,2687,0.2936,
1259,5246,0.2892,
1259,2240,0.2675,
1259,5450,0.2606,
1259,8620,0.2592,
1259,5554,0.2576,
1259,3375,0.2557,
1259,7014,0.2537,
1259,5089,0.2485,
1259,8720,0.2484,
1259,7813,0.2483,
1259,3552,0.248,
1259,3356,0.2474,
1259,1859,0.2455,
1259,8192,0.2433,
1259,7535,0.241,
1259,8579,0.2405,
1259,4736,0.2399,
1259,334,0.2373,
1259,8245,0.2367,
1274,8470,0.2308,
1274,8005,0.2264,
1274,3961,0.2243,
1274,5909,0.2137,
1274,8322,0.2133,
1274,3245,0.2124,
1274,2643,0.211,
1274,409,0.2082,
1274,1738,0.2063,
1274,2145,0.2023,
1274,5583,0.2005,
1274,8286,0.1998,
1274,4158,0.1993,
1274,7600,0.1992,
1274,8190,0.1988,
1274,2308,0.1975,
1274,7465,0.1966,
1274,3361,0.1964,
1274,6305,0.1943,
1274,5727,0.1937,
1260,8118,0.2593,
1260,4622,0.246,
1260,2926,0.2317,
1260,9070,0.2306,
1260,3261,0.2295,
1260,2764,0.2292,
1260,1636,0.229,
1260,919,0.2285,
1260,5590,0.2277,
1260,3933,0.2249,
1260,6701,0.2239,
1260,8978,0.2197,
1260,3074,0.2175,
1260,7828,0.2165,
1260,3052,0.2164,
1260,1858,0.2163,
1260,7758,0.2161,
1260,6109,0.2158,
1260,5900,0.2156,
1260,2053,0.2156,
1261,3245,0.2658,
1261,330,0.2487,
1261,8749,0.2482,
1261,8190,0.2435,
1261,7558,0.242,
1261,654,0.2376,
1261,4179,0.2291,
1261,7840,0.2282,
1261,7602,0.2278,
1261,409,0.2252,
1261,7961,0.2241,
1261,1478,0.2237,
1261,5036,0.222,
1261,8322,0.2178,
1261,5319,0.2173,
1261,5037,0.2168,
1261,4664,0.215,
1261,789,0.2146,
1261,9092,0.2143,
1261,7832,0.2128,
1262,5344,0.2308,
1262,4057,0.2147,
1262,8374,0.2054,
1262,6613,0.2029,
1262,7633,0.2027,
1262,8036,0.2002,
1262,6444,0.1988,
1262,2006,0.1952,
1262,5465,0.1947,
1262,4744,0.1926,
1262,1162,0.1926,
1262,6643,0.1923,
1262,3540,0.1916,
1262,5223,0.1901,
1262,4682,0.19,
1262,5708,0.1899,
1262,1062,0.1895,
1262,4848,0.1892,
1262,164,0.1861,
1262,9184,0.1852,
1263,2461,0.1429,
1263,5343,0.1384,
1263,6998,0.1337,
1263,6803,0.1334,
1263,9394,0.133,
1263,3516,0.1323,
1263,2344,0.1316,
1263,87,0.1288,
1263,9436,0.1279,
1263,2030,0.1272,
1263,5011,0.1272,
1263,239,0.1265,
1263,1054,0.1252,
1263,5155,0.1244,
1263,3346,0.124,
1263,3744,0.123,
1263,4346,0.1224,
1263,4876,0.1212,
1263,7453,0.1209,
1263,6309,0.1208,
1264,5465,0.27,
1264,4057,0.2667,
1264,5223,0.261,
1264,6613,0.2486,
1264,5494,0.2362,
1264,1162,0.2313,
1264,4514,0.2258,
1264,4127,0.2254,
1264,8374,0.2253,
1264,3772,0.2227,
1264,3516,0.2226,
1264,3961,0.2219,
1264,3540,0.221,
1264,5,0.2208,
1264,5708,0.2182,
1264,8470,0.2165,
1264,3787,0.2156,
1264,9388,0.2151,
1264,6643,0.2143,
1264,8005,0.2126,
1291,4275,0.3223,
1291,9452,0.3222,
1291,4514,0.3203,
1291,2158,0.3159,
1291,2351,0.3135,
1291,4744,0.3123,
1291,5971,0.3122,
1291,2606,0.3112,
1291,3540,0.3109,
1291,983,0.3108,
1291,4093,0.3094,
1291,2875,0.3092,
1291,8145,0.3089,
1291,9135,0.3086,
1291,7447,0.3085,
1291,7853,0.3085,
1291,1028,0.3084,
1291,4682,0.3084,
1291,5548,0.3084,
1291,1062,0.3082,
1265,7195,0.2448,
1265,3840,0.2419,
1265,5467,0.2413,
1265,6627,0.2399,
1265,882,0.2391,
1265,4299,0.2358,
1265,3871,0.2344,
1265,312,0.2339,
1265,5187,0.2315,
1265,3060,0.2313,
1265,2331,0.2299,
1265,9322,0.2293,
1265,9062,0.2274,
1265,3432,0.2268,
1265,4258,0.2257,
1265,3564,0.2256,
1265,5266,0.2229,
1265,3941,0.222,
1265,4657,0.2217,
1265,326,0.2209,
1266,8118,0.2816,
1266,8769,0.2707,
1266,6701,0.2601,
1266,7371,0.2521,
1266,2764,0.2401,
1266,3933,0.2367,
1266,6940,0.2336,
1266,8079,0.2308,
1266,6444,0.2289,
1266,5076,0.2278,
1266,7628,0.2247,
1266,5761,0.2215,
1266,5684,0.2214,
1266,1636,0.2212,
1266,4831,0.2211,
1266,9070,0.2201,
1266,5590,0.22,
1266,8978,0.2191,
1266,3693,0.2188,
1266,3052,0.2173,
1267,9407,0.3411,
1267,6614,0.3384,
1267,473,0.3331,
1267,5583,0.3326,
1267,4744,0.3325,
1267,9341,0.3282,
1267,2361,0.328,
1267,307,0.3279,
1267,6499,0.3258,
1267,3467,0.3253,
1267,9388,0.325,
1267,2545,0.3223,
1267,993,0.3219,
1267,2005,0.3206,
1267,5901,0.3202,
1267,7572,0.3191,
1267,8662,0.3187,
1267,3856,0.3184,
1267,3963,0.3181,
1267,6070,0.3171,
1268,3917,0.1806,
1268,3516,0.165,
1268,9436,0.1591,
1268,6294,0.156,
1268,5168,0.1539,
1268,8720,0.1528,
1268,4530,0.1481,
1268,3346,0.1461,
1268,7083,0.1455,
1268,4403,0.1426,
1268,5919,0.1417,
1268,1054,0.1402,
1268,5967,0.1384,
1268,4721,0.1375,
1268,606,0.1368,
1268,5619,0.136,
1268,7472,0.1356,
1268,2385,0.1346,
1268,3771,0.1342,
1268,5343,0.134,
1269,6940,0.2122,
1269,6444,0.2068,
1269,6701,0.1826,
1269,5559,0.1793,
1269,9447,0.1768,
1269,8978,0.1767,
1269,8769,0.1763,
1269,5344,0.1757,
1269,8036,0.1737,
1269,2255,0.1732,
1269,2053,0.173,
1269,919,0.1705,
1269,5106,0.1704,
1269,6127,0.1696,
1269,2060,0.1683,
1269,1292,0.1681,
1269,9070,0.1679,
1269,8374,0.1678,
1269,1636,0.1669,
1269,1846,0.1668,
1270,5790,0.3019,
1270,8620,0.3012,
1270,3650,0.2994,
1270,8579,0.292,
1270,8836,0.2918,
1270,5554,0.2915,
1270,248,0.2912,
1270,5543,0.2906,
1270,4302,0.2905,
1270,4074,0.2905,
1270,2911,0.2897,
1270,8720,0.2897,
1270,3552,0.2888,
1270,3287,0.2887,
1270,511,0.2868,
1270,8352,0.2864,
1270,9032,0.2861,
1270,5122,0.2856,
1270,2459,0.2848,
1270,4547,0.2841,
1271,3516,0.2249,
1271,4565,0.2146,
1271,2926,0.2142,
1271,8439,0.2015,
1271,3039,0.201,
1271,2175,0.2009,
1271,8192,0.1983,
1271,4127,0.1957,
1271,5189,0.1947,
1271,1083,0.1925,
1271,9436,0.1925,
1271,6021,0.1893,
1271,4057,0.1888,
1271,338,0.1882,
1271,8481,0.1877,
1271,2255,0.1868,
1271,7737,0.1867,
1271,1235,0.1866,
1271,9034,0.1848,
1271,5984,0.1841,
1272,2080,0.316,
1272,8322,0.2963,
1272,2643,0.2894,
1272,99,0.2847,
1272,409,0.2847,
1272,7964,0.2826,
1272,5001,0.2795,
1272,1337,0.2791,
1272,4370,0.272,
1272,8190,0.2685,
1272,5754,0.2611,
1272,2919,0.261,
1272,1508,0.2587,
1272,5882,0.257,
1272,973,0.2566,
1272,8410,0.2565,
1272,1659,0.2563,
1272,5405,0.2549,
1272,4091,0.2545,
1272,8470,0.2534,
1275,1330,0.2354,
1275,8067,0.2339,
1275,8888,0.2266,
1275,5189,0.2262,
1275,8834,0.2256,
1275,6174,0.2157,
1275,6904,0.2133,
1275,4531,0.2116,
1275,4057,0.2107,
1275,9062,0.209,
1275,3379,0.207,
1275,7486,0.2062,
1275,6442,0.2048,
1275,5894,0.2039,
1275,215,0.2035,
1275,7870,0.2035,
1275,2724,0.2031,
1275,6613,0.2005,
1275,9052,0.1969,
1275,7824,0.1951,
1276,2461,0.2161,
1276,6627,0.2134,
1276,5106,0.2115,
1276,8184,0.2054,
1276,1913,0.2027,
1276,5930,0.2017,
1276,919,0.2006,
1276,3693,0.1999,
1276,1083,0.1996,
1276,6940,0.199,
1276,8769,0.1988,
1276,616,0.1978,
1276,7794,0.1975,
1276,7628,0.1964,
1276,7195,0.1959,
1276,8036,0.1955,
1276,7371,0.1954,
1276,4041,0.1941,
1276,4622,0.1941,
1276,3202,0.1936,
1277,8118,0.2158,
1277,5559,0.2106,
1277,8769,0.1992,
1277,534,0.1986,
1277,4831,0.1949,
1277,7628,0.1939,
1277,9070,0.1913,
1277,8005,0.1911,
1277,8978,0.1883,
1277,1636,0.1878,
1277,5590,0.1867,
1277,2926,0.1861,
1277,8880,0.1843,
1277,8806,0.1841,
1277,3261,0.1839,
1277,7633,0.1827,
1277,1858,0.1793,
1277,1209,0.1792,
1277,1902,0.1791,
1277,6127,0.1787,
1278,2926,0.2675,
1278,5189,0.2668,
1278,4057,0.2547,
1278,8439,0.2409,
1278,8042,0.2335,
1278,5984,0.2334,
1278,3516,0.2323,
1278,4565,0.2287,
1278,6478,0.2266,
1278,2175,0.2238,
1278,9062,0.22,
1278,2859,0.2175,
1278,6517,0.2153,
1278,7737,0.2151,
1278,8992,0.2145,
1278,6542,0.2133,
1278,8206,0.2118,
1278,7973,0.2088,
1278,9447,0.2074,
1278,8769,0.2056,
1302,8834,0.2736,
1302,6613,0.2601,
1302,9436,0.2469,
1302,1162,0.236,
1302,8192,0.2329,
1302,334,0.2304,
1302,6433,0.2276,
1302,433,0.2276,
1302,5681,0.2254,
1302,4057,0.2197,
1302,3356,0.2184,
1302,5356,0.2171,
1302,5529,0.217,
1302,3039,0.2169,
1302,3864,0.2168,
1302,5189,0.2162,
1302,7824,0.2158,
1302,8481,0.2147,
1302,338,0.2137,
1302,5223,0.2131,
1303,8804,0.2466,
1303,7517,0.2352,
1303,246,0.2348,
1303,8115,0.2291,
1303,1908,0.2255,
1303,7747,0.2254,
1303,4231,0.2179,
1303,8530,0.2143,
1303,6050,0.212,
1303,8834,0.2117,
1303,8322,0.2113,
1303,5330,0.2091,
1303,455,0.2072,
1303,6362,0.2071,
1303,8301,0.2063,
1303,2008,0.2063,
1303,78,0.2061,
1303,5189,0.2058,
1303,216,0.2046,
1303,7824,0.2044,
1279,2687,0.2932,
1279,3552,0.2683,
1279,8540,0.2615,
1279,162,0.2565,
1279,2898,0.2524,
1279,4250,0.2502,
1279,8620,0.25,
1279,617,0.2462,
1279,6488,0.2456,
1279,3032,0.2448,
1279,1789,0.2438,
1279,9352,0.2428,
1279,4370,0.2427,
1279,2773,0.2426,
1279,322,0.2421,
1279,855,0.2419,
1279,8836,0.2406,
1279,7103,0.2401,
1279,8129,0.2397,
1279,6744,0.2395,
1280,3057,0.2574,
1280,5438,0.2511,
1280,3436,0.2511,
1280,4553,0.2488,
1280,7523,0.2457,
1280,8905,0.2455,
1280,2127,0.2417,
1280,3920,0.2394,
1280,2566,0.2393,
1280,355,0.2333,
1280,759,0.2326,
1280,4512,0.2321,
1280,2874,0.2313,
1280,3417,0.2312,
1280,6474,0.2299,
1280,5659,0.2292,
1280,754,0.229,
1280,6141,0.2243,
1280,8221,0.2237,
1280,5165,0.2222,
1281,9288,0.1726,
1281,3506,0.1724,
1281,6835,0.1713,
1281,78,0.1711,
1281,455,0.1707,
1281,1908,0.1703,
1281,7525,0.1702,
1281,4127,0.1669,
1281,7638,0.1667,
1281,8585,0.1656,
1281,683,0.1645,
1281,409,0.1639,
1281,1809,0.1628,
1281,1626,0.1604,
1281,4026,0.1597,
1281,918,0.1596,
1281,7399,0.1593,
1281,9247,0.159,
1281,1337,0.1589,
1281,8322,0.1577,
1282,6701,0.2364,
1282,8769,0.2361,
1282,7371,0.2168,
1282,2019,0.2137,
1282,8806,0.2105,
1282,3897,0.2099,
1282,5900,0.2089,
1282,1858,0.2086,
1282,8978,0.2082,
1282,9070,0.2068,
1282,6430,0.2062,
1282,1636,0.2041,
1282,1851,0.2035,
1282,5590,0.203,
1282,8067,0.2013,
1282,5761,0.2011,
1282,2331,0.2004,
1282,3261,0.1986,
1282,4143,0.1966,
1282,6747,0.196,
1283,736,0.2285,
1283,307,0.2144,
1283,3540,0.1998,
1283,8131,0.1969,
1283,5223,0.1951,
1283,9273,0.1876,
1283,6803,0.1862,
1283,7633,0.1822,
1283,5971,0.1817,
1283,5583,0.1812,
1283,4744,0.18,
1283,5081,0.1785,
1283,5465,0.1784,
1283,5048,0.1764,
1283,6643,0.1762,
1283,4727,0.1744,
1283,3489,0.1741,
1283,3787,0.1732,
1283,6613,0.1728,
1283,6614,0.1727,
1485,3516,0.1901,
1485,8992,0.1861,
1485,8439,0.1712,
1485,5984,0.1694,
1485,6997,0.1676,
1485,4114,0.1675,
1485,3356,0.1673,
1485,9436,0.1659,
1485,8192,0.1656,
1485,5189,0.162,
1485,4565,0.1603,
1485,7737,0.1584,
1485,6478,0.158,
1485,1427,0.155,
1485,6542,0.1548,
1485,5450,0.1544,
1485,1841,0.1542,
1485,701,0.1518,
1485,3039,0.1514,
1485,4523,0.1496,
1284,8410,0.2975,
1284,99,0.2919,
1284,1508,0.2896,
1284,3356,0.2821,
1284,1716,0.2728,
1284,5089,0.2725,
1284,4736,0.2678,
1284,1000,0.2676,
1284,6896,0.2663,
1284,9209,0.2659,
1284,2080,0.2657,
1284,973,0.2645,
1284,5882,0.2644,
1284,1741,0.2632,
1284,8245,0.2614,
1284,8980,0.2608,
1284,7909,0.2587,
1284,5754,0.2586,
1284,4667,0.258,
1284,5246,0.2571,
1285,78,0.3013,
1285,6835,0.284,
1285,6160,0.2834,
1285,9266,0.2775,
1285,3816,0.2749,
1285,7525,0.27,
1285,3506,0.2651,
1285,1004,0.2615,
1285,6217,0.2572,
1285,6173,0.2532,
1285,9431,0.2524,
1285,8322,0.2514,
1285,4834,0.2508,
1285,821,0.2469,
1285,8279,0.2462,
1285,3114,0.2458,
1285,4291,0.2455,
1285,3169,0.2454,
1285,8843,0.2437,
1285,295,0.2413,
1286,7628,0.2586,
1286,7195,0.2343,
1286,2461,0.2327,
1286,2401,0.2163,
1286,8968,0.2143,
1286,3202,0.2079,
1286,6740,0.2075,
1286,2433,0.2068,
1286,155,0.2068,
1286,7578,0.2061,
1286,6803,0.1978,
1286,850,0.1961,
1286,8965,0.1939,
1286,9049,0.1938,
1286,6463,0.1935,
1286,2696,0.1895,
1286,2344,0.1893,
1286,3136,0.1879,
1286,326,0.1874,
1286,3840,0.1832,
1287,8720,0.3056,
1287,5554,0.2872,
1287,8620,0.2737,
1287,4074,0.2728,
1287,4547,0.2715,
1287,4302,0.2707,
1287,5543,0.2704,
1287,9032,0.2678,
1287,511,0.2661,
1287,3650,0.2657,
1287,5122,0.2656,
1287,3287,0.265,
1287,2911,0.2649,
1287,8836,0.2647,
1287,248,0.2642,
1287,8579,0.264,
1287,2459,0.2624,
1287,8352,0.2622,
1287,2687,0.2606,
1287,7693,0.2583,
1288,6898,0.2721,
1288,7784,0.2435,
1288,2019,0.2369,
1288,520,0.2345,
1288,5943,0.231,
1288,3669,0.2282,
1288,6867,0.2271,
1288,4669,0.2259,
1288,122,0.2252,
1288,7740,0.2251,
1288,6164,0.2242,
1288,9359,0.2239,
1288,3172,0.2237,
1288,6829,0.2228,
1288,4956,0.2222,
1288,5520,0.2217,
1288,5735,0.2205,
1288,9384,0.2199,
1288,1747,0.2198,
1288,7216,0.219,
1289,9062,0.3048,
1289,8769,0.2878,
1289,3432,0.2792,
1289,7070,0.2777,
1289,6627,0.2706,
1289,7568,0.2624,
1289,5261,0.2611,
1289,4682,0.2499,
1289,2331,0.2496,
1289,8067,0.2476,
1289,6701,0.2452,
1289,8612,0.2396,
1289,7051,0.237,
1289,7231,0.2298,
1289,7371,0.2262,
1289,5609,0.2235,
1289,8433,0.2219,
1289,2461,0.2196,
1289,166,0.2175,
1289,5034,0.2154,
1290,1017,0.305,
1290,7248,0.2884,
1290,5272,0.2879,
1290,2071,0.2863,
1290,6438,0.2847,
1290,6563,0.2837,
1290,1573,0.2833,
1290,7043,0.2829,
1290,7186,0.2787,
1290,2719,0.2777,
1290,1563,0.2751,
1290,3526,0.2744,
1290,7735,0.2718,
1290,5129,0.2622,
1290,3459,0.258,
1290,2780,0.2564,
1290,7370,0.2486,
1290,3221,0.2443,
1290,4192,0.2442,
1290,5320,0.2432,
1292,3540,0.204,
1292,736,0.1956,
1292,5971,0.1916,
1292,5081,0.1866,
1292,8131,0.1855,
1292,8600,0.1852,
1292,8470,0.185,
1292,6613,0.1815,
1292,8374,0.1811,
1292,5583,0.1787,
1292,6614,0.1738,
1292,3787,0.1737,
1292,2361,0.1726,
1292,8067,0.1713,
1292,2302,0.1705,
1292,5716,0.1693,
1292,9388,0.1683,
1292,993,0.1678,
1292,3457,0.1663,
1292,473,0.1657,
1293,9062,0.2901,
1293,8067,0.2514,
1293,8693,0.2496,
1293,6442,0.246,
1293,4682,0.2438,
1293,8769,0.2348,
1293,4035,0.2275,
1293,7051,0.2203,
1293,3432,0.2172,
1293,7070,0.2168,
1293,4158,0.2149,
1293,6664,0.2146,
1293,7126,0.2136,
1293,1858,0.2133,
1293,7568,0.2114,
1293,3540,0.2105,
1293,4831,0.2098,
1293,307,0.2086,
1293,8005,0.2062,
1293,8118,0.2061,
1294,6444,0.23,
1294,2019,0.2235,
1294,2053,0.2142,
1294,919,0.213,
1294,846,0.2055,
1294,9447,0.2046,
1294,6701,0.1971,
1294,8806,0.1874,
1294,6898,0.1869,
1294,5868,0.1865,
1294,8769,0.1865,
1294,1858,0.1859,
1294,2891,0.1855,
1294,5761,0.1855,
1294,9070,0.1853,
1294,3836,0.1852,
1294,5990,0.1847,
1294,5344,0.1839,
1294,793,0.1836,
1294,3349,0.1825,
1295,7051,0.2887,
1295,3432,0.2772,
1295,5261,0.2651,
1295,6627,0.2618,
1295,2331,0.2597,
1295,9062,0.2582,
1295,2461,0.2535,
1295,7568,0.2417,
1295,8612,0.2379,
1295,7070,0.2301,
1295,1485,0.2238,
1295,166,0.2217,
1295,7231,0.2211,
1295,6322,0.2133,
1295,5609,0.213,
1295,1536,0.2043,
1295,5375,0.2035,
1295,7086,0.1995,
1295,7628,0.1987,
1295,1341,0.1958,
1318,6164,0.4145,
1318,7547,0.4044,
1318,729,0.389,
1318,3595,0.3884,
1318,8476,0.3856,
1318,7036,0.3856,
1318,3669,0.3851,
1318,9247,0.3826,
1318,1956,0.3823,
1318,122,0.3765,
1318,3240,0.3751,
1318,3172,0.3748,
1318,432,0.3744,
1318,7462,0.3733,
1318,7184,0.3718,
1318,1279,0.3711,
1318,3833,0.3707,
1318,1949,0.3696,
1318,8950,0.3691,
1318,4493,0.3691,
1296,6444,0.1934,
1296,5344,0.1853,
1296,9062,0.1809,
1296,4848,0.1795,
1296,3074,0.1778,
1296,3039,0.1759,
1296,8769,0.1744,
1296,846,0.1731,
1296,8036,0.173,
1296,919,0.1719,
1296,4892,0.1686,
1296,4682,0.1683,
1296,9184,0.1678,
1296,6627,0.1671,
1296,8202,0.1657,
1296,4291,0.1649,
1296,4720,0.1647,
1296,501,0.1637,
1296,1162,0.1634,
1296,7371,0.1633,
1297,967,0.2076,
1297,5246,0.1978,
1297,7317,0.1972,
1297,5450,0.1956,
1297,1859,0.1946,
1297,7923,0.1937,
1297,6341,0.1924,
1297,980,0.1921,
1297,2913,0.192,
1297,9366,0.1911,
1297,6781,0.1906,
1297,334,0.1901,
1297,5397,0.1899,
1297,9034,0.189,
1297,8192,0.1889,
1297,4962,0.187,
1297,6818,0.1864,
1297,1162,0.1856,
1297,6064,0.1855,
1297,8481,0.1853,
1298,6613,0.2019,
1298,8834,0.1865,
1298,5081,0.1794,
1298,7512,0.1768,
1298,4057,0.1728,
1298,2764,0.1724,
1298,6433,0.1683,
1298,5157,0.1654,
1298,307,0.1646,
1298,8679,0.1634,
1298,919,0.163,
1298,2629,0.1616,
1298,5223,0.1613,
1298,6935,0.1611,
1298,4237,0.161,
1298,9436,0.1607,
1298,338,0.1599,
1298,5553,0.1566,
1298,1162,0.1564,
1298,965,0.1558,
1299,9436,0.1822,
1299,3516,0.1804,
1299,8192,0.1764,
1299,1083,0.1758,
1299,7083,0.1739,
1299,1162,0.17,
1299,6613,0.1693,
1299,5930,0.1678,
1299,4057,0.1672,
1299,2373,0.1667,
1299,5157,0.1615,
1299,5168,0.1609,
1299,5223,0.1608,
1299,334,0.1603,
1299,8834,0.1571,
1299,7317,0.1564,
1299,5081,0.1563,
1299,4962,0.1562,
1299,5189,0.1528,
1299,5356,0.1528,
1300,1337,0.2056,
1300,239,0.2052,
1300,7453,0.2012,
1300,3516,0.1931,
1300,5930,0.1902,
1300,5967,0.1894,
1300,5343,0.1874,
1300,155,0.1867,
1300,3744,0.1839,
1300,7748,0.1839,
1300,9436,0.1834,
1300,1054,0.183,
1300,8965,0.1826,
1300,2385,0.1813,
1300,2433,0.18,
1300,1083,0.1796,
1300,4544,0.1773,
1300,1902,0.1767,
1300,9441,0.1765,
1300,8146,0.1761,
1301,2856,0.1811,
1301,1859,0.1723,
1301,2718,0.1721,
1301,7412,0.171,
1301,334,0.1651,
1301,3039,0.165,
1301,8834,0.1614,
1301,3068,0.1601,
1301,2783,0.1583,
1301,8192,0.157,
1301,1162,0.1562,
1301,9034,0.156,
1301,6754,0.1555,
1301,3258,0.1555,
1301,3864,0.1539,
1301,6164,0.1529,
1301,7923,0.1524,
1301,980,0.152,
1301,6996,0.1516,
1301,3209,0.1515,
1304,6975,0.2067,
1304,2008,0.2017,
1304,5034,0.1926,
1304,7278,0.1913,
1304,7737,0.1894,
1304,7638,0.1888,
1304,4622,0.1861,
1304,1127,0.1852,
1304,8436,0.1851,
1304,4489,0.1823,
1304,5223,0.1818,
1304,4688,0.1816,
1304,2926,0.1815,
1304,7634,0.1814,
1304,4565,0.1802,
1304,2255,0.1792,
1304,7070,0.176,
1304,4057,0.1749,
1304,918,0.1746,
1304,4979,0.1736,
1305,2433,0.1765,
1305,239,0.175,
1305,155,0.1706,
1305,7453,0.1685,
1305,3744,0.1672,
1305,1083,0.1667,
1305,1913,0.1664,
1305,8965,0.166,
1305,1081,0.1648,
1305,7578,0.1639,
1305,5619,0.1634,
1305,4127,0.16,
1305,2401,0.16,
1305,2668,0.1599,
1305,3917,0.1596,
1305,8146,0.1594,
1305,8079,0.1591,
1305,3516,0.1591,
1305,8968,0.1585,
1305,850,0.1578,
1306,9366,0.2753,
1306,8192,0.2671,
1306,980,0.2616,
1306,4618,0.2582,
1306,7923,0.2581,
1306,1859,0.2558,
1306,334,0.2503,
1306,1162,0.2484,
1306,5356,0.2475,
1306,9034,0.2466,
1306,6942,0.2462,
1306,4962,0.2457,
1306,6754,0.2453,
1306,6818,0.2447,
1306,7317,0.2443,
1306,6781,0.2443,
1306,5246,0.2433,
1306,5450,0.2425,
1306,3630,0.2415,
1306,3864,0.2403,
1307,4831,0.3583,
1307,414,0.3532,
1307,5900,0.3531,
1307,1869,0.352,
1307,95,0.3461,
1307,1636,0.3403,
1307,8769,0.3392,
1307,5590,0.3385,
1307,3261,0.338,
1307,3349,0.3356,
1307,5703,0.3337,
1307,8118,0.3307,
1307,5113,0.3306,
1307,6109,0.329,
1307,9070,0.328,
1307,8978,0.3274,
1307,6472,0.327,
1307,6701,0.3267,
1307,793,0.3262,
1307,1209,0.3254,
1308,6785,0.1786,
1308,9213,0.172,
1308,5465,0.1692,
1308,4127,0.1653,
1308,7633,0.16,
1308,4744,0.1575,
1308,7784,0.1574,
1308,8850,0.1572,
1308,5716,0.1567,
1308,5223,0.1556,
1308,5344,0.1549,
1308,3787,0.1531,
1308,7724,0.153,
1308,5583,0.1526,
1308,2255,0.1522,
1308,1083,0.1511,
1308,4057,0.1508,
1308,1902,0.1505,
1308,8036,0.1502,
1308,1913,0.15,
1374,7083,0.1891,
1374,3933,0.1844,
1374,5157,0.1742,
1374,1518,0.1596,
1374,6996,0.1579,
1374,2926,0.1571,
1374,2461,0.1569,
1374,3516,0.1553,
1374,401,0.1549,
1374,5559,0.1529,
1374,5552,0.1522,
1374,6694,0.1511,
1374,8769,0.1501,
1374,7992,0.1494,
1374,3202,0.1493,
1374,1902,0.1487,
1374,919,0.1483,
1374,9441,0.1483,
1374,3052,0.1475,
1374,8763,0.147,
1309,3646,0.2512,
1309,1859,0.2362,
1309,2256,0.2341,
1309,3517,0.2293,
1309,5053,0.2265,
1309,7462,0.2263,
1309,9034,0.2251,
1309,5356,0.2249,
1309,8251,0.217,
1309,8192,0.2159,
1309,7923,0.2158,
1309,7606,0.2156,
1309,3864,0.2135,
1309,4962,0.2129,
1309,8190,0.2127,
1309,6064,0.2127,
1309,8955,0.2118,
1309,9366,0.2117,
1309,6276,0.2108,
1309,334,0.2096,
1310,307,0.327,
1310,4093,0.3177,
1310,6614,0.3127,
1310,9452,0.3125,
1310,5583,0.3112,
1310,2770,0.3088,
1310,2158,0.307,
1310,4275,0.3065,
1310,2361,0.3053,
1310,473,0.3018,
1310,5901,0.2995,
1310,9407,0.2989,
1310,5548,0.2974,
1310,2351,0.297,
1310,1062,0.2959,
1310,4514,0.2952,
1310,4682,0.2949,
1310,2539,0.2944,
1310,3540,0.2944,
1310,3787,0.294,
1311,3516,0.2136,
1311,9436,0.2096,
1311,5619,0.1987,
1311,6803,0.1962,
1311,5168,0.196,
1311,4403,0.1944,
1311,3917,0.1934,
1311,1054,0.1931,
1311,7083,0.1916,
1311,1081,0.1901,
1311,5919,0.19,
1311,3346,0.187,
1311,1167,0.1847,
1311,4414,0.1797,
1311,2373,0.1795,
1311,606,0.1792,
1311,2735,0.1789,
1311,1074,0.1788,
1311,2330,0.1769,
1311,5967,0.1767,
1312,3853,0.3272,
1312,2528,0.2948,
1312,3391,0.2768,
1312,6369,0.2707,
1312,5534,0.2698,
1312,9153,0.2694,
1312,2722,0.2678,
1312,1957,0.2668,
1312,4239,0.264,
1312,8739,0.2555,
1312,8089,0.255,
1312,1413,0.2545,
1312,9288,0.25,
1312,7438,0.2468,
1312,7540,0.2438,
1312,4856,0.2433,
1312,4582,0.2376,
1312,1315,0.2369,
1312,3692,0.2355,
1312,8938,0.2328,
1313,4275,0.3328,
1313,5583,0.3177,
1313,2158,0.3156,
1313,9452,0.3153,
1313,6614,0.3141,
1313,2361,0.3131,
1313,9094,0.3116,
1313,3807,0.3108,
1313,7447,0.31,
1313,8551,0.3097,
1313,8648,0.3097,
1313,2539,0.3097,
1313,2351,0.3093,
1313,7416,0.3088,
1313,7853,0.3085,
1313,2435,0.3084,
1313,9135,0.3081,
1313,5548,0.308,
1313,66,0.3077,
1313,6001,0.3075,
1314,1902,0.2342,
1314,7083,0.2164,
1314,155,0.2142,
1314,3516,0.2009,
1314,4346,0.1971,
1314,5930,0.1966,
1314,5594,0.1961,
1314,5967,0.1957,
1314,6633,0.1953,
1314,1054,0.1944,
1314,2174,0.1928,
1314,7453,0.1924,
1314,4544,0.1918,
1314,1070,0.1915,
1314,1704,0.1915,
1314,2401,0.1905,
1314,4127,0.19,
1314,5106,0.1898,
1314,5343,0.1895,
1314,8968,0.1887,
1315,2467,0.2606,
1315,9321,0.2528,
1315,409,0.2481,
1315,8054,0.2448,
1315,4818,0.2442,
1315,3815,0.2397,
1315,2543,0.2389,
1315,8087,0.238,
1315,88,0.2378,
1315,8166,0.2348,
1315,5750,0.2333,
1315,7152,0.2312,
1315,6212,0.2297,
1315,9016,0.2294,
1315,463,0.2246,
1315,4782,0.2244,
1315,4346,0.2233,
1315,7525,0.222,
1315,6172,0.2218,
1315,5921,0.2209,
1316,5246,0.3323,
1316,334,0.3069,
1316,7923,0.3059,
1316,980,0.2993,
1316,1859,0.2988,
1316,967,0.2985,
1316,6818,0.2972,
1316,9366,0.297,
1316,5450,0.2953,
1316,8192,0.2937,
1316,6754,0.2915,
1316,1162,0.2914,
1316,3630,0.2905,
1316,7317,0.2898,
1316,9034,0.287,
1316,6781,0.2851,
1316,5397,0.2835,
1316,3864,0.283,
1316,4962,0.2817,
1316,6942,0.2801,
1317,3989,0.2368,
1317,2724,0.226,
1317,334,0.2244,
1317,1162,0.2218,
1317,8192,0.2165,
1317,3039,0.2146,
1317,3864,0.2128,
1317,8481,0.2118,
1317,5356,0.2098,
1317,6174,0.2096,
1317,2536,0.2096,
1317,3840,0.2077,
1317,4299,0.2056,
1317,8834,0.2055,
1317,1859,0.2053,
1317,8267,0.2044,
1317,9062,0.2041,
1317,9034,0.202,
1317,9234,0.2012,
1317,6754,0.2003,
1319,463,0.205,
1319,4818,0.1998,
1319,3815,0.1994,
1319,6830,0.197,
1319,8041,0.1946,
1319,5794,0.1881,
1319,7086,0.1878,
1319,4582,0.1872,
1319,8466,0.1836,
1319,1902,0.182,
1319,3161,0.1816,
1319,7867,0.1813,
1319,2252,0.1808,
1319,5967,0.1805,
1319,9288,0.1803,
1319,1000,0.1795,
1319,7044,0.1791,
1319,2901,0.1775,
1319,1335,0.1762,
1319,7879,0.1759,
1320,5583,0.2768,
1320,3457,0.2651,
1320,433,0.2614,
1320,2145,0.26,
1320,6614,0.2597,
1320,3787,0.2573,
1320,5716,0.2542,
1320,473,0.2533,
1320,8374,0.2527,
1320,6849,0.2509,
1320,8470,0.2488,
1320,8600,0.2466,
1320,8662,0.2442,
1320,2361,0.2428,
1320,2308,0.2426,
1320,5901,0.2426,
1320,5293,0.2423,
1320,684,0.242,
1320,3066,0.241,
1320,1771,0.2409,
1321,8433,0.2422,
1321,9062,0.2359,
1321,9384,0.2348,
1321,5943,0.23,
1321,8769,0.224,
1321,6442,0.2232,
1321,8067,0.2215,
1321,1858,0.2202,
1321,846,0.2202,
1321,6273,0.2134,
1321,6444,0.2114,
1321,6701,0.208,
1321,6773,0.2065,
1321,5990,0.2064,
1321,2136,0.2059,
1321,6315,0.2058,
1321,5233,0.1999,
1321,8476,0.1987,
1321,919,0.1985,
1321,4831,0.1973,
1322,5930,0.1888,
1322,7252,0.1768,
1322,9213,0.1714,
1322,8592,0.1688,
1322,2461,0.1682,
1322,8036,0.1673,
1322,7784,0.1665,
1322,5854,0.1662,
1322,5990,0.1662,
1322,919,0.1655,
1322,5081,0.1651,
1322,7051,0.1616,
1322,616,0.1602,
1322,8070,0.1595,
1322,6839,0.1594,
1322,6803,0.1578,
1322,7195,0.1571,
1322,9062,0.1571,
1322,5192,0.1557,
1322,2185,0.1538,
1323,1859,0.254,
1323,360,0.2525,
1323,7964,0.2488,
1323,1162,0.2415,
1323,5,0.2413,
1323,8470,0.2373,
1323,202,0.2373,
1323,5098,0.2288,
1323,3039,0.2287,
1323,334,0.2261,
1323,7548,0.2241,
1323,8600,0.2226,
1323,9185,0.2207,
1323,8322,0.2201,
1323,6867,0.2187,
1323,5246,0.2176,
1323,6898,0.2167,
1323,5990,0.2167,
1323,7923,0.2165,
1323,7791,0.2162,
1324,1577,0.3133,
1324,99,0.3068,
1324,1000,0.2953,
1324,7695,0.2912,
1324,3815,0.2883,
1324,9364,0.2879,
1324,4223,0.2808,
1324,3097,0.2804,
1324,5973,0.2778,
1324,973,0.2768,
1324,7212,0.2758,
1324,6819,0.2757,
1324,5754,0.2732,
1324,7996,0.2725,
1324,7044,0.2694,
1324,5089,0.2694,
1324,6310,0.2683,
1324,1508,0.2659,
1324,5790,0.265,
1324,4013,0.2642,
1531,2373,0.1617,
1531,8551,0.1602,
1531,4490,0.1577,
1531,534,0.1526,
1531,2461,0.1409,
1531,4682,0.1396,
1531,622,0.1391,
1531,8857,0.1371,
1531,8769,0.135,
1531,2813,0.133,
1531,6072,0.13,
1531,8457,0.1287,
1531,7543,0.1281,
1531,2434,0.1258,
1531,4271,0.1238,
1531,5149,0.1231,
1531,2764,0.1208,
1531,6613,0.1191,
1531,2926,0.119,
1531,4451,0.1186,
1532,9062,0.3025,
1532,8067,0.254,
1532,1908,0.2539,
1532,4158,0.2531,
1532,6442,0.2502,
1532,7870,0.2412,
1532,6174,0.2411,
1532,7883,0.2374,
1532,4531,0.2342,
1532,4175,0.233,
1532,6627,0.2324,
1532,7824,0.2298,
1532,3989,0.2289,
1532,7973,0.2279,
1532,7825,0.2276,
1532,7568,0.2265,
1532,7070,0.2236,
1532,4885,0.2234,
1532,8693,0.2228,
1532,8834,0.2225,
1533,2561,0.2758,
1533,4611,0.272,
1533,6212,0.2578,
1533,8087,0.2558,
1533,7380,0.2553,
1533,3815,0.252,
1533,1317,0.2501,
1533,3531,0.2489,
1533,7044,0.2476,
1533,7768,0.2456,
1533,8670,0.245,
1533,8337,0.2448,
1533,396,0.2445,
1533,5088,0.2431,
1533,4405,0.2424,
1533,9340,0.2414,
1533,183,0.2409,
1533,6278,0.2409,
1533,7525,0.2395,
1533,8182,0.2394,
1325,455,0.2198,
1325,8436,0.2044,
1325,2255,0.2023,
1325,5465,0.2002,
1325,7273,0.1964,
1325,9288,0.1928,
1325,5165,0.1918,
1325,3057,0.1897,
1325,8240,0.1893,
1325,918,0.189,
1325,2127,0.187,
1325,4553,0.1817,
1325,5189,0.1808,
1325,7874,0.1801,
1325,6742,0.1795,
1325,2926,0.1787,
1325,916,0.1784,
1325,7160,0.1776,
1325,8905,0.177,
1325,7500,0.176,
1326,736,0.2823,
1326,8131,0.2665,
1326,3540,0.2665,
1326,2770,0.2337,
1326,3807,0.2315,
1326,1545,0.2305,
1326,5773,0.23,
1326,6499,0.2267,
1326,7265,0.226,
1326,307,0.2256,
1326,9094,0.2246,
1326,5538,0.2227,
1326,4275,0.2218,
1326,2158,0.2213,
1326,1743,0.2195,
1326,5548,0.2177,
1326,7672,0.2175,
1326,2351,0.217,
1326,2074,0.2164,
1326,7633,0.2162,
1327,3770,0.227,
1327,6072,0.227,
1327,3112,0.2259,
1327,1674,0.2161,
1327,6146,0.2103,
1327,3335,0.1962,
1327,6676,0.1941,
1327,2315,0.1881,
1327,3517,0.1838,
1327,1809,0.1835,
1327,9413,0.1814,
1327,8190,0.18,
1327,3571,0.1789,
1327,8054,0.1789,
1327,1670,0.1787,
1327,8513,0.1779,
1327,7901,0.175,
1327,7496,0.174,
1327,5016,0.1735,
1327,4674,0.1731,
1328,5554,0.3857,
1328,5790,0.3835,
1328,8620,0.3743,
1328,3650,0.3718,
1328,8579,0.3697,
1328,8720,0.3689,
1328,2911,0.3649,
1328,4074,0.3645,
1328,9032,0.3644,
1328,2459,0.3642,
1328,5122,0.3634,
1328,248,0.3633,
1328,4302,0.3633,
1328,2687,0.3627,
1328,5543,0.3626,
1328,511,0.3624,
1328,4547,0.361,
1328,3287,0.3588,
1328,3552,0.3585,
1328,8836,0.357,
1329,282,0.2332,
1329,5716,0.2317,
1329,1207,0.2317,
1329,215,0.2303,
1329,8064,0.229,
1329,7617,0.2255,
1329,7973,0.2214,
1329,1908,0.2207,
1329,5349,0.2198,
1329,5494,0.2184,
1329,5635,0.2181,
1329,6208,0.2174,
1329,8834,0.2174,
1329,4383,0.2167,
1329,9052,0.2148,
1329,5586,0.2139,
1329,4751,0.2136,
1329,8804,0.2136,
1329,8115,0.213,
1329,6960,0.2128,
1330,307,0.2471,
1330,736,0.2443,
1330,6613,0.233,
1330,5157,0.2281,
1330,3787,0.2256,
1330,8679,0.2126,
1330,4744,0.2124,
1330,6643,0.2121,
1330,6442,0.2117,
1330,6614,0.2069,
1330,4514,0.2059,
1330,7917,0.2039,
1330,5583,0.2028,
1330,66,0.2024,
1330,5901,0.2023,
1330,2160,0.202,
1330,5971,0.2019,
1330,6499,0.2018,
1330,2158,0.1999,
1330,1330,0.1986,
1331,2175,0.261,
1331,7879,0.2524,
1331,2926,0.2385,
1331,8042,0.2346,
1331,5189,0.2301,
1331,4582,0.2295,
1331,3516,0.2265,
1331,4057,0.225,
1331,4565,0.2219,
1331,2764,0.2207,
1331,8834,0.2204,
1331,7044,0.2202,
1331,1345,0.2191,
1331,5010,0.2189,
1331,6164,0.2174,
1331,2859,0.2159,
1331,338,0.2156,
1331,6478,0.2153,
1331,8992,0.2142,
1331,8481,0.2134,
1332,1902,0.2059,
1332,1241,0.2047,
1332,5559,0.2044,
1332,8066,0.2036,
1332,5186,0.1991,
1332,7901,0.1952,
1332,7288,0.1951,
1332,4818,0.1948,
1332,7736,0.1927,
1332,8500,0.1906,
1332,2536,0.1893,
1332,9061,0.1843,
1332,2418,0.1832,
1332,1292,0.1807,
1332,3576,0.1795,
1332,8054,0.1776,
1332,1379,0.1774,
1332,3844,0.1754,
1332,5967,0.175,
1332,5030,0.1745,
1333,8067,0.2768,
1333,4489,0.2543,
1333,6701,0.2511,
1333,7371,0.2327,
1333,8769,0.2318,
1333,3074,0.2317,
1333,9062,0.2299,
1333,6470,0.2299,
1333,3120,0.2289,
1333,6517,0.2243,
1333,3946,0.2236,
1333,3540,0.2235,
1333,4622,0.222,
1333,7273,0.2218,
1333,5034,0.2202,
1333,6430,0.2185,
1333,9422,0.218,
1333,3897,0.2175,
1333,1689,0.2149,
1333,2926,0.2142,
1334,872,0.3024,
1334,5808,0.2971,
1334,3697,0.2895,
1334,8830,0.2882,
1334,5190,0.2804,
1334,5668,0.28,
1334,8771,0.2791,
1334,5125,0.2791,
1334,3599,0.2746,
1334,6605,0.2745,
1334,5621,0.2733,
1334,3612,0.2721,
1334,4783,0.2711,
1334,8512,0.2701,
1334,9169,0.2699,
1334,5671,0.2698,
1334,8595,0.2681,
1334,3027,0.2676,
1334,7961,0.2676,
1334,1674,0.2676,
1335,2926,0.1688,
1335,3516,0.1652,
1335,6430,0.1407,
1335,2764,0.1404,
1335,8224,0.139,
1335,4403,0.1375,
1335,9436,0.1344,
1335,776,0.1326,
1335,1359,0.1323,
1335,8571,0.1322,
1335,8382,0.1302,
1335,7737,0.1302,
1335,3933,0.1298,
1335,6997,0.1282,
1335,5189,0.1266,
1335,4114,0.1264,
1335,6862,0.1262,
1335,5619,0.1256,
1335,4691,0.1243,
1335,1465,0.124,
1336,7728,0.2751,
1336,6996,0.265,
1336,8440,0.2363,
1336,4498,0.2313,
1336,3440,0.2259,
1336,282,0.2242,
1336,3505,0.2238,
1336,2312,0.2214,
1336,2741,0.2197,
1336,4259,0.2195,
1336,401,0.2185,
1336,2147,0.2183,
1336,2536,0.218,
1336,64,0.2179,
1336,2593,0.2178,
1336,8065,0.217,
1336,1071,0.217,
1336,562,0.2159,
1336,5157,0.2085,
1336,1978,0.2072,
1337,8769,0.2573,
1337,6701,0.2497,
1337,5559,0.2418,
1337,2019,0.2361,
1337,2461,0.2324,
1337,8276,0.2295,
1337,8978,0.2277,
1337,3202,0.227,
1337,4474,0.2252,
1337,5868,0.2244,
1337,9070,0.2228,
1337,6430,0.2216,
1337,8118,0.2196,
1337,1636,0.2188,
1337,5590,0.2176,
1337,5505,0.2167,
1337,5900,0.2153,
1337,8763,0.2149,
1337,8806,0.2137,
1337,7491,0.2136,
1338,4682,0.2038,
1338,5081,0.1988,
1338,6613,0.195,
1338,433,0.1949,
1338,164,0.1903,
1338,1545,0.1891,
1338,5708,0.1885,
1338,5927,0.1868,
1338,3151,0.1861,
1338,307,0.1856,
1338,9452,0.1832,
1338,4275,0.1822,
1338,5519,0.1821,
1338,1734,0.1816,
1338,9062,0.1808,
1338,4744,0.1807,
1338,3244,0.1806,
1338,5223,0.1801,
1338,3961,0.18,
1338,3652,0.1789,
1339,8447,0.2391,
1339,7919,0.2284,
1339,7652,0.2267,
1339,2589,0.2195,
1339,6316,0.2163,
1339,8481,0.2144,
1339,9071,0.2131,
1339,2591,0.2114,
1339,4553,0.2112,
1339,352,0.2071,
1339,2045,0.2068,
1339,1162,0.2065,
1339,868,0.2064,
1339,2420,0.2032,
1339,5356,0.2029,
1339,5165,0.2023,
1339,7389,0.2007,
1339,334,0.1997,
1339,7965,0.1993,
1339,9288,0.1993,
1340,5866,0.2429,
1340,4772,0.2398,
1340,4383,0.2382,
1340,7586,0.2325,
1340,8750,0.2316,
1340,2714,0.2228,
1340,6707,0.2186,
1340,6021,0.2152,
1340,5032,0.2132,
1340,3516,0.2131,
1340,4368,0.2106,
1340,1825,0.2091,
1340,8271,0.209,
1340,5907,0.2075,
1340,1463,0.2074,
1340,925,0.2065,
1340,5308,0.2057,
1340,2124,0.2037,
1340,8501,0.2031,
1340,3463,0.2019,
1375,3998,0.3174,
1375,2981,0.2775,
1375,1797,0.2604,
1375,3365,0.2498,
1375,7288,0.2398,
1375,1878,0.2391,
1375,7736,0.2308,
1375,6310,0.2296,
1375,6068,0.2226,
1375,3711,0.2215,
1375,5722,0.2199,
1375,878,0.2134,
1375,2007,0.212,
1375,4320,0.2088,
1375,3374,0.2076,
1375,1524,0.2069,
1375,230,0.2052,
1375,6745,0.2052,
1375,491,0.2034,
1375,9207,0.2029,
1341,5223,0.2788,
1341,5465,0.2627,
1341,5494,0.2545,
1341,7278,0.2422,
1341,1083,0.2384,
1341,4057,0.2362,
1341,4127,0.2258,
1341,7824,0.2249,
1341,1629,0.2245,
1341,6975,0.2226,
1341,3646,0.2217,
1341,364,0.2203,
1341,918,0.2201,
1341,8470,0.2173,
1341,4688,0.2164,
1341,3772,0.2162,
1341,9337,0.2161,
1341,7634,0.2161,
1341,5236,0.2144,
1341,8471,0.2136,
1342,11,0.2029,
1342,4720,0.1913,
1342,846,0.1777,
1342,5733,0.1763,
1342,9184,0.1722,
1342,4848,0.1685,
1342,7216,0.1681,
1342,3882,0.1676,
1342,8456,0.1653,
1342,7075,0.1593,
1342,7177,0.1584,
1342,3897,0.1551,
1342,5998,0.1549,
1342,8467,0.1526,
1342,8505,0.1523,
1342,3140,0.1517,
1342,6561,0.1516,
1342,2863,0.1515,
1342,4986,0.1508,
1342,1047,0.1507,
1343,4553,0.2427,
1343,355,0.2378,
1343,8905,0.2292,
1343,5438,0.229,
1343,3057,0.2284,
1343,5999,0.2274,
1343,3436,0.2273,
1343,6474,0.2266,
1343,7523,0.2162,
1343,998,0.2147,
1343,3207,0.2142,
1343,754,0.2139,
1343,2566,0.2129,
1343,5165,0.2114,
1343,5659,0.2109,
1343,8481,0.209,
1343,4512,0.2059,
1343,8192,0.2057,
1343,8041,0.2057,
1343,7273,0.2044,
1344,3057,0.2725,
1344,8905,0.2657,
1344,5438,0.2644,
1344,6474,0.2621,
1344,7523,0.2593,
1344,3436,0.2566,
1344,2127,0.253,
1344,355,0.2514,
1344,3207,0.2508,
1344,3920,0.2473,
1344,4512,0.2458,
1344,5165,0.245,
1344,2874,0.2447,
1344,4553,0.2447,
1344,6141,0.2404,
1344,5659,0.2403,
1344,3417,0.24,
1344,6376,0.2383,
1344,754,0.2383,
1344,8221,0.2365,
1345,3668,0.2758,
1345,2687,0.2699,
1345,7939,0.264,
1345,5554,0.259,
1345,1135,0.2576,
1345,8410,0.2548,
1345,3552,0.2535,
1345,3870,0.2505,
1345,2445,0.2494,
1345,7014,0.2477,
1345,177,0.2475,
1345,346,0.2459,
1345,4667,0.2459,
1345,8620,0.2431,
1345,6716,0.2429,
1345,6122,0.24,
1345,8985,0.2392,
1345,471,0.2389,
1345,6819,0.2368,
1345,3960,0.236,
1346,1809,0.3348,
1346,3027,0.3268,
1346,7961,0.3237,
1346,3731,0.3058,
1346,1983,0.3033,
1346,213,0.2988,
1346,1530,0.2953,
1346,498,0.2947,
1346,1478,0.2934,
1346,1780,0.2924,
1346,6224,0.2875,
1346,547,0.2855,
1346,8190,0.2833,
1346,926,0.2818,
1346,6276,0.2792,
1346,7003,0.2787,
1346,5825,0.2787,
1346,7638,0.278,
1346,7921,0.2762,
1346,6180,0.2758,
1347,4736,0.3529,
1347,5932,0.2885,
1347,7662,0.282,
1347,6100,0.2787,
1347,99,0.2774,
1347,1309,0.2761,
1347,5089,0.2752,
1347,8653,0.2716,
1347,4013,0.2667,
1347,7843,0.2662,
1347,7765,0.2642,
1347,42,0.2618,
1347,8764,0.2609,
1347,8179,0.2608,
1347,17,0.2594,
1347,5469,0.2591,
1347,3156,0.2584,
1347,6716,0.2582,
1347,8410,0.2579,
1347,5754,0.2575,
1348,3039,0.1962,
1348,8192,0.1942,
1348,1162,0.194,
1348,6935,0.1909,
1348,2554,0.1835,
1348,334,0.1819,
1348,274,0.1759,
1348,2429,0.1757,
1348,7923,0.1753,
1348,5,0.1733,
1348,8481,0.1722,
1348,3864,0.1708,
1348,980,0.1698,
1348,4057,0.1698,
1348,3516,0.169,
1348,5397,0.1681,
1348,1081,0.168,
1348,6942,0.168,
1348,1859,0.1679,
1348,6613,0.1673,
1349,432,0.3433,
1349,6083,0.3374,
1349,6867,0.3367,
1349,6786,0.3328,
1349,7964,0.3296,
1349,5735,0.3295,
1349,4138,0.3272,
1349,8042,0.3261,
1349,3258,0.3256,
1349,5737,0.3241,
1349,1369,0.3238,
1349,8151,0.3224,
1349,520,0.3189,
1349,8624,0.3188,
1349,4155,0.3186,
1349,3857,0.3182,
1349,4894,0.3181,
1349,737,0.3177,
1349,3580,0.3173,
1349,5098,0.3172,
1350,6472,0.3333,
1350,8769,0.3275,
1350,3933,0.326,
1350,5761,0.3241,
1350,3052,0.3238,
1350,6940,0.3223,
1350,4041,0.3214,
1350,3074,0.3203,
1350,8806,0.3196,
1350,95,0.3188,
1350,8118,0.3184,
1350,7758,0.3177,
1350,7132,0.3175,
1350,4240,0.3164,
1350,4317,0.3159,
1350,2764,0.3159,
1350,6701,0.3158,
1350,8763,0.3154,
1350,1636,0.3139,
1350,5590,0.3122,
1351,3345,0.2063,
1351,6423,0.2032,
1351,3842,0.203,
1351,1341,0.202,
1351,616,0.1995,
1351,4115,0.1952,
1351,5803,0.1892,
1351,8980,0.1886,
1351,7037,0.1882,
1351,8192,0.1872,
1351,1659,0.1857,
1351,1913,0.1856,
1351,2240,0.1849,
1351,5882,0.1845,
1351,9309,0.1836,
1351,3039,0.1836,
1351,7702,0.1835,
1351,3668,0.1828,
1351,8184,0.1811,
1351,9034,0.1809,
1352,8087,0.211,
1352,7525,0.2035,
1352,3815,0.1932,
1352,4818,0.1926,
1352,4553,0.1917,
1352,9288,0.1866,
1352,624,0.1843,
1352,7879,0.1839,
1352,78,0.1831,
1352,7973,0.1831,
1352,6441,0.1822,
1352,8174,0.182,
1352,4291,0.1805,
1352,2182,0.1804,
1352,2252,0.1802,
1352,6212,0.1799,
1352,7044,0.1774,
1352,6792,0.1743,
1352,6386,0.1741,
1352,6663,0.1739,
1353,7648,0.2289,
1353,8267,0.2042,
1353,5183,0.2035,
1353,78,0.1989,
1353,7973,0.1973,
1353,6174,0.1967,
1353,3973,0.1905,
1353,2510,0.1902,
1353,7076,0.1893,
1353,6421,0.1888,
1353,3527,0.1887,
1353,3991,0.1881,
1353,1276,0.1878,
1353,9044,0.1876,
1353,1424,0.1874,
1353,6753,0.1869,
1353,4739,0.1865,
1353,3598,0.1858,
1353,2862,0.1841,
1353,7782,0.1836,
1354,3540,0.1776,
1354,8131,0.1768,
1354,736,0.1766,
1354,5085,0.1614,
1354,5708,0.1607,
1354,5048,0.1594,
1354,920,0.1585,
1354,9452,0.1537,
1354,7724,0.1506,
1354,5223,0.1502,
1354,307,0.1495,
1354,6586,0.1484,
1354,8067,0.1434,
1354,164,0.143,
1354,6904,0.1425,
1354,1330,0.1414,
1354,4275,0.1407,
1354,8551,0.137,
1354,983,0.1363,
1354,4715,0.1356,
1355,8620,0.273,
1355,9032,0.2702,
1355,5790,0.2689,
1355,8579,0.2687,
1355,4074,0.2685,
1355,4302,0.2676,
1355,4547,0.2659,
1355,3650,0.2643,
1355,2911,0.2615,
1355,5543,0.2612,
1355,248,0.2611,
1355,3287,0.2605,
1355,8352,0.2596,
1355,8836,0.259,
1355,511,0.259,
1355,2459,0.2579,
1355,5122,0.2575,
1355,8720,0.2571,
1355,3552,0.2549,
1355,193,0.2543,
1356,846,0.2169,
1356,5990,0.2114,
1356,4848,0.2111,
1356,5413,0.2077,
1356,6444,0.206,
1356,5344,0.2048,
1356,885,0.2016,
1356,6963,0.201,
1356,919,0.2009,
1356,8438,0.2009,
1356,8592,0.2008,
1356,8070,0.1965,
1356,4058,0.1963,
1356,5081,0.1959,
1356,8202,0.1942,
1356,8036,0.1926,
1356,4720,0.1912,
1356,2979,0.1885,
1356,501,0.1876,
1356,7252,0.1852,
1357,5438,0.1931,
1357,3057,0.1883,
1357,3436,0.1851,
1357,3207,0.1839,
1357,8905,0.1808,
1357,3417,0.1802,
1357,7523,0.1798,
1357,4512,0.175,
1357,6084,0.175,
1357,355,0.1746,
1357,3920,0.1746,
1357,6474,0.1745,
1357,2874,0.1733,
1357,2127,0.1728,
1357,5165,0.172,
1357,754,0.1715,
1357,6141,0.1697,
1357,3989,0.1668,
1357,759,0.1662,
1357,5659,0.1658,
1358,2019,0.2682,
1358,919,0.2586,
1358,2053,0.2417,
1358,6701,0.2415,
1358,9447,0.2402,
1358,6127,0.2396,
1358,9070,0.2379,
1358,4622,0.2362,
1358,6259,0.236,
1358,1846,0.2352,
1358,6444,0.2347,
1358,5900,0.234,
1358,5603,0.2334,
1358,1858,0.232,
1358,6109,0.2286,
1358,5660,0.2283,
1358,8806,0.2281,
1358,8769,0.2278,
1358,4263,0.2277,
1358,5761,0.2277,
1359,3432,0.2846,
1359,9062,0.2649,
1359,6627,0.2644,
1359,7568,0.261,
1359,5261,0.2592,
1359,4682,0.2553,
1359,8612,0.2546,
1359,7051,0.249,
1359,7070,0.2485,
1359,2461,0.2421,
1359,2331,0.2408,
1359,7231,0.2316,
1359,5609,0.2265,
1359,166,0.2217,
1359,1536,0.2141,
1359,1485,0.2138,
1359,6322,0.2136,
1359,1931,0.2058,
1359,7086,0.1974,
1359,8769,0.1936,
1360,6996,0.2212,
1360,1728,0.2183,
1360,1541,0.2119,
1360,6307,0.2109,
1360,562,0.2041,
1360,7992,0.2026,
1360,1701,0.2011,
1360,4409,0.199,
1360,6694,0.1981,
1360,5552,0.1963,
1360,5157,0.1952,
1360,401,0.1925,
1360,1496,0.1894,
1360,3505,0.183,
1360,1978,0.1794,
1360,1518,0.1777,
1360,4844,0.1771,
1360,4794,0.1717,
1360,8124,0.1705,
1360,7083,0.169,
1361,3516,0.1439,
1361,9062,0.1398,
1361,2373,0.1388,
1361,6370,0.1379,
1361,5189,0.1378,
1361,5149,0.1373,
1361,2461,0.1355,
1361,606,0.1355,
1361,8571,0.1324,
1361,8693,0.1299,
1361,3743,0.1281,
1361,9394,0.127,
1361,6998,0.1269,
1361,6664,0.1257,
1361,4876,0.1246,
1361,5586,0.1212,
1361,2926,0.1203,
1361,8439,0.1197,
1361,6803,0.1193,
1361,4035,0.119,
1362,491,0.289,
1362,7571,0.2722,
1362,6779,0.2635,
1362,8604,0.2531,
1362,146,0.2475,
1362,5476,0.2462,
1362,4471,0.2456,
1362,84,0.2439,
1362,2894,0.2434,
1362,9380,0.2428,
1362,5683,0.2416,
1362,6799,0.2414,
1362,8341,0.2397,
1362,2157,0.2394,
1362,7832,0.2388,
1362,7333,0.2385,
1362,2329,0.2383,
1362,7848,0.2378,
1362,1792,0.2377,
1362,2326,0.2373,
1363,2687,0.3367,
1363,6819,0.334,
1363,8620,0.3263,
1363,2445,0.3221,
1363,8245,0.3198,
1363,3552,0.3169,
1363,5554,0.3109,
1363,4250,0.3034,
1363,8836,0.3029,
1363,4547,0.3003,
1363,4302,0.3002,
1363,8720,0.2996,
1363,9032,0.2992,
1363,8579,0.2987,
1363,5543,0.2982,
1363,5122,0.2972,
1363,248,0.2965,
1363,5790,0.2961,
1363,4074,0.2949,
1363,7249,0.2944,
1364,1337,0.2303,
1364,8322,0.2112,
1364,7453,0.2074,
1364,1902,0.2043,
1364,8965,0.2002,
1364,5343,0.1962,
1364,5448,0.1946,
1364,7964,0.1934,
1364,7558,0.1925,
1364,8470,0.1919,
1364,3744,0.1912,
1364,7901,0.1905,
1364,6174,0.1891,
1364,3749,0.1883,
1364,1054,0.1872,
1364,1241,0.1871,
1364,5001,0.1869,
1364,7825,0.1861,
1364,155,0.186,
1364,2433,0.1854,
1365,3057,0.2469,
1365,6474,0.2381,
1365,4553,0.236,
1365,8905,0.2342,
1365,5165,0.2338,
1365,3417,0.2321,
1365,6376,0.2313,
1365,4512,0.2246,
1365,2127,0.2244,
1365,5438,0.2231,
1365,6141,0.2229,
1365,2874,0.2213,
1365,3207,0.219,
1365,8221,0.2183,
1365,754,0.2157,
1365,3920,0.2137,
1365,5999,0.2134,
1365,998,0.213,
1365,3436,0.212,
1365,7523,0.2106,
1366,2461,0.232,
1366,3432,0.2148,
1366,7051,0.2106,
1366,2331,0.2064,
1366,9062,0.206,
1366,6627,0.2011,
1366,2373,0.2008,
1366,8769,0.1986,
1366,7070,0.1985,
1366,6803,0.1945,
1366,9394,0.1941,
1366,7568,0.193,
1366,5261,0.1923,
1366,8612,0.191,
1366,7628,0.1878,
1366,7231,0.1774,
1366,4682,0.1765,
1366,5609,0.1764,
1366,1485,0.176,
1366,166,0.175,
1563,3770,0.225,
1563,6174,0.2224,
1563,3558,0.2218,
1563,2043,0.218,
1563,7973,0.2178,
1563,1809,0.2176,
1563,1908,0.2163,
1563,6690,0.2131,
1563,9284,0.2128,
1563,7076,0.2101,
1563,5807,0.2087,
1563,2325,0.2079,
1563,9007,0.2074,
1563,1276,0.2054,
1563,5183,0.203,
1563,3598,0.2018,
1563,7638,0.2007,
1563,6421,0.1993,
1563,399,0.1985,
1563,3827,0.1973,
1367,9062,0.2546,
1367,6442,0.2378,
1367,8433,0.2279,
1367,8769,0.2272,
1367,1858,0.2215,
1367,9384,0.2192,
1367,8067,0.2175,
1367,8693,0.2128,
1367,7568,0.2048,
1367,5261,0.2046,
1367,4035,0.2033,
1367,8118,0.2025,
1367,4831,0.2018,
1367,6273,0.2003,
1367,5943,0.2002,
1367,2136,0.1996,
1367,6701,0.1976,
1367,3432,0.1947,
1367,919,0.1944,
1367,7051,0.1937,
1368,6613,0.2482,
1368,4057,0.2457,
1368,2175,0.2193,
1368,8834,0.2192,
1368,164,0.2176,
1368,3516,0.2168,
1368,5189,0.2161,
1368,7879,0.2158,
1368,5157,0.2153,
1368,5716,0.2152,
1368,1162,0.2145,
1368,8470,0.2142,
1368,338,0.211,
1368,5465,0.2106,
1368,9436,0.2094,
1368,4565,0.2049,
1368,3840,0.2034,
1368,8481,0.2028,
1368,6643,0.202,
1368,4682,0.2017,
1369,2837,0.2534,
1369,9273,0.2319,
1369,3202,0.2175,
1369,5930,0.2069,
1369,6803,0.1929,
1369,318,0.1915,
1369,5106,0.1867,
1369,155,0.1855,
1369,1054,0.1844,
1369,5967,0.1838,
1369,8131,0.1837,
1369,9223,0.1811,
1369,5343,0.1803,
1369,8002,0.1787,
1369,5594,0.178,
1369,6904,0.177,
1369,1902,0.175,
1369,1753,0.1742,
1369,4544,0.1741,
1369,4127,0.1732,
1370,4057,0.2366,
1370,6613,0.2334,
1370,433,0.2276,
1370,66,0.2202,
1370,1162,0.2189,
1370,3516,0.2175,
1370,8192,0.2103,
1370,3540,0.2097,
1370,2145,0.2086,
1370,7633,0.2082,
1370,8679,0.2073,
1370,3787,0.2067,
1370,9436,0.2065,
1370,5157,0.2064,
1370,6643,0.2063,
1370,5529,0.2054,
1370,3039,0.2003,
1370,2361,0.1999,
1370,8481,0.1996,
1370,4682,0.1992,
1371,2255,0.2009,
1371,455,0.2001,
1371,6742,0.1996,
1371,2926,0.1971,
1371,3039,0.1953,
1371,5465,0.1945,
1371,918,0.1904,
1371,4057,0.189,
1371,8206,0.1885,
1371,4565,0.1881,
1371,5189,0.1873,
1371,9247,0.1862,
1371,2695,0.186,
1371,1859,0.1854,
1371,4622,0.1845,
1371,1162,0.1844,
1371,7836,0.1825,
1371,5356,0.1811,
1371,8042,0.181,
1371,334,0.1792,
1372,2401,0.2555,
1372,8968,0.2532,
1372,8285,0.2526,
1372,155,0.2513,
1372,7862,0.2497,
1372,1902,0.2493,
1372,8920,0.2492,
1372,2461,0.2449,
1372,5967,0.2441,
1372,2433,0.2432,
1372,2344,0.2413,
1372,5343,0.2401,
1372,3202,0.2391,
1372,7578,0.2383,
1372,1054,0.2382,
1372,1772,0.2381,
1372,850,0.2376,
1372,8462,0.2362,
1372,6633,0.2345,
1372,8965,0.234,
1373,9288,0.265,
1373,455,0.265,
1373,918,0.2634,
1373,4565,0.2621,
1373,2175,0.2549,
1373,4127,0.2508,
1373,5189,0.2496,
1373,6742,0.2472,
1373,3516,0.2448,
1373,9247,0.2447,
1373,5465,0.2401,
1373,8436,0.2394,
1373,8042,0.2391,
1373,7737,0.2363,
1373,8983,0.2355,
1373,7278,0.2349,
1373,8206,0.2347,
1373,4057,0.2344,
1373,7836,0.2333,
1373,4582,0.2323,
1376,5183,0.1842,
1376,2291,0.1834,
1376,7213,0.1782,
1376,7648,0.1774,
1376,6174,0.1772,
1376,2510,0.1764,
1376,1909,0.1762,
1376,1207,0.1761,
1376,6996,0.1753,
1376,7870,0.1748,
1376,2663,0.1744,
1376,6807,0.1744,
1376,4383,0.1737,
1376,5376,0.1734,
1376,92,0.1732,
1376,8064,0.1732,
1376,4531,0.173,
1376,5635,0.1716,
1376,1908,0.1713,
1376,1215,0.1709,
1377,3784,0.2011,
1377,9273,0.1962,
1377,7453,0.185,
1377,6803,0.1825,
1377,3744,0.1823,
1377,1330,0.1802,
1377,2838,0.1765,
1377,2837,0.1743,
1377,7901,0.1653,
1377,8965,0.1653,
1377,4544,0.1652,
1377,2461,0.1649,
1377,5594,0.1631,
1377,355,0.1628,
1377,2989,0.1603,
1377,3202,0.1599,
1377,7195,0.1579,
1377,6174,0.1578,
1377,8146,0.1571,
1377,1054,0.157,
1378,5484,0.2525,
1378,9288,0.2396,
1378,5437,0.2264,
1378,409,0.2147,
1378,4835,0.2105,
1378,9188,0.2084,
1378,8983,0.2077,
1378,1530,0.2065,
1378,4026,0.2038,
1378,8087,0.2027,
1378,655,0.2026,
1378,8740,0.1989,
1378,9089,0.1973,
1378,7312,0.1967,
1378,7421,0.196,
1378,7430,0.196,
1378,6672,0.1956,
1378,2289,0.1932,
1378,9399,0.1931,
1378,5191,0.1918,
1379,5465,0.1926,
1379,918,0.1907,
1379,9288,0.1898,
1379,926,0.1885,
1379,1162,0.1876,
1379,8481,0.1861,
1379,7919,0.1858,
1379,9034,0.1816,
1379,8447,0.1814,
1379,8436,0.1805,
1379,1859,0.1804,
1379,7836,0.1801,
1379,7430,0.1793,
1379,6316,0.1789,
1379,7606,0.1783,
1379,980,0.1773,
1379,555,0.1771,
1379,3039,0.177,
1379,5246,0.1769,
1379,2695,0.1767,
1380,3516,0.2141,
1380,7453,0.2128,
1380,9436,0.2123,
1380,7195,0.2112,
1380,6174,0.2075,
1380,3840,0.2074,
1380,6613,0.207,
1380,4057,0.2066,
1380,8834,0.2013,
1380,5583,0.1994,
1380,6835,0.1979,
1380,5189,0.1965,
1380,1083,0.1922,
1380,7083,0.1899,
1380,4299,0.1893,
1380,4291,0.1889,
1380,3744,0.1878,
1380,8192,0.1877,
1380,1337,0.1875,
1380,7371,0.1872,
1381,1162,0.2204,
1381,334,0.2201,
1381,8192,0.2136,
1381,4962,0.2041,
1381,2510,0.2032,
1381,6781,0.2014,
1381,8322,0.2007,
1381,3864,0.2004,
1381,5397,0.2001,
1381,9034,0.1997,
1381,5450,0.1992,
1381,7317,0.1991,
1381,6818,0.1988,
1381,7923,0.1982,
1381,4618,0.1976,
1381,5246,0.1974,
1381,8481,0.1974,
1381,6754,0.1972,
1381,9366,0.1968,
1381,967,0.196,
1382,5176,0.335,
1382,1636,0.3276,
1382,5213,0.326,
1382,5590,0.3258,
1382,2972,0.3245,
1382,4628,0.3232,
1382,95,0.323,
1382,1869,0.3216,
1382,7155,0.3203,
1382,3561,0.3148,
1382,5113,0.3145,
1382,414,0.3127,
1382,5505,0.3125,
1382,3261,0.3066,
1382,1846,0.3041,
1382,296,0.3036,
1382,8763,0.3035,
1382,1796,0.3027,
1382,6824,0.3009,
1382,3575,0.2997,
1383,155,0.225,
1383,3516,0.2129,
1383,4346,0.2059,
1383,1070,0.2005,
1383,7901,0.1983,
1383,7083,0.1981,
1383,5967,0.1945,
1383,9436,0.1937,
1383,5168,0.1895,
1383,1704,0.188,
1383,1902,0.1859,
1383,5343,0.1858,
1383,2385,0.1854,
1383,1054,0.1846,
1383,8395,0.1833,
1383,4652,0.1828,
1383,544,0.1819,
1383,4403,0.1812,
1383,1806,0.181,
1383,5321,0.181,
1384,754,0.2965,
1384,7272,0.2781,
1384,759,0.2732,
1384,483,0.269,
1384,7012,0.254,
1384,4428,0.2515,
1384,7634,0.2502,
1384,6458,0.2497,
1384,2127,0.2441,
1384,3169,0.2406,
1384,6141,0.2405,
1384,2874,0.2388,
1384,8905,0.2353,
1384,3417,0.235,
1384,2208,0.2341,
1384,3436,0.2317,
1384,7523,0.2316,
1384,5659,0.2305,
1384,5438,0.2303,
1384,3207,0.2302,
1385,6305,0.273,
1385,7523,0.2704,
1385,3057,0.2562,
1385,7390,0.2537,
1385,9155,0.2514,
1385,1057,0.2476,
1385,9249,0.2461,
1385,2566,0.2413,
1385,3207,0.2396,
1385,6174,0.2388,
1385,8905,0.238,
1385,5999,0.2372,
1385,5438,0.2371,
1385,8857,0.237,
1385,1657,0.2369,
1385,3882,0.2351,
1385,527,0.2337,
1385,3920,0.2329,
1385,1659,0.2307,
1385,4553,0.2302,
1386,7249,0.2599,
1386,1309,0.2458,
1386,6819,0.2373,
1386,8282,0.2369,
1386,2445,0.2164,
1386,4941,0.2163,
1386,5839,0.215,
1386,160,0.2102,
1386,673,0.2097,
1386,4571,0.207,
1386,3997,0.2066,
1386,8734,0.1975,
1386,662,0.1936,
1386,3785,0.1911,
1386,7167,0.1902,
1386,9409,0.1897,
1386,8653,0.1895,
1386,1471,0.1888,
1386,2781,0.1885,
1386,4362,0.1885,
1387,1054,0.205,
1387,5930,0.2005,
1387,8036,0.1931,
1387,8184,0.1861,
1387,1083,0.1849,
1387,8041,0.1847,
1387,8813,0.1816,
1387,8070,0.1783,
1387,9447,0.1776,
1387,3744,0.1765,
1387,3153,0.176,
1387,616,0.175,
1387,919,0.1745,
1387,3516,0.1709,
1387,885,0.1697,
1387,6725,0.1693,
1387,6803,0.1687,
1387,9417,0.1686,
1387,1207,0.1684,
1387,6444,0.1679,
1388,7547,0.281,
1388,8805,0.2785,
1388,432,0.2614,
1388,4667,0.2608,
1388,8889,0.2581,
1388,8901,0.255,
1388,7535,0.2544,
1388,2265,0.2533,
1388,8424,0.2531,
1388,4370,0.2519,
1388,5246,0.2515,
1388,729,0.2496,
1388,1713,0.2492,
1388,7813,0.2484,
1388,7462,0.2481,
1388,5097,0.2481,
1388,9247,0.2468,
1388,2192,0.2466,
1388,891,0.2465,
1388,4964,0.246,
1389,1908,0.2429,
1389,8585,0.23,
1389,8041,0.2282,
1389,8481,0.2252,
1389,6174,0.2247,
1389,4353,0.2242,
1389,1207,0.2234,
1389,3989,0.2207,
1389,2536,0.2204,
1389,8192,0.2187,
1389,334,0.2174,
1389,8054,0.217,
1389,6212,0.2169,
1389,3864,0.214,
1389,3153,0.2132,
1389,2795,0.2131,
1389,5356,0.2121,
1389,5186,0.2119,
1389,7638,0.2117,
1389,9007,0.2111,
1390,5183,0.4017,
1390,6813,0.3988,
1390,3558,0.3984,
1390,1276,0.3949,
1390,9044,0.3935,
1390,8477,0.3923,
1390,3598,0.392,
1390,4491,0.392,
1390,8267,0.389,
1390,2098,0.3879,
1390,3973,0.3868,
1390,4209,0.3861,
1390,5376,0.3855,
1390,6421,0.3831,
1390,8375,0.3822,
1390,3038,0.3808,
1390,3527,0.3763,
1390,2862,0.3739,
1390,1639,0.3727,
1390,7076,0.3712,
1391,7070,0.28,
1391,3432,0.2709,
1391,8612,0.2666,
1391,2331,0.2526,
1391,9062,0.243,
1391,6627,0.242,
1391,7568,0.2399,
1391,4682,0.2374,
1391,5609,0.2358,
1391,5034,0.2346,
1391,5261,0.2242,
1391,7051,0.2224,
1391,8769,0.2195,
1391,7086,0.2187,
1391,3120,0.2153,
1391,166,0.2147,
1391,3946,0.2138,
1391,1536,0.2135,
1391,7231,0.2135,
1391,1485,0.2115,
1392,5189,0.2368,
1392,8834,0.2319,
1392,3516,0.2314,
1392,7824,0.2208,
1392,4057,0.2194,
1392,9436,0.2153,
1392,4565,0.2108,
1392,1083,0.21,
1392,5984,0.2059,
1392,6613,0.205,
1392,6997,0.2043,
1392,8992,0.2036,
1392,338,0.2035,
1392,2926,0.2028,
1392,965,0.1976,
1392,5223,0.1968,
1392,4114,0.1965,
1392,2724,0.1961,
1392,7737,0.1934,
1392,8439,0.1934,
1393,1711,0.2822,
1393,3320,0.2475,
1393,9177,0.215,
1393,4057,0.2128,
1393,3084,0.2072,
1393,9302,0.2056,
1393,993,0.2052,
1393,5583,0.2046,
1393,8662,0.2045,
1393,5856,0.204,
1393,6614,0.2032,
1393,9407,0.2017,
1393,6264,0.1971,
1393,719,0.1963,
1393,164,0.1961,
1393,5464,0.1957,
1393,2361,0.1957,
1393,473,0.1954,
1393,3787,0.1953,
1393,4275,0.1951,
1394,9273,0.201,
1394,1083,0.193,
1394,3202,0.19,
1394,5048,0.1828,
1394,2837,0.1827,
1394,736,0.1772,
1394,1330,0.1768,
1394,630,0.1726,
1394,5223,0.1723,
1394,4189,0.1717,
1394,7634,0.1664,
1394,3540,0.1661,
1394,920,0.1647,
1394,1016,0.1636,
1394,6803,0.1629,
1394,8067,0.161,
1394,5085,0.1602,
1394,8131,0.1598,
1394,7824,0.1594,
1394,7977,0.1542,
1395,6174,0.2147,
1395,409,0.203,
1395,8322,0.2022,
1395,6212,0.2003,
1395,8834,0.1994,
1395,2663,0.1987,
1395,7973,0.1972,
1395,6996,0.1959,
1395,3989,0.1959,
1395,4303,0.1956,
1395,2741,0.1952,
1395,320,0.1936,
1395,3505,0.1931,
1395,7879,0.1929,
1395,6807,0.1926,
1395,8804,0.1926,
1395,78,0.1894,
1395,8470,0.1882,
1395,8481,0.187,
1395,8087,0.1867,
1396,5165,0.2503,
1396,4553,0.242,
1396,4291,0.2344,
1396,2252,0.2295,
1396,4057,0.2274,
1396,7525,0.2235,
1396,3057,0.2215,
1396,2175,0.2189,
1396,3066,0.2187,
1396,2160,0.2155,
1396,78,0.2143,
1396,6474,0.2141,
1396,6935,0.2128,
1396,2127,0.2115,
1396,8250,0.2112,
1396,2182,0.2101,
1396,3794,0.21,
1396,8679,0.2093,
1396,3259,0.207,
1396,8765,0.2068,
1397,6444,0.2086,
1397,919,0.1977,
1397,5344,0.1839,
1397,6430,0.183,
1397,885,0.181,
1397,8202,0.1767,
1397,8036,0.174,
1397,846,0.1729,
1397,9184,0.1702,
1397,5777,0.1696,
1397,5081,0.167,
1397,8070,0.1669,
1397,6570,0.1639,
1397,2979,0.1637,
1397,8438,0.1629,
1397,4892,0.1627,
1397,4720,0.1623,
1397,2019,0.162,
1397,3568,0.1618,
1397,501,0.1616,
1599,8612,0.2338,
1599,3120,0.2145,
1599,6627,0.2139,
1599,3432,0.1984,
1599,2331,0.1963,
1599,4489,0.1942,
1599,4682,0.1915,
1599,1536,0.1822,
1599,7070,0.1765,
1599,1162,0.1759,
1599,3540,0.1757,
1599,3946,0.1754,
1599,3897,0.1749,
1599,7051,0.1742,
1599,3039,0.1739,
1599,7568,0.1734,
1599,9062,0.1718,
1599,5261,0.1707,
1599,6818,0.1705,
1599,2298,0.1688,
1600,355,0.2389,
1600,5165,0.224,
1600,3057,0.2161,
1600,7523,0.2111,
1600,6141,0.2042,
1600,8905,0.2033,
1600,3436,0.2002,
1600,2127,0.1997,
1600,5659,0.1994,
1600,3920,0.1991,
1600,9436,0.1981,
1600,2566,0.1977,
1600,5438,0.1967,
1600,6474,0.1958,
1600,2874,0.1955,
1600,6376,0.1938,
1600,3207,0.1931,
1600,3417,0.1929,
1600,4553,0.191,
1600,4512,0.1909,
1398,2764,0.2697,
1398,6164,0.261,
1398,6701,0.2595,
1398,5943,0.2589,
1398,4622,0.2589,
1398,4328,0.2559,
1398,3669,0.2493,
1398,6259,0.2492,
1398,1956,0.2447,
1398,4240,0.2436,
1398,5603,0.2435,
1398,7207,0.2428,
1398,3074,0.2405,
1398,3052,0.2401,
1398,6127,0.2398,
1398,7758,0.2385,
1398,8763,0.2383,
1398,3503,0.2376,
1398,2060,0.2375,
1398,3349,0.2358,
1399,95,0.2638,
1399,2764,0.262,
1399,4041,0.2565,
1399,3379,0.2541,
1399,6104,0.252,
1399,8763,0.2516,
1399,6469,0.2494,
1399,5176,0.2489,
1399,8769,0.2473,
1399,9447,0.2458,
1399,4364,0.2457,
1399,1737,0.2433,
1399,2972,0.2424,
1399,296,0.2418,
1399,4622,0.2417,
1399,8806,0.2408,
1399,9070,0.24,
1399,73,0.2393,
1399,7132,0.2392,
1399,4628,0.2375,
1400,7883,0.2434,
1400,291,0.2413,
1400,26,0.2392,
1400,7918,0.239,
1400,4175,0.2388,
1400,8240,0.2368,
1400,504,0.2312,
1400,5021,0.2279,
1400,1722,0.2173,
1400,8067,0.2157,
1400,2215,0.2155,
1400,6988,0.2151,
1400,9062,0.2125,
1400,3788,0.2122,
1400,9140,0.2116,
1400,3549,0.211,
1400,7448,0.21,
1400,916,0.2091,
1400,8349,0.2086,
1400,5950,0.2077,
1401,5183,0.3875,
1401,7782,0.3836,
1401,1639,0.3803,
1401,8267,0.3788,
1401,3558,0.3777,
1401,1276,0.3773,
1401,3973,0.3762,
1401,478,0.3743,
1401,4209,0.3727,
1401,7076,0.3727,
1401,9044,0.3724,
1401,3527,0.3706,
1401,5376,0.3697,
1401,2098,0.3693,
1401,6421,0.3692,
1401,6813,0.3668,
1401,8375,0.3652,
1401,2862,0.3635,
1401,3038,0.363,
1401,7493,0.3621,
1402,334,0.3049,
1402,3864,0.2851,
1402,7317,0.2795,
1402,6818,0.2793,
1402,7923,0.2778,
1402,1162,0.277,
1402,967,0.2768,
1402,980,0.2765,
1402,8192,0.276,
1402,4962,0.2747,
1402,5450,0.2747,
1402,5397,0.2745,
1402,9034,0.2743,
1402,9366,0.2742,
1402,455,0.2741,
1402,5246,0.2725,
1402,8481,0.2712,
1402,6754,0.2701,
1402,5356,0.2692,
1402,2240,0.2686,
1403,3516,0.1911,
1403,9436,0.1766,
1403,4114,0.1727,
1403,7083,0.169,
1403,4237,0.1627,
1403,5168,0.1546,
1403,1054,0.1531,
1403,4403,0.1527,
1403,3202,0.1511,
1403,5919,0.1499,
1403,3917,0.1497,
1403,3346,0.1479,
1403,5552,0.1477,
1403,9273,0.1475,
1403,2837,0.1473,
1403,5619,0.1467,
1403,9441,0.1452,
1403,5189,0.1445,
1403,352,0.1417,
1403,606,0.1413,
1404,7195,0.2654,
1404,4299,0.2488,
1404,7628,0.2461,
1404,33,0.2416,
1404,3564,0.2405,
1404,4158,0.2399,
1404,3941,0.2379,
1404,3060,0.2377,
1404,8130,0.2354,
1404,326,0.2349,
1404,5909,0.2326,
1404,3840,0.2324,
1404,312,0.2314,
1404,9322,0.2311,
1404,4258,0.2309,
1404,5467,0.2308,
1404,614,0.2301,
1404,3871,0.2298,
1404,4788,0.2295,
1404,882,0.2294,
1405,2067,0.1456,
1405,5106,0.1397,
1405,8270,0.1252,
1405,6940,0.1236,
1405,7794,0.1209,
1405,462,0.1183,
1405,4127,0.1183,
1405,3803,0.1141,
1405,8965,0.1131,
1405,3605,0.1124,
1405,2030,0.1116,
1405,7015,0.1109,
1405,2255,0.1108,
1405,1684,0.1104,
1405,8100,0.1093,
1405,6294,0.109,
1405,8571,0.1084,
1405,2673,0.1081,
1405,4691,0.108,
1405,1400,0.1075,
1406,2418,0.2512,
1406,9246,0.2427,
1406,8054,0.2177,
1406,5559,0.209,
1406,5076,0.2081,
1406,4223,0.2051,
1406,8806,0.2044,
1406,6469,0.2042,
1406,5684,0.203,
1406,3707,0.2027,
1406,9053,0.2012,
1406,5511,0.1996,
1406,6940,0.1986,
1406,9070,0.1986,
1406,1209,0.196,
1406,1737,0.1956,
1406,7901,0.1953,
1406,1292,0.195,
1406,1382,0.1949,
1406,4364,0.194,
1415,9213,0.2005,
1415,7453,0.1758,
1415,9436,0.1712,
1415,3516,0.1677,
1415,6785,0.167,
1415,7628,0.1669,
1415,43,0.1667,
1415,5930,0.1611,
1415,2668,0.158,
1415,3744,0.1569,
1415,7784,0.1568,
1415,355,0.1559,
1415,1639,0.1544,
1415,5159,0.1544,
1415,1337,0.154,
1415,1225,0.154,
1415,1054,0.1538,
1415,4544,0.1534,
1415,2385,0.1527,
1415,1022,0.152,
1450,7086,0.2963,
1450,2252,0.2955,
1450,5010,0.2845,
1450,7525,0.276,
1450,7879,0.2732,
1450,2175,0.2676,
1450,624,0.2671,
1450,55,0.2665,
1450,3815,0.2664,
1450,6441,0.2643,
1450,2182,0.2615,
1450,8488,0.2602,
1450,1204,0.2576,
1450,4291,0.2564,
1450,4682,0.2563,
1450,6698,0.2559,
1450,4582,0.2557,
1450,3371,0.2556,
1450,2156,0.2555,
1450,8765,0.2549,
1407,5554,0.3492,
1407,9032,0.3252,
1407,8620,0.3234,
1407,4302,0.3228,
1407,2687,0.32,
1407,8579,0.318,
1407,4547,0.3176,
1407,3650,0.317,
1407,5122,0.3165,
1407,8720,0.3161,
1407,4074,0.3158,
1407,5543,0.3151,
1407,2911,0.3142,
1407,5790,0.313,
1407,511,0.3127,
1407,7693,0.3127,
1407,3287,0.3121,
1407,8352,0.3114,
1407,8836,0.311,
1407,2459,0.3107,
1408,6785,0.2107,
1408,5616,0.1848,
1408,4744,0.1794,
1408,3151,0.1751,
1408,4514,0.1649,
1408,3787,0.1626,
1408,4727,0.1621,
1408,5708,0.1616,
1408,164,0.1614,
1408,8470,0.1613,
1408,8648,0.1613,
1408,8374,0.1612,
1408,9213,0.1611,
1408,7724,0.16,
1408,2302,0.1595,
1408,727,0.1593,
1408,6089,0.1579,
1408,8115,0.1579,
1408,9388,0.1577,
1408,5773,0.1571,
1409,1639,0.228,
1409,7493,0.2155,
1409,8267,0.2146,
1409,5183,0.2126,
1409,7825,0.2101,
1409,8834,0.207,
1409,5189,0.2057,
1409,2862,0.2048,
1409,2536,0.204,
1409,3516,0.2034,
1409,7782,0.203,
1409,7824,0.2006,
1409,1908,0.1997,
1409,8192,0.197,
1409,1276,0.1968,
1409,3558,0.1965,
1409,5882,0.196,
1409,6996,0.1959,
1409,1859,0.1951,
1409,9436,0.1945,
1410,355,0.2199,
1410,3057,0.2083,
1410,7523,0.2069,
1410,2127,0.2057,
1410,5438,0.2055,
1410,5165,0.2055,
1410,3436,0.2021,
1410,8905,0.2008,
1410,4127,0.1986,
1410,7273,0.1985,
1410,455,0.198,
1410,5999,0.1974,
1410,3417,0.1955,
1410,4553,0.1951,
1410,3920,0.1949,
1410,2566,0.1943,
1410,5659,0.1931,
1410,759,0.1931,
1410,4512,0.191,
1410,754,0.1893,
1411,4818,0.2164,
1411,1000,0.2132,
1411,3790,0.2119,
1411,1241,0.2111,
1411,5559,0.2096,
1411,2732,0.2083,
1411,4401,0.2066,
1411,5238,0.2054,
1411,8174,0.2036,
1411,3886,0.2035,
1411,8888,0.2035,
1411,4041,0.2033,
1411,5882,0.203,
1411,7044,0.2024,
1411,5938,0.2007,
1411,2724,0.2003,
1411,885,0.1999,
1411,6444,0.1988,
1411,886,0.1987,
1411,8070,0.1982,
1412,8054,0.333,
1412,7044,0.318,
1412,6212,0.3118,
1412,2239,0.3093,
1412,4223,0.3075,
1412,4582,0.3062,
1412,9288,0.3042,
1412,8087,0.2991,
1412,1000,0.299,
1412,5921,0.2982,
1412,2252,0.2963,
1412,8585,0.2958,
1412,7854,0.2949,
1412,7322,0.2945,
1412,2844,0.2932,
1412,5973,0.2914,
1412,3531,0.2902,
1412,3371,0.2901,
1412,3105,0.2889,
1412,2175,0.2881,
1413,8585,0.31,
1413,7525,0.3001,
1413,409,0.2994,
1413,4223,0.299,
1413,8087,0.2911,
1413,8054,0.2841,
1413,4782,0.2836,
1413,2854,0.2814,
1413,6212,0.2805,
1413,9202,0.2774,
1413,9083,0.2751,
1413,7879,0.2699,
1413,4401,0.2692,
1413,8174,0.2683,
1413,7044,0.2676,
1413,9321,0.2671,
1413,3815,0.2668,
1413,1059,0.2663,
1413,3105,0.2656,
1413,5921,0.2653,
1414,967,0.2738,
1414,1859,0.273,
1414,5246,0.2716,
1414,334,0.2661,
1414,5356,0.2639,
1414,9034,0.2601,
1414,7923,0.26,
1414,9366,0.2595,
1414,5450,0.2559,
1414,6754,0.2555,
1414,4962,0.2554,
1414,3864,0.2553,
1414,8192,0.2548,
1414,6942,0.2546,
1414,6818,0.2538,
1414,980,0.2535,
1414,1162,0.2523,
1414,5397,0.2514,
1414,8481,0.2503,
1414,6064,0.2491,
1451,273,0.2069,
1451,3989,0.1994,
1451,320,0.1983,
1451,9062,0.1935,
1451,8804,0.1922,
1451,7973,0.192,
1451,6174,0.1916,
1451,282,0.1894,
1451,78,0.187,
1451,954,0.187,
1451,4085,0.1864,
1451,8322,0.186,
1451,8067,0.1837,
1451,334,0.1831,
1451,6370,0.1824,
1451,2856,0.1816,
1451,7825,0.1808,
1451,8834,0.1799,
1451,1859,0.1793,
1451,1162,0.1789,
1615,155,0.1812,
1615,3516,0.1768,
1615,7083,0.1708,
1615,2926,0.1671,
1615,5919,0.1658,
1615,8965,0.1655,
1615,3933,0.1588,
1615,3917,0.1576,
1615,4544,0.155,
1615,8978,0.1535,
1615,7453,0.1517,
1615,1913,0.1511,
1615,850,0.1498,
1615,5619,0.1497,
1615,5684,0.1495,
1615,4317,0.1495,
1615,6998,0.1491,
1615,6225,0.1481,
1615,2461,0.1477,
1615,5321,0.1476,
1416,3516,0.2437,
1416,4565,0.2324,
1416,2926,0.2284,
1416,4127,0.2179,
1416,8439,0.2113,
1416,4114,0.2093,
1416,5984,0.2086,
1416,4057,0.2084,
1416,1083,0.2062,
1416,7737,0.206,
1416,5189,0.2056,
1416,3442,0.2056,
1416,2255,0.2039,
1416,6997,0.2018,
1416,8992,0.2014,
1416,6478,0.1974,
1416,2883,0.1969,
1416,918,0.1969,
1416,1913,0.1962,
1416,701,0.193,
1417,7083,0.1776,
1417,9436,0.1751,
1417,3516,0.17,
1417,5157,0.1659,
1417,6996,0.1643,
1417,6613,0.163,
1417,8834,0.1618,
1417,401,0.1617,
1417,7512,0.1606,
1417,6307,0.1599,
1417,6504,0.1598,
1417,1083,0.1592,
1417,4057,0.1576,
1417,7992,0.1563,
1417,2629,0.1558,
1417,8192,0.1532,
1417,5189,0.1513,
1417,9441,0.1508,
1417,5919,0.1503,
1417,4237,0.1498,
1418,355,0.1761,
1418,5011,0.1739,
1418,5930,0.1618,
1418,4403,0.1608,
1418,1081,0.1592,
1418,5165,0.1587,
1418,6835,0.1556,
1418,2461,0.1541,
1418,3516,0.1524,
1418,7548,0.1512,
1418,5619,0.1486,
1418,4127,0.1439,
1418,7273,0.1433,
1418,9436,0.14,
1418,2127,0.14,
1418,5081,0.1398,
1418,5168,0.1391,
1418,239,0.1366,
1418,5,0.1361,
1418,3917,0.1344,
1419,8940,0.2947,
1419,307,0.292,
1419,4682,0.2903,
1419,3787,0.2881,
1419,5583,0.2879,
1419,473,0.2874,
1419,9452,0.2843,
1419,4275,0.2841,
1419,6613,0.283,
1419,2158,0.2816,
1419,5157,0.2814,
1419,5969,0.2804,
1419,66,0.2797,
1419,6614,0.2794,
1419,4514,0.2792,
1419,2361,0.2777,
1419,3540,0.2774,
1419,7447,0.2772,
1419,7853,0.2772,
1419,9407,0.277,
1420,5639,0.2628,
1420,5116,0.2607,
1420,6124,0.2576,
1420,2695,0.2574,
1420,5142,0.2566,
1420,2249,0.2542,
1420,1675,0.2524,
1420,6234,0.2506,
1420,9434,0.2493,
1420,5824,0.2462,
1420,2454,0.2454,
1420,6968,0.245,
1420,5407,0.2428,
1420,2194,0.2423,
1420,8750,0.2419,
1420,391,0.2413,
1420,5951,0.2409,
1420,5509,0.2403,
1420,8969,0.2391,
1420,6719,0.2391,
1421,9062,0.2579,
1421,6627,0.2528,
1421,2461,0.2475,
1421,8612,0.2454,
1421,2331,0.2279,
1421,3432,0.2249,
1421,7051,0.2236,
1421,4682,0.2224,
1421,3516,0.2209,
1421,7195,0.2185,
1421,7070,0.2145,
1421,5261,0.2138,
1421,7568,0.2128,
1421,5609,0.2126,
1421,1485,0.2079,
1421,3840,0.2073,
1421,7628,0.207,
1421,5189,0.2056,
1421,4057,0.2026,
1421,355,0.1985,
1422,1116,0.1968,
1422,8500,0.1946,
1422,579,0.1909,
1422,355,0.1836,
1422,7273,0.1814,
1422,1781,0.1803,
1422,3516,0.1792,
1422,2385,0.1788,
1422,1292,0.1774,
1422,816,0.1749,
1422,2164,0.1734,
1422,2926,0.1731,
1422,1277,0.1728,
1422,2433,0.1728,
1422,6725,0.1721,
1422,3418,0.1719,
1422,2091,0.1716,
1422,673,0.1701,
1422,5044,0.17,
1422,6324,0.1698,
1423,6433,0.2975,
1423,338,0.2921,
1423,8338,0.2736,
1423,3027,0.2732,
1423,8834,0.2708,
1423,1416,0.2706,
1423,5390,0.2669,
1423,1184,0.2654,
1423,1021,0.2652,
1423,213,0.2649,
1423,2873,0.2616,
1423,4473,0.2615,
1423,5145,0.2607,
1423,547,0.2607,
1423,4377,0.2591,
1423,5036,0.259,
1423,5125,0.2585,
1423,7961,0.2582,
1423,7921,0.2579,
1423,498,0.2572,
1424,8940,0.3046,
1424,307,0.2778,
1424,9452,0.2749,
1424,2040,0.269,
1424,4093,0.2688,
1424,5708,0.267,
1424,983,0.2668,
1424,4727,0.2661,
1424,5971,0.2661,
1424,3787,0.2655,
1424,6973,0.2653,
1424,8073,0.2621,
1424,7265,0.2611,
1424,4514,0.2597,
1424,736,0.2593,
1424,5773,0.2591,
1424,2606,0.259,
1424,8681,0.2573,
1424,2006,0.2571,
1424,608,0.2571,
1426,6504,0.2131,
1426,9436,0.1948,
1426,8834,0.1896,
1426,5984,0.1823,
1426,3516,0.1819,
1426,3844,0.1778,
1426,2764,0.1764,
1426,338,0.1754,
1426,3299,0.1753,
1426,8612,0.1747,
1426,676,0.1746,
1426,7628,0.1697,
1426,2926,0.1697,
1426,4237,0.1676,
1426,5189,0.1675,
1426,8776,0.1662,
1426,5919,0.1643,
1426,6029,0.1636,
1426,1054,0.1634,
1426,6613,0.1631,
1427,8769,0.3218,
1427,5559,0.305,
1427,6701,0.3015,
1427,2764,0.2978,
1427,95,0.2921,
1427,2473,0.2902,
1427,8118,0.2874,
1427,9070,0.2869,
1427,1636,0.2832,
1427,7132,0.2817,
1427,5590,0.2817,
1427,5761,0.281,
1427,5900,0.2804,
1427,8763,0.28,
1427,4041,0.2793,
1427,7155,0.2783,
1427,8806,0.278,
1427,4622,0.2779,
1427,6127,0.2736,
1427,1858,0.2736,
1428,4744,0.2354,
1428,8888,0.2333,
1428,5465,0.2258,
1428,6613,0.2187,
1428,1722,0.2165,
1428,1028,0.2152,
1428,3842,0.2141,
1428,7140,0.2133,
1428,8374,0.2123,
1428,7633,0.2122,
1428,7883,0.2119,
1428,3788,0.2114,
1428,4455,0.2099,
1428,455,0.2099,
1428,3787,0.2098,
1428,1162,0.2098,
1428,6431,0.2095,
1428,4543,0.2088,
1428,7724,0.2082,
1428,6643,0.2081,
1429,4275,0.3993,
1429,307,0.3917,
1429,2158,0.3854,
1429,2361,0.3813,
1429,5583,0.38,
1429,6614,0.3775,
1429,2351,0.3663,
1429,9452,0.3649,
1429,5548,0.3647,
1429,7447,0.3632,
1429,7853,0.3632,
1429,1263,0.3628,
1429,2875,0.3612,
1429,5971,0.3611,
1429,2452,0.3606,
1429,9135,0.3592,
1429,5969,0.359,
1429,1398,0.3588,
1429,8145,0.3582,
1429,5538,0.3578,
1452,2510,0.2184,
1452,7648,0.2182,
1452,5563,0.2033,
1452,1639,0.195,
1452,5412,0.1936,
1452,9328,0.1918,
1452,5183,0.1913,
1452,7824,0.1887,
1452,8267,0.1886,
1452,2312,0.1874,
1452,8067,0.1868,
1452,7825,0.1862,
1452,7883,0.1853,
1452,4175,0.1818,
1452,3989,0.1791,
1452,8592,0.1779,
1452,6904,0.1777,
1452,1330,0.1764,
1452,8184,0.176,
1452,4751,0.1758,
1616,8769,0.1822,
1616,1858,0.159,
1616,6701,0.1563,
1616,5511,0.1511,
1616,7361,0.1503,
1616,7070,0.1488,
1616,6081,0.1472,
1616,3432,0.1431,
1616,9062,0.1428,
1616,2764,0.1405,
1616,5636,0.1404,
1616,5603,0.1392,
1616,7568,0.1372,
1616,8763,0.1371,
1616,6627,0.137,
1616,9070,0.136,
1616,6127,0.1355,
1616,2331,0.1336,
1616,4364,0.1314,
1616,5900,0.131,
1430,4299,0.302,
1430,8130,0.3004,
1430,3941,0.2938,
1430,882,0.2937,
1430,7371,0.291,
1430,312,0.2899,
1430,7195,0.2875,
1430,3057,0.2861,
1430,3840,0.2851,
1430,7925,0.2836,
1430,5266,0.2833,
1430,4553,0.2813,
1430,3060,0.2786,
1430,8905,0.2767,
1430,5438,0.2752,
1430,7273,0.2744,
1430,3564,0.2743,
1430,5999,0.2736,
1430,4258,0.2708,
1430,9322,0.2687,
1431,2429,0.1403,
1431,3843,0.1292,
1431,6341,0.125,
1431,6935,0.1247,
1431,8322,0.1221,
1431,334,0.1214,
1431,1162,0.1212,
1431,2974,0.1211,
1431,8192,0.1183,
1431,1859,0.1182,
1431,2913,0.1171,
1431,6818,0.116,
1431,5001,0.1156,
1431,967,0.1156,
1431,5450,0.1147,
1431,500,0.1145,
1431,7923,0.1144,
1431,3864,0.1141,
1431,8955,0.1139,
1431,8470,0.1136,
1432,2461,0.1801,
1432,6803,0.1654,
1432,6835,0.1598,
1432,1902,0.1586,
1432,3202,0.1507,
1432,5448,0.1494,
1432,8720,0.1483,
1432,4682,0.1474,
1432,5343,0.1467,
1432,2385,0.1464,
1432,9062,0.1431,
1432,5967,0.1399,
1432,1167,0.1399,
1432,7633,0.1384,
1432,2527,0.138,
1432,2373,0.1359,
1432,7453,0.1358,
1432,7195,0.1354,
1432,3489,0.1353,
1432,3744,0.1348,
1433,5438,0.2183,
1433,8333,0.2012,
1433,754,0.1882,
1433,2124,0.1821,
1433,3436,0.1788,
1433,3207,0.1783,
1433,6043,0.1772,
1433,650,0.177,
1433,332,0.1769,
1433,2162,0.1764,
1433,3057,0.1749,
1433,2644,0.1743,
1433,3463,0.1724,
1433,2127,0.1717,
1433,5415,0.1703,
1433,8905,0.1701,
1433,2874,0.1697,
1433,7523,0.1688,
1433,1534,0.1673,
1433,2568,0.1667,
1434,6849,0.2214,
1434,1908,0.2188,
1434,164,0.2001,
1434,9007,0.1896,
1434,8585,0.1869,
1434,7656,0.1844,
1434,7633,0.1819,
1434,1162,0.1816,
1434,3787,0.1804,
1434,3921,0.1776,
1434,4353,0.1775,
1434,2770,0.1754,
1434,8267,0.1753,
1434,7265,0.1752,
1434,4743,0.1747,
1434,3050,0.1746,
1434,2145,0.1728,
1434,5882,0.1726,
1434,2160,0.1716,
1434,7638,0.1715,
1435,6613,0.2689,
1435,4057,0.2686,
1435,5157,0.2663,
1435,5223,0.2557,
1435,3787,0.251,
1435,6849,0.2483,
1435,307,0.2442,
1435,9388,0.2421,
1435,5465,0.2419,
1435,5494,0.2412,
1435,8679,0.2379,
1435,5081,0.2366,
1435,8131,0.2365,
1435,2361,0.2364,
1435,736,0.2363,
1435,5583,0.2353,
1435,6643,0.2346,
1435,6614,0.2345,
1435,9407,0.2341,
1435,3540,0.234,
1436,5183,0.357,
1436,7782,0.3408,
1436,3558,0.3346,
1436,1276,0.3325,
1436,3973,0.3318,
1436,3527,0.329,
1436,5376,0.3261,
1436,2098,0.3242,
1436,6813,0.3221,
1436,2862,0.3198,
1436,9044,0.3196,
1436,6421,0.3192,
1436,8375,0.3183,
1436,4209,0.3182,
1436,1639,0.3173,
1436,3598,0.317,
1436,8477,0.3167,
1436,8267,0.3166,
1436,396,0.3157,
1436,3038,0.3136,
1437,8470,0.2396,
1437,3787,0.2346,
1437,1337,0.2289,
1437,9388,0.2223,
1437,8662,0.2154,
1437,5583,0.2133,
1437,2361,0.2122,
1437,6614,0.2115,
1437,3794,0.2083,
1437,5494,0.2083,
1437,8322,0.2061,
1437,5343,0.2061,
1437,9407,0.2054,
1437,5465,0.2044,
1437,4252,0.2038,
1437,1598,0.203,
1437,8146,0.2012,
1437,993,0.2001,
1437,4514,0.1999,
1437,3457,0.1988,
1438,8592,0.1858,
1438,5081,0.1818,
1438,8067,0.1807,
1438,3039,0.1806,
1438,9062,0.1799,
1438,334,0.1794,
1438,1162,0.179,
1438,919,0.1737,
1438,8192,0.1732,
1438,2665,0.172,
1438,5397,0.1716,
1438,2663,0.1715,
1438,6038,0.1707,
1438,7870,0.1706,
1438,9267,0.1705,
1438,1859,0.1701,
1438,8804,0.1699,
1438,5192,0.1699,
1438,8322,0.1696,
1438,3864,0.1693,
1439,8447,0.2416,
1439,7919,0.2392,
1439,2589,0.2257,
1439,1465,0.2237,
1439,7086,0.2189,
1439,7965,0.2166,
1439,9062,0.2139,
1439,9071,0.2134,
1439,7652,0.2121,
1439,6316,0.212,
1439,5165,0.2112,
1439,868,0.211,
1439,4553,0.211,
1439,9288,0.2107,
1439,3840,0.2102,
1439,4682,0.2101,
1439,8130,0.2097,
1439,2591,0.2085,
1439,5465,0.2053,
1439,352,0.2051,
1440,455,0.287,
1440,918,0.2838,
1440,5465,0.2759,
1440,7836,0.2729,
1440,7278,0.2685,
1440,8436,0.2635,
1440,7824,0.2627,
1440,338,0.2618,
1440,7874,0.2608,
1440,7160,0.2569,
1440,7500,0.2566,
1440,4127,0.2558,
1440,5223,0.2548,
1440,8983,0.2541,
1440,8925,0.2524,
1440,2695,0.2518,
1440,4979,0.2513,
1440,4762,0.2512,
1440,6742,0.2493,
1440,6975,0.2485,
1444,3787,0.2813,
1444,6613,0.2756,
1444,7265,0.27,
1444,8374,0.2675,
1444,5519,0.2663,
1444,9452,0.2659,
1444,4727,0.2649,
1444,5223,0.2646,
1444,3457,0.2644,
1444,5773,0.2638,
1444,5464,0.2634,
1444,5583,0.2609,
1444,5344,0.2608,
1444,4514,0.2605,
1444,8679,0.2599,
1444,4275,0.2595,
1444,5708,0.2595,
1444,2158,0.2592,
1444,2308,0.2575,
1444,7633,0.257,
1445,3815,0.3558,
1445,463,0.347,
1445,7684,0.3461,
1445,2252,0.3448,
1445,6212,0.3331,
1445,6698,0.3328,
1445,7322,0.3326,
1445,5973,0.3326,
1445,3173,0.3322,
1445,8585,0.3318,
1445,7854,0.3314,
1445,1204,0.331,
1445,3213,0.3304,
1445,7086,0.3299,
1445,51,0.3296,
1445,9113,0.3287,
1445,8054,0.3286,
1445,7044,0.3285,
1445,2182,0.3271,
1445,1896,0.327,
1446,9452,0.3297,
1446,4275,0.3206,
1446,3151,0.3154,
1446,4514,0.3149,
1446,4727,0.3137,
1446,1263,0.3128,
1446,3787,0.3107,
1446,983,0.3105,
1446,2351,0.3097,
1446,2158,0.3096,
1446,2606,0.309,
1446,8374,0.3083,
1446,221,0.3066,
1446,1028,0.3063,
1446,5548,0.3056,
1446,2160,0.3056,
1446,2361,0.3055,
1446,2875,0.3054,
1446,9407,0.3054,
1446,4252,0.3051,
1447,7824,0.2356,
1447,1908,0.2285,
1447,5412,0.2261,
1447,9328,0.219,
1447,6174,0.2117,
1447,5882,0.2057,
1447,4531,0.2029,
1447,365,0.1979,
1447,7973,0.1968,
1447,5149,0.1966,
1447,6656,0.1952,
1447,82,0.194,
1447,5223,0.1929,
1447,8440,0.1925,
1447,2312,0.1908,
1447,1647,0.1897,
1447,1173,0.1896,
1447,4810,0.189,
1447,2724,0.1889,
1447,1215,0.1868,
1448,5344,0.2871,
1448,4848,0.2652,
1448,8267,0.2585,
1448,1908,0.2574,
1448,6849,0.2557,
1448,1062,0.2553,
1448,5494,0.2539,
1448,8470,0.2513,
1448,2312,0.2512,
1448,5519,0.2486,
1448,5464,0.2479,
1448,4720,0.2471,
1448,164,0.246,
1448,1311,0.2458,
1448,6074,0.2444,
1448,555,0.2438,
1448,3050,0.2431,
1448,282,0.2413,
1448,4291,0.2392,
1448,3807,0.2377,
1449,9062,0.2724,
1449,7086,0.2588,
1449,6627,0.2492,
1449,1000,0.2348,
1449,5882,0.2277,
1449,8130,0.2247,
1449,8067,0.2237,
1449,2461,0.2198,
1449,7051,0.2183,
1449,8488,0.2164,
1449,7070,0.215,
1449,7879,0.212,
1449,7195,0.2096,
1449,7371,0.2089,
1449,4299,0.2089,
1449,6836,0.2067,
1449,8834,0.2066,
1449,616,0.205,
1449,8769,0.2032,
1449,4041,0.2017,
1465,2461,0.1908,
1465,4682,0.1887,
1465,3432,0.1839,
1465,9062,0.179,
1465,7070,0.1748,
1465,7568,0.1677,
1465,8612,0.1672,
1465,5261,0.1672,
1465,6627,0.1568,
1465,2433,0.1548,
1465,2361,0.1542,
1465,7231,0.1531,
1465,7051,0.153,
1465,2331,0.1529,
1465,6803,0.1514,
1465,3516,0.149,
1465,1337,0.149,
1465,4057,0.1482,
1465,5716,0.1475,
1465,5609,0.1469,
1453,9062,0.2943,
1453,6627,0.2834,
1453,3432,0.2622,
1453,4682,0.2464,
1453,2331,0.244,
1453,7070,0.2434,
1453,5261,0.2424,
1453,4158,0.2397,
1453,8612,0.2348,
1453,7568,0.2347,
1453,2696,0.2295,
1453,2461,0.2276,
1453,7051,0.2271,
1453,8005,0.2262,
1453,8769,0.2242,
1453,1536,0.2234,
1453,7231,0.2177,
1453,1931,0.2149,
1453,8118,0.2123,
1453,8433,0.2118,
1454,2461,0.2763,
1454,3202,0.2486,
1454,9062,0.2333,
1454,2385,0.2327,
1454,5343,0.2322,
1454,4127,0.2315,
1454,7015,0.2293,
1454,1704,0.2279,
1454,7628,0.2256,
1454,1913,0.2247,
1454,9394,0.2239,
1454,2401,0.2237,
1454,8968,0.2216,
1454,5967,0.2214,
1454,7578,0.2213,
1454,1902,0.2212,
1454,6803,0.2211,
1454,2433,0.2208,
1454,850,0.2207,
1454,2174,0.2201,
1455,9366,0.2864,
1455,980,0.2666,
1455,8192,0.2602,
1455,967,0.2593,
1455,7923,0.2584,
1455,334,0.2548,
1455,3378,0.253,
1455,5216,0.2529,
1455,4962,0.2516,
1455,9034,0.2515,
1455,5391,0.2515,
1455,6781,0.2504,
1455,7317,0.2487,
1455,1859,0.2481,
1455,6818,0.2474,
1455,6942,0.247,
1455,5450,0.2466,
1455,6754,0.2459,
1455,8733,0.2458,
1455,1175,0.2458,
1456,6835,0.2703,
1456,78,0.267,
1456,7525,0.2589,
1456,3259,0.2402,
1456,3506,0.2386,
1456,355,0.2383,
1456,4291,0.2376,
1456,4553,0.2338,
1456,7825,0.2316,
1456,6160,0.2274,
1456,683,0.2232,
1456,43,0.223,
1456,3057,0.2222,
1456,8163,0.222,
1456,6173,0.2206,
1456,821,0.2203,
1456,3815,0.2191,
1456,8286,0.2179,
1456,5165,0.2173,
1456,4576,0.2169,
1457,736,0.1974,
1457,8131,0.1941,
1457,307,0.1841,
1457,6973,0.1817,
1457,3489,0.178,
1457,2642,0.1766,
1457,3049,0.1747,
1457,3540,0.1725,
1457,5555,0.1716,
1457,7793,0.1706,
1457,4875,0.169,
1457,8681,0.1671,
1457,1330,0.167,
1457,164,0.1649,
1457,8720,0.1647,
1457,7211,0.1642,
1457,7174,0.1639,
1457,8352,0.1635,
1457,6904,0.1632,
1457,4057,0.1624,
1458,8834,0.2562,
1458,5189,0.227,
1458,6996,0.2097,
1458,8592,0.2053,
1458,6613,0.2037,
1458,7824,0.2031,
1458,4810,0.1996,
1458,7486,0.1985,
1458,2764,0.1977,
1458,4158,0.1976,
1458,2629,0.1962,
1458,2926,0.1947,
1458,338,0.1942,
1458,4057,0.1938,
1458,291,0.1932,
1458,5535,0.1912,
1458,965,0.1893,
1458,1241,0.1891,
1458,282,0.1874,
1458,9062,0.186,
1459,1162,0.1595,
1459,5246,0.1595,
1459,8192,0.1582,
1459,6613,0.1567,
1459,4057,0.1535,
1459,5397,0.1513,
1459,3039,0.1501,
1459,3516,0.15,
1459,9436,0.15,
1459,8481,0.1475,
1459,4286,0.1472,
1459,7317,0.1459,
1459,334,0.1454,
1459,980,0.1435,
1459,4962,0.1425,
1459,6478,0.142,
1459,5356,0.1417,
1459,6781,0.1412,
1459,3864,0.1411,
1459,6754,0.1404,
1460,5246,0.29,
1460,1859,0.2596,
1460,5450,0.2591,
1460,4370,0.2586,
1460,8192,0.2548,
1460,1064,0.2538,
1460,7813,0.2535,
1460,99,0.2503,
1460,3356,0.2494,
1460,967,0.2481,
1460,7923,0.2471,
1460,2687,0.2458,
1460,9366,0.2447,
1460,6819,0.2441,
1460,7535,0.244,
1460,334,0.2438,
1460,2240,0.2425,
1460,2080,0.2417,
1460,6268,0.2416,
1460,6943,0.2394,
1461,1908,0.2429,
1461,8585,0.23,
1461,8041,0.2283,
1461,8481,0.2253,
1461,6174,0.2247,
1461,1207,0.2235,
1461,3989,0.2207,
1461,2536,0.2204,
1461,4353,0.2195,
1461,8192,0.2187,
1461,334,0.2174,
1461,8054,0.217,
1461,6212,0.217,
1461,3864,0.2141,
1461,3153,0.2133,
1461,409,0.2122,
1461,5356,0.2121,
1461,7638,0.2117,
1461,9007,0.2111,
1461,536,0.2104,
1462,9219,0.2208,
1462,7784,0.2082,
1462,9213,0.1903,
1462,158,0.1877,
1462,2892,0.1837,
1462,8850,0.183,
1462,1585,0.1799,
1462,7610,0.1771,
1462,5297,0.1757,
1462,3483,0.1686,
1462,3395,0.1644,
1462,7391,0.1643,
1462,4952,0.1609,
1462,5854,0.159,
1462,5045,0.1483,
1462,8599,0.1403,
1462,9008,0.1399,
1462,6785,0.1301,
1462,2163,0.1295,
1462,2401,0.1288,
1463,736,0.2956,
1463,307,0.2843,
1463,8131,0.2728,
1463,3540,0.2629,
1463,7977,0.2571,
1463,5109,0.2568,
1463,5927,0.2542,
1463,4744,0.254,
1463,7265,0.2522,
1463,6643,0.2515,
1463,5494,0.2502,
1463,4255,0.2491,
1463,3050,0.249,
1463,613,0.2481,
1463,473,0.2472,
1463,5773,0.2468,
1463,3787,0.2466,
1463,6066,0.2458,
1463,8374,0.2452,
1463,3151,0.2433,
1464,2461,0.1773,
1464,7628,0.1711,
1464,3432,0.1699,
1464,9062,0.1684,
1464,6803,0.1677,
1464,7231,0.1667,
1464,3516,0.1557,
1464,7051,0.1548,
1464,7070,0.1545,
1464,9394,0.1545,
1464,6627,0.1539,
1464,6442,0.153,
1464,3412,0.152,
1464,453,0.1518,
1464,7568,0.1513,
1464,4158,0.1505,
1464,6998,0.1498,
1464,5261,0.1485,
1464,7494,0.1479,
1464,166,0.1463,
1466,6174,0.2717,
1466,8322,0.253,
1466,4531,0.2474,
1466,5894,0.2409,
1466,7870,0.2405,
1466,6807,0.2399,
1466,282,0.2382,
1466,1962,0.2359,
1466,320,0.2341,
1466,7825,0.2331,
1466,1909,0.2324,
1466,2312,0.2313,
1466,2663,0.2299,
1466,8064,0.2272,
1466,8440,0.2255,
1466,4968,0.2247,
1466,3977,0.2234,
1466,7973,0.2234,
1466,5533,0.2231,
1466,334,0.2199,
1467,8905,0.2549,
1467,5438,0.2546,
1467,355,0.2542,
1467,3436,0.2495,
1467,2874,0.2486,
1467,3417,0.2459,
1467,754,0.2433,
1467,4553,0.2433,
1467,7523,0.2422,
1467,3057,0.241,
1467,4512,0.2405,
1467,6141,0.2403,
1467,3920,0.2398,
1467,5659,0.2397,
1467,6474,0.239,
1467,2127,0.2387,
1467,2566,0.2344,
1467,5165,0.233,
1467,6376,0.2299,
1467,998,0.2257,
1468,1639,0.2447,
1468,7076,0.2414,
1468,7857,0.2334,
1468,7782,0.2316,
1468,4209,0.2313,
1468,5183,0.2292,
1468,1276,0.2282,
1468,2281,0.2259,
1468,8267,0.2258,
1468,3558,0.2253,
1468,6421,0.2214,
1468,3973,0.2208,
1468,3598,0.2205,
1468,2862,0.2183,
1468,5376,0.2182,
1468,3527,0.2176,
1468,2098,0.2155,
1468,8375,0.2141,
1468,6813,0.2126,
1468,7493,0.2121,
1469,3552,0.2409,
1469,5790,0.2228,
1469,2687,0.2203,
1469,8620,0.2154,
1469,5005,0.2142,
1469,8720,0.2134,
1469,4869,0.2119,
1469,5122,0.2106,
1469,4547,0.2089,
1469,8579,0.2086,
1469,3287,0.2084,
1469,3650,0.2084,
1469,511,0.2066,
1469,2911,0.2063,
1469,4074,0.2049,
1469,3224,0.2042,
1469,3489,0.2041,
1469,8836,0.2041,
1469,2459,0.2041,
1469,8352,0.2037,
1470,6613,0.1985,
1470,6504,0.1821,
1470,307,0.1745,
1470,4057,0.1732,
1470,8470,0.1724,
1470,6643,0.1703,
1470,5223,0.1699,
1470,5081,0.1692,
1470,7512,0.1686,
1470,5157,0.1677,
1470,1162,0.1669,
1470,2298,0.1667,
1470,433,0.1637,
1470,8679,0.1617,
1470,3961,0.1595,
1470,66,0.1593,
1470,8834,0.1575,
1470,4237,0.1565,
1470,5465,0.1551,
1470,5001,0.1547,
1471,2568,0.2232,
1471,2795,0.2096,
1471,4353,0.2031,
1471,7973,0.1983,
1471,1681,0.1952,
1471,1908,0.1922,
1471,6174,0.1882,
1471,9074,0.1848,
1471,2141,0.1787,
1471,5448,0.1784,
1471,6307,0.1764,
1471,399,0.1754,
1471,2753,0.175,
1471,1803,0.1744,
1471,4348,0.1726,
1471,7656,0.1721,
1471,2008,0.1721,
1471,3827,0.1703,
1471,6996,0.1697,
1471,9284,0.1694,
1472,7262,0.2273,
1472,7593,0.216,
1472,8462,0.2153,
1472,8192,0.2144,
1472,8571,0.2094,
1472,1639,0.2042,
1472,2089,0.2024,
1472,334,0.1982,
1472,8370,0.1978,
1472,1162,0.1967,
1472,3516,0.1958,
1472,8481,0.1926,
1472,2976,0.1912,
1472,8184,0.1888,
1472,980,0.1884,
1472,5450,0.1877,
1472,3743,0.1872,
1472,2240,0.1872,
1472,445,0.1869,
1472,5246,0.1863,
1473,95,0.3935,
1473,6469,0.3821,
1473,6701,0.3806,
1473,9070,0.3795,
1473,1209,0.3773,
1473,293,0.3748,
1473,8199,0.3736,
1473,8806,0.3708,
1473,1031,0.3698,
1473,2972,0.3695,
1473,5761,0.3693,
1473,7155,0.3692,
1473,1846,0.3688,
1473,8272,0.3688,
1473,4546,0.367,
1473,5636,0.3666,
1473,6127,0.3663,
1473,3085,0.3659,
1473,2347,0.3659,
1473,8763,0.3658,
1474,8481,0.2943,
1474,4582,0.2748,
1474,8192,0.2737,
1474,334,0.2713,
1474,3790,0.2668,
1474,8041,0.2655,
1474,9034,0.265,
1474,7525,0.2645,
1474,1859,0.2641,
1474,6818,0.2628,
1474,8183,0.2625,
1474,7606,0.2621,
1474,5450,0.261,
1474,7923,0.2602,
1474,5246,0.2598,
1474,2175,0.2594,
1474,7389,0.2583,
1474,7879,0.2579,
1474,463,0.2572,
1474,2240,0.2555,
1475,5708,0.2143,
1475,6430,0.213,
1475,6785,0.2102,
1475,4744,0.2051,
1475,4727,0.205,
1475,2019,0.2017,
1475,9422,0.1997,
1475,6472,0.1985,
1475,6440,0.1824,
1475,6444,0.1792,
1475,5684,0.179,
1475,4622,0.1787,
1475,3886,0.1785,
1475,5344,0.1758,
1475,5223,0.1745,
1475,8850,0.1743,
1475,4041,0.1743,
1475,5616,0.1738,
1475,5453,0.1738,
1475,8326,0.1729,
1477,5708,0.2075,
1477,4057,0.2074,
1477,8267,0.2056,
1477,54,0.2011,
1477,6104,0.2009,
1477,1859,0.2007,
1477,3039,0.2003,
1477,8042,0.1994,
1477,1162,0.1993,
1477,7493,0.1982,
1477,5223,0.1968,
1477,5081,0.1954,
1477,2926,0.1948,
1477,3772,0.1939,
1477,1639,0.1929,
1477,8557,0.1919,
1477,6430,0.191,
1477,5465,0.1906,
1477,5189,0.19,
1477,8192,0.1898,
1478,6996,0.2746,
1478,7728,0.2727,
1478,1496,0.2486,
1478,401,0.2479,
1478,562,0.2453,
1478,64,0.2399,
1478,8065,0.2388,
1478,7992,0.2369,
1478,5157,0.2339,
1478,3505,0.2332,
1478,1541,0.2319,
1478,1701,0.2284,
1478,3057,0.2249,
1478,5552,0.2248,
1478,6307,0.2228,
1478,8440,0.2208,
1478,3440,0.219,
1478,7083,0.2185,
1478,2536,0.2169,
1478,5165,0.2163,
1479,9062,0.2689,
1479,7051,0.2527,
1479,8769,0.2394,
1479,5261,0.2367,
1479,6627,0.2347,
1479,3432,0.2247,
1479,8612,0.2228,
1479,4682,0.217,
1479,7568,0.2157,
1479,1485,0.2154,
1479,4035,0.2142,
1479,1931,0.213,
1479,2331,0.2127,
1479,6442,0.2126,
1479,8433,0.2117,
1479,8118,0.2103,
1479,1858,0.209,
1479,6430,0.2078,
1479,7231,0.2051,
1479,7070,0.2049,
1480,3516,0.1791,
1480,3202,0.1636,
1480,9436,0.1615,
1480,9273,0.1605,
1480,2837,0.1602,
1480,7083,0.1496,
1480,5919,0.1481,
1480,1081,0.1451,
1480,5619,0.1441,
1480,5011,0.1431,
1480,1913,0.1423,
1480,9441,0.1419,
1480,5168,0.1413,
1480,5189,0.1411,
1480,5930,0.1404,
1480,1054,0.14,
1480,4403,0.1396,
1480,239,0.1382,
1480,4057,0.1382,
1480,3917,0.1369,
1481,8054,0.3033,
1481,8087,0.2866,
1481,4576,0.2789,
1481,4223,0.277,
1481,5921,0.2758,
1481,6212,0.2736,
1481,3815,0.2734,
1481,8041,0.2693,
1481,1204,0.2674,
1481,7044,0.2654,
1481,2239,0.2649,
1481,512,0.2649,
1481,8585,0.2628,
1481,7684,0.2599,
1481,9321,0.2597,
1481,3105,0.2592,
1481,7879,0.2589,
1481,2252,0.2566,
1481,5973,0.2561,
1481,3531,0.2557,
1482,3039,0.2168,
1482,334,0.2117,
1482,1162,0.2078,
1482,1859,0.2073,
1482,3864,0.2063,
1482,8481,0.2009,
1482,5356,0.2006,
1482,980,0.2001,
1482,5397,0.1998,
1482,8192,0.1983,
1482,9034,0.1977,
1482,6064,0.195,
1482,7923,0.195,
1482,9366,0.1948,
1482,967,0.1943,
1482,2436,0.1931,
1482,6818,0.1926,
1482,5450,0.1924,
1482,4962,0.192,
1482,6754,0.1916,
1483,3815,0.2506,
1483,7879,0.2493,
1483,2175,0.2474,
1483,2252,0.2424,
1483,7044,0.238,
1483,4553,0.2373,
1483,4303,0.2346,
1483,4223,0.2325,
1483,6212,0.2321,
1483,463,0.2318,
1483,4818,0.2282,
1483,1204,0.2265,
1483,5793,0.225,
1483,9202,0.2247,
1483,1356,0.2234,
1483,8874,0.2233,
1483,7867,0.2209,
1483,5010,0.2203,
1483,2599,0.2196,
1483,8054,0.2183,
1484,2175,0.2092,
1484,4057,0.2079,
1484,3097,0.2058,
1484,5189,0.2054,
1484,5360,0.2014,
1484,3457,0.1967,
1484,3516,0.1938,
1484,5716,0.1906,
1484,8041,0.1906,
1484,8439,0.1884,
1484,7825,0.1874,
1484,4565,0.187,
1484,4582,0.187,
1484,6872,0.1849,
1484,5223,0.1845,
1484,7824,0.1838,
1484,1207,0.1831,
1484,3815,0.1816,
1484,5124,0.1816,
1484,9288,0.1815,
1486,7825,0.2744,
1486,5882,0.2706,
1486,455,0.25,
1486,1241,0.2487,
1486,5189,0.2454,
1486,9052,0.2443,
1486,8888,0.244,
1486,7973,0.2438,
1486,3679,0.2405,
1486,8322,0.2396,
1486,2663,0.2374,
1486,3989,0.2362,
1486,2732,0.2351,
1486,1207,0.2342,
1486,5894,0.234,
1486,7617,0.2335,
1486,1215,0.2313,
1486,1165,0.2311,
1486,4848,0.2302,
1486,164,0.2281,
1487,9213,0.2173,
1487,2401,0.1933,
1487,8968,0.1915,
1487,3917,0.1808,
1487,7578,0.1807,
1487,850,0.1802,
1487,5967,0.1723,
1487,2385,0.1721,
1487,5343,0.172,
1487,2433,0.1692,
1487,1081,0.1669,
1487,155,0.1664,
1487,6835,0.166,
1487,5106,0.1649,
1487,6063,0.1635,
1487,1054,0.1619,
1487,6803,0.1613,
1487,5619,0.1603,
1487,5011,0.1594,
1487,4127,0.1593,
1488,7824,0.2769,
1488,2702,0.2638,
1488,7278,0.2626,
1488,6975,0.2571,
1488,364,0.2548,
1488,1629,0.2508,
1488,1083,0.2503,
1488,7634,0.2436,
1488,521,0.2425,
1488,3113,0.2387,
1488,5739,0.2365,
1488,5236,0.236,
1488,5223,0.2331,
1488,9337,0.232,
1488,340,0.2307,
1488,7967,0.2284,
1488,4688,0.2247,
1488,5217,0.2234,
1488,5189,0.2222,
1488,4565,0.2151,
1489,3770,0.2691,
1489,8771,0.2655,
1489,2043,0.2648,
1489,5808,0.263,
1489,547,0.2612,
1489,2261,0.2592,
1489,2022,0.2582,
1489,5125,0.2576,
1489,6418,0.2564,
1489,8250,0.2544,
1489,9169,0.2538,
1489,7921,0.2517,
1489,2873,0.2513,
1489,1127,0.2497,
1489,872,0.248,
1489,4011,0.2477,
1489,3027,0.2474,
1489,6180,0.2455,
1489,3599,0.245,
1489,3268,0.2443,
1490,7070,0.2538,
1490,8769,0.247,
1490,2331,0.2398,
1490,4682,0.2339,
1490,9062,0.2316,
1490,6627,0.2249,
1490,5559,0.2181,
1490,5261,0.2133,
1490,8763,0.2076,
1490,7051,0.2042,
1490,1931,0.2011,
1490,2461,0.201,
1490,2473,0.2,
1490,6834,0.199,
1490,1858,0.1988,
1490,7633,0.1962,
1490,8612,0.1941,
1490,7568,0.1938,
1490,3432,0.1919,
1490,5900,0.1902,
1491,3507,0.2086,
1491,7534,0.2075,
1491,686,0.1993,
1491,14,0.1986,
1491,8327,0.1967,
1491,1710,0.196,
1491,4288,0.1903,
1491,6367,0.1884,
1491,7679,0.1884,
1491,6204,0.1838,
1491,5899,0.1822,
1491,8839,0.1818,
1491,5708,0.1814,
1491,1274,0.1809,
1491,1150,0.1797,
1491,4986,0.1789,
1491,6357,0.1785,
1491,5998,0.1778,
1491,9381,0.1768,
1491,4286,0.1763,
1492,3516,0.2259,
1492,9436,0.2179,
1492,5168,0.2078,
1492,9213,0.2071,
1492,7083,0.2056,
1492,4403,0.1953,
1492,5919,0.194,
1492,1054,0.1919,
1492,5967,0.1895,
1492,3346,0.189,
1492,5619,0.1863,
1492,2385,0.1843,
1492,3917,0.1837,
1492,5343,0.1835,
1492,5321,0.1835,
1492,6633,0.1832,
1492,2607,0.1831,
1492,606,0.1829,
1492,1070,0.1811,
1492,5970,0.1799,
1580,4057,0.1866,
1580,736,0.186,
1580,3516,0.1832,
1580,9273,0.1796,
1580,6803,0.1791,
1580,307,0.1769,
1580,8131,0.1725,
1580,3540,0.1723,
1580,5157,0.1713,
1580,3202,0.166,
1580,8681,0.1655,
1580,2837,0.1653,
1580,7083,0.1652,
1580,3784,0.1632,
1580,2361,0.162,
1580,2006,0.1608,
1580,155,0.1583,
1580,1028,0.158,
1580,7140,0.1566,
1580,2433,0.1557,
1493,5272,0.3989,
1493,6438,0.388,
1493,1017,0.3833,
1493,2071,0.383,
1493,1563,0.3805,
1493,6563,0.3717,
1493,7248,0.3674,
1493,7186,0.3649,
1493,1573,0.3617,
1493,3526,0.3613,
1493,5129,0.3604,
1493,7735,0.3595,
1493,4192,0.3499,
1493,3459,0.3429,
1493,2780,0.3365,
1493,7043,0.3349,
1493,5320,0.3207,
1493,2719,0.3185,
1493,4761,0.3182,
1493,8721,0.3153,
1494,9366,0.3029,
1494,5216,0.2668,
1494,507,0.2659,
1494,7317,0.2614,
1494,2389,0.2602,
1494,6482,0.2584,
1494,8192,0.2578,
1494,980,0.2576,
1494,334,0.2575,
1494,6781,0.2559,
1494,9034,0.2553,
1494,6754,0.2542,
1494,7923,0.2541,
1494,6818,0.2538,
1494,6511,0.2532,
1494,4962,0.253,
1494,2653,0.2529,
1494,7967,0.2529,
1494,5701,0.2529,
1494,1175,0.2528,
1495,3516,0.2201,
1495,7656,0.1973,
1495,9436,0.1973,
1495,5919,0.1951,
1495,616,0.1889,
1495,5011,0.1864,
1495,2926,0.183,
1495,352,0.1819,
1495,7083,0.1814,
1495,5984,0.1797,
1495,5168,0.1794,
1495,3744,0.1765,
1495,5930,0.1761,
1495,1081,0.176,
1495,4127,0.174,
1495,5619,0.1737,
1495,3917,0.1732,
1495,8571,0.1718,
1495,5106,0.1714,
1495,5529,0.171,
1496,6174,0.2285,
1496,7825,0.2246,
1496,9062,0.2216,
1496,4299,0.2214,
1496,3840,0.2206,
1496,7450,0.2195,
1496,282,0.2178,
1496,8834,0.217,
1496,455,0.2159,
1496,7195,0.2141,
1496,4531,0.2134,
1496,4158,0.2119,
1496,1241,0.2113,
1496,5266,0.2109,
1496,5030,0.2101,
1496,8322,0.2084,
1496,312,0.2077,
1496,7973,0.2051,
1496,2312,0.205,
1496,3941,0.2038,
1497,5165,0.3053,
1497,3057,0.3026,
1497,8905,0.2999,
1497,4553,0.2941,
1497,6474,0.2908,
1497,3920,0.2852,
1497,3436,0.2834,
1497,5438,0.2826,
1497,355,0.281,
1497,2127,0.2802,
1497,3417,0.2774,
1497,754,0.276,
1497,2566,0.2752,
1497,2874,0.2737,
1497,5659,0.2719,
1497,7523,0.2705,
1497,5999,0.2705,
1497,759,0.2702,
1497,3207,0.2691,
1497,4512,0.264,
1498,8769,0.2241,
1498,9062,0.2133,
1498,8612,0.2101,
1498,7051,0.205,
1498,7086,0.1987,
1498,7231,0.1966,
1498,7371,0.1902,
1498,274,0.1891,
1498,4682,0.1888,
1498,3432,0.1885,
1498,6701,0.1861,
1498,7070,0.1842,
1498,8118,0.1839,
1498,7568,0.1835,
1498,296,0.1775,
1498,5196,0.1771,
1498,6430,0.1769,
1498,4041,0.1767,
1498,5261,0.1748,
1498,9070,0.1747,
1499,1722,0.2049,
1499,3788,0.2,
1499,5779,0.1964,
1499,3842,0.1874,
1499,9309,0.1874,
1499,7724,0.1871,
1499,7647,0.1802,
1499,4744,0.179,
1499,7918,0.1763,
1499,8875,0.1722,
1499,504,0.1705,
1499,1028,0.17,
1499,7140,0.1686,
1499,15,0.1663,
1499,2006,0.1643,
1499,5223,0.1592,
1499,3693,0.1591,
1499,5753,0.1574,
1499,4670,0.1572,
1499,2573,0.1571,
1500,5790,0.3102,
1500,5554,0.302,
1500,3552,0.3014,
1500,8620,0.2972,
1500,4074,0.2969,
1500,3489,0.2914,
1500,2911,0.2904,
1500,5543,0.29,
1500,2687,0.2885,
1500,8579,0.2865,
1500,3650,0.2864,
1500,8720,0.2862,
1500,4547,0.2845,
1500,248,0.2837,
1500,9032,0.2831,
1500,346,0.2825,
1500,511,0.2824,
1500,5122,0.2814,
1500,1309,0.2802,
1500,8280,0.2796,
1501,2461,0.187,
1501,4127,0.1849,
1501,6627,0.1731,
1501,3516,0.1723,
1501,616,0.1662,
1501,8192,0.166,
1501,9436,0.1649,
1501,6998,0.1627,
1501,1913,0.1619,
1501,7083,0.1612,
1501,7628,0.1607,
1501,9394,0.1594,
1501,1083,0.1578,
1501,7051,0.1566,
1501,918,0.1544,
1501,3039,0.1538,
1501,2695,0.1536,
1501,6803,0.1532,
1501,239,0.1531,
1501,7195,0.1524,
1502,9062,0.24,
1502,8612,0.2388,
1502,7051,0.2311,
1502,8769,0.2246,
1502,7231,0.2233,
1502,7086,0.2209,
1502,3432,0.22,
1502,2461,0.2171,
1502,7568,0.2108,
1502,7070,0.2108,
1502,4682,0.2093,
1502,5261,0.2027,
1502,2331,0.2002,
1502,6627,0.1933,
1502,166,0.1921,
1502,7371,0.1905,
1502,1485,0.1871,
1502,5609,0.1856,
1502,8118,0.184,
1502,1536,0.1795,
1503,7656,0.2113,
1503,4127,0.2014,
1503,296,0.2001,
1503,2255,0.1981,
1503,3516,0.1963,
1503,2926,0.1948,
1503,8585,0.193,
1503,5559,0.1916,
1503,1902,0.1904,
1503,9288,0.1858,
1503,1083,0.1841,
1503,2164,0.182,
1503,8471,0.1819,
1503,9334,0.1818,
1503,3813,0.1816,
1503,4622,0.1814,
1503,7638,0.18,
1503,5168,0.1789,
1503,239,0.1783,
1503,7200,0.1782,
1504,1016,0.1671,
1504,239,0.167,
1504,9273,0.161,
1504,1330,0.1604,
1504,3120,0.1601,
1504,630,0.1586,
1504,3202,0.1569,
1504,8067,0.1542,
1504,7205,0.1525,
1504,8600,0.1522,
1504,9267,0.1513,
1504,5034,0.1501,
1504,1907,0.149,
1504,6192,0.1489,
1504,2837,0.147,
1504,736,0.146,
1504,5048,0.1457,
1504,4101,0.1452,
1504,3720,0.1426,
1504,6904,0.1422,
1505,7249,0.3855,
1505,6819,0.3697,
1505,973,0.3638,
1505,5754,0.3443,
1505,2625,0.33,
1505,6716,0.3236,
1505,1309,0.3222,
1505,149,0.3213,
1505,1064,0.3188,
1505,6896,0.3186,
1505,1669,0.3162,
1505,2687,0.3161,
1505,4013,0.3141,
1505,444,0.3134,
1505,7104,0.3128,
1505,5253,0.3057,
1505,9161,0.3055,
1505,3260,0.3053,
1505,953,0.3047,
1505,9352,0.3037,
1506,7453,0.2137,
1506,6174,0.2027,
1506,1902,0.1983,
1506,5967,0.1945,
1506,5343,0.1926,
1506,3744,0.1904,
1506,7628,0.189,
1506,2385,0.1889,
1506,7825,0.1859,
1506,239,0.1854,
1506,7195,0.1842,
1506,5030,0.1833,
1506,1241,0.1832,
1506,2461,0.1832,
1506,5448,0.1824,
1506,1337,0.1815,
1506,587,0.1815,
1506,1083,0.1784,
1506,5159,0.178,
1506,43,0.1779,
1507,7973,0.1838,
1507,78,0.1836,
1507,5165,0.1834,
1507,2252,0.1828,
1507,7273,0.1827,
1507,2356,0.1822,
1507,4291,0.1804,
1507,4553,0.1804,
1507,3074,0.1786,
1507,1123,0.1781,
1507,7525,0.1765,
1507,1127,0.1758,
1507,5741,0.1747,
1507,3057,0.1744,
1507,4328,0.1725,
1507,4383,0.1725,
1507,8087,0.1712,
1507,3066,0.1703,
1507,169,0.1703,
1507,2182,0.1698,
1508,2453,0.1618,
1508,3348,0.1554,
1508,9447,0.1532,
1508,6794,0.153,
1508,5970,0.1511,
1508,641,0.1493,
1508,1054,0.1477,
1508,7656,0.1458,
1508,296,0.1432,
1508,2109,0.1428,
1508,7155,0.1419,
1508,8276,0.1396,
1508,3992,0.1392,
1508,7754,0.1389,
1508,6778,0.1387,
1508,919,0.1385,
1508,1275,0.1384,
1508,1081,0.1374,
1508,5321,0.137,
1508,2401,0.1367,
1509,6104,0.2762,
1509,8079,0.2697,
1509,9447,0.2587,
1509,9267,0.2579,
1509,8276,0.2579,
1509,8267,0.2521,
1509,4819,0.2513,
1509,2255,0.2498,
1509,1465,0.2492,
1509,296,0.2478,
1509,3039,0.2472,
1509,7200,0.2463,
1509,8067,0.2447,
1509,8600,0.244,
1509,9185,0.2433,
1509,5868,0.2432,
1509,1908,0.2416,
1509,3360,0.2408,
1509,2060,0.2393,
1509,4240,0.2379,
1510,6104,0.2503,
1510,7371,0.2227,
1510,8267,0.2202,
1510,8769,0.2165,
1510,7380,0.216,
1510,6834,0.2151,
1510,7782,0.2133,
1510,5376,0.2124,
1510,5183,0.2104,
1510,1639,0.2086,
1510,2615,0.2047,
1510,7361,0.2032,
1510,4041,0.2029,
1510,1612,0.2024,
1510,1276,0.2014,
1510,3527,0.2013,
1510,4432,0.2009,
1510,2862,0.2007,
1510,3693,0.2006,
1510,8375,0.1998,
1624,7051,0.196,
1624,920,0.189,
1624,6430,0.1875,
1624,6046,0.1865,
1624,8571,0.1846,
1624,6012,0.1831,
1624,4285,0.1829,
1624,9062,0.182,
1624,5375,0.1819,
1624,8061,0.1808,
1624,3487,0.1799,
1624,3016,0.1798,
1624,2461,0.1795,
1624,3743,0.1786,
1624,7116,0.1784,
1624,8067,0.1783,
1624,7628,0.1775,
1624,6644,0.1737,
1624,1485,0.1734,
1624,3202,0.1729,
1511,1809,0.2509,
1511,8190,0.2328,
1511,7312,0.2213,
1511,8431,0.2212,
1511,918,0.22,
1511,7148,0.2162,
1511,7638,0.2146,
1511,4565,0.2128,
1511,8470,0.2125,
1511,5465,0.2123,
1511,4091,0.2112,
1511,6802,0.2112,
1511,9247,0.2103,
1511,7964,0.2102,
1511,455,0.2096,
1511,8322,0.2092,
1511,4819,0.2089,
1511,1427,0.2083,
1511,3770,0.2082,
1511,8983,0.2061,
1512,9089,0.2274,
1512,9288,0.22,
1512,433,0.2164,
1512,6402,0.2154,
1512,7500,0.2101,
1512,7396,0.2093,
1512,5681,0.2086,
1512,5465,0.2079,
1512,5978,0.2066,
1512,2049,0.2057,
1512,455,0.2053,
1512,5708,0.2023,
1512,4053,0.2013,
1512,4304,0.2004,
1512,3097,0.1997,
1512,5754,0.1986,
1512,5205,0.1979,
1512,7868,0.1972,
1512,6212,0.1967,
1512,7079,0.1965,
1513,8054,0.2958,
1513,4223,0.2855,
1513,3097,0.2806,
1513,5921,0.2701,
1513,8070,0.2701,
1513,2239,0.2675,
1513,3105,0.2629,
1513,7044,0.2615,
1513,1220,0.2608,
1513,6441,0.258,
1513,9321,0.2571,
1513,6212,0.252,
1513,886,0.2513,
1513,3815,0.2494,
1513,8087,0.2455,
1513,8490,0.2434,
1513,3371,0.243,
1513,5973,0.2424,
1513,2182,0.2404,
1513,2156,0.2402,
1514,8850,0.1792,
1514,1722,0.1766,
1514,6627,0.1763,
1514,9213,0.1742,
1514,3788,0.1724,
1514,1913,0.1689,
1514,616,0.1688,
1514,3842,0.1677,
1514,2461,0.1665,
1514,164,0.1619,
1514,6785,0.1614,
1514,3345,0.1609,
1514,2401,0.1586,
1514,8968,0.1572,
1514,4744,0.1569,
1514,4682,0.1532,
1514,8184,0.1522,
1514,4041,0.152,
1514,4127,0.1519,
1514,9140,0.1511,
1515,8192,0.2314,
1515,1162,0.23,
1515,7606,0.2295,
1515,1337,0.2244,
1515,8481,0.2221,
1515,4127,0.2195,
1515,8470,0.2194,
1515,334,0.2189,
1515,5604,0.2189,
1515,5465,0.2177,
1515,3238,0.2166,
1515,3864,0.216,
1515,1859,0.2158,
1515,6613,0.2157,
1515,9034,0.2155,
1515,1083,0.2154,
1515,5356,0.2151,
1515,9436,0.214,
1515,5223,0.2133,
1515,6021,0.2128,
1516,8042,0.2279,
1516,8557,0.2219,
1516,8433,0.2128,
1516,5708,0.2102,
1516,2136,0.2089,
1516,4057,0.2088,
1516,3516,0.2076,
1516,8571,0.2027,
1516,4669,0.2009,
1516,2926,0.1999,
1516,5990,0.1992,
1516,3669,0.1975,
1516,6430,0.1972,
1516,5735,0.1969,
1516,5327,0.1952,
1516,4682,0.1944,
1516,1445,0.1938,
1516,1763,0.1936,
1516,6083,0.1934,
1516,5189,0.1928,
1517,3516,0.1713,
1517,4403,0.1525,
1517,352,0.1437,
1517,5168,0.1432,
1517,9436,0.1396,
1517,5619,0.1383,
1517,5011,0.1374,
1517,5544,0.137,
1517,4114,0.1368,
1517,5676,0.1327,
1517,6997,0.1326,
1517,1427,0.1309,
1517,701,0.1303,
1517,2926,0.1303,
1517,3917,0.1289,
1517,606,0.1287,
1517,1081,0.1284,
1517,8992,0.128,
1517,7083,0.1276,
1517,5984,0.1274,
1518,9062,0.295,
1518,3432,0.2496,
1518,7070,0.2469,
1518,4682,0.246,
1518,7568,0.245,
1518,1931,0.2425,
1518,8693,0.2408,
1518,4158,0.2374,
1518,7051,0.2373,
1518,6442,0.2314,
1518,6627,0.2301,
1518,8433,0.2267,
1518,5261,0.2242,
1518,8005,0.2235,
1518,8612,0.2224,
1518,4035,0.2185,
1518,7600,0.2159,
1518,2331,0.215,
1518,5609,0.2144,
1518,8769,0.2141,
1519,355,0.2525,
1519,1913,0.2391,
1519,4553,0.2189,
1519,5011,0.2126,
1519,2554,0.2067,
1519,239,0.2064,
1519,5999,0.2036,
1519,8905,0.2026,
1519,2566,0.1998,
1519,4544,0.1989,
1519,1704,0.1951,
1519,2668,0.1942,
1519,2883,0.1924,
1519,4127,0.1922,
1519,441,0.1916,
1519,2433,0.191,
1519,754,0.1905,
1519,9394,0.1898,
1519,8794,0.1895,
1519,8146,0.1891,
1520,8888,0.217,
1520,5192,0.2065,
1520,5563,0.2055,
1520,9309,0.2036,
1520,3842,0.2024,
1520,8592,0.2023,
1520,7702,0.1948,
1520,7252,0.1946,
1520,919,0.1934,
1520,8070,0.1919,
1520,6423,0.1911,
1520,7824,0.1896,
1520,882,0.1879,
1520,7371,0.1876,
1520,4299,0.1875,
1520,8130,0.1843,
1520,1811,0.1837,
1520,886,0.1837,
1520,3060,0.1835,
1520,7278,0.1831,
1521,9213,0.2103,
1521,7628,0.1955,
1521,2461,0.1947,
1521,155,0.1824,
1521,7453,0.1792,
1521,1054,0.1783,
1521,355,0.1751,
1521,3744,0.1737,
1521,7784,0.1702,
1521,8571,0.1698,
1521,4544,0.1686,
1521,8965,0.1679,
1521,2433,0.1665,
1521,1022,0.1653,
1521,9394,0.1653,
1521,2668,0.165,
1521,8146,0.1637,
1521,1225,0.1636,
1521,5967,0.1635,
1521,5155,0.1632,
1522,7824,0.2744,
1522,455,0.2544,
1522,9062,0.2453,
1522,3743,0.2443,
1522,5217,0.2397,
1522,6174,0.239,
1522,399,0.2367,
1522,7634,0.2352,
1522,8834,0.2343,
1522,1083,0.2289,
1522,2073,0.2284,
1522,5882,0.2279,
1522,4158,0.227,
1522,6742,0.225,
1522,7870,0.2248,
1522,7825,0.2244,
1522,8067,0.2234,
1522,4421,0.2217,
1522,4297,0.2205,
1522,5189,0.2203,
1523,9062,0.3141,
1523,7051,0.2837,
1523,6627,0.2758,
1523,4682,0.2705,
1523,3432,0.2693,
1523,2331,0.2686,
1523,8067,0.2621,
1523,7070,0.2607,
1523,5261,0.25,
1523,2461,0.2493,
1523,7568,0.2481,
1523,1485,0.2363,
1523,3840,0.2314,
1523,8612,0.2311,
1523,3540,0.2275,
1523,7231,0.2254,
1523,920,0.2252,
1523,2648,0.2214,
1523,4299,0.219,
1523,291,0.2187,
1524,6174,0.2269,
1524,2926,0.2263,
1524,6430,0.2179,
1524,5761,0.2141,
1524,5189,0.2122,
1524,4622,0.209,
1524,2764,0.2065,
1524,2255,0.2055,
1524,3743,0.2042,
1524,5559,0.1985,
1524,7824,0.1981,
1524,3157,0.1974,
1524,4240,0.1973,
1524,8834,0.1971,
1524,7973,0.1957,
1524,455,0.1931,
1524,7883,0.1912,
1524,2418,0.1908,
1524,399,0.1899,
1524,9062,0.1889,
1625,5708,0.2299,
1625,7633,0.2178,
1625,8571,0.2137,
1625,8940,0.2133,
1625,4514,0.2056,
1625,5773,0.2044,
1625,9452,0.2042,
1625,4727,0.2028,
1625,983,0.2023,
1625,1902,0.2009,
1625,4346,0.1989,
1625,3787,0.1982,
1625,5971,0.195,
1625,8746,0.1944,
1625,8732,0.1944,
1625,307,0.1921,
1625,2606,0.1904,
1625,3794,0.1897,
1625,6973,0.1891,
1625,4275,0.1888,
1525,8163,0.2041,
1525,7525,0.204,
1525,409,0.2037,
1525,4303,0.2005,
1525,3506,0.1957,
1525,7517,0.1946,
1525,3178,0.1944,
1525,78,0.1929,
1525,2252,0.1926,
1525,462,0.1896,
1525,4291,0.1891,
1525,8190,0.1865,
1525,6160,0.1859,
1525,4401,0.1852,
1525,8322,0.1852,
1525,1127,0.184,
1525,2175,0.1831,
1525,3074,0.1819,
1525,8470,0.1813,
1525,3816,0.1808,
1526,5438,0.346,
1526,8905,0.3376,
1526,754,0.3255,
1526,3057,0.3249,
1526,3436,0.3224,
1526,2874,0.3213,
1526,6141,0.3212,
1526,6376,0.3208,
1526,3920,0.3183,
1526,4512,0.3178,
1526,4553,0.3133,
1526,7523,0.3124,
1526,2127,0.3119,
1526,355,0.3087,
1526,5659,0.3073,
1526,3417,0.3038,
1526,2566,0.2991,
1526,6474,0.2943,
1526,759,0.2899,
1526,3207,0.288,
1527,7453,0.2393,
1527,155,0.233,
1527,3744,0.2241,
1527,4544,0.2027,
1527,2883,0.2019,
1527,1054,0.1976,
1527,5155,0.1964,
1527,4652,0.1954,
1527,2401,0.195,
1527,8968,0.1932,
1527,8146,0.1931,
1527,7628,0.1927,
1527,1913,0.1911,
1527,5930,0.191,
1527,1225,0.1897,
1527,8965,0.1894,
1527,2668,0.1881,
1527,8813,0.1881,
1527,1337,0.1872,
1527,4346,0.1867,
1528,920,0.2027,
1528,4715,0.1992,
1528,6701,0.1973,
1528,3540,0.197,
1528,3202,0.1951,
1528,3933,0.1926,
1528,7371,0.1911,
1528,2764,0.1891,
1528,9344,0.189,
1528,8769,0.1857,
1528,5157,0.1825,
1528,3946,0.1818,
1528,3840,0.1815,
1528,6470,0.1801,
1528,7195,0.1797,
1528,7083,0.1794,
1528,5492,0.1793,
1528,4682,0.1786,
1528,6613,0.1781,
1528,7051,0.1774,
1529,8410,0.3348,
1529,99,0.3239,
1529,4736,0.3037,
1529,8245,0.2975,
1529,616,0.2964,
1529,3356,0.2941,
1529,8992,0.2939,
1529,2687,0.2887,
1529,1716,0.2873,
1529,4667,0.2825,
1529,1309,0.2788,
1529,4013,0.2786,
1529,3260,0.2784,
1529,5089,0.2773,
1529,9364,0.2773,
1529,1659,0.2768,
1529,5882,0.2767,
1529,6598,0.2764,
1529,1508,0.2763,
1529,6683,0.276,
1530,8940,0.3138,
1530,3787,0.3137,
1530,6613,0.311,
1530,4275,0.3087,
1530,473,0.3077,
1530,2158,0.3069,
1530,5901,0.3047,
1530,5969,0.3046,
1530,5548,0.3045,
1530,9341,0.3044,
1530,6614,0.3041,
1530,6643,0.3039,
1530,5157,0.3037,
1530,5583,0.3025,
1530,66,0.3023,
1530,2351,0.302,
1530,7447,0.3003,
1530,2160,0.2997,
1530,9094,0.2995,
1530,378,0.2992,
1534,2687,0.2241,
1534,5790,0.2055,
1534,2911,0.2027,
1534,8720,0.2022,
1534,2459,0.1992,
1534,5122,0.1934,
1534,5246,0.1921,
1534,4547,0.1917,
1534,8620,0.1909,
1534,9032,0.1895,
1534,4302,0.1894,
1534,8579,0.1893,
1534,5554,0.1891,
1534,7951,0.189,
1534,7693,0.1888,
1534,4250,0.1884,
1534,3287,0.1873,
1534,8836,0.1872,
1534,1153,0.187,
1534,3650,0.187,
1535,2461,0.2362,
1535,9436,0.2172,
1535,2401,0.2111,
1535,8968,0.2092,
1535,8192,0.2064,
1535,7083,0.2051,
1535,7578,0.2034,
1535,2433,0.2023,
1535,3202,0.1991,
1535,850,0.1988,
1535,5106,0.1968,
1535,7195,0.1956,
1535,3516,0.1947,
1535,606,0.1905,
1535,3039,0.1865,
1535,3744,0.1862,
1535,1083,0.1859,
1535,4922,0.1846,
1535,2883,0.1845,
1535,7453,0.1843,
1536,1908,0.3079,
1536,6174,0.2925,
1536,399,0.291,
1536,8834,0.285,
1536,8267,0.2844,
1536,4751,0.2839,
1536,1909,0.2807,
1536,8440,0.2793,
1536,7825,0.2781,
1536,4810,0.274,
1536,7973,0.2738,
1536,1207,0.2721,
1536,3977,0.2715,
1536,6613,0.2689,
1536,5716,0.2687,
1536,6529,0.2686,
1536,4531,0.2684,
1536,4383,0.2672,
1536,5349,0.2669,
1536,2877,0.266,
1537,2394,0.2534,
1537,7628,0.2419,
1537,7656,0.2412,
1537,9441,0.2354,
1537,9436,0.2338,
1537,7083,0.2259,
1537,5448,0.2243,
1537,1054,0.2236,
1537,5343,0.2223,
1537,8965,0.2169,
1537,2401,0.2167,
1537,8968,0.2147,
1537,850,0.2138,
1537,43,0.2133,
1537,1902,0.2129,
1537,5168,0.2123,
1537,8527,0.2122,
1537,7453,0.212,
1537,1083,0.2114,
1537,4274,0.2114,
1538,4303,0.2575,
1538,7525,0.2575,
1538,2175,0.2392,
1538,78,0.2352,
1538,3074,0.233,
1538,8054,0.2309,
1538,9288,0.2293,
1538,624,0.2271,
1538,4842,0.2229,
1538,7879,0.2226,
1538,4340,0.2224,
1538,8804,0.2215,
1538,1626,0.2177,
1538,4553,0.2143,
1538,3105,0.2134,
1538,2926,0.2129,
1538,4401,0.2129,
1538,5010,0.2121,
1538,216,0.2095,
1538,6192,0.2087,
1626,6627,0.2424,
1626,3842,0.239,
1626,7647,0.2299,
1626,3432,0.2103,
1626,6423,0.208,
1626,4115,0.1993,
1626,5803,0.1954,
1626,7037,0.193,
1626,292,0.1928,
1626,1913,0.1908,
1626,7051,0.19,
1626,4621,0.189,
1626,8879,0.1877,
1626,918,0.1872,
1626,5261,0.1839,
1626,661,0.1819,
1626,2461,0.1819,
1626,8946,0.1812,
1626,8612,0.1805,
1626,8888,0.1803,
1627,4553,0.2372,
1627,6474,0.2189,
1627,2252,0.2113,
1627,8070,0.2107,
1627,8250,0.2092,
1627,5999,0.2065,
1627,409,0.2052,
1627,3436,0.2031,
1627,6067,0.203,
1627,8481,0.201,
1627,355,0.1988,
1627,6963,0.1983,
1627,5165,0.198,
1627,7879,0.197,
1627,8711,0.197,
1627,6792,0.1963,
1627,3057,0.1962,
1627,8905,0.196,
1627,3417,0.1953,
1627,3245,0.1948,
1628,355,0.2361,
1628,8905,0.2345,
1628,7273,0.2296,
1628,4553,0.2296,
1628,6474,0.2282,
1628,3057,0.2263,
1628,7523,0.2241,
1628,754,0.2224,
1628,5438,0.2209,
1628,3920,0.2205,
1628,5165,0.218,
1628,2874,0.2173,
1628,2127,0.217,
1628,3417,0.2158,
1628,5999,0.2152,
1628,5659,0.2152,
1628,6141,0.2146,
1628,3436,0.2143,
1628,3207,0.2124,
1628,2566,0.2111,
1539,7067,0.2196,
1539,5608,0.2185,
1539,6209,0.2176,
1539,7978,0.2151,
1539,2020,0.2118,
1539,9061,0.21,
1539,3770,0.2086,
1539,1828,0.2071,
1539,1780,0.2071,
1539,4589,0.2067,
1539,213,0.2066,
1539,1674,0.2061,
1539,5472,0.203,
1539,8771,0.2027,
1539,4313,0.2025,
1539,588,0.2021,
1539,5933,0.2016,
1539,5904,0.2012,
1539,5102,0.2006,
1539,5796,0.2005,
1540,736,0.3106,
1540,3540,0.2879,
1540,8131,0.2837,
1540,307,0.2637,
1540,3787,0.2567,
1540,5165,0.2554,
1540,2006,0.2482,
1540,1263,0.2453,
1540,9407,0.2449,
1540,2361,0.243,
1540,993,0.2423,
1540,3794,0.2417,
1540,4514,0.2414,
1540,6264,0.2411,
1540,7633,0.2407,
1540,4252,0.2407,
1540,1028,0.2402,
1540,9388,0.2393,
1540,7140,0.2381,
1540,2770,0.2377,
1541,7186,0.1851,
1541,6438,0.185,
1541,7248,0.184,
1541,1017,0.1837,
1541,2071,0.1785,
1541,8721,0.1784,
1541,5272,0.1693,
1541,3459,0.1677,
1541,7735,0.1646,
1541,7043,0.1616,
1541,3221,0.1612,
1541,5129,0.1592,
1541,1563,0.1576,
1541,3526,0.1563,
1541,1573,0.1555,
1541,8612,0.1553,
1541,6563,0.155,
1541,6627,0.1547,
1541,7070,0.1527,
1541,7051,0.152,
1542,3989,0.2985,
1542,9062,0.2834,
1542,6174,0.2818,
1542,5533,0.2706,
1542,7825,0.2646,
1542,8440,0.2591,
1542,82,0.2572,
1542,8834,0.2562,
1542,9328,0.255,
1542,2536,0.254,
1542,3440,0.254,
1542,6807,0.2504,
1542,3977,0.2496,
1542,5149,0.2496,
1542,4299,0.2494,
1542,1647,0.2488,
1542,7857,0.2462,
1542,4531,0.2458,
1542,2663,0.2455,
1542,6442,0.2436,
1543,4744,0.3668,
1543,9452,0.3356,
1543,4275,0.3326,
1543,307,0.3315,
1543,473,0.3231,
1543,2606,0.3219,
1543,4252,0.3191,
1543,8551,0.3179,
1543,9407,0.3172,
1543,5583,0.3164,
1543,2361,0.3156,
1543,6643,0.3153,
1543,8374,0.3151,
1543,993,0.3149,
1543,9094,0.3146,
1543,7853,0.3145,
1543,6614,0.3143,
1543,7447,0.3135,
1543,2351,0.313,
1543,6499,0.311,
1544,7879,0.185,
1544,9436,0.1669,
1544,8182,0.1648,
1544,4303,0.1636,
1544,7868,0.1531,
1544,2175,0.1515,
1544,6021,0.1499,
1544,3505,0.1496,
1544,376,0.1494,
1544,7386,0.1492,
1544,5010,0.1485,
1544,1204,0.1475,
1544,2148,0.1463,
1544,463,0.1443,
1544,3815,0.1417,
1544,3516,0.1399,
1544,8041,0.1392,
1544,4713,0.1381,
1544,6830,0.137,
1544,4795,0.1367,
1545,9062,0.2654,
1545,1207,0.216,
1545,8592,0.2144,
1545,8067,0.2096,
1545,5360,0.2086,
1545,5189,0.2049,
1545,4848,0.1988,
1545,8693,0.1959,
1545,2724,0.19,
1545,5809,0.1889,
1545,6960,0.1881,
1545,5261,0.1872,
1545,6442,0.1861,
1545,8240,0.1844,
1545,5930,0.1843,
1545,249,0.1836,
1545,3989,0.1833,
1545,7883,0.182,
1545,2461,0.1817,
1545,4531,0.1808,
1546,2859,0.292,
1546,4377,0.2778,
1546,7399,0.2568,
1546,8621,0.2554,
1546,5728,0.2529,
1546,4408,0.2529,
1546,3207,0.252,
1546,1379,0.2507,
1546,4149,0.2492,
1546,6016,0.2492,
1546,1630,0.2488,
1546,5319,0.2481,
1546,1736,0.2473,
1546,8537,0.247,
1546,6690,0.247,
1546,6039,0.247,
1546,683,0.2462,
1546,3937,0.2459,
1546,2916,0.2458,
1546,4349,0.245,
1547,5344,0.2615,
1547,3540,0.2496,
1547,4682,0.2476,
1547,8374,0.2358,
1547,5081,0.2262,
1547,5223,0.2261,
1547,7633,0.2251,
1547,2006,0.2238,
1547,7265,0.2196,
1547,2770,0.2176,
1547,6643,0.2167,
1547,1028,0.2166,
1547,7140,0.2147,
1547,1062,0.2146,
1547,6613,0.2144,
1547,2361,0.2142,
1547,4455,0.214,
1547,66,0.2139,
1547,5494,0.212,
1547,5708,0.2108,
1548,8322,0.2179,
1548,8470,0.2171,
1548,5001,0.2044,
1548,8190,0.2036,
1548,7558,0.2014,
1548,1909,0.1985,
1548,7465,0.1983,
1548,5912,0.1977,
1548,3245,0.1969,
1548,8401,0.1944,
1548,5319,0.1943,
1548,1337,0.1941,
1548,2080,0.1932,
1548,6691,0.1929,
1548,5114,0.1927,
1548,4091,0.1925,
1548,2663,0.1901,
1548,7964,0.188,
1548,4370,0.1879,
1548,2643,0.1851,
1549,1207,0.2262,
1549,1165,0.2258,
1549,5716,0.2215,
1549,3989,0.2202,
1549,6174,0.2195,
1549,399,0.2193,
1549,5741,0.2184,
1549,7973,0.2141,
1549,7300,0.2139,
1549,4531,0.2118,
1549,4747,0.2088,
1549,2356,0.2088,
1549,790,0.2067,
1549,8834,0.2061,
1549,4383,0.2056,
1549,3977,0.2043,
1549,5927,0.204,
1549,5349,0.2023,
1549,8440,0.2018,
1549,4268,0.2014,
1550,5438,0.3324,
1550,6376,0.3273,
1550,754,0.3191,
1550,3057,0.3185,
1550,8905,0.3182,
1550,3436,0.3161,
1550,2874,0.3135,
1550,3920,0.312,
1550,4512,0.3108,
1550,7523,0.3059,
1550,2127,0.3055,
1550,6141,0.302,
1550,5659,0.2998,
1550,3417,0.2977,
1550,355,0.2947,
1550,2566,0.2929,
1550,4553,0.2925,
1550,6474,0.2874,
1550,759,0.2837,
1550,3207,0.2818,
1581,9062,0.241,
1581,4682,0.2288,
1581,8005,0.2152,
1581,4158,0.2048,
1581,2461,0.1996,
1581,8769,0.196,
1581,8118,0.1909,
1581,7628,0.1902,
1581,4035,0.1901,
1581,6627,0.1887,
1581,7375,0.1885,
1581,5261,0.1847,
1581,3432,0.1824,
1581,7231,0.1813,
1581,7126,0.1797,
1581,7051,0.179,
1581,307,0.1775,
1581,6442,0.1765,
1581,3840,0.1746,
1581,8693,0.1733,
1582,1908,0.2767,
1582,5558,0.2765,
1582,6849,0.261,
1582,9106,0.2569,
1582,433,0.2561,
1582,3921,0.2536,
1582,5974,0.2535,
1582,8431,0.2531,
1582,8470,0.248,
1582,7442,0.2474,
1582,1427,0.2459,
1582,5708,0.2447,
1582,4057,0.2433,
1582,5681,0.2403,
1582,8322,0.2384,
1582,7638,0.2381,
1582,5494,0.238,
1582,6644,0.2376,
1582,9270,0.2374,
1582,7622,0.2354,
1551,5930,0.1857,
1551,5081,0.1766,
1551,794,0.1756,
1551,3516,0.1749,
1551,7737,0.1671,
1551,8592,0.1669,
1551,9436,0.1657,
1551,4057,0.1647,
1551,7512,0.1638,
1551,5189,0.1581,
1551,4127,0.1579,
1551,239,0.1567,
1551,6613,0.1564,
1551,2953,0.1563,
1551,1083,0.1551,
1551,2185,0.1539,
1551,8275,0.1532,
1551,5905,0.153,
1551,5192,0.1525,
1551,7252,0.1521,
1552,7412,0.1932,
1552,2856,0.1928,
1552,2718,0.188,
1552,8067,0.1873,
1552,1851,0.1747,
1552,3039,0.173,
1552,4143,0.169,
1552,1352,0.1637,
1552,4613,0.1627,
1552,334,0.162,
1552,3209,0.1579,
1552,5736,0.1575,
1552,1162,0.1569,
1552,3068,0.1568,
1552,7346,0.1564,
1552,6701,0.1548,
1552,1859,0.1544,
1552,567,0.1528,
1552,1242,0.1512,
1552,8746,0.1512,
1553,5583,0.2755,
1553,3457,0.2638,
1553,433,0.2601,
1553,2145,0.2588,
1553,6614,0.2584,
1553,3787,0.256,
1553,5716,0.253,
1553,473,0.2521,
1553,8374,0.2515,
1553,6849,0.2497,
1553,8600,0.2488,
1553,2361,0.2486,
1553,8470,0.2476,
1553,2006,0.2461,
1553,8662,0.2458,
1553,8005,0.2439,
1553,1028,0.2438,
1553,7140,0.2417,
1553,2308,0.2414,
1553,5901,0.2414,
1554,9062,0.3408,
1554,3432,0.2838,
1554,7568,0.2825,
1554,1536,0.2823,
1554,5261,0.2781,
1554,7070,0.2664,
1554,8612,0.2567,
1554,7051,0.2567,
1554,8769,0.254,
1554,4682,0.2461,
1554,6627,0.2426,
1554,8693,0.2379,
1554,2331,0.2354,
1554,166,0.2342,
1554,5609,0.2309,
1554,7231,0.2303,
1554,6322,0.2271,
1554,8067,0.2255,
1554,1485,0.2203,
1554,8433,0.2191,
1555,5343,0.1995,
1555,8146,0.1982,
1555,99,0.1969,
1555,6716,0.193,
1555,3530,0.1903,
1555,3517,0.187,
1555,8001,0.1837,
1555,1419,0.1824,
1555,4070,0.1806,
1555,5161,0.18,
1555,1083,0.1789,
1555,9081,0.1772,
1555,204,0.1766,
1555,2760,0.1747,
1555,1803,0.1738,
1555,3992,0.1721,
1555,1116,0.1718,
1555,4495,0.1717,
1555,7075,0.1674,
1555,7825,0.1655,
1556,6775,0.2138,
1556,4553,0.1897,
1556,7086,0.1881,
1556,7879,0.1777,
1556,5999,0.1705,
1556,7273,0.1697,
1556,8130,0.169,
1556,8488,0.163,
1556,3240,0.1627,
1556,624,0.1616,
1556,6753,0.1614,
1556,5948,0.1606,
1556,896,0.1592,
1556,1204,0.1569,
1556,3505,0.1568,
1556,5010,0.1566,
1556,6441,0.1547,
1556,4864,0.1523,
1556,7371,0.1521,
1556,312,0.1519,
1557,9062,0.2584,
1557,7973,0.2468,
1557,4299,0.2429,
1557,4158,0.2412,
1557,6174,0.2343,
1557,8067,0.2308,
1557,7870,0.2275,
1557,5741,0.2273,
1557,2732,0.2224,
1557,3871,0.2209,
1557,4531,0.2203,
1557,7883,0.22,
1557,3840,0.219,
1557,399,0.2189,
1557,8673,0.2171,
1557,3679,0.2171,
1557,7825,0.2171,
1557,4175,0.2158,
1557,7195,0.2146,
1557,2856,0.2144,
1558,9247,0.3206,
1558,7462,0.2811,
1558,6164,0.2753,
1558,8042,0.2725,
1558,3669,0.2719,
1558,7964,0.2695,
1558,486,0.2591,
1558,8901,0.2556,
1558,8748,0.2554,
1558,8956,0.2537,
1558,1859,0.2533,
1558,5704,0.2532,
1558,8476,0.2531,
1558,455,0.2519,
1558,8983,0.249,
1558,7874,0.249,
1558,5465,0.2481,
1558,1956,0.2478,
1558,7500,0.245,
1558,7430,0.2432,
1559,2696,0.2079,
1559,4158,0.1955,
1559,6941,0.1868,
1559,7600,0.1841,
1559,2670,0.1835,
1559,882,0.1834,
1559,3840,0.1826,
1559,8130,0.1799,
1559,4299,0.1797,
1559,8005,0.1797,
1559,6836,0.1794,
1559,7195,0.1784,
1559,6627,0.178,
1559,4788,0.1778,
1559,7925,0.1758,
1559,5266,0.1756,
1559,6740,0.175,
1559,7628,0.1745,
1559,5909,0.1736,
1559,4258,0.1729,
1560,6164,0.2939,
1560,1859,0.2865,
1560,8042,0.2819,
1560,3669,0.2755,
1560,360,0.274,
1560,1790,0.2737,
1560,1718,0.2736,
1560,9247,0.2709,
1560,6083,0.2701,
1560,5049,0.2695,
1560,646,0.2664,
1560,1421,0.2661,
1560,8480,0.266,
1560,6867,0.2659,
1560,729,0.2656,
1560,5737,0.2649,
1560,1956,0.2648,
1560,868,0.2644,
1560,3258,0.2642,
1560,6162,0.2639,
1561,8267,0.2744,
1561,7782,0.2674,
1561,4209,0.2662,
1561,1639,0.2622,
1561,3038,0.2576,
1561,7076,0.2574,
1561,5183,0.2545,
1561,5165,0.2523,
1561,1276,0.2508,
1561,3527,0.2486,
1561,2098,0.2484,
1561,5376,0.2482,
1561,8375,0.2475,
1561,6421,0.2474,
1561,3558,0.2466,
1561,3598,0.246,
1561,8477,0.2454,
1561,4553,0.2446,
1561,9044,0.2435,
1561,7493,0.243,
1562,4057,0.2425,
1562,5165,0.2347,
1562,5223,0.2286,
1562,5081,0.226,
1562,2175,0.2231,
1562,5189,0.2212,
1562,4291,0.2196,
1562,5465,0.2173,
1562,4553,0.2169,
1562,4565,0.2168,
1562,8470,0.2157,
1562,3516,0.2125,
1562,6613,0.2121,
1562,7824,0.2091,
1562,7737,0.209,
1562,355,0.2087,
1562,4582,0.2084,
1562,8070,0.2081,
1562,3057,0.2063,
1562,6849,0.2054,
1564,1859,0.2315,
1564,8192,0.2212,
1564,5450,0.2151,
1564,334,0.2129,
1564,7923,0.2124,
1564,5246,0.2093,
1564,8481,0.2061,
1564,967,0.2053,
1564,4962,0.2033,
1564,5397,0.2031,
1564,7317,0.203,
1564,1162,0.2008,
1564,7606,0.2001,
1564,6818,0.2001,
1564,9366,0.1993,
1564,5356,0.1991,
1564,6781,0.1988,
1564,8557,0.1988,
1564,2240,0.1985,
1564,9034,0.197,
1565,6444,0.2588,
1565,919,0.2559,
1565,2053,0.2461,
1565,846,0.2423,
1565,5990,0.2366,
1565,9447,0.235,
1565,6701,0.2325,
1565,2019,0.2302,
1565,8806,0.2286,
1565,6430,0.2268,
1565,1846,0.2265,
1565,9070,0.2246,
1565,4819,0.224,
1565,6773,0.2231,
1565,6259,0.2221,
1565,2764,0.2209,
1565,5761,0.2194,
1565,6127,0.2185,
1565,1858,0.2181,
1565,5422,0.2176,
1566,6719,0.3292,
1566,547,0.3125,
1566,2249,0.3123,
1566,4011,0.3031,
1566,4227,0.2999,
1566,4344,0.2957,
1566,5808,0.2927,
1566,9169,0.2917,
1566,5780,0.2908,
1566,5388,0.2888,
1566,2022,0.285,
1566,6977,0.2832,
1566,7341,0.2821,
1566,4272,0.2815,
1566,6124,0.2806,
1566,8771,0.2796,
1566,2043,0.2794,
1566,4603,0.2774,
1566,8821,0.2715,
1566,2194,0.2715,
1567,8054,0.2424,
1567,7044,0.2408,
1567,3531,0.2402,
1567,8765,0.2321,
1567,8585,0.2306,
1567,8490,0.2297,
1567,7396,0.2297,
1567,4223,0.2289,
1567,6310,0.2268,
1567,6212,0.2267,
1567,2239,0.2238,
1567,3815,0.2232,
1567,973,0.2231,
1567,1577,0.2228,
1567,8087,0.2221,
1567,7695,0.2209,
1567,2506,0.2204,
1567,1000,0.2195,
1567,5921,0.2186,
1567,796,0.2185,
1568,919,0.2005,
1568,5081,0.1904,
1568,8592,0.1885,
1568,5930,0.1853,
1568,3039,0.1837,
1568,4300,0.1829,
1568,7414,0.1817,
1568,8275,0.1796,
1568,3693,0.1742,
1568,4819,0.1737,
1568,2764,0.172,
1568,1162,0.1718,
1568,7200,0.1717,
1568,8192,0.1697,
1568,282,0.1695,
1568,334,0.1686,
1568,8834,0.1686,
1568,6517,0.1682,
1568,5192,0.168,
1568,6285,0.1672,
1569,4246,0.2975,
1569,7964,0.2896,
1569,6867,0.2864,
1569,1369,0.2846,
1569,8748,0.2845,
1569,7022,0.2824,
1569,6786,0.2807,
1569,1956,0.2802,
1569,3258,0.2801,
1569,432,0.2799,
1569,1790,0.2783,
1569,5737,0.277,
1569,1626,0.2761,
1569,3431,0.2753,
1569,16,0.2752,
1569,3857,0.2749,
1569,5735,0.2749,
1569,6617,0.2748,
1569,5520,0.2734,
1569,6162,0.2734,
1570,6701,0.2253,
1570,8769,0.2193,
1570,1858,0.2178,
1570,3540,0.2126,
1570,8067,0.2111,
1570,6127,0.2055,
1570,9070,0.2044,
1570,5900,0.2038,
1570,5034,0.2012,
1570,4682,0.2008,
1570,8978,0.2006,
1570,7214,0.199,
1570,3897,0.1988,
1570,2209,0.1973,
1570,1636,0.196,
1570,3946,0.1958,
1570,5590,0.1949,
1570,920,0.1917,
1570,6026,0.1914,
1570,5636,0.1911,
1571,7195,0.2668,
1571,355,0.2648,
1571,2461,0.2597,
1571,7628,0.2349,
1571,312,0.2321,
1571,5999,0.2294,
1571,3202,0.2288,
1571,3840,0.2284,
1571,3060,0.2269,
1571,4299,0.2259,
1571,239,0.2246,
1571,5165,0.2225,
1571,3057,0.2222,
1571,8184,0.2212,
1571,8471,0.2201,
1571,616,0.2186,
1571,9062,0.2183,
1571,754,0.2183,
1571,326,0.2163,
1571,3744,0.214,
1572,8067,0.2369,
1572,9062,0.234,
1572,8592,0.2213,
1572,919,0.2077,
1572,7870,0.204,
1572,7883,0.1991,
1572,6442,0.1965,
1572,4175,0.1954,
1572,3989,0.1926,
1572,5081,0.1922,
1572,8693,0.1906,
1572,4848,0.1893,
1572,291,0.1831,
1572,8240,0.182,
1572,4035,0.1817,
1572,7824,0.181,
1572,9328,0.1795,
1572,2430,0.1792,
1572,6444,0.1786,
1572,2185,0.178,
1573,9452,0.3739,
1573,307,0.3606,
1573,4275,0.3558,
1573,3787,0.3489,
1573,4514,0.348,
1573,2158,0.3458,
1573,5583,0.3451,
1573,2770,0.3444,
1573,5548,0.3409,
1573,2351,0.3399,
1573,2361,0.3391,
1573,473,0.3386,
1573,6614,0.3383,
1573,2308,0.3377,
1573,34,0.3375,
1573,7447,0.3374,
1573,7853,0.3373,
1573,4682,0.3369,
1573,3540,0.3367,
1573,2145,0.3361,
1574,6442,0.2407,
1574,307,0.2219,
1574,6174,0.2195,
1574,5223,0.2184,
1574,7824,0.2163,
1574,2356,0.2147,
1574,7870,0.2142,
1574,4531,0.214,
1574,164,0.2118,
1574,3066,0.2112,
1574,1908,0.2103,
1574,8267,0.2103,
1574,2724,0.2096,
1574,9062,0.2086,
1574,5583,0.2085,
1574,5465,0.2077,
1574,6614,0.207,
1574,2361,0.207,
1574,5741,0.2069,
1574,3050,0.2064,
1575,4682,0.3176,
1575,9062,0.2974,
1575,8005,0.2758,
1575,8769,0.2704,
1575,3540,0.2659,
1575,8433,0.2617,
1575,6614,0.257,
1575,8551,0.2539,
1575,6849,0.2482,
1575,2361,0.2472,
1575,3432,0.2442,
1575,8118,0.2436,
1575,8662,0.242,
1575,8612,0.241,
1575,7126,0.241,
1575,7375,0.241,
1575,5583,0.2407,
1575,6627,0.2404,
1575,5344,0.2397,
1575,7568,0.2394,
1576,5716,0.218,
1576,536,0.2174,
1576,8776,0.2166,
1576,1207,0.2125,
1576,1054,0.2113,
1576,1337,0.1923,
1576,3516,0.1906,
1576,3776,0.1905,
1576,5001,0.1905,
1576,4057,0.1899,
1576,8355,0.1896,
1576,8470,0.1889,
1576,9215,0.1884,
1576,8322,0.1858,
1576,503,0.1846,
1576,5984,0.1841,
1576,2980,0.1838,
1576,8190,0.1828,
1576,5189,0.1818,
1576,6034,0.1806,
1577,5223,0.2562,
1577,6613,0.249,
1577,7824,0.2458,
1577,8834,0.2343,
1577,338,0.222,
1577,7278,0.2219,
1577,5217,0.2177,
1577,340,0.2162,
1577,6975,0.2138,
1577,7634,0.2113,
1577,5157,0.2107,
1577,1629,0.2091,
1577,2148,0.2081,
1577,6433,0.2071,
1577,4582,0.2015,
1577,7512,0.2015,
1577,364,0.2014,
1577,4744,0.2011,
1577,2629,0.2005,
1577,5236,0.1971,
1578,9062,0.3355,
1578,6627,0.295,
1578,3432,0.2878,
1578,7070,0.275,
1578,7568,0.2677,
1578,7051,0.2573,
1578,8612,0.2538,
1578,5261,0.2517,
1578,4158,0.2498,
1578,8693,0.2431,
1578,4682,0.2412,
1578,2331,0.2391,
1578,7231,0.2384,
1578,8067,0.2353,
1578,6442,0.2314,
1578,8769,0.2298,
1578,6322,0.2295,
1578,4035,0.2286,
1578,8888,0.2286,
1578,166,0.226,
1579,8850,0.2051,
1579,7784,0.2018,
1579,9213,0.1929,
1579,158,0.1911,
1579,5297,0.1756,
1579,9219,0.1742,
1579,2019,0.1719,
1579,3516,0.1694,
1579,7522,0.1652,
1579,4127,0.165,
1579,2926,0.1629,
1579,4565,0.1595,
1579,6785,0.1593,
1579,2255,0.1579,
1579,2883,0.1561,
1579,1585,0.1548,
1579,5189,0.1532,
1579,455,0.1529,
1579,1913,0.1514,
1579,2892,0.1514,
1583,1737,0.231,
1583,6469,0.2285,
1583,9246,0.2283,
1583,2418,0.2229,
1583,3224,0.2205,
1583,293,0.2203,
1583,3880,0.2169,
1583,7701,0.2146,
1583,4474,0.2137,
1583,8806,0.2111,
1583,8763,0.2107,
1583,95,0.2105,
1583,6430,0.2102,
1583,1092,0.2099,
1583,2506,0.2097,
1583,3707,0.2097,
1583,3317,0.2091,
1583,4041,0.2079,
1583,6640,0.2075,
1583,296,0.207,
1584,8322,0.3495,
1584,6174,0.3444,
1584,4531,0.3273,
1584,1908,0.3246,
1584,7973,0.3215,
1584,1909,0.3122,
1584,7825,0.3087,
1584,249,0.2991,
1584,7870,0.2954,
1584,8190,0.2952,
1584,7964,0.2952,
1584,5183,0.294,
1584,399,0.2906,
1584,8064,0.2896,
1584,7493,0.289,
1584,9052,0.2881,
1584,7617,0.2875,
1584,6960,0.2875,
1584,2663,0.2875,
1584,9062,0.2865,
1585,7195,0.2842,
1585,8130,0.2822,
1585,9322,0.2795,
1585,3941,0.2725,
1585,882,0.2706,
1585,4657,0.2701,
1585,3060,0.2695,
1585,326,0.2688,
1585,3840,0.2662,
1585,5187,0.2659,
1585,4258,0.2658,
1585,3564,0.2655,
1585,3871,0.2653,
1585,4788,0.2639,
1585,4299,0.2628,
1585,7925,0.2622,
1585,2944,0.2609,
1585,807,0.2593,
1585,33,0.2588,
1585,5467,0.2579,
1586,9062,0.3354,
1586,4682,0.3188,
1586,8612,0.2898,
1586,7568,0.2884,
1586,3432,0.2852,
1586,5261,0.2726,
1586,6627,0.2713,
1586,2461,0.2594,
1586,7070,0.2574,
1586,2361,0.2569,
1586,2331,0.2567,
1586,7051,0.2538,
1586,7870,0.2497,
1586,6614,0.2497,
1586,3540,0.2479,
1586,7086,0.2459,
1586,8067,0.2425,
1586,8005,0.2409,
1586,4531,0.2398,
1586,5609,0.239,
1587,6996,0.231,
1587,562,0.2212,
1587,401,0.2195,
1587,7728,0.2147,
1587,5157,0.2125,
1587,3505,0.211,
1587,78,0.2108,
1587,3506,0.2057,
1587,64,0.2048,
1587,8065,0.1993,
1587,4291,0.1984,
1587,1701,0.1973,
1587,6307,0.1971,
1587,8163,0.1969,
1587,1541,0.1967,
1587,7973,0.1962,
1587,1809,0.194,
1587,7525,0.1925,
1587,4498,0.1925,
1587,7992,0.192,
1588,9062,0.2438,
1588,8433,0.2274,
1588,6627,0.2221,
1588,5261,0.22,
1588,8612,0.2157,
1588,2136,0.2148,
1588,5990,0.2128,
1588,3432,0.212,
1588,4035,0.2109,
1588,846,0.2064,
1588,4158,0.2054,
1588,6315,0.2049,
1588,8693,0.2029,
1588,7051,0.2019,
1588,6273,0.2005,
1588,1931,0.1995,
1588,5233,0.1994,
1588,7231,0.1974,
1588,9384,0.1969,
1588,6442,0.1955,
1589,6174,0.2887,
1589,6208,0.2792,
1589,3840,0.2768,
1589,5583,0.2682,
1589,4531,0.2631,
1589,378,0.2601,
1589,4299,0.256,
1589,6614,0.253,
1589,8005,0.2524,
1589,2795,0.252,
1589,3770,0.2519,
1589,4158,0.2412,
1589,3941,0.2404,
1589,2183,0.2387,
1589,3060,0.2375,
1589,2724,0.2369,
1589,882,0.2356,
1589,5266,0.2354,
1589,249,0.2344,
1589,5727,0.233,
1597,7512,0.2271,
1597,8834,0.2181,
1597,7737,0.2031,
1597,338,0.2002,
1597,5189,0.1975,
1597,2127,0.1965,
1597,6613,0.1955,
1597,5165,0.1928,
1597,7273,0.1925,
1597,3057,0.1911,
1597,7070,0.1906,
1597,9436,0.1901,
1597,355,0.1893,
1597,2764,0.1872,
1597,4057,0.1869,
1597,2926,0.1855,
1597,3516,0.185,
1597,9062,0.1829,
1597,4553,0.1826,
1597,7879,0.1826,
1598,4299,0.3277,
1598,7195,0.3098,
1598,3840,0.3045,
1598,5266,0.2951,
1598,3564,0.2948,
1598,3060,0.2947,
1598,3871,0.2946,
1598,4657,0.2943,
1598,326,0.2938,
1598,4258,0.2934,
1598,9322,0.293,
1598,7925,0.2924,
1598,3941,0.2907,
1598,882,0.2902,
1598,8130,0.2854,
1598,5187,0.2847,
1598,3057,0.2824,
1598,312,0.2821,
1598,807,0.2803,
1598,4788,0.2777,
1590,3516,0.1743,
1590,5930,0.1622,
1590,2554,0.1615,
1590,4127,0.151,
1590,1913,0.1493,
1590,8184,0.149,
1590,8992,0.1472,
1590,5984,0.1446,
1590,4114,0.1435,
1590,4565,0.1404,
1590,5544,0.1404,
1590,616,0.1388,
1590,1083,0.1385,
1590,8518,0.1383,
1590,5619,0.1377,
1590,5189,0.1359,
1590,6341,0.1359,
1590,352,0.1354,
1590,3843,0.1345,
1590,3442,0.134,
1591,3175,0.1483,
1591,8850,0.1432,
1591,9219,0.1403,
1591,3842,0.1357,
1591,2019,0.1352,
1591,896,0.134,
1591,6472,0.1338,
1591,7647,0.1305,
1591,9214,0.1298,
1591,158,0.1193,
1591,2892,0.1167,
1591,1585,0.1143,
1591,8168,0.1142,
1591,5510,0.1138,
1591,4115,0.1131,
1591,3332,0.1129,
1591,659,0.1127,
1591,7610,0.1126,
1591,5297,0.1117,
1591,4629,0.1115,
1592,9034,0.2701,
1592,5246,0.2674,
1592,334,0.2648,
1592,7923,0.2637,
1592,5356,0.2617,
1592,9366,0.261,
1592,8192,0.2606,
1592,1162,0.2598,
1592,5397,0.2595,
1592,4962,0.2588,
1592,6818,0.2588,
1592,980,0.2581,
1592,7606,0.258,
1592,1859,0.2579,
1592,5450,0.2579,
1592,967,0.2571,
1592,4618,0.2569,
1592,6064,0.2567,
1592,6942,0.2565,
1592,6754,0.2549,
1593,1902,0.2571,
1593,2461,0.2339,
1593,7628,0.2309,
1593,5343,0.2292,
1593,5967,0.2285,
1593,9213,0.2269,
1593,4127,0.2259,
1593,7901,0.2239,
1593,1913,0.2207,
1593,1704,0.2201,
1593,1400,0.2197,
1593,3202,0.2192,
1593,616,0.2175,
1593,8968,0.2166,
1593,4608,0.2162,
1593,5106,0.2158,
1593,2385,0.2155,
1593,2373,0.2142,
1593,6725,0.2116,
1593,5892,0.2109,
1594,5223,0.1828,
1594,5465,0.1774,
1594,6613,0.1772,
1594,433,0.1741,
1594,5081,0.1711,
1594,54,0.1685,
1594,4057,0.1682,
1594,6975,0.1648,
1594,1162,0.1647,
1594,5601,0.1609,
1594,4291,0.1597,
1594,6643,0.1573,
1594,1083,0.157,
1594,3787,0.1569,
1594,7512,0.1567,
1594,5165,0.1559,
1594,7824,0.1556,
1594,5157,0.1549,
1594,66,0.1544,
1594,736,0.1544,
1595,8500,0.2671,
1595,3998,0.2529,
1595,8720,0.2493,
1595,5839,0.2493,
1595,3552,0.2319,
1595,5790,0.2192,
1595,160,0.2155,
1595,8620,0.2142,
1595,2459,0.2117,
1595,2981,0.2116,
1595,2687,0.2092,
1595,4547,0.209,
1595,2911,0.2087,
1595,3650,0.2087,
1595,8836,0.2085,
1595,4302,0.2075,
1595,9032,0.2073,
1595,8579,0.207,
1595,4074,0.2062,
1595,7693,0.2058,
1596,307,0.2364,
1596,6442,0.2154,
1596,2361,0.2109,
1596,5583,0.2063,
1596,6614,0.2049,
1596,5708,0.2019,
1596,4275,0.2015,
1596,3787,0.2002,
1596,6849,0.2001,
1596,2158,0.1996,
1596,6613,0.1983,
1596,3066,0.198,
1596,9452,0.1979,
1596,3794,0.1977,
1596,3050,0.1959,
1596,3540,0.1954,
1596,9407,0.1952,
1596,4514,0.1951,
1596,2160,0.1941,
1596,5519,0.1932,
1601,5183,0.2887,
1601,1639,0.285,
1601,6813,0.2763,
1601,8267,0.2759,
1601,3558,0.2722,
1601,1276,0.2718,
1601,8375,0.2704,
1601,3527,0.2682,
1601,5376,0.2674,
1601,2862,0.2673,
1601,4209,0.2661,
1601,8477,0.2656,
1601,6421,0.2648,
1601,7076,0.2647,
1601,9044,0.2645,
1601,3973,0.2634,
1601,3038,0.2631,
1601,2098,0.263,
1601,3598,0.2617,
1601,4491,0.2594,
1602,5583,0.2777,
1602,9452,0.2735,
1602,4275,0.2564,
1602,307,0.2555,
1602,6614,0.2544,
1602,3787,0.2508,
1602,2308,0.2501,
1602,9407,0.2499,
1602,2361,0.2497,
1602,993,0.2481,
1602,4744,0.2478,
1602,4514,0.2463,
1602,8551,0.2461,
1602,6613,0.2458,
1602,2145,0.2455,
1602,9388,0.2451,
1602,4252,0.2442,
1602,7853,0.2432,
1602,3457,0.2421,
1602,7447,0.2414,
1603,1028,0.1879,
1603,7140,0.1863,
1603,4455,0.1818,
1603,6012,0.1797,
1603,6431,0.1796,
1603,2401,0.1794,
1603,8968,0.1778,
1603,3016,0.1765,
1603,7578,0.1743,
1603,5081,0.174,
1603,1734,0.1721,
1603,3487,0.1695,
1603,850,0.1688,
1603,2215,0.1687,
1603,2630,0.168,
1603,5930,0.1675,
1603,8920,0.1666,
1603,3549,0.1652,
1603,5820,0.1645,
1603,7116,0.1636,
1604,4057,0.2498,
1604,5465,0.2435,
1604,455,0.2403,
1604,5189,0.2401,
1604,7724,0.2308,
1604,5223,0.2293,
1604,3840,0.228,
1604,5494,0.2256,
1604,2724,0.2242,
1604,282,0.2237,
1604,7824,0.2224,
1604,6973,0.2215,
1604,8374,0.2204,
1604,8206,0.2204,
1604,5716,0.2193,
1604,5563,0.2186,
1604,164,0.2182,
1604,6742,0.2181,
1604,433,0.2172,
1604,3989,0.2171,
1605,8834,0.2199,
1605,338,0.2152,
1605,334,0.1965,
1605,8481,0.1937,
1605,967,0.193,
1605,6504,0.193,
1605,4237,0.1925,
1605,8192,0.1913,
1605,9034,0.1902,
1605,3864,0.1895,
1605,1162,0.1894,
1605,7879,0.1883,
1605,7512,0.1881,
1605,2240,0.1871,
1605,6129,0.1845,
1605,965,0.1844,
1605,980,0.1839,
1605,7923,0.1838,
1605,6818,0.1838,
1605,7606,0.182,
1606,6627,0.2487,
1606,9062,0.2479,
1606,2331,0.2477,
1606,3432,0.2446,
1606,4682,0.2315,
1606,7568,0.2314,
1606,7051,0.2273,
1606,2461,0.2256,
1606,5261,0.2255,
1606,8612,0.2249,
1606,7231,0.2185,
1606,7070,0.2152,
1606,5609,0.2127,
1606,6322,0.2001,
1606,1931,0.1994,
1606,166,0.1922,
1606,6442,0.1896,
1606,1438,0.1885,
1606,1485,0.1883,
1606,6803,0.1853,
1721,3933,0.2126,
1721,9447,0.2113,
1721,919,0.2113,
1721,6701,0.207,
1721,8769,0.207,
1721,5559,0.2059,
1721,6444,0.1997,
1721,8763,0.1993,
1721,9070,0.1986,
1721,5505,0.1967,
1721,3202,0.1946,
1721,95,0.1941,
1721,2053,0.1935,
1721,7083,0.1925,
1721,2461,0.1911,
1721,1869,0.1907,
1721,1858,0.1906,
1721,5930,0.1894,
1721,3261,0.1894,
1721,2764,0.1892,
1607,334,0.2068,
1607,1162,0.2034,
1607,3864,0.2014,
1607,980,0.201,
1607,5535,0.1985,
1607,1859,0.1977,
1607,6442,0.1962,
1607,7923,0.1945,
1607,8192,0.1931,
1607,8834,0.1915,
1607,967,0.1899,
1607,6818,0.1864,
1607,9366,0.1856,
1607,6880,0.1854,
1607,6781,0.1846,
1607,4962,0.1846,
1607,5356,0.1842,
1607,951,0.1842,
1607,3630,0.1839,
1607,9034,0.1837,
1608,8585,0.1579,
1608,2467,0.1468,
1608,8481,0.1424,
1608,7396,0.1416,
1608,1000,0.1364,
1608,1859,0.1355,
1608,91,0.1347,
1608,5938,0.1309,
1608,2240,0.1297,
1608,5356,0.1279,
1608,9007,0.127,
1608,7879,0.1243,
1608,5246,0.1228,
1608,8748,0.1217,
1608,4962,0.1202,
1608,6781,0.1191,
1608,6754,0.1191,
1608,4553,0.1189,
1608,5450,0.1187,
1608,7695,0.1181,
1609,463,0.1759,
1609,5967,0.164,
1609,3815,0.1631,
1609,8041,0.1616,
1609,7049,0.1599,
1609,4818,0.159,
1609,9089,0.1583,
1609,6212,0.1574,
1609,7892,0.1552,
1609,409,0.1544,
1609,1054,0.1517,
1609,5529,0.1517,
1609,1902,0.1515,
1609,4620,0.1506,
1609,3790,0.15,
1609,5343,0.1499,
1609,9202,0.1495,
1609,1337,0.1488,
1609,1275,0.1476,
1609,4553,0.1476,
1610,9186,0.2807,
1610,3175,0.2797,
1610,8103,0.2781,
1610,6265,0.2696,
1610,5671,0.2693,
1610,6755,0.2672,
1610,1786,0.2652,
1610,9293,0.2622,
1610,683,0.2615,
1610,6585,0.2599,
1610,1035,0.2588,
1610,1259,0.2573,
1610,4577,0.2568,
1610,3612,0.2549,
1610,1127,0.2526,
1610,4313,0.2525,
1610,5105,0.2524,
1610,4344,0.252,
1610,6555,0.2515,
1610,6859,0.2506,
1611,4818,0.2831,
1611,885,0.2688,
1611,1241,0.2491,
1611,4582,0.2488,
1611,8054,0.2452,
1611,8036,0.2443,
1611,1902,0.2441,
1611,886,0.2438,
1611,8041,0.2366,
1611,6919,0.2349,
1611,2252,0.2343,
1611,4848,0.2339,
1611,9061,0.2337,
1611,3815,0.2319,
1611,3846,0.2314,
1611,4401,0.2307,
1611,4026,0.2294,
1611,9288,0.2281,
1611,1220,0.2261,
1611,8174,0.2254,
1612,687,0.2243,
1612,7985,0.1977,
1612,2255,0.1867,
1612,3257,0.1862,
1612,8763,0.1829,
1612,6670,0.1814,
1612,5559,0.1788,
1612,7701,0.1779,
1612,1005,0.1771,
1612,2418,0.1765,
1612,2060,0.1751,
1612,8806,0.1743,
1612,4933,0.174,
1612,9447,0.1736,
1612,4622,0.1719,
1612,6045,0.1713,
1612,9246,0.1711,
1612,3707,0.1703,
1612,5647,0.1698,
1612,7960,0.1688,
1613,8036,0.189,
1613,846,0.1797,
1613,5413,0.1717,
1613,885,0.169,
1613,7083,0.1656,
1613,5777,0.1653,
1613,4720,0.1652,
1613,4892,0.1642,
1613,9184,0.1626,
1613,8202,0.1607,
1613,6570,0.1597,
1613,2979,0.1595,
1613,6444,0.159,
1613,8438,0.1588,
1613,4848,0.1587,
1613,501,0.1575,
1613,952,0.1571,
1613,5344,0.1565,
1613,3516,0.1558,
1613,8456,0.1555,
1614,2724,0.215,
1614,5563,0.2084,
1614,7794,0.2041,
1614,8888,0.2023,
1614,8184,0.1976,
1614,9309,0.196,
1614,7724,0.1951,
1614,7824,0.1947,
1614,5106,0.1913,
1614,7702,0.1897,
1614,3989,0.1868,
1614,5809,0.1838,
1614,8192,0.1836,
1614,1083,0.1831,
1614,8374,0.183,
1614,1162,0.182,
1614,334,0.1808,
1614,5882,0.1803,
1614,5223,0.1798,
1614,3039,0.1784,
1617,6835,0.245,
1617,5343,0.2216,
1617,1704,0.2185,
1617,7421,0.2169,
1617,8975,0.2161,
1617,78,0.2127,
1617,1054,0.2118,
1617,4795,0.2099,
1617,9431,0.2099,
1617,247,0.2099,
1617,2385,0.2098,
1617,821,0.2087,
1617,4876,0.2069,
1617,1902,0.2068,
1617,7453,0.2049,
1617,352,0.204,
1617,5544,0.204,
1617,1626,0.2033,
1617,985,0.2032,
1617,99,0.2029,
1618,8763,0.307,
1618,6701,0.3054,
1618,2764,0.304,
1618,6259,0.3032,
1618,2019,0.3019,
1618,4819,0.2985,
1618,5761,0.2984,
1618,4317,0.2983,
1618,8806,0.2967,
1618,6472,0.2956,
1618,1846,0.2945,
1618,1796,0.2924,
1618,5718,0.2921,
1618,5603,0.2912,
1618,4240,0.2905,
1618,4474,0.2895,
1618,1209,0.2881,
1618,9070,0.2871,
1618,8224,0.2871,
1618,7112,0.2865,
1619,1859,0.2277,
1619,9034,0.2135,
1619,7606,0.2133,
1619,7923,0.2117,
1619,3630,0.2114,
1619,9366,0.2112,
1619,967,0.2111,
1619,1162,0.2105,
1619,980,0.2101,
1619,6064,0.2101,
1619,6942,0.21,
1619,5356,0.2092,
1619,7317,0.2092,
1619,8192,0.208,
1619,8481,0.2079,
1619,6781,0.2079,
1619,334,0.2076,
1619,5450,0.2075,
1619,6754,0.2064,
1619,6818,0.2059,
1620,3516,0.2499,
1620,5189,0.2369,
1620,7737,0.2274,
1620,8439,0.2263,
1620,2926,0.2248,
1620,4127,0.2232,
1620,4057,0.2214,
1620,455,0.213,
1620,4565,0.21,
1620,2461,0.2096,
1620,2175,0.2096,
1620,1235,0.2083,
1620,4114,0.2074,
1620,6478,0.2053,
1620,9062,0.2044,
1620,2859,0.2038,
1620,1841,0.2013,
1620,5984,0.2004,
1620,8992,0.1997,
1620,2255,0.1995,
1621,7857,0.2203,
1621,1987,0.2196,
1621,5189,0.2119,
1621,1463,0.207,
1621,4259,0.2062,
1621,6174,0.2013,
1621,8834,0.2008,
1621,7825,0.2003,
1621,3516,0.2003,
1621,5032,0.1983,
1621,4383,0.1972,
1621,8673,0.1971,
1621,7824,0.1957,
1621,2859,0.1947,
1621,4531,0.1945,
1621,78,0.1916,
1621,4346,0.1912,
1621,249,0.1896,
1621,7486,0.1882,
1621,4565,0.1881,
1622,4275,0.2464,
1622,9452,0.2379,
1622,5283,0.2374,
1622,5583,0.2321,
1622,2158,0.2317,
1622,6614,0.2306,
1622,5223,0.2303,
1622,164,0.2282,
1622,2361,0.2273,
1622,8600,0.2267,
1622,6613,0.2257,
1622,8374,0.2257,
1622,1062,0.2248,
1622,1162,0.2247,
1622,5344,0.2217,
1622,983,0.2213,
1622,5708,0.2206,
1622,7447,0.22,
1622,7853,0.22,
1622,473,0.2198,
1623,8834,0.2569,
1623,7512,0.236,
1623,4237,0.228,
1623,5189,0.2278,
1623,338,0.2211,
1623,6504,0.2173,
1623,2629,0.2158,
1623,7737,0.2103,
1623,3356,0.2068,
1623,3088,0.2064,
1623,4286,0.2054,
1623,6996,0.2042,
1623,7973,0.2039,
1623,7879,0.2028,
1623,4114,0.2015,
1623,3057,0.2015,
1623,965,0.2014,
1623,6433,0.2001,
1623,1427,0.1952,
1623,5642,0.1951,
1629,6896,0.2377,
1629,3356,0.2311,
1629,973,0.2306,
1629,5754,0.2242,
1629,444,0.2235,
1629,6716,0.2202,
1629,7674,0.2172,
1629,4132,0.2166,
1629,1669,0.2156,
1629,4736,0.2149,
1629,1361,0.2128,
1629,74,0.2099,
1629,301,0.2056,
1629,8620,0.2034,
1629,2687,0.2026,
1629,8245,0.202,
1629,5261,0.2005,
1629,4013,0.2,
1629,8768,0.1989,
1629,3156,0.1977,
1630,4057,0.241,
1630,6613,0.2387,
1630,5081,0.2275,
1630,164,0.2263,
1630,5165,0.225,
1630,6643,0.22,
1630,2926,0.2195,
1630,5189,0.2131,
1630,1162,0.212,
1630,4543,0.2116,
1630,8834,0.2105,
1630,7273,0.2103,
1630,3039,0.21,
1630,4744,0.2097,
1630,919,0.2095,
1630,6935,0.2085,
1630,2764,0.2071,
1630,6614,0.2051,
1630,5583,0.2026,
1630,5465,0.2023,
1631,7901,0.2269,
1631,616,0.218,
1631,3744,0.2147,
1631,4041,0.2084,
1631,1070,0.2056,
1631,2418,0.2055,
1631,2164,0.204,
1631,8395,0.2001,
1631,5967,0.1988,
1631,5343,0.1977,
1631,1054,0.1976,
1631,8002,0.1964,
1631,8975,0.1962,
1631,4652,0.1961,
1631,9447,0.196,
1631,9213,0.1951,
1631,1704,0.1944,
1631,4127,0.1943,
1631,7453,0.1943,
1631,1806,0.1943,
1632,2127,0.2517,
1632,5165,0.2503,
1632,3057,0.246,
1632,4553,0.2396,
1632,8905,0.2368,
1632,5438,0.2363,
1632,759,0.2338,
1632,3436,0.2309,
1632,3920,0.2307,
1632,6141,0.2296,
1632,7523,0.2265,
1632,6474,0.2258,
1632,3207,0.2255,
1632,754,0.2233,
1632,6376,0.2214,
1632,7273,0.2203,
1632,4512,0.219,
1632,3417,0.2188,
1632,5999,0.2181,
1632,2566,0.2179,
1633,78,0.1965,
1633,6835,0.1964,
1633,3074,0.1951,
1633,3259,0.1837,
1633,4819,0.1804,
1633,683,0.178,
1633,3506,0.1779,
1633,3816,0.1759,
1633,7983,0.1758,
1633,1337,0.1749,
1633,6021,0.1748,
1633,4340,0.1748,
1633,8322,0.1727,
1633,2429,0.1719,
1633,6174,0.1713,
1633,4531,0.1702,
1633,8804,0.1699,
1633,274,0.1693,
1633,3189,0.1686,
1633,7421,0.1682,
1634,4858,0.1262,
1634,5684,0.1187,
1634,1024,0.1145,
1634,2926,0.1117,
1634,5295,0.1093,
1634,8079,0.1028,
1634,1318,0.101,
1634,9053,0.0988,
1634,919,0.0981,
1634,3317,0.098,
1634,1858,0.0978,
1634,8276,0.0952,
1634,927,0.0942,
1634,6075,0.0939,
1634,3829,0.0939,
1634,8792,0.0936,
1634,7002,0.0935,
1634,6822,0.0923,
1634,7987,0.0918,
1634,2053,0.0912,
1635,3636,0.213,
1635,6444,0.2125,
1635,4645,0.205,
1635,885,0.2019,
1635,4041,0.2017,
1635,7249,0.2007,
1635,4848,0.2005,
1635,8079,0.2003,
1635,6192,0.199,
1635,1925,0.1972,
1635,1610,0.1963,
1635,9267,0.1961,
1635,4819,0.1947,
1635,5882,0.1946,
1635,2979,0.1943,
1635,1000,0.1942,
1635,919,0.1939,
1635,846,0.1937,
1635,6104,0.19,
1635,8438,0.1899,
1636,2764,0.2341,
1636,6164,0.2305,
1636,2926,0.2292,
1636,8042,0.224,
1636,919,0.2192,
1636,4622,0.2143,
1636,5990,0.2138,
1636,3669,0.2092,
1636,3933,0.2063,
1636,2255,0.2054,
1636,6259,0.2041,
1636,4317,0.2041,
1636,729,0.204,
1636,4041,0.2032,
1636,5943,0.2018,
1636,5761,0.2017,
1636,5900,0.2013,
1636,6430,0.2008,
1636,9247,0.2005,
1636,6701,0.2004,
1653,8192,0.1706,
1653,334,0.1669,
1653,3039,0.166,
1653,9150,0.1624,
1653,8481,0.1622,
1653,5356,0.16,
1653,2240,0.1596,
1653,9034,0.1594,
1653,5450,0.1582,
1653,6754,0.1577,
1653,4962,0.1568,
1653,5397,0.1566,
1653,1859,0.1535,
1653,4646,0.1535,
1653,7983,0.1532,
1653,980,0.1527,
1653,9366,0.1521,
1653,1162,0.152,
1653,6217,0.1517,
1653,7923,0.1514,
1807,8470,0.2412,
1807,5344,0.2391,
1807,5583,0.2228,
1807,6614,0.2212,
1807,8662,0.2186,
1807,4091,0.2175,
1807,164,0.2125,
1807,1337,0.2108,
1807,5465,0.2097,
1807,8190,0.2078,
1807,409,0.2077,
1807,8036,0.2068,
1807,846,0.2058,
1807,7964,0.2057,
1807,6849,0.2055,
1807,6973,0.2041,
1807,5494,0.2037,
1807,3457,0.2029,
1807,3066,0.2015,
1807,3787,0.2014,
1808,6627,0.2964,
1808,9062,0.2891,
1808,3432,0.2883,
1808,4682,0.2788,
1808,2331,0.2764,
1808,7051,0.2748,
1808,7568,0.2657,
1808,5261,0.2651,
1808,2461,0.2622,
1808,8612,0.2614,
1808,7070,0.2593,
1808,5609,0.2448,
1808,1536,0.2365,
1808,7231,0.2359,
1808,1485,0.2337,
1808,3840,0.2318,
1808,166,0.2307,
1808,8005,0.2302,
1808,8769,0.2301,
1808,1931,0.2281,
1637,3516,0.2134,
1637,1083,0.1986,
1637,9436,0.1979,
1637,1337,0.1964,
1637,1902,0.1961,
1637,2926,0.1941,
1637,3744,0.1921,
1637,4127,0.1916,
1637,7083,0.1885,
1637,7453,0.1883,
1637,5930,0.1862,
1637,1054,0.1857,
1637,5919,0.1852,
1637,7901,0.1843,
1637,4819,0.1828,
1637,5168,0.1805,
1637,5559,0.1803,
1637,5343,0.1794,
1637,5448,0.1792,
1637,2461,0.1791,
1638,7548,0.2116,
1638,4057,0.2034,
1638,5,0.1952,
1638,6613,0.1898,
1638,5011,0.1867,
1638,6089,0.185,
1638,5157,0.1842,
1638,3516,0.1822,
1638,66,0.1797,
1638,993,0.1765,
1638,7416,0.1738,
1638,8600,0.1737,
1638,1598,0.1722,
1638,5616,0.1716,
1638,3807,0.171,
1638,6643,0.1708,
1638,4275,0.17,
1638,5583,0.1699,
1638,9407,0.1694,
1638,6614,0.1688,
1639,3717,0.0925,
1639,7060,0.0908,
1639,8885,0.0892,
1639,2578,0.0867,
1639,5764,0.0836,
1639,3655,0.0834,
1639,2928,0.0832,
1639,879,0.0829,
1639,365,0.0826,
1639,6365,0.0826,
1639,7003,0.0826,
1639,7945,0.0825,
1639,3071,0.082,
1639,5475,0.0814,
1639,381,0.0807,
1639,6115,0.0793,
1639,8420,0.0784,
1639,897,0.078,
1639,1999,0.078,
1639,8393,0.0779,
1640,2331,0.2489,
1640,3432,0.224,
1640,2461,0.2128,
1640,6627,0.2093,
1640,7051,0.2059,
1640,9062,0.1994,
1640,166,0.1972,
1640,5261,0.1959,
1640,7568,0.1926,
1640,8612,0.1922,
1640,7070,0.1904,
1640,5609,0.1887,
1640,7231,0.181,
1640,1485,0.1783,
1640,4682,0.1775,
1640,7628,0.1754,
1640,3455,0.173,
1640,1931,0.1728,
1640,3897,0.1685,
1640,1536,0.1608,
1641,3516,0.2001,
1641,2926,0.1976,
1641,4565,0.1838,
1641,4114,0.1816,
1641,7737,0.18,
1641,5189,0.1797,
1641,4057,0.1788,
1641,6997,0.1774,
1641,8992,0.1742,
1641,5984,0.1735,
1641,6478,0.1709,
1641,8439,0.1705,
1641,1841,0.1691,
1641,6542,0.1639,
1641,3442,0.1628,
1641,8206,0.1621,
1641,4523,0.1618,
1641,919,0.1612,
1641,1235,0.1608,
1641,2175,0.1607,
1642,8240,0.1952,
1642,916,0.1929,
1642,1141,0.18,
1642,3044,0.1767,
1642,3684,0.1699,
1642,5656,0.1693,
1642,7448,0.1691,
1642,6431,0.1663,
1642,5021,0.1652,
1642,7116,0.1584,
1642,291,0.149,
1642,538,0.1474,
1642,6988,0.1452,
1642,9062,0.1442,
1642,78,0.1412,
1642,4291,0.141,
1642,4536,0.1409,
1642,7070,0.1401,
1642,850,0.1394,
1642,3261,0.1376,
1643,1153,0.2116,
1643,5246,0.1991,
1643,7951,0.1948,
1643,9089,0.1934,
1643,7813,0.1854,
1643,8711,0.1846,
1643,6402,0.1838,
1643,3709,0.1781,
1643,8481,0.1773,
1643,7533,0.174,
1643,3144,0.1731,
1643,7535,0.1725,
1643,6386,0.1722,
1643,5462,0.172,
1643,1064,0.1708,
1643,6781,0.1688,
1643,8889,0.1686,
1643,3808,0.168,
1643,4826,0.1678,
1643,1853,0.1664,
1644,1639,0.2698,
1644,8267,0.261,
1644,5183,0.2597,
1644,8370,0.2579,
1644,396,0.2543,
1644,1276,0.2531,
1644,6813,0.2494,
1644,6529,0.2481,
1644,5376,0.2473,
1644,3038,0.2461,
1644,3527,0.2457,
1644,3558,0.2451,
1644,6421,0.2432,
1644,2862,0.2425,
1644,8670,0.2424,
1644,9044,0.242,
1644,8375,0.2418,
1644,2098,0.2412,
1644,4209,0.2403,
1644,8477,0.2401,
1645,8192,0.1983,
1645,455,0.1954,
1645,4127,0.1933,
1645,334,0.1921,
1645,1162,0.1882,
1645,5529,0.1841,
1645,7973,0.1839,
1645,967,0.1831,
1645,6818,0.1812,
1645,3864,0.1812,
1645,5681,0.181,
1645,5450,0.1807,
1645,1859,0.1796,
1645,7923,0.1788,
1645,1054,0.1787,
1645,9034,0.1786,
1645,1207,0.1785,
1645,5448,0.1765,
1645,6064,0.1764,
1645,2240,0.1764,
1646,8028,0.138,
1646,9062,0.1379,
1646,6220,0.1372,
1646,8518,0.1315,
1646,8834,0.1267,
1646,2700,0.1242,
1646,2461,0.1225,
1646,9436,0.1195,
1646,7299,0.1171,
1646,7983,0.1158,
1646,3247,0.1147,
1646,7568,0.1144,
1646,4158,0.1134,
1646,7628,0.1126,
1646,4599,0.112,
1646,7825,0.1091,
1646,7421,0.1084,
1646,86,0.108,
1646,6960,0.108,
1646,4237,0.107,
1647,3933,0.2337,
1647,8769,0.2334,
1647,1858,0.2229,
1647,2764,0.2218,
1647,6701,0.2199,
1647,95,0.2193,
1647,5559,0.2181,
1647,4041,0.2163,
1647,8079,0.2159,
1647,6444,0.2146,
1647,5492,0.2108,
1647,8433,0.2104,
1647,1869,0.2103,
1647,5684,0.2098,
1647,8014,0.2095,
1647,9447,0.2082,
1647,6259,0.2081,
1647,7214,0.208,
1647,4631,0.2075,
1647,414,0.2072,
1648,5183,0.3614,
1648,3558,0.3487,
1648,1276,0.3414,
1648,8267,0.3411,
1648,2098,0.3398,
1648,8375,0.3363,
1648,6421,0.3356,
1648,5376,0.3348,
1648,1639,0.3347,
1648,3527,0.3345,
1648,6813,0.3337,
1648,3598,0.3328,
1648,4491,0.3323,
1648,8477,0.331,
1648,4209,0.3294,
1648,2862,0.329,
1648,9044,0.3285,
1648,3973,0.3283,
1648,3038,0.3274,
1648,7782,0.3247,
1649,4275,0.3117,
1649,6613,0.3053,
1649,6499,0.3042,
1649,5583,0.2999,
1649,6614,0.2979,
1649,7447,0.2943,
1649,2361,0.2932,
1649,9341,0.2926,
1649,2158,0.2916,
1649,8551,0.2902,
1649,1829,0.2892,
1649,5548,0.2881,
1649,4057,0.2875,
1649,7853,0.2868,
1649,6066,0.2856,
1649,142,0.2849,
1649,9135,0.2837,
1649,3807,0.2837,
1649,5969,0.2836,
1649,5716,0.2835,
1650,7273,0.2329,
1650,5165,0.2214,
1650,4553,0.2175,
1650,8905,0.2126,
1650,5999,0.2108,
1650,3207,0.2093,
1650,3057,0.2062,
1650,3920,0.2052,
1650,3417,0.1954,
1650,6474,0.1952,
1650,8221,0.1937,
1650,2127,0.1933,
1650,754,0.1928,
1650,2566,0.1916,
1650,5438,0.1907,
1650,2874,0.1889,
1650,5659,0.1871,
1650,7523,0.1871,
1650,6376,0.186,
1650,3436,0.1853,
1651,3436,0.2636,
1651,5999,0.2565,
1651,8410,0.2528,
1651,8711,0.2492,
1651,4553,0.2433,
1651,4115,0.243,
1651,432,0.2385,
1651,1000,0.2318,
1651,5438,0.2289,
1651,7636,0.2288,
1651,947,0.2226,
1651,301,0.2217,
1651,6141,0.2217,
1651,7523,0.2216,
1651,973,0.2206,
1651,8768,0.2205,
1651,2905,0.2196,
1651,8980,0.2193,
1651,4667,0.2166,
1651,6598,0.216,
1652,3815,0.2625,
1652,6212,0.257,
1652,7879,0.2548,
1652,4582,0.2546,
1652,1220,0.2505,
1652,2506,0.249,
1652,1204,0.247,
1652,9288,0.2447,
1652,2156,0.2444,
1652,9202,0.2437,
1652,7044,0.2434,
1652,6836,0.2413,
1652,463,0.2402,
1652,8087,0.2397,
1652,3371,0.2389,
1652,6830,0.2377,
1652,7684,0.237,
1652,5010,0.2346,
1652,5088,0.2337,
1652,8054,0.2336,
1654,4127,0.2688,
1654,3516,0.2639,
1654,455,0.2585,
1654,7160,0.2514,
1654,5465,0.2514,
1654,4565,0.2499,
1654,918,0.2496,
1654,5984,0.2474,
1654,4057,0.2468,
1654,5189,0.2449,
1654,8436,0.2392,
1654,7737,0.2377,
1654,7500,0.2365,
1654,1083,0.2352,
1654,9288,0.231,
1654,7836,0.2302,
1654,8992,0.226,
1654,7874,0.2245,
1654,2695,0.224,
1654,2175,0.2232,
1655,5189,0.2063,
1655,2926,0.2035,
1655,3516,0.201,
1655,4565,0.1957,
1655,6478,0.19,
1655,5984,0.1805,
1655,2891,0.1805,
1655,7737,0.1802,
1655,2859,0.1798,
1655,2928,0.1798,
1655,7748,0.1786,
1655,2175,0.1769,
1655,7003,0.1744,
1655,455,0.1742,
1655,8206,0.1737,
1655,6442,0.1734,
1655,2255,0.173,
1655,8439,0.1729,
1655,4523,0.1724,
1655,8992,0.1712,
1656,99,0.3535,
1656,1309,0.3274,
1656,9352,0.3204,
1656,3375,0.3191,
1656,4370,0.3174,
1656,2080,0.3168,
1656,8245,0.3134,
1656,4667,0.3068,
1656,7535,0.3066,
1656,8282,0.3054,
1656,8410,0.3047,
1656,5089,0.3042,
1656,478,0.3019,
1656,6943,0.2993,
1656,301,0.2991,
1656,8992,0.2962,
1656,973,0.2923,
1656,5510,0.2898,
1656,6310,0.2896,
1656,8901,0.2891,
1657,6613,0.2241,
1657,8834,0.2166,
1657,338,0.2105,
1657,4286,0.2056,
1657,2629,0.2046,
1657,5223,0.2033,
1657,4057,0.1983,
1657,2764,0.1958,
1657,7512,0.1958,
1657,7824,0.1928,
1657,5465,0.1922,
1657,4237,0.1913,
1657,965,0.1894,
1657,6433,0.1866,
1657,6164,0.1863,
1657,7879,0.1853,
1657,5236,0.1829,
1657,5189,0.182,
1657,4622,0.182,
1657,2926,0.1817,
1658,1207,0.2381,
1658,7824,0.231,
1658,2436,0.2294,
1658,1908,0.2278,
1658,2807,0.2187,
1658,6174,0.2135,
1658,1054,0.2126,
1658,3944,0.2118,
1658,5030,0.2091,
1658,492,0.208,
1658,7973,0.2067,
1658,1705,0.2062,
1658,1083,0.2054,
1658,5563,0.2048,
1658,2589,0.2042,
1658,9185,0.2011,
1658,3524,0.1999,
1658,7825,0.1998,
1658,352,0.199,
1658,399,0.1981,
1659,9062,0.2237,
1659,2429,0.2173,
1659,3057,0.2046,
1659,355,0.204,
1659,7568,0.1988,
1659,8888,0.1939,
1659,5165,0.1934,
1659,7523,0.1931,
1659,6376,0.1901,
1659,7195,0.1898,
1659,2974,0.1891,
1659,7870,0.1874,
1659,2554,0.1872,
1659,4299,0.1868,
1659,2461,0.1865,
1659,2566,0.1855,
1659,8905,0.183,
1659,8067,0.1826,
1659,754,0.1824,
1659,9267,0.1807,
1660,8087,0.2545,
1660,8585,0.2417,
1660,1000,0.2328,
1660,2623,0.2323,
1660,3815,0.2319,
1660,9288,0.2307,
1660,6212,0.2298,
1660,8204,0.2295,
1660,9321,0.2284,
1660,7963,0.2265,
1660,409,0.2265,
1660,4026,0.2236,
1660,7044,0.2234,
1660,9202,0.2233,
1660,8054,0.2229,
1660,7525,0.2228,
1660,7867,0.2209,
1660,4401,0.2209,
1660,2126,0.2194,
1660,2252,0.2183,
1661,2676,0.2127,
1661,1902,0.2023,
1661,4127,0.2018,
1661,2633,0.1839,
1661,6742,0.1824,
1661,9247,0.179,
1661,5904,0.1784,
1661,6083,0.1776,
1661,5039,0.1769,
1661,266,0.1731,
1661,9017,0.172,
1661,6725,0.1713,
1661,1566,0.1709,
1661,1502,0.1698,
1661,1806,0.1698,
1661,7163,0.1682,
1661,1225,0.1673,
1661,1083,0.1664,
1661,1233,0.1654,
1661,1668,0.1639,
1674,9062,0.3115,
1674,2724,0.2667,
1674,4682,0.263,
1674,4531,0.2611,
1674,7870,0.2583,
1674,1909,0.2575,
1674,8067,0.2563,
1674,6807,0.2561,
1674,5689,0.2533,
1674,6174,0.2503,
1674,7825,0.2495,
1674,1962,0.2489,
1674,2718,0.2479,
1674,320,0.2471,
1674,1215,0.246,
1674,2663,0.2442,
1674,3977,0.244,
1674,1647,0.2438,
1674,5349,0.2418,
1674,92,0.2416,
1662,8470,0.2607,
1662,6973,0.2571,
1662,8322,0.2398,
1662,1337,0.2397,
1662,7031,0.239,
1662,5583,0.2369,
1662,7964,0.2344,
1662,6849,0.2323,
1662,5319,0.232,
1662,2536,0.2297,
1662,6614,0.2277,
1662,8190,0.2259,
1662,4091,0.2252,
1662,7558,0.225,
1662,409,0.2238,
1662,5001,0.2226,
1662,8735,0.222,
1662,7901,0.2219,
1662,2145,0.2209,
1662,2994,0.2182,
1663,1859,0.2914,
1663,5246,0.2877,
1663,334,0.2828,
1663,8192,0.2779,
1663,1162,0.2743,
1663,4962,0.2726,
1663,2240,0.2721,
1663,9034,0.2664,
1663,7923,0.2659,
1663,980,0.2656,
1663,5450,0.2634,
1663,9366,0.2627,
1663,6781,0.2625,
1663,6942,0.2609,
1663,8481,0.2609,
1663,6818,0.2606,
1663,5397,0.2605,
1663,6754,0.2603,
1663,967,0.2594,
1663,7317,0.2592,
1664,2926,0.2454,
1664,8834,0.2405,
1664,2764,0.2383,
1664,5189,0.2349,
1664,3933,0.2168,
1664,919,0.2156,
1664,4622,0.211,
1664,6996,0.2081,
1664,8439,0.202,
1664,2629,0.2005,
1664,6517,0.2,
1664,965,0.1995,
1664,338,0.1992,
1664,7824,0.1987,
1664,4565,0.1986,
1664,3516,0.1973,
1664,6997,0.1962,
1664,8206,0.1943,
1664,1427,0.1931,
1664,8992,0.1922,
1665,4057,0.264,
1665,7973,0.2582,
1665,6174,0.2581,
1665,5189,0.2541,
1665,6613,0.2526,
1665,2145,0.2511,
1665,8834,0.2463,
1665,5583,0.2461,
1665,1165,0.2428,
1665,5927,0.2425,
1665,5223,0.2401,
1665,399,0.2391,
1665,5716,0.2353,
1665,1162,0.235,
1665,7824,0.2327,
1665,2308,0.2308,
1665,334,0.2235,
1665,6614,0.2234,
1665,6643,0.2228,
1665,4531,0.2226,
1666,355,0.3156,
1666,5165,0.2946,
1666,3057,0.2925,
1666,5999,0.2895,
1666,2127,0.2877,
1666,4553,0.2874,
1666,7273,0.2853,
1666,8905,0.2846,
1666,2874,0.2834,
1666,7523,0.2831,
1666,6141,0.2818,
1666,3920,0.2816,
1666,754,0.2814,
1666,3207,0.2803,
1666,3436,0.2796,
1666,5438,0.2775,
1666,2566,0.2756,
1666,5659,0.273,
1666,4512,0.2721,
1666,6474,0.2701,
1667,2175,0.23,
1667,2926,0.2291,
1667,7273,0.2144,
1667,3074,0.2141,
1667,7525,0.2096,
1667,4553,0.2095,
1667,7879,0.2032,
1667,4057,0.2012,
1667,2764,0.2005,
1667,3815,0.2002,
1667,6517,0.1993,
1667,3039,0.198,
1667,8585,0.1965,
1667,9089,0.1962,
1667,624,0.1951,
1667,3516,0.1949,
1667,8763,0.1949,
1667,5189,0.194,
1667,3052,0.1934,
1667,9447,0.1933,
1668,5554,0.3186,
1668,2779,0.3096,
1668,1805,0.3062,
1668,3668,0.3,
1668,4249,0.2823,
1668,177,0.2787,
1668,8620,0.2771,
1668,5883,0.2739,
1668,1443,0.273,
1668,1095,0.2703,
1668,698,0.2682,
1668,8057,0.2678,
1668,314,0.2668,
1668,1917,0.2665,
1668,2100,0.2661,
1668,3563,0.2644,
1668,1495,0.2641,
1668,4302,0.264,
1668,454,0.2639,
1668,2219,0.2637,
1809,4531,0.202,
1809,6174,0.198,
1809,4377,0.1935,
1809,8834,0.1931,
1809,6613,0.1863,
1809,3744,0.1841,
1809,6690,0.183,
1809,9436,0.1828,
1809,1383,0.1822,
1809,6614,0.1817,
1809,7453,0.1788,
1809,5583,0.1766,
1809,2073,0.1754,
1809,5502,0.1738,
1809,7418,0.171,
1809,7824,0.1694,
1809,3088,0.1674,
1809,249,0.1668,
1809,5223,0.1667,
1809,3827,0.1667,
1669,1908,0.3269,
1669,6174,0.287,
1669,2663,0.2807,
1669,7973,0.2786,
1669,1215,0.2784,
1669,4531,0.2701,
1669,7617,0.2665,
1669,9052,0.2653,
1669,6656,0.2638,
1669,7870,0.2615,
1669,8322,0.2604,
1669,8267,0.2598,
1669,5183,0.2577,
1669,1909,0.2549,
1669,6753,0.2537,
1669,8834,0.253,
1669,399,0.2527,
1669,249,0.2495,
1669,4268,0.2486,
1669,2510,0.2471,
1670,1165,0.2088,
1670,5716,0.2035,
1670,6174,0.2028,
1670,1071,0.2025,
1670,4531,0.2013,
1670,1162,0.201,
1670,5741,0.2008,
1670,1207,0.1985,
1670,5927,0.1978,
1670,399,0.1974,
1670,334,0.1951,
1670,7973,0.1943,
1670,2356,0.193,
1670,4747,0.1913,
1670,8834,0.1912,
1670,7824,0.1912,
1670,6613,0.1911,
1670,5223,0.1902,
1670,2240,0.1889,
1670,6614,0.1883,
1671,6174,0.2517,
1671,8481,0.2434,
1671,6212,0.2422,
1671,7825,0.2419,
1671,6305,0.2393,
1671,409,0.2355,
1671,334,0.2347,
1671,1908,0.2327,
1671,4531,0.2324,
1671,3815,0.2301,
1671,8322,0.2291,
1671,7044,0.2286,
1671,1215,0.2282,
1671,7486,0.2281,
1671,7782,0.2274,
1671,2807,0.227,
1671,5010,0.2268,
1671,7923,0.2266,
1671,4553,0.2256,
1671,7389,0.2255,
1672,3516,0.1908,
1672,5619,0.1874,
1672,1081,0.1806,
1672,5011,0.1769,
1672,4403,0.1769,
1672,9436,0.1752,
1672,3917,0.1683,
1672,7083,0.1679,
1672,1054,0.1672,
1672,5168,0.1662,
1672,4544,0.1616,
1672,5919,0.1611,
1672,1022,0.1608,
1672,2385,0.1597,
1672,1225,0.1591,
1672,1704,0.1588,
1672,7015,0.1588,
1672,5967,0.1586,
1672,7453,0.1584,
1672,4414,0.1582,
1673,6472,0.2256,
1673,2255,0.2156,
1673,4317,0.2122,
1673,2764,0.2111,
1673,6940,0.2107,
1673,8763,0.2095,
1673,3933,0.2085,
1673,1636,0.2072,
1673,8692,0.2067,
1673,5505,0.2065,
1673,8295,0.2065,
1673,5590,0.2061,
1673,7155,0.2049,
1673,5559,0.2043,
1673,95,0.2042,
1673,5176,0.2039,
1673,5113,0.2037,
1673,2972,0.2023,
1673,2926,0.202,
1673,1869,0.2016,
1680,3436,0.2573,
1680,355,0.2513,
1680,998,0.2308,
1680,8711,0.2301,
1680,3057,0.2291,
1680,8905,0.2289,
1680,7523,0.2277,
1680,4115,0.227,
1680,2874,0.2236,
1680,5438,0.2197,
1680,8410,0.216,
1680,616,0.2136,
1680,4553,0.2117,
1680,8221,0.2114,
1680,4512,0.21,
1680,2127,0.2094,
1680,3920,0.2093,
1680,6141,0.2077,
1680,5659,0.205,
1680,7500,0.2034,
1675,5344,0.2043,
1675,5081,0.1931,
1675,6444,0.1804,
1675,4720,0.1783,
1675,9184,0.1773,
1675,4892,0.1765,
1675,952,0.1744,
1675,8036,0.1741,
1675,6570,0.1738,
1675,4848,0.1727,
1675,885,0.172,
1675,5413,0.1712,
1675,919,0.171,
1675,3140,0.1696,
1675,5777,0.1687,
1675,2979,0.1672,
1675,5192,0.1672,
1675,8202,0.1663,
1675,2665,0.1657,
1675,8438,0.164,
1676,2764,0.2736,
1676,6504,0.2381,
1676,2926,0.2358,
1676,8769,0.2305,
1676,338,0.2304,
1676,8118,0.2213,
1676,6613,0.2205,
1676,6433,0.2203,
1676,2629,0.2201,
1676,4622,0.2148,
1676,6430,0.2141,
1676,4041,0.2136,
1676,8834,0.213,
1676,4756,0.2115,
1676,2418,0.2084,
1676,9276,0.2081,
1676,4317,0.208,
1676,6517,0.2075,
1676,95,0.2065,
1676,2255,0.2044,
1677,4344,0.2799,
1677,8699,0.2755,
1677,9112,0.2655,
1677,3315,0.2616,
1677,4217,0.2597,
1677,1035,0.2577,
1677,1807,0.2572,
1677,6776,0.2542,
1677,6874,0.2534,
1677,7926,0.2525,
1677,6453,0.2521,
1677,8336,0.2518,
1677,6743,0.25,
1677,9169,0.2499,
1677,1157,0.2493,
1677,8376,0.2466,
1677,7471,0.2461,
1677,8537,0.2447,
1677,1582,0.243,
1677,9333,0.243,
1678,4057,0.1936,
1678,4565,0.1887,
1678,3516,0.1865,
1678,5189,0.1725,
1678,6478,0.1717,
1678,2175,0.1692,
1678,7737,0.1679,
1678,8206,0.1679,
1678,6997,0.1669,
1678,8439,0.1647,
1678,6613,0.1641,
1678,1841,0.1641,
1678,4523,0.1634,
1678,5984,0.1634,
1678,5157,0.1619,
1678,8992,0.1611,
1678,4114,0.1605,
1678,338,0.1602,
1678,1235,0.1587,
1678,2859,0.157,
1679,7996,0.2468,
1679,99,0.2263,
1679,5440,0.2254,
1679,8410,0.2203,
1679,8980,0.2201,
1679,9431,0.2195,
1679,1508,0.2183,
1679,3260,0.2175,
1679,7674,0.2173,
1679,382,0.2166,
1679,5754,0.2151,
1679,4330,0.2151,
1679,5455,0.2144,
1679,973,0.2125,
1679,944,0.21,
1679,74,0.2097,
1679,5089,0.2096,
1679,6896,0.2086,
1679,9364,0.2086,
1679,4013,0.2085,
2266,919,0.1584,
2266,7273,0.153,
2266,6444,0.1524,
2266,5930,0.1487,
2266,2053,0.1454,
2266,8036,0.1444,
2266,2019,0.1441,
2266,8070,0.1439,
2266,6430,0.1429,
2266,355,0.1427,
2266,9447,0.1424,
2266,5990,0.1417,
2266,4553,0.1378,
2266,885,0.1377,
2266,9213,0.1376,
2266,846,0.1374,
2266,5999,0.1372,
2266,8813,0.1347,
2266,6701,0.1344,
2266,9070,0.1333,
1681,6859,0.3045,
1681,4005,0.2998,
1681,1786,0.2943,
1681,9027,0.2902,
1681,8979,0.2883,
1681,7399,0.2875,
1681,1807,0.2847,
1681,1884,0.2844,
1681,1370,0.2843,
1681,2073,0.2825,
1681,4377,0.2822,
1681,4906,0.2801,
1681,2170,0.2796,
1681,4272,0.2791,
1681,6016,0.279,
1681,4408,0.2788,
1681,6755,0.2783,
1681,2859,0.2782,
1681,2916,0.2782,
1681,7379,0.2775,
1682,4599,0.2552,
1682,7968,0.2433,
1682,8591,0.2347,
1682,5437,0.222,
1682,6220,0.2167,
1682,7138,0.214,
1682,3357,0.2131,
1682,8740,0.2114,
1682,2159,0.2077,
1682,3406,0.2067,
1682,6056,0.2064,
1682,7806,0.2044,
1682,2208,0.2023,
1682,892,0.2009,
1682,6736,0.2007,
1682,6473,0.1998,
1682,7667,0.1976,
1682,7983,0.1965,
1682,3476,0.195,
1682,4550,0.1948,
1683,282,0.2269,
1683,334,0.2125,
1683,3039,0.2122,
1683,399,0.2045,
1683,5189,0.2022,
1683,8481,0.2012,
1683,1859,0.1993,
1683,9034,0.1986,
1683,1162,0.1978,
1683,320,0.1967,
1683,5681,0.1961,
1683,6754,0.1956,
1683,3864,0.1945,
1683,8192,0.1933,
1683,7606,0.1929,
1683,5450,0.1923,
1683,6064,0.192,
1683,980,0.1918,
1683,3646,0.1902,
1683,5356,0.1901,
1684,8585,0.3006,
1684,8054,0.2969,
1684,4223,0.2903,
1684,4644,0.289,
1684,8765,0.274,
1684,2239,0.2716,
1684,3815,0.2707,
1684,5921,0.2699,
1684,8801,0.2667,
1684,9321,0.266,
1684,1220,0.2654,
1684,1270,0.2625,
1684,6441,0.2624,
1684,8874,0.2611,
1684,7854,0.2605,
1684,3105,0.2597,
1684,3799,0.2579,
1684,6386,0.2563,
1684,6278,0.2561,
1684,2156,0.2555,
1685,2175,0.2224,
1685,4582,0.2069,
1685,7086,0.2045,
1685,9089,0.2044,
1685,7879,0.2042,
1685,8070,0.2031,
1685,3391,0.1939,
1685,7044,0.1937,
1685,3371,0.1926,
1685,6212,0.1924,
1685,5010,0.1916,
1685,5484,0.1905,
1685,4026,0.1895,
1685,4553,0.1884,
1685,3790,0.1881,
1685,7868,0.188,
1685,8585,0.1866,
1685,8130,0.186,
1685,4713,0.1856,
1685,3815,0.1848,
1686,2331,0.2841,
1686,3897,0.2556,
1686,9062,0.2512,
1686,6627,0.2483,
1686,3840,0.2377,
1686,4682,0.2324,
1686,3871,0.2307,
1686,3868,0.2259,
1686,8067,0.2254,
1686,4299,0.2216,
1686,4489,0.218,
1686,882,0.218,
1686,7195,0.2167,
1686,3455,0.2159,
1686,3432,0.2159,
1686,7051,0.2151,
1686,3060,0.214,
1686,8855,0.2116,
1686,7371,0.2101,
1686,3540,0.2097,
1687,2401,0.2117,
1687,8968,0.2097,
1687,850,0.1946,
1687,155,0.1907,
1687,7578,0.1849,
1687,9213,0.1838,
1687,1722,0.1793,
1687,7628,0.1773,
1687,7918,0.1755,
1687,3788,0.1751,
1687,504,0.1697,
1687,2433,0.168,
1687,2461,0.1643,
1687,9096,0.1624,
1687,8965,0.1624,
1687,6831,0.1586,
1687,1913,0.1585,
1687,5619,0.1579,
1687,3202,0.1576,
1687,6012,0.1523,
1714,8374,0.3341,
1714,5773,0.3208,
1714,9452,0.3196,
1714,4275,0.3191,
1714,2158,0.3135,
1714,4514,0.3134,
1714,4727,0.3133,
1714,473,0.3126,
1714,6643,0.3126,
1714,3540,0.3124,
1714,1028,0.3112,
1714,983,0.3103,
1714,2351,0.3101,
1714,5548,0.3091,
1714,7140,0.3085,
1714,9341,0.3076,
1714,4093,0.3075,
1714,4682,0.3072,
1714,5971,0.3066,
1714,34,0.3065,
2267,154,0.3742,
2267,8011,0.3658,
2267,7832,0.3649,
2267,4641,0.3609,
2267,5036,0.3588,
2267,3695,0.357,
2267,7602,0.3557,
2267,5055,0.3551,
2267,6382,0.3539,
2267,7567,0.3538,
2267,5037,0.3533,
2267,777,0.3524,
2267,4930,0.3504,
2267,8341,0.3501,
2267,8185,0.3497,
2267,7840,0.3492,
2267,1780,0.3487,
2267,7742,0.3481,
2267,7334,0.3478,
2267,3831,0.3475,
1688,1379,0.244,
1688,4906,0.224,
1688,5904,0.2221,
1688,4818,0.2191,
1688,3682,0.2135,
1688,1769,0.2134,
1688,4344,0.2131,
1688,6128,0.212,
1688,7698,0.2101,
1688,1786,0.2101,
1688,1630,0.2094,
1688,8537,0.2077,
1688,5728,0.2063,
1688,9061,0.2059,
1688,6731,0.2059,
1688,4408,0.2048,
1688,6265,0.2048,
1688,3579,0.2036,
1688,8101,0.2036,
1688,1241,0.2036,
1689,8791,0.2055,
1689,6687,0.2049,
1689,7965,0.2039,
1689,1379,0.201,
1689,837,0.201,
1689,6381,0.1961,
1689,1241,0.195,
1689,1021,0.1926,
1689,352,0.1919,
1689,7367,0.1918,
1689,1278,0.1905,
1689,5390,0.1886,
1689,7358,0.1879,
1689,2589,0.1873,
1689,1902,0.187,
1689,1207,0.1869,
1689,6351,0.1868,
1689,7374,0.1848,
1689,4217,0.1845,
1689,5319,0.184,
1690,9062,0.3164,
1690,4299,0.3091,
1690,7195,0.2997,
1690,3060,0.2986,
1690,3840,0.2982,
1690,882,0.2878,
1690,4258,0.2877,
1690,3941,0.2874,
1690,5266,0.2856,
1690,3871,0.2853,
1690,3564,0.2853,
1690,9322,0.285,
1690,33,0.2836,
1690,4657,0.283,
1690,7925,0.2821,
1690,312,0.2803,
1690,5467,0.2788,
1690,8130,0.2765,
1690,326,0.2761,
1690,4788,0.2741,
1691,736,0.2588,
1691,8131,0.2416,
1691,307,0.2256,
1691,3540,0.2253,
1691,1330,0.2044,
1691,7793,0.2033,
1691,2800,0.203,
1691,3489,0.2021,
1691,6973,0.2021,
1691,2642,0.1998,
1691,3049,0.1991,
1691,164,0.1941,
1691,630,0.194,
1691,8681,0.1934,
1691,7174,0.1917,
1691,4189,0.1907,
1691,7977,0.1905,
1691,3050,0.1886,
1691,6066,0.1852,
1691,1598,0.1846,
1692,9186,0.2807,
1692,3175,0.2797,
1692,8103,0.2781,
1692,6265,0.2696,
1692,5671,0.2693,
1692,6755,0.2672,
1692,1786,0.2652,
1692,9293,0.2622,
1692,683,0.2615,
1692,6585,0.2599,
1692,1035,0.2588,
1692,1259,0.2573,
1692,4577,0.2568,
1692,3612,0.2549,
1692,1127,0.2526,
1692,4313,0.2525,
1692,5105,0.2524,
1692,4344,0.252,
1692,6555,0.2515,
1692,6859,0.2506,
1693,7728,0.2853,
1693,6996,0.2677,
1693,64,0.2486,
1693,8065,0.2388,
1693,562,0.2344,
1693,3505,0.2332,
1693,401,0.2303,
1693,8783,0.2281,
1693,4498,0.2272,
1693,8440,0.2229,
1693,6307,0.2207,
1693,1541,0.2153,
1693,7083,0.2151,
1693,2312,0.2151,
1693,2147,0.2147,
1693,282,0.2144,
1693,5157,0.2137,
1693,1978,0.2135,
1693,3440,0.2126,
1693,1496,0.2119,
1910,3516,0.2151,
1910,1083,0.2035,
1910,9436,0.1973,
1910,7083,0.1971,
1910,5189,0.1932,
1910,7824,0.183,
1910,8184,0.1799,
1910,7195,0.1771,
1910,8834,0.177,
1910,6996,0.1768,
1910,155,0.1748,
1910,6478,0.1706,
1910,8439,0.1689,
1910,5919,0.1679,
1910,8571,0.1665,
1910,4565,0.1656,
1910,7737,0.1653,
1910,4346,0.1651,
1910,4127,0.1646,
1910,7318,0.1644,
1694,4057,0.2271,
1694,3770,0.2267,
1694,5583,0.2135,
1694,4565,0.2089,
1694,3827,0.2082,
1694,5157,0.2056,
1694,6613,0.2027,
1694,6478,0.2,
1694,5189,0.1998,
1694,3840,0.1987,
1694,1162,0.1973,
1694,3516,0.1956,
1694,8326,0.1951,
1694,5223,0.1948,
1694,6174,0.1936,
1694,8600,0.1909,
1694,8940,0.189,
1694,164,0.1869,
1694,7737,0.1868,
1694,338,0.185,
1695,6849,0.3431,
1695,307,0.3155,
1695,2539,0.3005,
1695,2308,0.2999,
1695,1028,0.2994,
1695,7140,0.2968,
1695,164,0.2953,
1695,4744,0.2947,
1695,5583,0.2937,
1695,2145,0.2923,
1695,7447,0.2918,
1695,5548,0.2911,
1695,9452,0.2905,
1695,8681,0.29,
1695,5716,0.2893,
1695,2006,0.2893,
1695,7265,0.2892,
1695,9341,0.2886,
1695,2320,0.2885,
1695,5969,0.2884,
1696,8720,0.2988,
1696,8620,0.296,
1696,5790,0.2917,
1696,5554,0.2913,
1696,3552,0.2901,
1696,9032,0.2886,
1696,3650,0.2862,
1696,8579,0.2858,
1696,511,0.2841,
1696,3287,0.284,
1696,248,0.2837,
1696,4302,0.2833,
1696,8836,0.2828,
1696,4547,0.2817,
1696,3224,0.2815,
1696,5543,0.2804,
1696,4074,0.2803,
1696,2911,0.2786,
1696,8352,0.2783,
1696,2459,0.2775,
1697,1859,0.2078,
1697,5978,0.201,
1697,5327,0.1989,
1697,1162,0.1969,
1697,338,0.1969,
1697,9034,0.1967,
1697,9366,0.1937,
1697,980,0.1923,
1697,5205,0.1923,
1697,4962,0.1919,
1697,7923,0.191,
1697,967,0.1908,
1697,334,0.1904,
1697,6781,0.1889,
1697,6754,0.1888,
1697,5397,0.1884,
1697,433,0.1875,
1697,5356,0.187,
1697,8311,0.187,
1697,5450,0.1868,
1698,1162,0.2121,
1698,3039,0.2106,
1698,8834,0.2084,
1698,6613,0.2077,
1698,9062,0.2061,
1698,334,0.2054,
1698,3840,0.2033,
1698,8192,0.2022,
1698,4057,0.199,
1698,5397,0.1987,
1698,3864,0.1969,
1698,8481,0.1966,
1698,4962,0.1957,
1698,9034,0.1955,
1698,4682,0.1953,
1698,5189,0.1923,
1698,5356,0.1913,
1698,7371,0.1909,
1698,6754,0.1908,
1698,1859,0.1905,
1699,3731,0.1607,
1699,7900,0.1523,
1699,4032,0.1496,
1699,383,0.149,
1699,213,0.1447,
1699,5109,0.143,
1699,4181,0.1418,
1699,6585,0.1407,
1699,8317,0.1365,
1699,6627,0.136,
1699,5617,0.1354,
1699,6209,0.135,
1699,8848,0.1346,
1699,2092,0.1346,
1699,5866,0.1337,
1699,3646,0.1327,
1699,2343,0.1325,
1699,9271,0.132,
1699,371,0.1315,
1699,9309,0.1308,
1700,8992,0.2353,
1700,7387,0.2289,
1700,5189,0.2178,
1700,3516,0.2176,
1700,4114,0.2172,
1700,1427,0.2149,
1700,5246,0.2141,
1700,2240,0.214,
1700,3356,0.2131,
1700,6683,0.2118,
1700,7535,0.2114,
1700,521,0.211,
1700,2175,0.2092,
1700,8042,0.2089,
1700,4565,0.2087,
1700,1859,0.2066,
1700,701,0.2064,
1700,8192,0.2054,
1700,3442,0.2051,
1700,6402,0.2051,
1961,5438,0.2129,
1961,7273,0.2109,
1961,355,0.2103,
1961,7523,0.2076,
1961,3057,0.205,
1961,2127,0.2045,
1961,754,0.204,
1961,3436,0.2038,
1961,2874,0.2029,
1961,5659,0.1996,
1961,5165,0.1974,
1961,8905,0.1973,
1961,6141,0.1972,
1961,3920,0.1968,
1961,8221,0.1963,
1961,6376,0.1946,
1961,4512,0.1935,
1961,3417,0.1892,
1961,2566,0.1882,
1961,6474,0.1878,
1962,3815,0.2446,
1962,4818,0.2389,
1962,8087,0.2312,
1962,8041,0.2284,
1962,1902,0.2251,
1962,463,0.2237,
1962,7782,0.2231,
1962,8054,0.2223,
1962,5343,0.2217,
1962,1639,0.2214,
1962,7684,0.2174,
1962,6386,0.217,
1962,409,0.2159,
1962,4576,0.2156,
1962,5448,0.2145,
1962,6663,0.2139,
1962,2561,0.2128,
1962,6830,0.2119,
1962,1054,0.2118,
1962,8370,0.2109,
1701,5272,0.4017,
1701,6438,0.3906,
1701,1563,0.3863,
1701,1017,0.386,
1701,2071,0.3856,
1701,6563,0.3743,
1701,7248,0.3701,
1701,7186,0.3674,
1701,5129,0.3659,
1701,1573,0.3643,
1701,3526,0.3639,
1701,7735,0.3621,
1701,4192,0.3523,
1701,3459,0.3453,
1701,2780,0.3389,
1701,7043,0.3373,
1701,5320,0.3228,
1701,4761,0.3205,
1701,8721,0.32,
1701,2719,0.3132,
1702,8190,0.2422,
1702,8470,0.2386,
1702,1809,0.238,
1702,8322,0.2327,
1702,4819,0.2293,
1702,8431,0.229,
1702,5465,0.2268,
1702,4091,0.2218,
1702,455,0.219,
1702,4291,0.2181,
1702,2643,0.2168,
1702,3506,0.2158,
1702,2145,0.2155,
1702,7964,0.2154,
1702,3178,0.2149,
1702,7312,0.2145,
1702,918,0.2133,
1702,5114,0.2129,
1702,7973,0.2122,
1702,3039,0.2103,
1703,6701,0.2578,
1703,8067,0.2453,
1703,3946,0.2216,
1703,6444,0.2215,
1703,6430,0.2208,
1703,3897,0.2195,
1703,4489,0.2159,
1703,8769,0.2145,
1703,296,0.2111,
1703,5469,0.2107,
1703,9070,0.2101,
1703,6127,0.2068,
1703,1689,0.2058,
1703,5900,0.2049,
1703,6470,0.2029,
1703,5636,0.202,
1703,9422,0.2019,
1703,919,0.2004,
1703,8978,0.2003,
1703,4364,0.2003,
1704,4057,0.1841,
1704,307,0.1681,
1704,5157,0.1643,
1704,3516,0.1634,
1704,2926,0.1624,
1704,8681,0.1607,
1704,5189,0.16,
1704,7737,0.1579,
1704,736,0.1562,
1704,8439,0.1527,
1704,6442,0.152,
1704,5984,0.1503,
1704,951,0.1498,
1704,6803,0.1474,
1704,2006,0.1461,
1704,3540,0.1424,
1704,1028,0.1417,
1704,8131,0.1409,
1704,6935,0.1409,
1704,1858,0.1409,
1705,6442,0.2797,
1705,307,0.2691,
1705,4291,0.2505,
1705,2145,0.2486,
1705,3066,0.2409,
1705,7973,0.2405,
1705,5583,0.2403,
1705,8600,0.2365,
1705,3067,0.2352,
1705,6174,0.2346,
1705,6614,0.2346,
1705,78,0.2338,
1705,3787,0.2332,
1705,5716,0.2326,
1705,4275,0.2306,
1705,2361,0.2296,
1705,3050,0.229,
1705,2356,0.2285,
1705,4682,0.2265,
1705,8679,0.2243,
1706,7920,0.2023,
1706,8192,0.1875,
1706,6355,0.1863,
1706,2416,0.1848,
1706,4754,0.1845,
1706,3356,0.1845,
1706,5246,0.183,
1706,5405,0.1822,
1706,2015,0.1819,
1706,4876,0.1805,
1706,5450,0.1791,
1706,6504,0.1785,
1706,6818,0.1785,
1706,8282,0.178,
1706,3026,0.1777,
1706,334,0.1771,
1706,9368,0.1768,
1706,1471,0.1752,
1706,3110,0.1751,
1706,99,0.1749,
1707,7724,0.2328,
1707,3842,0.2289,
1707,4744,0.2272,
1707,9309,0.2253,
1707,5223,0.2147,
1707,5109,0.2128,
1707,6978,0.2066,
1707,7278,0.2037,
1707,164,0.203,
1707,9416,0.1998,
1707,307,0.1994,
1707,8888,0.1922,
1707,8184,0.1902,
1707,5563,0.1902,
1707,3170,0.1861,
1707,5465,0.1857,
1707,3345,0.1856,
1707,7702,0.1845,
1707,4543,0.184,
1707,8374,0.1829,
1708,4553,0.2798,
1708,9288,0.2742,
1708,455,0.2724,
1708,3057,0.2644,
1708,7782,0.2553,
1708,8905,0.2511,
1708,2175,0.2465,
1708,2252,0.245,
1708,7879,0.244,
1708,998,0.2436,
1708,6742,0.2428,
1708,6474,0.2421,
1708,8834,0.2407,
1708,3207,0.2397,
1708,5165,0.2396,
1708,4582,0.239,
1708,5438,0.2382,
1708,5189,0.2373,
1708,1908,0.2364,
1708,918,0.2361,
1709,8769,0.2834,
1709,8118,0.2646,
1709,9062,0.2517,
1709,3432,0.2487,
1709,1858,0.2465,
1709,5261,0.2424,
1709,6701,0.2423,
1709,4831,0.2421,
1709,6627,0.2251,
1709,7051,0.2235,
1709,7070,0.2225,
1709,7568,0.222,
1709,6444,0.2218,
1709,1318,0.2199,
1709,8273,0.2184,
1709,919,0.2178,
1709,2331,0.2136,
1709,8612,0.2134,
1709,9070,0.2126,
1709,534,0.2098,
1710,9288,0.2801,
1710,2175,0.2666,
1710,7879,0.2505,
1710,4026,0.2337,
1710,886,0.2326,
1710,4401,0.2303,
1710,1000,0.2302,
1710,1413,0.2251,
1710,1345,0.2246,
1710,6792,0.224,
1710,9089,0.2233,
1710,3846,0.2232,
1710,4582,0.223,
1710,918,0.2226,
1710,5938,0.2224,
1710,3815,0.222,
1710,8585,0.2215,
1710,3238,0.2209,
1710,8070,0.2187,
1710,4782,0.2181,
1711,8192,0.2675,
1711,5246,0.2634,
1711,5450,0.2621,
1711,7923,0.2573,
1711,967,0.2508,
1711,2240,0.2499,
1711,334,0.2492,
1711,980,0.2464,
1711,6781,0.2458,
1711,6818,0.2453,
1711,1162,0.2451,
1711,9366,0.2437,
1711,1859,0.2421,
1711,9034,0.2417,
1711,7317,0.2415,
1711,6754,0.2412,
1711,5397,0.2388,
1711,8481,0.237,
1711,3864,0.2368,
1711,4962,0.2356,
1712,8585,0.2298,
1712,8054,0.2156,
1712,1000,0.2067,
1712,3870,0.2056,
1712,7638,0.2023,
1712,8748,0.2023,
1712,6836,0.2002,
1712,8726,0.1971,
1712,885,0.1942,
1712,6849,0.1942,
1712,1220,0.1937,
1712,4223,0.1922,
1712,1244,0.192,
1712,7768,0.1914,
1712,7044,0.1913,
1712,9007,0.1909,
1712,296,0.1905,
1712,432,0.1897,
1712,846,0.1896,
1712,4818,0.1895,
1713,6803,0.2557,
1713,9273,0.2435,
1713,2837,0.2379,
1713,7901,0.2263,
1713,3202,0.2165,
1713,5930,0.2136,
1713,4652,0.2115,
1713,5106,0.203,
1713,5967,0.2021,
1713,2385,0.202,
1713,2453,0.2013,
1713,4684,0.1996,
1713,7453,0.1996,
1713,1902,0.1985,
1713,1070,0.1985,
1713,5159,0.1979,
1713,5594,0.1977,
1713,1167,0.1974,
1713,5343,0.1971,
1713,155,0.1967,
1715,8067,0.3175,
1715,7870,0.2803,
1715,8240,0.2799,
1715,7883,0.2763,
1715,3540,0.2748,
1715,291,0.274,
1715,9062,0.2728,
1715,4175,0.2711,
1715,2361,0.2534,
1715,3897,0.2518,
1715,4682,0.2489,
1715,6431,0.2474,
1715,6470,0.2459,
1715,3989,0.2426,
1715,4455,0.2416,
1715,1147,0.2415,
1715,6442,0.2413,
1715,1028,0.2401,
1715,7140,0.238,
1715,920,0.235,
1716,9213,0.2105,
1716,1902,0.2073,
1716,5967,0.2026,
1716,1704,0.2007,
1716,5343,0.2006,
1716,2401,0.1962,
1716,8968,0.1944,
1716,7578,0.194,
1716,850,0.1937,
1716,2385,0.1931,
1716,2433,0.1889,
1716,6803,0.1865,
1716,155,0.186,
1716,2394,0.1859,
1716,4127,0.1849,
1716,5044,0.1847,
1716,2164,0.1833,
1716,4940,0.1828,
1716,9394,0.1827,
1716,1684,0.1824,
1717,5559,0.2323,
1717,1902,0.2132,
1717,8763,0.2106,
1717,5076,0.2088,
1717,1292,0.2074,
1717,6469,0.2067,
1717,8295,0.2044,
1717,2060,0.2032,
1717,2418,0.201,
1717,4311,0.2004,
1717,95,0.1998,
1717,6640,0.1997,
1717,2164,0.1992,
1717,293,0.1972,
1717,4143,0.1969,
1717,6287,0.1956,
1717,1796,0.1953,
1717,2209,0.1944,
1717,3862,0.1936,
1717,7701,0.1933,
1718,3516,0.2424,
1718,5189,0.2268,
1718,4565,0.2191,
1718,2926,0.215,
1718,7737,0.2105,
1718,6478,0.2033,
1718,5984,0.2021,
1718,6997,0.2004,
1718,2859,0.1988,
1718,4114,0.1964,
1718,8206,0.1961,
1718,3442,0.1951,
1718,8439,0.1938,
1718,8992,0.1935,
1718,7083,0.1927,
1718,1427,0.1887,
1718,1841,0.1873,
1718,4057,0.1872,
1718,6542,0.1852,
1718,4523,0.1837,
1719,846,0.2614,
1719,5943,0.2465,
1719,6444,0.2462,
1719,5990,0.2458,
1719,6773,0.245,
1719,1763,0.2372,
1719,6898,0.2345,
1719,919,0.2313,
1719,2053,0.2259,
1719,5735,0.2253,
1719,4669,0.2249,
1719,9384,0.2245,
1719,9447,0.2228,
1719,202,0.2221,
1719,9359,0.2207,
1719,3172,0.2203,
1719,6829,0.2202,
1719,6164,0.2193,
1719,7740,0.2184,
1719,4138,0.2176,
1720,736,0.3215,
1720,8374,0.2816,
1720,3540,0.273,
1720,8131,0.2704,
1720,307,0.2701,
1720,2435,0.257,
1720,6849,0.2559,
1720,684,0.2548,
1720,5344,0.2539,
1720,3151,0.2538,
1720,5583,0.2536,
1720,2361,0.2521,
1720,9361,0.252,
1720,7265,0.2518,
1720,5773,0.2518,
1720,2539,0.2517,
1720,4275,0.2513,
1720,5494,0.2511,
1720,9407,0.251,
1720,4283,0.2504,
2275,3516,0.1759,
2275,7472,0.171,
2275,606,0.167,
2275,5619,0.1626,
2275,1081,0.1623,
2275,5168,0.1616,
2275,9436,0.1566,
2275,4721,0.1565,
2275,4403,0.153,
2275,8992,0.153,
2275,5011,0.1524,
2275,7083,0.151,
2275,4736,0.1502,
2275,8002,0.1483,
2275,5930,0.1467,
2275,5676,0.1465,
2275,7881,0.1462,
2275,8282,0.1455,
2275,6532,0.1443,
2275,3917,0.1427,
1722,2687,0.2684,
1722,8620,0.2581,
1722,4547,0.2551,
1722,8720,0.2542,
1722,5554,0.2537,
1722,8579,0.2528,
1722,9032,0.2517,
1722,3650,0.2492,
1722,3552,0.2481,
1722,4302,0.2479,
1722,8836,0.2478,
1722,2911,0.2469,
1722,5790,0.2466,
1722,248,0.2453,
1722,5122,0.2442,
1722,4074,0.2437,
1722,511,0.243,
1722,3287,0.2429,
1722,3489,0.2416,
1722,5543,0.2415,
1723,4275,0.2698,
1723,5583,0.2681,
1723,9452,0.2676,
1723,7265,0.2673,
1723,3787,0.2658,
1723,3807,0.2648,
1723,9388,0.2647,
1723,6614,0.263,
1723,4727,0.2629,
1723,5773,0.2625,
1723,2361,0.2622,
1723,4744,0.2607,
1723,1062,0.2606,
1723,6264,0.26,
1723,1545,0.2593,
1723,9407,0.2586,
1723,4514,0.257,
1723,993,0.2557,
1723,7447,0.2557,
1723,7853,0.2557,
1724,7973,0.2563,
1724,6174,0.2476,
1724,7825,0.2401,
1724,4531,0.2375,
1724,1207,0.2363,
1724,2536,0.2342,
1724,4158,0.232,
1724,2663,0.2317,
1724,2356,0.2311,
1724,9062,0.2299,
1724,1071,0.2251,
1724,399,0.222,
1724,5448,0.2218,
1724,4259,0.2217,
1724,5030,0.221,
1724,8286,0.2202,
1724,7196,0.2202,
1724,3977,0.22,
1724,7628,0.2199,
1724,3989,0.2199,
1725,926,0.301,
1725,7978,0.2839,
1725,8190,0.2819,
1725,3646,0.2807,
1725,4968,0.2724,
1725,498,0.2694,
1725,5319,0.2638,
1725,1424,0.2631,
1725,8322,0.2608,
1725,5610,0.2605,
1725,6688,0.2596,
1725,1226,0.2573,
1725,282,0.2569,
1725,9430,0.2559,
1725,5199,0.2555,
1725,4891,0.2554,
1725,2360,0.255,
1725,1780,0.2547,
1725,4313,0.2546,
1725,1478,0.2519,
1726,9062,0.2466,
1726,2331,0.2297,
1726,3432,0.2126,
1726,6627,0.209,
1726,8769,0.2022,
1726,7070,0.202,
1726,8067,0.2019,
1726,7051,0.2001,
1726,8612,0.1955,
1726,2461,0.1935,
1726,7231,0.1925,
1726,7568,0.192,
1726,166,0.19,
1726,5261,0.1874,
1726,4682,0.1873,
1726,7371,0.1851,
1726,5609,0.1814,
1726,3897,0.1781,
1726,4158,0.1758,
1726,1485,0.1754,
1727,9089,0.2013,
1727,7879,0.2007,
1727,338,0.1988,
1727,8481,0.1864,
1727,5978,0.1863,
1727,4026,0.1862,
1727,3039,0.1759,
1727,4237,0.1742,
1727,8834,0.1738,
1727,9034,0.1731,
1727,5681,0.1728,
1727,2175,0.172,
1727,1859,0.1716,
1727,334,0.1694,
1727,3646,0.1692,
1727,1162,0.1686,
1727,4053,0.1685,
1727,3846,0.1679,
1727,4962,0.1675,
1727,7923,0.1662,
1728,5754,0.2658,
1728,973,0.2622,
1728,503,0.248,
1728,7431,0.2433,
1728,8041,0.2378,
1728,7500,0.2365,
1728,1135,0.2353,
1728,3356,0.235,
1728,99,0.2341,
1728,8992,0.2327,
1728,1000,0.2292,
1728,9288,0.228,
1728,1741,0.228,
1728,2175,0.2261,
1728,7044,0.2242,
1728,5285,0.2233,
1728,6212,0.2226,
1728,5405,0.2218,
1728,521,0.2209,
1728,3631,0.2206,
1729,1902,0.2322,
1729,2461,0.2219,
1729,5343,0.195,
1729,5967,0.195,
1729,2385,0.1917,
1729,1054,0.1916,
1729,9394,0.1914,
1729,6803,0.19,
1729,6998,0.1898,
1729,2344,0.1895,
1729,5892,0.1875,
1729,1704,0.1872,
1729,5676,0.1868,
1729,2394,0.1801,
1729,3749,0.1767,
1729,3917,0.176,
1729,587,0.1753,
1729,8053,0.1725,
1729,7586,0.1717,
1729,2735,0.1712,
1730,967,0.3181,
1730,7317,0.3091,
1730,9366,0.3024,
1730,7923,0.302,
1730,3864,0.3003,
1730,6754,0.2959,
1730,5450,0.295,
1730,6781,0.2922,
1730,334,0.2912,
1730,8192,0.2912,
1730,980,0.2907,
1730,4962,0.29,
1730,6942,0.2883,
1730,1859,0.2872,
1730,5397,0.2861,
1730,5246,0.2848,
1730,9034,0.2846,
1730,3630,0.2835,
1730,1162,0.2834,
1730,5356,0.2831,
1731,6164,0.3784,
1731,7462,0.3765,
1731,7547,0.3754,
1731,5737,0.373,
1731,3258,0.3716,
1731,7699,0.3706,
1731,122,0.3683,
1731,5098,0.3639,
1731,6829,0.3633,
1731,3669,0.3612,
1731,2535,0.3599,
1731,8476,0.3592,
1731,4493,0.3589,
1731,9247,0.3588,
1731,729,0.3585,
1731,432,0.3584,
1731,3172,0.3581,
1731,6867,0.3568,
1731,1279,0.3566,
1731,3580,0.3549,
1732,1337,0.1629,
1732,1022,0.1578,
1732,4544,0.1575,
1732,1225,0.1551,
1732,3744,0.1535,
1732,2433,0.1531,
1732,6803,0.153,
1732,5155,0.1524,
1732,7453,0.1513,
1732,8470,0.1513,
1732,8965,0.1512,
1732,8146,0.1506,
1732,2668,0.1502,
1732,239,0.1474,
1732,1913,0.1457,
1732,4819,0.1452,
1732,9407,0.1431,
1732,1598,0.1429,
1732,5044,0.1407,
1732,1275,0.1407,
1733,7868,0.2174,
1733,9089,0.2143,
1733,7879,0.205,
1733,8174,0.202,
1733,4553,0.2007,
1733,8087,0.2,
1733,1204,0.1998,
1733,2182,0.1971,
1733,2252,0.1954,
1733,3371,0.1944,
1733,6386,0.1933,
1733,7044,0.1921,
1733,3510,0.1912,
1733,8585,0.1908,
1733,6212,0.1903,
1733,8182,0.1894,
1733,7684,0.189,
1733,450,0.1885,
1733,1000,0.1881,
1733,4713,0.1879,
1734,787,0.1962,
1734,273,0.1854,
1734,5526,0.1845,
1734,8945,0.1803,
1734,2528,0.1783,
1734,9447,0.176,
1734,4819,0.1752,
1734,954,0.1751,
1734,3074,0.1746,
1734,6104,0.1744,
1734,5534,0.1713,
1734,4653,0.1691,
1734,4328,0.1669,
1734,5720,0.1666,
1734,4041,0.1661,
1734,6120,0.1645,
1734,5752,0.1643,
1734,7540,0.1627,
1734,919,0.1624,
1734,3039,0.1615,
1735,2373,0.1982,
1735,2344,0.1642,
1735,3516,0.1597,
1735,9436,0.1595,
1735,8457,0.1564,
1735,1083,0.1559,
1735,7083,0.1542,
1735,2461,0.1535,
1735,4490,0.1501,
1735,9394,0.1501,
1735,5168,0.1484,
1735,5919,0.1474,
1735,6998,0.1458,
1735,6803,0.1453,
1735,2554,0.1424,
1735,4271,0.141,
1735,6021,0.1409,
1735,1704,0.1395,
1735,5011,0.1394,
1735,1772,0.1392,
1736,5559,0.2327,
1736,1902,0.2183,
1736,2060,0.2125,
1736,8763,0.2113,
1736,6127,0.2092,
1736,8769,0.2079,
1736,4143,0.2071,
1736,2461,0.2029,
1736,2019,0.2028,
1736,8965,0.2021,
1736,8118,0.2017,
1736,5967,0.2007,
1736,8295,0.1998,
1736,5900,0.1987,
1736,2401,0.1984,
1736,8978,0.1983,
1736,155,0.1982,
1736,6834,0.1971,
1736,9447,0.1967,
1736,8968,0.1965,
1737,7782,0.3893,
1737,5183,0.373,
1737,2561,0.3676,
1737,1276,0.3659,
1737,1639,0.3604,
1737,5376,0.3604,
1737,396,0.36,
1737,8267,0.3553,
1737,7076,0.3543,
1737,3527,0.3534,
1737,3038,0.3527,
1737,8375,0.3525,
1737,6104,0.3513,
1737,4209,0.351,
1737,6813,0.3483,
1737,3558,0.3483,
1737,8670,0.345,
1737,2862,0.3447,
1737,6421,0.3446,
1737,8477,0.3413,
1738,8834,0.2574,
1738,7973,0.2539,
1738,2510,0.2433,
1738,1165,0.2417,
1738,291,0.2401,
1738,6174,0.2382,
1738,399,0.2378,
1738,4751,0.2357,
1738,7870,0.2348,
1738,1071,0.233,
1738,7883,0.2326,
1738,5681,0.2319,
1738,4810,0.2317,
1738,7486,0.2308,
1738,5189,0.2296,
1738,7648,0.2295,
1738,4383,0.2293,
1738,4175,0.2282,
1738,5741,0.2259,
1738,1207,0.2252,
1841,9062,0.3215,
1841,3432,0.3166,
1841,6627,0.3057,
1841,2331,0.2853,
1841,5261,0.2842,
1841,7568,0.2832,
1841,7070,0.2806,
1841,8612,0.2753,
1841,7051,0.275,
1841,2461,0.266,
1841,7231,0.2614,
1841,5609,0.2514,
1841,166,0.2466,
1841,8693,0.2465,
1841,1485,0.245,
1841,6322,0.2368,
1841,4158,0.2337,
1841,1931,0.2309,
1841,6664,0.2283,
1841,1536,0.2272,
1739,7824,0.3165,
1739,2536,0.2909,
1739,455,0.2905,
1739,6174,0.2875,
1739,4531,0.2755,
1739,8834,0.2714,
1739,2663,0.271,
1739,282,0.2707,
1739,7870,0.2701,
1739,5030,0.2692,
1739,1355,0.2681,
1739,7973,0.2676,
1739,7825,0.265,
1739,399,0.2639,
1739,5894,0.2633,
1739,9052,0.2621,
1739,4158,0.262,
1739,9234,0.2592,
1739,1908,0.2586,
1739,1962,0.2584,
1740,8456,0.2132,
1740,6839,0.1997,
1740,8045,0.1978,
1740,1379,0.1972,
1740,5942,0.1954,
1740,5319,0.1946,
1740,5344,0.1943,
1740,77,0.1911,
1740,4324,0.189,
1740,6039,0.1885,
1740,768,0.1879,
1740,6690,0.1855,
1740,9333,0.1849,
1740,9312,0.1847,
1740,5092,0.1841,
1740,7188,0.184,
1740,1383,0.1838,
1740,8873,0.183,
1740,995,0.1827,
1740,3672,0.1819,
1741,8054,0.301,
1741,2239,0.2992,
1741,2467,0.2936,
1741,4223,0.2802,
1741,6172,0.2745,
1741,9321,0.2685,
1741,8585,0.2677,
1741,5921,0.2618,
1741,3371,0.2615,
1741,3105,0.2615,
1741,1220,0.2567,
1741,4782,0.2558,
1741,9114,0.2555,
1741,2543,0.255,
1741,6792,0.2517,
1741,5386,0.2517,
1741,2555,0.2511,
1741,7044,0.2497,
1741,7322,0.2495,
1741,5745,0.2489,
1742,5554,0.3564,
1742,5543,0.3262,
1742,8620,0.3249,
1742,4302,0.324,
1742,2911,0.3222,
1742,3650,0.3217,
1742,9032,0.3213,
1742,511,0.3194,
1742,4547,0.3194,
1742,248,0.3179,
1742,5122,0.3167,
1742,3287,0.3164,
1742,8579,0.3163,
1742,8836,0.315,
1742,2459,0.3142,
1742,3552,0.3132,
1742,4074,0.3125,
1742,5790,0.3121,
1742,2687,0.3112,
1742,8352,0.3109,
1743,8054,0.3191,
1743,6310,0.3033,
1743,2239,0.2986,
1743,4223,0.2837,
1743,8902,0.28,
1743,3112,0.2743,
1743,1577,0.2723,
1743,5186,0.2716,
1743,2467,0.255,
1743,1627,0.2498,
1743,5921,0.2495,
1743,9321,0.2475,
1743,7901,0.2456,
1743,5551,0.2444,
1743,3105,0.241,
1743,2536,0.2403,
1743,7044,0.2403,
1743,1366,0.2378,
1743,2197,0.2352,
1743,3571,0.2347,
1744,9062,0.2217,
1744,8067,0.2087,
1744,7051,0.2028,
1744,2461,0.1987,
1744,1241,0.1868,
1744,920,0.1846,
1744,3202,0.184,
1744,8769,0.1806,
1744,1902,0.1801,
1744,7070,0.1788,
1744,5559,0.1782,
1744,1485,0.1761,
1744,1931,0.1756,
1744,7983,0.1751,
1744,239,0.1734,
1744,7568,0.173,
1744,4682,0.1695,
1744,9267,0.1694,
1744,3743,0.1688,
1744,3432,0.1688,
1745,8192,0.2125,
1745,1337,0.2106,
1745,616,0.1991,
1745,1162,0.1984,
1745,8481,0.198,
1745,5967,0.1963,
1745,7578,0.1917,
1745,334,0.1907,
1745,3864,0.1905,
1745,4127,0.19,
1745,5450,0.189,
1745,8965,0.1887,
1745,9034,0.1884,
1745,7923,0.1878,
1745,2385,0.1878,
1745,3516,0.1876,
1745,7453,0.1874,
1745,5343,0.1872,
1745,8184,0.1872,
1745,8246,0.1871,
1746,7278,0.2779,
1746,7824,0.2575,
1746,6975,0.2542,
1746,364,0.252,
1746,340,0.2456,
1746,4582,0.244,
1746,521,0.2411,
1746,1629,0.2401,
1746,5217,0.2395,
1746,2702,0.2383,
1746,4688,0.2376,
1746,5236,0.2372,
1746,1083,0.2358,
1746,7634,0.2262,
1746,5739,0.2208,
1746,9337,0.2196,
1746,3113,0.2188,
1746,4565,0.2166,
1746,2073,0.2111,
1746,5223,0.2078,
1747,6849,0.2088,
1747,7656,0.2064,
1747,1908,0.2028,
1747,6613,0.1995,
1747,8748,0.1944,
1747,9436,0.1887,
1747,6164,0.1852,
1747,164,0.1844,
1747,7638,0.1841,
1747,5157,0.1807,
1747,4057,0.1792,
1747,296,0.176,
1747,4624,0.1757,
1747,5639,0.1749,
1747,8834,0.1739,
1747,616,0.1734,
1747,4353,0.1729,
1747,3516,0.1726,
1747,8042,0.1716,
1747,3921,0.1715,
1748,7793,0.1923,
1748,9273,0.1877,
1748,7977,0.1872,
1748,4189,0.1868,
1748,630,0.1847,
1748,736,0.1843,
1748,1330,0.1748,
1748,5106,0.1735,
1748,4607,0.1707,
1748,3202,0.1696,
1748,3540,0.1663,
1748,8374,0.1653,
1748,2837,0.1642,
1748,4489,0.1637,
1748,6598,0.162,
1748,8131,0.1619,
1748,5469,0.1601,
1748,9223,0.1599,
1748,7794,0.1587,
1748,1913,0.1565,
1749,7825,0.2628,
1749,8834,0.2573,
1749,78,0.2326,
1749,6174,0.2283,
1749,8286,0.2255,
1749,6104,0.2225,
1749,3517,0.2192,
1749,7486,0.2181,
1749,4531,0.2176,
1749,5681,0.2174,
1749,338,0.216,
1749,4810,0.2152,
1749,5189,0.2147,
1749,5894,0.2146,
1749,2764,0.2145,
1749,5535,0.2139,
1749,1909,0.2134,
1749,8322,0.2132,
1749,1639,0.2132,
1749,7824,0.2131,
1750,7195,0.2822,
1750,4299,0.2679,
1750,312,0.2662,
1750,9062,0.2636,
1750,3840,0.2561,
1750,882,0.2505,
1750,3941,0.2504,
1750,8130,0.2462,
1750,7925,0.2451,
1750,2461,0.2441,
1750,3060,0.2439,
1750,5266,0.2439,
1750,5467,0.2433,
1750,4657,0.2411,
1750,326,0.2402,
1750,3871,0.2399,
1750,4258,0.2389,
1750,5187,0.2377,
1750,9322,0.2335,
1750,4788,0.2292,
1751,6444,0.2696,
1751,2053,0.2608,
1751,9276,0.2577,
1751,6701,0.2566,
1751,919,0.2547,
1751,2019,0.2536,
1751,6259,0.2468,
1751,9447,0.2464,
1751,1846,0.2438,
1751,1858,0.2436,
1751,5603,0.243,
1751,2492,0.2422,
1751,3349,0.2413,
1751,9070,0.2412,
1751,4819,0.2399,
1751,8763,0.2398,
1751,5900,0.2395,
1751,8806,0.2394,
1751,5660,0.2393,
1751,7701,0.2391,
1752,6444,0.2727,
1752,9276,0.2569,
1752,2053,0.2538,
1752,6430,0.2512,
1752,919,0.2508,
1752,6701,0.2441,
1752,5900,0.2426,
1752,5505,0.2411,
1752,9070,0.2403,
1752,5603,0.2401,
1752,1858,0.2398,
1752,6259,0.2397,
1752,2492,0.239,
1752,4364,0.2387,
1752,1846,0.2375,
1752,9447,0.2366,
1752,8769,0.2345,
1752,6127,0.2345,
1752,5636,0.2343,
1752,2891,0.2342,
1842,8965,0.2011,
1842,2433,0.2002,
1842,2461,0.1941,
1842,1337,0.1827,
1842,1116,0.1818,
1842,2361,0.1818,
1842,8146,0.1815,
1842,7628,0.1802,
1842,8662,0.1798,
1842,9394,0.1797,
1842,6803,0.1791,
1842,2668,0.1785,
1842,3744,0.1774,
1842,239,0.1759,
1842,4682,0.1756,
1842,8471,0.1751,
1842,7578,0.1739,
1842,850,0.1732,
1842,8061,0.1728,
1842,155,0.1727,
1753,6174,0.2708,
1753,7973,0.2663,
1753,2724,0.264,
1753,282,0.2621,
1753,4751,0.2568,
1753,399,0.2562,
1753,5349,0.2524,
1753,7824,0.2523,
1753,8834,0.252,
1753,5894,0.249,
1753,1908,0.2487,
1753,7825,0.2478,
1753,215,0.2478,
1753,4383,0.2441,
1753,4531,0.2422,
1753,5681,0.242,
1753,1207,0.2383,
1753,3572,0.2374,
1753,5635,0.2374,
1753,1962,0.2371,
1754,7088,0.1358,
1754,6374,0.132,
1754,4618,0.1305,
1754,2509,0.1301,
1754,4137,0.1241,
1754,2460,0.123,
1754,3366,0.1227,
1754,4130,0.1225,
1754,1934,0.1209,
1754,6481,0.1188,
1754,1990,0.117,
1754,1121,0.1155,
1754,1403,0.115,
1754,6883,0.115,
1754,9005,0.1148,
1754,6989,0.1147,
1754,9167,0.1145,
1754,6729,0.1145,
1754,3176,0.1142,
1754,3738,0.1125,
1755,8834,0.2114,
1755,334,0.2029,
1755,3057,0.2025,
1755,455,0.1995,
1755,7606,0.1983,
1755,78,0.1974,
1755,8192,0.1937,
1755,759,0.1929,
1755,6064,0.1884,
1755,6818,0.188,
1755,355,0.1868,
1755,980,0.1868,
1755,9034,0.1861,
1755,8481,0.186,
1755,1162,0.1854,
1755,5397,0.1848,
1755,5356,0.1839,
1755,5438,0.1834,
1755,1859,0.1832,
1755,3864,0.183,
1756,736,0.2349,
1756,3540,0.2222,
1756,1330,0.217,
1756,8131,0.2092,
1756,8067,0.199,
1756,630,0.1967,
1756,4682,0.1912,
1756,5048,0.1904,
1756,7977,0.1896,
1756,307,0.1883,
1756,4189,0.1855,
1756,5223,0.1848,
1756,8550,0.1816,
1756,6904,0.1811,
1756,3296,0.1799,
1756,4607,0.1774,
1756,164,0.1771,
1756,5034,0.1758,
1756,4489,0.1751,
1756,8005,0.1735,
1757,885,0.2249,
1757,5344,0.2111,
1757,4892,0.2102,
1757,4848,0.2086,
1757,8036,0.1999,
1757,3140,0.1999,
1757,9184,0.1957,
1757,8456,0.194,
1757,8202,0.1935,
1757,846,0.1925,
1757,6570,0.1915,
1757,5777,0.1902,
1757,4720,0.1901,
1757,8438,0.1853,
1757,5413,0.1844,
1757,2979,0.1844,
1757,3568,0.1841,
1757,501,0.1838,
1757,1311,0.1834,
1757,4582,0.1817,
1810,4682,0.2491,
1810,6613,0.2401,
1810,4057,0.2266,
1810,307,0.2257,
1810,7126,0.2211,
1810,2361,0.2211,
1810,6643,0.217,
1810,5094,0.2152,
1810,8679,0.2151,
1810,4455,0.2138,
1810,5223,0.2138,
1810,7375,0.2133,
1810,1363,0.2133,
1810,7265,0.2116,
1810,6431,0.2112,
1810,3540,0.2102,
1810,4291,0.2088,
1810,66,0.2087,
1810,5157,0.2086,
1810,1028,0.2078,
1758,5999,0.2555,
1758,7964,0.247,
1758,5737,0.2402,
1758,7462,0.2326,
1758,3245,0.2291,
1758,1956,0.2229,
1758,6474,0.2218,
1758,355,0.2206,
1758,7892,0.2166,
1758,3669,0.2156,
1758,2321,0.2139,
1758,7791,0.2126,
1758,1337,0.2105,
1758,3431,0.2105,
1758,2256,0.2083,
1758,5165,0.2077,
1758,8944,0.207,
1758,6829,0.2065,
1758,5749,0.2057,
1758,6882,0.2057,
1759,6444,0.2218,
1759,919,0.2067,
1759,6701,0.1995,
1759,5344,0.1954,
1759,2053,0.1942,
1759,8769,0.1913,
1759,2926,0.1875,
1759,1858,0.1862,
1759,3039,0.1851,
1759,4622,0.1827,
1759,9070,0.1774,
1759,7214,0.1768,
1759,6940,0.1751,
1759,4364,0.1748,
1759,945,0.1748,
1759,3575,0.1743,
1759,9447,0.1739,
1759,5081,0.1736,
1759,5900,0.173,
1759,885,0.1725,
1760,8834,0.2846,
1760,4286,0.2688,
1760,338,0.2658,
1760,6613,0.254,
1760,6504,0.2519,
1760,9062,0.2458,
1760,4237,0.241,
1760,5882,0.2388,
1760,3840,0.2351,
1760,2331,0.234,
1760,2629,0.2335,
1760,3356,0.2307,
1760,4299,0.2301,
1760,7173,0.2297,
1760,6433,0.2291,
1760,720,0.2276,
1760,3088,0.2258,
1760,164,0.2251,
1760,2764,0.2251,
1760,5019,0.2235,
1761,5808,0.4126,
1761,4344,0.405,
1761,1630,0.3633,
1761,9169,0.3632,
1761,3697,0.3612,
1761,7188,0.3611,
1761,6605,0.3585,
1761,3612,0.3563,
1761,8699,0.3562,
1761,547,0.3552,
1761,4217,0.3534,
1761,872,0.3528,
1761,6522,0.3484,
1761,77,0.3473,
1761,5190,0.3472,
1761,3682,0.3469,
1761,5668,0.3467,
1761,3027,0.3467,
1761,1807,0.3444,
1761,5671,0.3443,
1762,8067,0.2581,
1762,2926,0.2335,
1762,4489,0.2325,
1762,6701,0.2285,
1762,7273,0.2277,
1762,3074,0.2257,
1762,2764,0.225,
1762,4622,0.2249,
1762,7371,0.2209,
1762,9062,0.2173,
1762,6517,0.2158,
1762,8834,0.215,
1762,5189,0.2147,
1762,8769,0.2124,
1762,7824,0.2122,
1762,3540,0.2109,
1762,78,0.2086,
1762,3897,0.2085,
1762,4057,0.2059,
1762,3120,0.2058,
1763,8769,0.185,
1763,2461,0.1798,
1763,2019,0.174,
1763,5261,0.1715,
1763,534,0.1696,
1763,9062,0.1667,
1763,9213,0.1642,
1763,7371,0.1638,
1763,9447,0.1612,
1763,8118,0.1611,
1763,2373,0.1592,
1763,8276,0.1578,
1763,7195,0.152,
1763,5900,0.1516,
1763,158,0.1514,
1763,5868,0.1505,
1763,6701,0.1504,
1763,2255,0.1503,
1763,1858,0.1502,
1763,7784,0.1499,
1764,8131,0.2157,
1764,7633,0.21,
1764,3787,0.2079,
1764,736,0.2008,
1764,3540,0.2,
1764,307,0.1993,
1764,6904,0.1979,
1764,7174,0.1931,
1764,8267,0.1916,
1764,2837,0.1883,
1764,4514,0.1848,
1764,1902,0.1845,
1764,6803,0.1835,
1764,7825,0.1821,
1764,2455,0.1819,
1764,1639,0.1804,
1764,1241,0.1795,
1764,6442,0.1793,
1764,6973,0.1776,
1764,3794,0.1769,
1765,5971,0.3816,
1765,6613,0.3763,
1765,66,0.3712,
1765,6643,0.3673,
1765,9452,0.366,
1765,4275,0.3639,
1765,1028,0.3602,
1765,2351,0.3594,
1765,307,0.3593,
1765,2158,0.3581,
1765,5548,0.3573,
1765,7140,0.357,
1765,2875,0.3545,
1765,7447,0.3537,
1765,7853,0.3537,
1765,8145,0.3532,
1765,2361,0.353,
1765,9407,0.3528,
1765,5583,0.3527,
1765,2539,0.3526,
1766,8834,0.3372,
1766,7824,0.3129,
1766,1908,0.3061,
1766,7973,0.294,
1766,6504,0.2869,
1766,2510,0.2841,
1766,5183,0.2831,
1766,6174,0.2819,
1766,7196,0.2785,
1766,4531,0.275,
1766,8267,0.275,
1766,6397,0.2746,
1766,282,0.2741,
1766,7648,0.2707,
1766,3527,0.2699,
1766,249,0.2682,
1766,3977,0.2672,
1766,455,0.2672,
1766,2663,0.2662,
1766,7486,0.2644,
1767,7825,0.2928,
1767,7973,0.2911,
1767,6174,0.2894,
1767,4531,0.278,
1767,5412,0.2747,
1767,8440,0.2737,
1767,3440,0.2734,
1767,171,0.2718,
1767,3977,0.271,
1767,6208,0.268,
1767,399,0.2678,
1767,169,0.2677,
1767,5149,0.2661,
1767,82,0.2643,
1767,5533,0.2638,
1767,5741,0.2621,
1767,5882,0.2609,
1767,5635,0.2607,
1767,7870,0.2597,
1767,6807,0.2594,
1768,5990,0.2721,
1768,846,0.2701,
1768,6773,0.2574,
1768,5943,0.2528,
1768,919,0.2513,
1768,6444,0.2498,
1768,1763,0.2481,
1768,4669,0.2421,
1768,9359,0.2401,
1768,6898,0.2399,
1768,5735,0.2391,
1768,2707,0.2381,
1768,7740,0.2377,
1768,6829,0.2376,
1768,9384,0.237,
1768,3172,0.2361,
1768,8557,0.2354,
1768,1747,0.2342,
1768,3857,0.2324,
1768,4138,0.2323,
1769,2461,0.1928,
1769,8612,0.1756,
1769,1083,0.1664,
1769,1054,0.162,
1769,7195,0.1571,
1769,3202,0.1554,
1769,9062,0.1549,
1769,3516,0.1509,
1769,7083,0.1482,
1769,1704,0.1462,
1769,8184,0.1456,
1769,2331,0.145,
1769,4403,0.1449,
1769,9436,0.1442,
1769,3432,0.144,
1769,2385,0.1428,
1769,5919,0.1422,
1769,5343,0.1405,
1769,3346,0.1403,
1769,3917,0.1396,
1770,2252,0.3437,
1770,8054,0.341,
1770,8585,0.3407,
1770,3815,0.3379,
1770,2156,0.3312,
1770,463,0.3297,
1770,4223,0.3267,
1770,7044,0.3252,
1770,7879,0.324,
1770,1204,0.3237,
1770,6212,0.3223,
1770,3105,0.3206,
1770,6441,0.32,
1770,4582,0.3197,
1770,7152,0.3193,
1770,9202,0.3192,
1770,9321,0.3191,
1770,2725,0.3181,
1770,8543,0.3175,
1770,1270,0.3169,
1811,9219,0.2122,
1811,2019,0.2031,
1811,5297,0.1996,
1811,1585,0.1988,
1811,7784,0.1943,
1811,5854,0.1861,
1811,158,0.184,
1811,2892,0.1765,
1811,3483,0.1737,
1811,9213,0.1725,
1811,5559,0.1717,
1811,8850,0.1712,
1811,7610,0.1702,
1811,6785,0.162,
1811,7391,0.161,
1811,3395,0.1604,
1811,8599,0.1584,
1811,4952,0.1546,
1811,6898,0.1497,
1811,9008,0.1483,
1812,5465,0.2425,
1812,4127,0.2341,
1812,2255,0.2289,
1812,4085,0.2208,
1812,5344,0.2175,
1812,4057,0.2166,
1812,6623,0.2095,
1812,8036,0.2085,
1812,455,0.2082,
1812,787,0.2081,
1812,3516,0.2078,
1812,6444,0.2071,
1812,2926,0.2069,
1812,8374,0.2064,
1812,4979,0.2057,
1812,164,0.2045,
1812,918,0.204,
1812,6742,0.2038,
1812,2695,0.2032,
1812,5106,0.1996,
1771,4565,0.2564,
1771,7278,0.247,
1771,1017,0.2454,
1771,3646,0.2403,
1771,4523,0.2392,
1771,5189,0.2282,
1771,4688,0.228,
1771,3842,0.2249,
1771,1127,0.2236,
1771,7747,0.2233,
1771,2780,0.2229,
1771,338,0.2223,
1771,7824,0.2212,
1771,4114,0.2207,
1771,2096,0.2206,
1771,4057,0.2174,
1771,5984,0.2174,
1771,8119,0.2171,
1771,8981,0.2162,
1771,8439,0.2151,
1772,8834,0.2585,
1772,6220,0.2234,
1772,8888,0.2154,
1772,9062,0.2086,
1772,2663,0.2052,
1772,338,0.2036,
1772,455,0.1997,
1772,2718,0.1981,
1772,4566,0.1972,
1772,9436,0.1944,
1772,9283,0.194,
1772,6397,0.1939,
1772,4531,0.1936,
1772,6613,0.1927,
1772,6174,0.1919,
1772,6217,0.1913,
1772,1909,0.191,
1772,215,0.1908,
1772,7486,0.1908,
1772,8064,0.1901,
1773,5882,0.2772,
1773,9062,0.2651,
1773,4041,0.2617,
1773,3743,0.2463,
1773,6430,0.2429,
1773,4158,0.2424,
1773,6174,0.2376,
1773,8118,0.2317,
1773,4531,0.2277,
1773,1736,0.2269,
1773,8769,0.2263,
1773,7371,0.2253,
1773,616,0.2247,
1773,164,0.2231,
1773,5586,0.2231,
1773,1341,0.2218,
1773,7273,0.2179,
1773,720,0.217,
1773,6183,0.2169,
1773,3379,0.2167,
1774,1207,0.2399,
1774,7973,0.2278,
1774,2980,0.2136,
1774,536,0.2128,
1774,7983,0.2104,
1774,7824,0.2098,
1774,8041,0.2094,
1774,5716,0.2094,
1774,6442,0.2088,
1774,3153,0.2019,
1774,8776,0.2018,
1774,78,0.201,
1774,8127,0.1986,
1774,6220,0.1962,
1774,4848,0.196,
1774,503,0.1955,
1774,3057,0.1946,
1774,2432,0.1937,
1774,2528,0.1933,
1774,363,0.1923,
1775,3516,0.206,
1775,9436,0.1972,
1775,7083,0.1927,
1775,5168,0.1868,
1775,8571,0.1821,
1775,87,0.1806,
1775,7901,0.179,
1775,2030,0.1778,
1775,5044,0.1762,
1775,4403,0.1748,
1775,4652,0.1746,
1775,5919,0.1741,
1775,7976,0.1723,
1775,3917,0.1721,
1775,8682,0.1719,
1775,5025,0.1718,
1775,3346,0.1688,
1775,1054,0.1682,
1775,2453,0.168,
1775,5619,0.1677,
1776,6829,0.3754,
1776,1161,0.3724,
1776,7964,0.3706,
1776,7462,0.3697,
1776,7699,0.3683,
1776,1369,0.3677,
1776,3216,0.367,
1776,5735,0.3659,
1776,9237,0.3659,
1776,3580,0.3658,
1776,5098,0.3656,
1776,4138,0.3647,
1776,1279,0.3645,
1776,3258,0.3642,
1776,3431,0.3636,
1776,5737,0.3622,
1776,8557,0.3621,
1776,4669,0.3618,
1776,5918,0.3615,
1776,6786,0.3608,
1777,2361,0.2714,
1777,6614,0.2691,
1777,5583,0.2609,
1777,613,0.2579,
1777,7870,0.2578,
1777,4531,0.2548,
1777,5927,0.2527,
1777,5971,0.2505,
1777,3540,0.2491,
1777,6174,0.2469,
1777,4275,0.2458,
1777,4455,0.2455,
1777,7265,0.2442,
1777,473,0.2437,
1777,2158,0.2434,
1777,8551,0.2427,
1777,6264,0.2418,
1777,9388,0.2414,
1777,8005,0.2413,
1777,4747,0.241,
1778,8525,0.2103,
1778,5356,0.2081,
1778,2886,0.2075,
1778,5198,0.2069,
1778,3864,0.2068,
1778,6433,0.2053,
1778,6474,0.2053,
1778,3207,0.2046,
1778,8192,0.2014,
1778,355,0.1989,
1778,4962,0.198,
1778,5932,0.1968,
1778,3436,0.1964,
1778,2566,0.1959,
1778,8253,0.1955,
1778,7858,0.1952,
1778,2240,0.195,
1778,5450,0.1949,
1778,3259,0.1942,
1778,8481,0.1939,
1779,2461,0.225,
1779,2091,0.2112,
1779,7901,0.2098,
1779,1902,0.2072,
1779,2401,0.205,
1779,8184,0.2043,
1779,6225,0.2041,
1779,6324,0.2039,
1779,2344,0.2034,
1779,7578,0.2031,
1779,4652,0.2031,
1779,3744,0.2031,
1779,8968,0.2031,
1779,7976,0.2024,
1779,850,0.2022,
1779,1083,0.2022,
1779,2433,0.2017,
1779,4127,0.1994,
1779,8965,0.1993,
1779,6633,0.1989,
1780,1028,0.2328,
1780,7140,0.2307,
1780,2006,0.2304,
1780,6785,0.226,
1780,6431,0.2236,
1780,6499,0.2222,
1780,4455,0.2203,
1780,5708,0.2186,
1780,5165,0.2114,
1780,5,0.2112,
1780,5969,0.2095,
1780,2361,0.2076,
1780,7375,0.2054,
1780,3540,0.2053,
1780,5716,0.2012,
1780,1398,0.2007,
1780,5548,0.2005,
1780,8145,0.2004,
1780,5328,0.1999,
1780,2539,0.1993,
1781,9213,0.2308,
1781,2401,0.2052,
1781,8968,0.2033,
1781,7578,0.1919,
1781,850,0.1913,
1781,2433,0.1851,
1781,5343,0.1826,
1781,5967,0.1788,
1781,2385,0.1782,
1781,8965,0.1769,
1781,155,0.1767,
1781,8146,0.1736,
1781,6063,0.1736,
1781,1225,0.1726,
1781,6835,0.1726,
1781,6803,0.1712,
1781,3917,0.1709,
1781,5106,0.1702,
1781,7453,0.1701,
1781,4544,0.1699,
1782,3842,0.1257,
1782,7647,0.1209,
1782,6472,0.1181,
1782,7042,0.1171,
1782,2255,0.1091,
1782,1913,0.1089,
1782,8079,0.1086,
1782,4613,0.1078,
1782,4115,0.1048,
1782,659,0.1044,
1782,9455,0.1042,
1782,5803,0.1027,
1782,5868,0.1025,
1782,7037,0.1015,
1782,239,0.1008,
1782,6175,0.1002,
1782,5664,0.0995,
1782,4621,0.0994,
1782,2253,0.0993,
1782,8879,0.0987,
1783,307,0.2007,
1783,736,0.1981,
1783,4057,0.1954,
1783,6442,0.1944,
1783,6849,0.1938,
1783,1162,0.191,
1783,1330,0.1868,
1783,5223,0.1849,
1783,1908,0.1846,
1783,8374,0.1844,
1783,8600,0.1821,
1783,6613,0.1811,
1783,8681,0.1808,
1783,5344,0.1787,
1783,5165,0.1784,
1783,3039,0.1763,
1783,334,0.1762,
1783,7917,0.176,
1783,8192,0.176,
1783,3067,0.1757,
1784,8769,0.2279,
1784,1858,0.2236,
1784,9062,0.2218,
1784,919,0.2155,
1784,8433,0.2118,
1784,6442,0.2094,
1784,6701,0.2069,
1784,9384,0.2052,
1784,2053,0.2006,
1784,4831,0.2003,
1784,5990,0.1986,
1784,4682,0.1984,
1784,8067,0.1975,
1784,8118,0.197,
1784,9447,0.1941,
1784,5943,0.1931,
1784,8273,0.1905,
1784,4819,0.1904,
1784,6127,0.1901,
1784,1318,0.1896,
1785,8905,0.2502,
1785,759,0.248,
1785,6141,0.2469,
1785,2874,0.2464,
1785,4553,0.2458,
1785,7523,0.243,
1785,355,0.243,
1785,3920,0.2418,
1785,3436,0.2413,
1785,6474,0.2413,
1785,3417,0.2407,
1785,5438,0.2401,
1785,2566,0.24,
1785,5659,0.2399,
1785,2127,0.2394,
1785,5165,0.2386,
1785,6376,0.238,
1785,754,0.2361,
1785,4512,0.2349,
1785,3057,0.2323,
1786,4553,0.2689,
1786,8905,0.2621,
1786,3057,0.2547,
1786,5165,0.2511,
1786,6474,0.251,
1786,2127,0.2459,
1786,355,0.2436,
1786,6141,0.2402,
1786,5438,0.2384,
1786,5999,0.2361,
1786,3920,0.2345,
1786,3436,0.2334,
1786,759,0.232,
1786,7273,0.2314,
1786,2566,0.2308,
1786,7523,0.2289,
1786,3207,0.2282,
1786,754,0.2282,
1786,2874,0.2268,
1786,6376,0.2262,
1787,2302,0.2974,
1787,3151,0.2858,
1787,7724,0.2833,
1787,3540,0.2829,
1787,3581,0.2806,
1787,1438,0.2794,
1787,5,0.2792,
1787,4744,0.2766,
1787,7346,0.2754,
1787,4682,0.2727,
1787,307,0.2715,
1787,4455,0.2714,
1787,7265,0.2684,
1787,4275,0.2682,
1787,4727,0.2663,
1787,5773,0.2662,
1787,5789,0.2655,
1787,7548,0.2648,
1787,3787,0.2647,
1787,5081,0.2638,
1788,8433,0.2442,
1788,9062,0.2418,
1788,8769,0.2338,
1788,9384,0.2336,
1788,1858,0.2268,
1788,5943,0.2246,
1788,6442,0.224,
1788,846,0.2192,
1788,6273,0.2166,
1788,6444,0.216,
1788,8067,0.2158,
1788,6701,0.2112,
1788,5233,0.2085,
1788,4831,0.2083,
1788,5261,0.2081,
1788,2136,0.2074,
1788,6773,0.2074,
1788,5990,0.2071,
1788,6315,0.2069,
1788,919,0.2053,
1789,919,0.2449,
1789,6701,0.2329,
1789,8769,0.2327,
1789,7273,0.2292,
1789,9070,0.2285,
1789,2891,0.2239,
1789,4819,0.2238,
1789,5505,0.2237,
1789,6127,0.2236,
1789,1858,0.2221,
1789,3261,0.2209,
1789,1636,0.2204,
1789,6940,0.22,
1789,5590,0.2192,
1789,5422,0.219,
1789,1846,0.2188,
1789,1209,0.2182,
1789,9053,0.2179,
1789,2053,0.2176,
1789,8806,0.2175,
1790,8763,0.1956,
1790,9447,0.1915,
1790,6701,0.1891,
1790,8295,0.1872,
1790,1636,0.186,
1790,5900,0.1856,
1790,4622,0.1851,
1790,5590,0.185,
1790,6127,0.1837,
1790,5636,0.1832,
1790,9070,0.1824,
1790,5559,0.1824,
1790,8978,0.1819,
1790,2060,0.1806,
1790,8769,0.1795,
1790,3261,0.179,
1790,8079,0.1781,
1790,4143,0.1781,
1790,3933,0.1772,
1790,3052,0.176,
1791,3840,0.2947,
1791,4291,0.2923,
1791,8005,0.2698,
1791,4682,0.2609,
1791,8470,0.2601,
1791,78,0.2593,
1791,4299,0.254,
1791,7633,0.2515,
1791,2770,0.2501,
1791,5727,0.2497,
1791,6614,0.2489,
1791,5583,0.2469,
1791,7195,0.2439,
1791,8679,0.2433,
1791,3871,0.2417,
1791,6173,0.2397,
1791,4258,0.2387,
1791,312,0.2386,
1791,2145,0.2386,
1791,2361,0.2384,
1828,8763,0.1933,
1828,8295,0.1876,
1828,4819,0.1806,
1828,8769,0.1797,
1828,296,0.1796,
1828,4328,0.1793,
1828,2060,0.1776,
1828,3317,0.1772,
1828,2764,0.1748,
1828,2418,0.1747,
1828,6469,0.1745,
1828,4311,0.1724,
1828,3787,0.1723,
1828,2255,0.171,
1828,1382,0.1709,
1828,3862,0.1697,
1828,5559,0.1692,
1828,8806,0.168,
1828,5761,0.1668,
1828,6778,0.1668,
1829,7195,0.28,
1829,3840,0.2736,
1829,882,0.2711,
1829,8130,0.2652,
1829,4299,0.2643,
1829,5467,0.2562,
1829,3060,0.2557,
1829,3941,0.2536,
1829,4258,0.253,
1829,5266,0.2528,
1829,7371,0.2523,
1829,3564,0.2516,
1829,2944,0.2513,
1829,4657,0.2503,
1829,3871,0.2503,
1829,9322,0.2466,
1829,4788,0.2442,
1829,312,0.2434,
1829,7925,0.2427,
1829,326,0.2416,
1792,9436,0.2276,
1792,6504,0.1979,
1792,7879,0.1978,
1792,2461,0.1919,
1792,2401,0.1908,
1792,4127,0.1893,
1792,8968,0.189,
1792,7628,0.1884,
1792,7578,0.188,
1792,2433,0.1845,
1792,3202,0.184,
1792,850,0.1823,
1792,7453,0.182,
1792,8192,0.182,
1792,7656,0.1819,
1792,1902,0.1808,
1792,5343,0.1805,
1792,155,0.18,
1792,5168,0.1797,
1792,1083,0.1794,
1793,5106,0.1581,
1793,8270,0.1455,
1793,3917,0.1424,
1793,1913,0.1398,
1793,2401,0.1393,
1793,8968,0.138,
1793,7578,0.1379,
1793,850,0.1375,
1793,6294,0.1363,
1793,4403,0.1343,
1793,5919,0.1339,
1793,1054,0.1326,
1793,3346,0.1314,
1793,2433,0.1261,
1793,8036,0.1255,
1793,5619,0.1248,
1793,8965,0.1245,
1793,4127,0.1245,
1793,4530,0.1236,
1793,8146,0.1233,
1794,8184,0.1469,
1794,7702,0.1428,
1794,1258,0.1397,
1794,7195,0.1396,
1794,2883,0.1371,
1794,5753,0.1363,
1794,9309,0.1347,
1794,749,0.131,
1794,1083,0.1307,
1794,1042,0.1303,
1794,3060,0.1294,
1794,5467,0.1293,
1794,8192,0.1275,
1794,3519,0.1252,
1794,1913,0.1252,
1794,882,0.1249,
1794,1332,0.1239,
1794,326,0.1237,
1794,616,0.1233,
1794,3667,0.1224,
1795,3840,0.2481,
1795,4299,0.2448,
1795,5189,0.2438,
1795,455,0.238,
1795,7195,0.237,
1795,7824,0.2351,
1795,282,0.2326,
1795,4057,0.2295,
1795,4258,0.2274,
1795,5535,0.227,
1795,5165,0.2237,
1795,882,0.2222,
1795,3057,0.2216,
1795,7371,0.2202,
1795,3941,0.2179,
1795,5465,0.2179,
1795,312,0.2164,
1795,8834,0.2163,
1795,3564,0.2159,
1795,5266,0.2154,
1796,2926,0.239,
1796,6444,0.2367,
1796,919,0.2273,
1796,4622,0.2268,
1796,846,0.2265,
1796,8042,0.226,
1796,9447,0.2209,
1796,3693,0.2197,
1796,8661,0.2165,
1796,5990,0.2146,
1796,3039,0.2135,
1796,3669,0.2132,
1796,2053,0.2101,
1796,2764,0.2098,
1796,6940,0.2065,
1796,1445,0.2059,
1796,1859,0.2044,
1796,1763,0.204,
1796,4317,0.2033,
1796,3813,0.2027,
1797,7070,0.2936,
1797,6336,0.2909,
1797,9062,0.2817,
1797,8064,0.276,
1797,8116,0.2731,
1797,4383,0.27,
1797,9074,0.2678,
1797,622,0.2673,
1797,3288,0.2666,
1797,7368,0.2632,
1797,7348,0.2632,
1797,2356,0.2613,
1797,8019,0.261,
1797,5941,0.2581,
1797,6880,0.2549,
1797,4953,0.2533,
1797,5463,0.2511,
1797,5026,0.25,
1797,7973,0.2496,
1797,5535,0.2492,
1798,3840,0.2097,
1798,8834,0.2056,
1798,7195,0.2048,
1798,6613,0.2038,
1798,4057,0.2017,
1798,5189,0.1972,
1798,3516,0.1965,
1798,4299,0.1958,
1798,9436,0.194,
1798,5165,0.1903,
1798,338,0.1885,
1798,9062,0.1872,
1798,8130,0.1867,
1798,882,0.1857,
1798,5266,0.1843,
1798,355,0.1838,
1798,4258,0.1818,
1798,3564,0.1802,
1798,3941,0.1799,
1798,4682,0.1796,
1799,4682,0.2413,
1799,9062,0.2074,
1799,6613,0.2029,
1799,6627,0.2026,
1799,5165,0.1977,
1799,3432,0.1975,
1799,1438,0.1973,
1799,5223,0.1946,
1799,8005,0.1939,
1799,164,0.1906,
1799,5261,0.1895,
1799,7568,0.1889,
1799,6643,0.1869,
1799,4057,0.1861,
1799,7070,0.1854,
1799,7126,0.185,
1799,5081,0.1847,
1799,2461,0.1845,
1799,8612,0.1818,
1799,7375,0.1796,
1800,5554,0.4153,
1800,2687,0.3667,
1800,3552,0.3661,
1800,8620,0.3644,
1800,3650,0.3644,
1800,4302,0.3617,
1800,9032,0.3608,
1800,8579,0.3606,
1800,4547,0.36,
1800,3287,0.3596,
1800,511,0.3593,
1800,2911,0.3589,
1800,5122,0.3582,
1800,5790,0.3556,
1800,5543,0.355,
1800,8836,0.3538,
1800,4074,0.3533,
1800,248,0.353,
1800,2459,0.352,
1800,8352,0.3492,
1830,9288,0.2772,
1830,455,0.2666,
1830,1127,0.2656,
1830,4127,0.2622,
1830,918,0.2586,
1830,6742,0.2541,
1830,4582,0.2524,
1830,2252,0.2523,
1830,1083,0.2377,
1830,7824,0.2376,
1830,7278,0.2369,
1830,7500,0.2353,
1830,1400,0.2352,
1830,3517,0.2345,
1830,886,0.232,
1830,1000,0.2314,
1830,5938,0.2301,
1830,2175,0.2297,
1830,8250,0.229,
1830,8041,0.2286,
1831,8470,0.2934,
1831,5519,0.2683,
1831,8322,0.2586,
1831,5494,0.2583,
1831,4091,0.2567,
1831,8190,0.2533,
1831,3457,0.253,
1831,9388,0.2526,
1831,5583,0.2515,
1831,6613,0.2507,
1831,433,0.2502,
1831,1771,0.2499,
1831,3245,0.2494,
1831,113,0.2492,
1831,4480,0.2489,
1831,5464,0.2489,
1831,8431,0.2476,
1831,2643,0.2468,
1831,2113,0.2446,
1831,6849,0.2444,
1801,2461,0.2061,
1801,9062,0.2009,
1801,6627,0.1804,
1801,1902,0.1795,
1801,6803,0.1766,
1801,4682,0.174,
1801,3516,0.1724,
1801,2433,0.1712,
1801,3432,0.167,
1801,9394,0.1662,
1801,1931,0.1658,
1801,7628,0.1653,
1801,1241,0.165,
1801,2385,0.1642,
1801,3744,0.1615,
1801,7633,0.1606,
1801,5967,0.1605,
1801,7070,0.1603,
1801,2401,0.1593,
1801,6442,0.1589,
1802,846,0.2218,
1802,5344,0.2213,
1802,6444,0.2188,
1802,5708,0.2114,
1802,6430,0.208,
1802,4848,0.2078,
1802,8557,0.2062,
1802,885,0.2058,
1802,8036,0.2056,
1802,1311,0.2,
1802,3743,0.1982,
1802,8202,0.198,
1802,5413,0.1943,
1802,7396,0.1941,
1802,164,0.1913,
1802,9184,0.1885,
1802,4041,0.1884,
1802,8571,0.1878,
1802,432,0.187,
1802,4720,0.1867,
1803,8620,0.2877,
1803,2687,0.2856,
1803,5554,0.2789,
1803,8579,0.2702,
1803,5790,0.2696,
1803,3489,0.2671,
1803,4547,0.2657,
1803,8720,0.2654,
1803,2911,0.2645,
1803,9032,0.2641,
1803,3552,0.2639,
1803,1508,0.2618,
1803,8836,0.2614,
1803,5122,0.2612,
1803,8992,0.2611,
1803,3650,0.2609,
1803,248,0.2608,
1803,4302,0.2601,
1803,4250,0.2598,
1803,5754,0.2597,
1804,2240,0.2012,
1804,8192,0.1953,
1804,1859,0.1944,
1804,3864,0.1914,
1804,8481,0.1906,
1804,1162,0.1905,
1804,5397,0.1876,
1804,5356,0.1875,
1804,334,0.1872,
1804,9034,0.1871,
1804,9366,0.1847,
1804,980,0.1843,
1804,6064,0.1823,
1804,5246,0.1818,
1804,7923,0.1815,
1804,3039,0.1806,
1804,6754,0.1791,
1804,5450,0.1766,
1804,4962,0.1763,
1804,967,0.1758,
1805,9062,0.2698,
1805,7051,0.255,
1805,4682,0.2409,
1805,7070,0.2267,
1805,3432,0.223,
1805,8067,0.2211,
1805,8769,0.2208,
1805,7870,0.2136,
1805,7568,0.2132,
1805,5261,0.2101,
1805,6442,0.2071,
1805,8612,0.2053,
1805,2461,0.2046,
1805,8061,0.2034,
1805,3540,0.2016,
1805,920,0.2014,
1805,7231,0.2,
1805,2361,0.1998,
1805,2331,0.1975,
1805,1536,0.1967,
1806,1859,0.2797,
1806,6164,0.2782,
1806,8042,0.2776,
1806,8014,0.2536,
1806,8834,0.2532,
1806,334,0.252,
1806,5356,0.2466,
1806,1162,0.2455,
1806,729,0.2446,
1806,5189,0.2444,
1806,6786,0.2428,
1806,4894,0.2388,
1806,4138,0.2381,
1806,5735,0.2377,
1806,7452,0.2376,
1806,1369,0.2374,
1806,5098,0.2368,
1806,9366,0.2362,
1806,3039,0.2357,
1806,737,0.2355,
1813,6849,0.2075,
1813,4291,0.1883,
1813,8005,0.1864,
1813,7638,0.186,
1813,1162,0.185,
1813,3921,0.185,
1813,4353,0.1834,
1813,1908,0.183,
1813,5223,0.1798,
1813,3787,0.177,
1813,9007,0.1762,
1813,5639,0.1747,
1813,8470,0.1746,
1813,6614,0.1745,
1813,8585,0.1739,
1813,2145,0.1736,
1813,1097,0.1726,
1813,7622,0.1724,
1813,7724,0.1708,
1813,8481,0.1704,
1814,4736,0.4671,
1814,5089,0.4463,
1814,7662,0.4055,
1814,5932,0.4051,
1814,8653,0.393,
1814,6100,0.3929,
1814,5510,0.3879,
1814,2714,0.3872,
1814,8410,0.3833,
1814,4013,0.3819,
1814,3260,0.3811,
1814,9161,0.3783,
1814,6896,0.3777,
1814,5754,0.3735,
1814,1407,0.3714,
1814,8764,0.3703,
1814,9013,0.3697,
1814,7277,0.3696,
1814,7104,0.3693,
1814,8179,0.3691,
1815,1162,0.2328,
1815,4962,0.2242,
1815,5356,0.2205,
1815,7923,0.2169,
1815,9366,0.2165,
1815,1859,0.2148,
1815,9034,0.2104,
1815,334,0.2096,
1815,8470,0.2086,
1815,980,0.208,
1815,6781,0.2071,
1815,5397,0.2069,
1815,7317,0.2068,
1815,6064,0.2068,
1815,967,0.2063,
1815,6942,0.2056,
1815,8192,0.2056,
1815,6818,0.2043,
1815,6754,0.2024,
1815,8481,0.2021,
1816,6442,0.2177,
1816,9328,0.2147,
1816,8888,0.2065,
1816,282,0.2062,
1816,7825,0.2057,
1816,5494,0.2045,
1816,307,0.2038,
1816,3787,0.201,
1816,1909,0.2003,
1816,5465,0.1999,
1816,9452,0.1984,
1816,4744,0.1976,
1816,5,0.1969,
1816,455,0.1954,
1816,6807,0.194,
1816,8287,0.1916,
1816,4531,0.1907,
1816,8600,0.1901,
1816,9185,0.1901,
1816,6174,0.1897,
1817,2687,0.271,
1817,299,0.2627,
1817,5246,0.2507,
1817,1005,0.2392,
1817,8620,0.2327,
1817,5790,0.2324,
1817,8579,0.232,
1817,3552,0.2317,
1817,7535,0.2301,
1817,5318,0.2288,
1817,5554,0.2281,
1817,947,0.2279,
1817,8720,0.2258,
1817,4074,0.2254,
1817,4276,0.2247,
1817,4250,0.2244,
1817,9216,0.224,
1817,4547,0.2237,
1817,7813,0.2235,
1817,2459,0.221,
1818,9213,0.2151,
1818,8571,0.2121,
1818,8557,0.2081,
1818,1763,0.2046,
1818,1054,0.2031,
1818,6898,0.2027,
1818,2461,0.196,
1818,1902,0.1958,
1818,6083,0.1931,
1818,8433,0.1881,
1818,5990,0.1862,
1818,6430,0.1853,
1818,5930,0.1851,
1818,846,0.1833,
1818,8036,0.1832,
1818,5967,0.1818,
1818,7628,0.181,
1818,7453,0.1801,
1818,5737,0.1798,
1818,9447,0.1786,
1819,6819,0.3436,
1819,7249,0.3396,
1819,2687,0.3343,
1819,5089,0.3256,
1819,8620,0.3241,
1819,5554,0.3215,
1819,8579,0.3116,
1819,1309,0.3062,
1819,973,0.3048,
1819,2625,0.3047,
1819,9032,0.302,
1819,5754,0.3003,
1819,8410,0.2975,
1819,7104,0.2966,
1819,8506,0.294,
1819,8720,0.2938,
1819,177,0.2926,
1819,9161,0.2919,
1819,346,0.2913,
1819,4547,0.2909,
1820,9415,0.2413,
1820,5642,0.2174,
1820,3140,0.2163,
1820,129,0.2102,
1820,2395,0.2101,
1820,6064,0.2062,
1820,5246,0.2061,
1820,4805,0.2058,
1820,1153,0.2051,
1820,294,0.204,
1820,5978,0.2035,
1820,4834,0.2026,
1820,1575,0.2017,
1820,8861,0.2007,
1820,1813,0.2004,
1820,9297,0.2001,
1820,7665,0.1996,
1820,8467,0.1987,
1820,967,0.1977,
1820,5205,0.1971,
1821,3057,0.2573,
1821,3417,0.2551,
1821,8905,0.2443,
1821,2127,0.2419,
1821,5999,0.2359,
1821,355,0.2341,
1821,7523,0.2303,
1821,3436,0.2303,
1821,3207,0.228,
1821,3920,0.2273,
1821,7273,0.2259,
1821,754,0.2258,
1821,6141,0.2252,
1821,4553,0.225,
1821,2874,0.2234,
1821,4512,0.2212,
1821,5438,0.2209,
1821,6376,0.2193,
1821,759,0.2186,
1821,2566,0.2179,
1822,239,0.1486,
1822,2461,0.147,
1822,7628,0.1433,
1822,6998,0.1427,
1822,2344,0.1394,
1822,9394,0.1386,
1822,5011,0.138,
1822,6803,0.134,
1822,8600,0.1324,
1822,3744,0.1294,
1822,4682,0.1291,
1822,5155,0.1291,
1822,8005,0.1282,
1822,1438,0.1271,
1822,7548,0.1264,
1822,8079,0.1257,
1822,2433,0.1243,
1822,1337,0.1236,
1822,8965,0.1228,
1822,7453,0.1223,
1823,1908,0.2648,
1823,2724,0.2504,
1823,455,0.2468,
1823,5882,0.2386,
1823,6174,0.2309,
1823,5189,0.2302,
1823,5894,0.2239,
1823,5465,0.2221,
1823,164,0.2201,
1823,4531,0.2192,
1823,7486,0.2155,
1823,1215,0.2152,
1823,7973,0.2151,
1823,8834,0.2149,
1823,4057,0.2149,
1823,4127,0.2135,
1823,6849,0.2116,
1823,1173,0.2109,
1823,282,0.2105,
1823,3882,0.2099,
1824,8769,0.3181,
1824,5559,0.3053,
1824,6701,0.298,
1824,2764,0.2943,
1824,95,0.2887,
1824,2473,0.2868,
1824,9070,0.286,
1824,8118,0.2841,
1824,5761,0.2801,
1824,1636,0.2799,
1824,7132,0.2784,
1824,5590,0.2784,
1824,5900,0.2772,
1824,8806,0.2771,
1824,8763,0.2767,
1824,4041,0.276,
1824,7155,0.2751,
1824,4622,0.2747,
1824,6127,0.2728,
1824,1846,0.2724,
1825,5735,0.4277,
1825,3580,0.4247,
1825,9237,0.4247,
1825,5737,0.4214,
1825,4138,0.4192,
1825,5918,0.4177,
1825,6786,0.4172,
1825,1279,0.4169,
1825,1161,0.416,
1825,1937,0.4159,
1825,3857,0.4159,
1825,4956,0.4156,
1825,6829,0.4152,
1825,737,0.4149,
1825,8624,0.4148,
1825,1494,0.4133,
1825,3304,0.4131,
1825,4669,0.4131,
1825,7344,0.4129,
1825,1718,0.4128,
1826,919,0.215,
1826,7051,0.2115,
1826,7252,0.2013,
1826,8769,0.1987,
1826,6627,0.1972,
1826,7414,0.1923,
1826,5930,0.1885,
1826,5192,0.1872,
1826,3432,0.186,
1826,1485,0.1857,
1826,5081,0.1854,
1826,9062,0.1852,
1826,8592,0.1802,
1826,7568,0.1801,
1826,2953,0.177,
1826,794,0.1751,
1826,7070,0.1745,
1826,6963,0.1743,
1826,5905,0.1738,
1826,2461,0.1735,
1827,5246,0.3272,
1827,4370,0.297,
1827,5450,0.296,
1827,5754,0.2912,
1827,3375,0.2909,
1827,99,0.2897,
1827,2080,0.2896,
1827,973,0.2893,
1827,6683,0.2858,
1827,7535,0.2839,
1827,301,0.2836,
1827,334,0.2815,
1827,7923,0.2799,
1827,1859,0.2791,
1827,3850,0.2755,
1827,8192,0.2748,
1827,8245,0.2734,
1827,6818,0.2724,
1827,4736,0.2708,
1827,967,0.2707,
1839,8042,0.2118,
1839,3516,0.205,
1839,2926,0.2049,
1839,5189,0.2014,
1839,2175,0.196,
1839,8439,0.1917,
1839,4057,0.1902,
1839,5984,0.19,
1839,8206,0.1899,
1839,4565,0.1877,
1839,7737,0.1871,
1839,1427,0.1817,
1839,6478,0.1807,
1839,6164,0.1773,
1839,701,0.1771,
1839,4114,0.176,
1839,6997,0.1743,
1839,8014,0.1719,
1839,2764,0.1693,
1839,646,0.1693,
1832,9186,0.2846,
1832,1808,0.2789,
1832,5077,0.272,
1832,1828,0.2688,
1832,5390,0.2688,
1832,6051,0.2683,
1832,6687,0.2679,
1832,1780,0.2664,
1832,4181,0.2659,
1832,213,0.2656,
1832,6767,0.2645,
1832,7961,0.2643,
1832,5933,0.2581,
1832,6381,0.258,
1832,6755,0.2564,
1832,5808,0.2559,
1832,1478,0.2558,
1832,1283,0.2554,
1832,6351,0.2546,
1832,5016,0.2539,
1833,4346,0.1682,
1833,9213,0.155,
1833,3516,0.146,
1833,3917,0.1384,
1833,1081,0.1377,
1833,3286,0.1352,
1833,7857,0.1347,
1833,4910,0.134,
1833,352,0.1321,
1833,5011,0.1302,
1833,3346,0.1292,
1833,5619,0.1286,
1833,5106,0.1244,
1833,1054,0.1244,
1833,8366,0.1234,
1833,308,0.1234,
1833,1913,0.1234,
1833,2315,0.1219,
1833,616,0.1214,
1833,4403,0.1213,
1834,683,0.2736,
1834,3074,0.2529,
1834,6835,0.2491,
1834,7525,0.2489,
1834,78,0.2424,
1834,6160,0.2414,
1834,3259,0.2382,
1834,4291,0.2318,
1834,3506,0.2316,
1834,1004,0.2291,
1834,9431,0.2289,
1834,8163,0.2245,
1834,3816,0.2228,
1834,8843,0.2196,
1834,4377,0.2179,
1834,821,0.2166,
1834,6173,0.2147,
1834,3219,0.2145,
1834,1626,0.2125,
1834,3565,0.2116,
1835,5011,0.191,
1835,1081,0.188,
1835,3516,0.184,
1835,4403,0.1835,
1835,7083,0.1793,
1835,9436,0.1792,
1835,6835,0.1787,
1835,6803,0.1783,
1835,5619,0.175,
1835,2461,0.1712,
1835,1054,0.1707,
1835,5919,0.1704,
1835,1083,0.1695,
1835,3917,0.167,
1835,5168,0.1664,
1835,6225,0.164,
1835,3346,0.1627,
1835,352,0.1619,
1835,2091,0.1615,
1835,2344,0.1614,
1836,1902,0.2731,
1836,5559,0.2498,
1836,9061,0.2353,
1836,1241,0.2298,
1836,7220,0.2222,
1836,5892,0.2183,
1836,7633,0.2126,
1836,5967,0.2125,
1836,5869,0.2106,
1836,5904,0.2106,
1836,7655,0.2102,
1836,2704,0.2095,
1836,2461,0.2077,
1836,3576,0.2063,
1836,8066,0.1998,
1836,603,0.1995,
1836,1739,0.1994,
1836,5343,0.199,
1836,4127,0.1984,
1836,9146,0.197,
1837,5779,0.2461,
1837,6627,0.2337,
1837,7195,0.2268,
1837,3989,0.2222,
1837,882,0.2166,
1837,9062,0.2137,
1837,7794,0.2123,
1837,4299,0.2108,
1837,8888,0.2103,
1837,9416,0.21,
1837,3842,0.2079,
1837,8184,0.2076,
1837,9309,0.2064,
1837,2461,0.2063,
1837,155,0.2058,
1837,2174,0.2022,
1837,5109,0.2007,
1837,5563,0.1996,
1837,5106,0.199,
1837,3060,0.1989,
1838,8054,0.2056,
1838,4223,0.2,
1838,1577,0.1901,
1838,6310,0.1857,
1838,8726,0.1762,
1838,3112,0.1756,
1838,2239,0.1752,
1838,1420,0.1738,
1838,3649,0.1734,
1838,7044,0.1714,
1838,8041,0.1698,
1838,5790,0.1682,
1838,6278,0.1669,
1838,2467,0.1659,
1838,7901,0.1657,
1838,9030,0.1657,
1838,1220,0.1649,
1838,5484,0.1641,
1838,9321,0.1641,
1838,3105,0.1641,
1843,8431,0.2281,
1843,3810,0.2241,
1843,3770,0.2214,
1843,8322,0.219,
1843,8190,0.2156,
1843,6174,0.2144,
1843,7418,0.2084,
1843,7442,0.2037,
1843,2977,0.203,
1843,7148,0.2028,
1843,1791,0.2022,
1843,3062,0.2018,
1843,97,0.2018,
1843,4494,0.2012,
1843,7558,0.2011,
1843,1215,0.1997,
1843,4520,0.1993,
1843,9054,0.1985,
1843,9268,0.1979,
1843,8771,0.1968,
1844,2385,0.1847,
1844,1704,0.182,
1844,5343,0.1805,
1844,7901,0.18,
1844,4346,0.1789,
1844,1902,0.1785,
1844,5967,0.1743,
1844,587,0.1728,
1844,3749,0.1725,
1844,3516,0.1709,
1844,4652,0.1656,
1844,4127,0.1644,
1844,3744,0.1627,
1844,9417,0.161,
1844,9334,0.1608,
1844,1400,0.159,
1844,2164,0.1576,
1844,7976,0.1571,
1844,5106,0.1569,
1844,6725,0.1566,
1845,3540,0.2017,
1845,5344,0.1952,
1845,8131,0.195,
1845,5081,0.1928,
1845,2770,0.1922,
1845,736,0.1916,
1845,7633,0.1916,
1845,5716,0.1898,
1845,3457,0.1828,
1845,3787,0.1809,
1845,1028,0.1804,
1845,2452,0.1795,
1845,4057,0.1793,
1845,8600,0.179,
1845,6089,0.1789,
1845,7140,0.1788,
1845,4682,0.1773,
1845,5,0.1768,
1845,1734,0.1767,
1845,3244,0.176,
1846,6613,0.225,
1846,4057,0.2191,
1846,8834,0.2188,
1846,8042,0.2124,
1846,6164,0.212,
1846,338,0.2072,
1846,5189,0.2071,
1846,3840,0.1964,
1846,4565,0.1931,
1846,1859,0.1919,
1846,312,0.19,
1846,1162,0.1896,
1846,7512,0.1888,
1846,4291,0.1881,
1846,6433,0.1849,
1846,7737,0.1833,
1846,2175,0.1829,
1846,3516,0.182,
1846,1626,0.1816,
1846,7879,0.181,
1851,9352,0.364,
1851,4667,0.3457,
1851,3375,0.345,
1851,17,0.3408,
1851,6943,0.3401,
1851,6744,0.3375,
1851,1064,0.3353,
1851,2309,0.3302,
1851,7014,0.3292,
1851,7535,0.3283,
1851,4617,0.3277,
1851,7951,0.3262,
1851,3850,0.3258,
1851,7727,0.325,
1851,7813,0.3247,
1851,8811,0.3246,
1851,986,0.3245,
1851,1754,0.3231,
1851,3657,0.323,
1851,4195,0.3227,
1852,6996,0.2447,
1852,6307,0.2255,
1852,1728,0.2209,
1852,562,0.2198,
1852,1541,0.2172,
1852,7992,0.2134,
1852,4409,0.2109,
1852,1701,0.2089,
1852,401,0.2084,
1852,3505,0.2075,
1852,5552,0.2062,
1852,6694,0.2044,
1852,5157,0.199,
1852,1496,0.1969,
1852,1518,0.192,
1852,1978,0.1892,
1852,4844,0.1864,
1852,4794,0.1813,
1852,5535,0.1803,
1852,7083,0.1784,
1847,6174,0.2963,
1847,3147,0.2917,
1847,3379,0.2825,
1847,7870,0.2805,
1847,4531,0.2796,
1847,8064,0.2752,
1847,5412,0.2702,
1847,7825,0.2644,
1847,6784,0.2589,
1847,9267,0.2588,
1847,3882,0.2573,
1847,2312,0.2544,
1847,4421,0.2534,
1847,1909,0.2528,
1847,334,0.2523,
1847,8322,0.2523,
1847,282,0.2501,
1847,6960,0.2487,
1847,9052,0.2471,
1847,4204,0.2453,
1848,4299,0.2925,
1848,3840,0.2828,
1848,5266,0.2798,
1848,312,0.279,
1848,3060,0.2729,
1848,4258,0.2713,
1848,7195,0.2712,
1848,5467,0.2694,
1848,3941,0.2666,
1848,3564,0.266,
1848,7925,0.2656,
1848,5187,0.2646,
1848,9322,0.2634,
1848,882,0.2617,
1848,8130,0.2611,
1848,3871,0.2593,
1848,326,0.2591,
1848,4657,0.2569,
1848,807,0.2528,
1848,2944,0.252,
1849,7824,0.2351,
1849,5223,0.2296,
1849,5081,0.2291,
1849,7278,0.2197,
1849,8592,0.2192,
1849,5192,0.217,
1849,4057,0.2063,
1849,6613,0.2033,
1849,5236,0.2027,
1849,8834,0.2012,
1849,5217,0.2012,
1849,7634,0.2005,
1849,6975,0.2001,
1849,6963,0.1999,
1849,5189,0.1996,
1849,7252,0.1984,
1849,2665,0.1978,
1849,2702,0.1971,
1849,8070,0.1964,
1849,338,0.1961,
1850,7824,0.2102,
1850,5223,0.2097,
1850,5465,0.2087,
1850,455,0.2087,
1850,1083,0.2077,
1850,4127,0.2066,
1850,5716,0.1917,
1850,2255,0.1897,
1850,4622,0.1877,
1850,7724,0.1849,
1850,1054,0.182,
1850,4057,0.1812,
1850,8184,0.1809,
1850,2702,0.1807,
1850,7278,0.1803,
1850,164,0.1799,
1850,1207,0.1796,
1850,3516,0.1785,
1850,918,0.1772,
1850,291,0.177,
1853,7453,0.2874,
1853,2461,0.2871,
1853,2433,0.2745,
1853,3202,0.2744,
1853,9049,0.2714,
1853,6803,0.2682,
1853,7578,0.266,
1853,5967,0.2644,
1853,155,0.2643,
1853,7628,0.2642,
1853,5159,0.2621,
1853,5448,0.2614,
1853,4886,0.2608,
1853,3744,0.2576,
1853,2401,0.2575,
1853,5343,0.2571,
1853,8968,0.2551,
1853,1167,0.2545,
1853,850,0.254,
1853,5594,0.2524,
1854,2394,0.2312,
1854,2920,0.2283,
1854,4032,0.2245,
1854,8094,0.2211,
1854,4883,0.2191,
1854,2276,0.2141,
1854,7524,0.2126,
1854,9097,0.2114,
1854,7101,0.2096,
1854,1165,0.204,
1854,1603,0.1995,
1854,8864,0.1981,
1854,4127,0.1955,
1854,1083,0.1953,
1854,9045,0.188,
1854,8194,0.186,
1854,3907,0.1838,
1854,9436,0.1802,
1854,2524,0.1784,
1854,1913,0.1773,
1855,307,0.2027,
1855,6442,0.1835,
1855,6803,0.1799,
1855,5109,0.1733,
1855,4396,0.1677,
1855,7917,0.1659,
1855,3067,0.1622,
1855,7633,0.1616,
1855,3489,0.1613,
1855,164,0.1593,
1855,6849,0.1589,
1855,3787,0.1574,
1855,6613,0.1574,
1855,7494,0.157,
1855,6565,0.1565,
1855,4057,0.1563,
1855,5716,0.1546,
1855,5708,0.1522,
1855,5223,0.1521,
1855,1504,0.1518,
1856,8042,0.3489,
1856,3669,0.3192,
1856,9247,0.3116,
1856,1445,0.3079,
1856,7462,0.2987,
1856,8476,0.2956,
1856,7547,0.287,
1856,6164,0.2865,
1856,4493,0.285,
1856,6867,0.2821,
1856,7036,0.2818,
1856,520,0.2797,
1856,6829,0.2793,
1856,5735,0.2788,
1856,228,0.2788,
1856,3580,0.2779,
1856,5704,0.2757,
1856,1279,0.2754,
1856,729,0.2749,
1856,1956,0.2734,
1857,7525,0.2748,
1857,2252,0.2651,
1857,8054,0.2621,
1857,3815,0.2599,
1857,6441,0.2558,
1857,4401,0.2519,
1857,4818,0.2518,
1857,7044,0.2508,
1857,8087,0.2491,
1857,8585,0.2485,
1857,5386,0.2485,
1857,8765,0.2481,
1857,9290,0.2478,
1857,2182,0.2471,
1857,7275,0.2469,
1857,885,0.2457,
1857,5088,0.2454,
1857,7520,0.2448,
1857,7152,0.2439,
1857,4236,0.2405,
1858,5779,0.1915,
1858,3989,0.1907,
1858,8888,0.1795,
1858,5563,0.1758,
1858,5774,0.1698,
1858,9309,0.1692,
1858,2573,0.1636,
1858,3039,0.1628,
1858,3842,0.1605,
1858,6084,0.1604,
1858,3693,0.1592,
1858,3170,0.1587,
1858,5882,0.1585,
1858,7037,0.1581,
1858,8184,0.1575,
1858,334,0.1575,
1858,9267,0.1568,
1858,8192,0.1559,
1858,4670,0.1559,
1858,9034,0.1535,
1859,1215,0.2931,
1859,7973,0.293,
1859,6174,0.2924,
1859,4383,0.2884,
1859,1165,0.2884,
1859,5717,0.2859,
1859,2877,0.2853,
1859,9267,0.2834,
1859,4531,0.2832,
1859,3248,0.2825,
1859,7870,0.2812,
1859,6208,0.2788,
1859,5635,0.2783,
1859,1909,0.2762,
1859,3283,0.2757,
1859,790,0.2754,
1859,7825,0.2747,
1859,9283,0.2744,
1859,3977,0.274,
1859,8322,0.2732,
1892,1028,0.232,
1892,6431,0.2317,
1892,6613,0.2313,
1892,4455,0.2303,
1892,7140,0.23,
1892,3540,0.2239,
1892,7883,0.2211,
1892,4175,0.2169,
1892,291,0.2159,
1892,8240,0.2151,
1892,4744,0.2114,
1892,2006,0.2113,
1892,2361,0.2111,
1892,4682,0.2077,
1892,5969,0.2059,
1892,307,0.2047,
1892,6643,0.2042,
1892,1162,0.2036,
1892,8067,0.2032,
1892,7265,0.2016,
1860,4057,0.2544,
1860,5583,0.241,
1860,4291,0.2398,
1860,5465,0.2389,
1860,3961,0.2371,
1860,2308,0.2369,
1860,2145,0.2368,
1860,7633,0.2357,
1860,3787,0.2332,
1860,5519,0.2328,
1860,5223,0.2313,
1860,5494,0.2312,
1860,307,0.2298,
1860,8005,0.2252,
1860,2770,0.2244,
1860,6643,0.221,
1860,5464,0.2208,
1860,1062,0.2191,
1860,4744,0.2187,
1860,4514,0.2179,
1861,2536,0.2428,
1861,9062,0.2418,
1861,6174,0.2352,
1861,7870,0.2199,
1861,2994,0.2182,
1861,4531,0.2181,
1861,3379,0.2172,
1861,257,0.2094,
1861,8067,0.2072,
1861,8669,0.2053,
1861,9234,0.2029,
1861,6973,0.2,
1861,2741,0.1997,
1861,7848,0.1995,
1861,2043,0.1976,
1861,7784,0.1952,
1861,3989,0.1949,
1861,7825,0.1927,
1861,1931,0.192,
1861,5717,0.1908,
1862,3436,0.1858,
1862,355,0.184,
1862,6376,0.1835,
1862,4553,0.1823,
1862,8905,0.1768,
1862,2874,0.1759,
1862,2127,0.1734,
1862,6141,0.173,
1862,998,0.1729,
1862,5165,0.1718,
1862,5438,0.1713,
1862,3920,0.1689,
1862,7523,0.1689,
1862,5659,0.1682,
1862,4512,0.1677,
1862,754,0.1659,
1862,3057,0.1648,
1862,759,0.1633,
1862,3417,0.1624,
1862,2566,0.1615,
1863,6904,0.1613,
1863,3989,0.1598,
1863,8131,0.1528,
1863,7174,0.148,
1863,2006,0.1477,
1863,9445,0.1469,
1863,1330,0.1438,
1863,4057,0.1419,
1863,736,0.1413,
1863,3787,0.1371,
1863,2837,0.1366,
1863,8626,0.136,
1863,155,0.1359,
1863,215,0.1352,
1863,5,0.1345,
1863,5774,0.1345,
1863,6442,0.1339,
1863,7825,0.1337,
1863,307,0.1332,
1863,3151,0.1322,
1864,6613,0.3127,
1864,5223,0.2864,
1864,4057,0.2857,
1864,123,0.2831,
1864,4275,0.2826,
1864,5789,0.2821,
1864,7346,0.281,
1864,9452,0.2767,
1864,66,0.2759,
1864,3151,0.2745,
1864,6643,0.2702,
1864,5583,0.2694,
1864,2160,0.2661,
1864,3787,0.266,
1864,1438,0.2658,
1864,6614,0.2655,
1864,4514,0.2646,
1864,5157,0.2644,
1864,2361,0.262,
1864,8551,0.2618,
1865,4936,0.211,
1865,8087,0.208,
1865,1809,0.2056,
1865,9271,0.2008,
1865,3815,0.1993,
1865,3517,0.1973,
1865,8874,0.1969,
1865,810,0.1968,
1865,9284,0.1951,
1865,212,0.1935,
1865,5262,0.1935,
1865,6293,0.1933,
1865,6212,0.1932,
1865,5728,0.1922,
1865,4818,0.1915,
1865,1066,0.1909,
1865,3107,0.19,
1865,8791,0.1879,
1865,8041,0.1879,
1865,5608,0.1878,
1866,6613,0.3123,
1866,736,0.3099,
1866,307,0.2803,
1866,5583,0.2721,
1866,2361,0.2709,
1866,4275,0.2698,
1866,3540,0.2686,
1866,4057,0.2674,
1866,2158,0.2673,
1866,66,0.2669,
1866,6614,0.2664,
1866,9407,0.2646,
1866,6643,0.2631,
1866,8131,0.2628,
1866,473,0.2627,
1866,3066,0.2623,
1866,5773,0.2622,
1866,5969,0.262,
1866,5548,0.262,
1866,5315,0.2615,
1867,8118,0.2011,
1867,3074,0.1946,
1867,4340,0.1918,
1867,4158,0.1916,
1867,5559,0.1876,
1867,2764,0.1872,
1867,2926,0.18,
1867,296,0.1796,
1867,8769,0.1781,
1867,78,0.177,
1867,5492,0.1767,
1867,7628,0.1748,
1867,9062,0.1745,
1867,4622,0.1744,
1867,6836,0.1742,
1867,1689,0.1739,
1867,6104,0.1731,
1867,1092,0.1731,
1867,8763,0.1731,
1867,7600,0.1724,
1868,1626,0.3118,
1868,1244,0.3081,
1868,1937,0.302,
1868,1247,0.3019,
1868,6867,0.3016,
1868,6786,0.3011,
1868,3669,0.2982,
1868,3216,0.297,
1868,6626,0.2963,
1868,7452,0.2958,
1868,3258,0.2954,
1868,5735,0.2951,
1868,5520,0.2948,
1868,3857,0.2943,
1868,2949,0.2931,
1868,8831,0.2926,
1868,432,0.292,
1868,1186,0.2915,
1868,4155,0.2915,
1868,4894,0.2907,
1869,5882,0.2844,
1869,8888,0.2765,
1869,1341,0.2671,
1869,3345,0.2593,
1869,4312,0.2524,
1869,616,0.2499,
1869,6423,0.2478,
1869,720,0.2359,
1869,8980,0.2341,
1869,3930,0.2337,
1869,7966,0.2315,
1869,164,0.2306,
1869,4558,0.2304,
1869,5563,0.2284,
1869,3842,0.2272,
1869,1659,0.227,
1869,1000,0.2261,
1869,1736,0.2231,
1869,541,0.2214,
1869,4299,0.2198,
1870,7825,0.2913,
1870,8322,0.2778,
1870,1337,0.2651,
1870,6174,0.2646,
1870,320,0.2597,
1870,8064,0.2577,
1870,8470,0.256,
1870,3679,0.2468,
1870,7973,0.2462,
1870,7883,0.2453,
1870,5030,0.2452,
1870,3787,0.2446,
1870,1444,0.2443,
1870,8834,0.244,
1870,78,0.2433,
1870,1909,0.2433,
1870,7983,0.2427,
1870,82,0.2419,
1870,5343,0.2417,
1870,4175,0.2407,
1871,919,0.287,
1871,6444,0.2862,
1871,2053,0.2735,
1871,9447,0.2623,
1871,8769,0.2604,
1871,6259,0.2602,
1871,6701,0.2599,
1871,2926,0.2594,
1871,1858,0.2579,
1871,7200,0.2562,
1871,8806,0.2558,
1871,9070,0.2552,
1871,4819,0.2545,
1871,6430,0.2543,
1871,793,0.2532,
1871,4622,0.2509,
1871,5900,0.2502,
1871,95,0.2492,
1871,5761,0.2487,
1871,4341,0.2479,
1893,2764,0.2377,
1893,6472,0.2287,
1893,4317,0.2273,
1893,8692,0.2184,
1893,3039,0.2173,
1893,2926,0.2165,
1893,3933,0.211,
1893,4622,0.2108,
1893,2255,0.2067,
1893,3886,0.2035,
1893,3693,0.2018,
1893,4041,0.2004,
1893,5492,0.1987,
1893,1359,0.1976,
1893,5684,0.1953,
1893,8763,0.1929,
1893,3813,0.1917,
1893,6940,0.1906,
1893,7200,0.1901,
1893,6778,0.1898,
1894,355,0.2275,
1894,5165,0.2186,
1894,3057,0.2085,
1894,7523,0.202,
1894,9436,0.2015,
1894,3516,0.2011,
1894,6141,0.1952,
1894,8905,0.1942,
1894,5438,0.1925,
1894,3436,0.192,
1894,2127,0.1917,
1894,8834,0.1905,
1894,5659,0.1904,
1894,3920,0.1901,
1894,2566,0.1888,
1894,6613,0.1881,
1894,6474,0.1874,
1894,4057,0.1871,
1894,2874,0.1869,
1894,3207,0.1852,
1872,5323,0.1477,
1872,8592,0.1369,
1872,8070,0.1365,
1872,2185,0.133,
1872,4300,0.1301,
1872,919,0.1291,
1872,7252,0.1274,
1872,2953,0.127,
1872,5905,0.1262,
1872,794,0.1261,
1872,4058,0.1247,
1872,5346,0.1246,
1872,5630,0.122,
1872,5930,0.1214,
1872,5192,0.1208,
1872,1811,0.1201,
1872,7414,0.1199,
1872,2665,0.1182,
1872,8275,0.1176,
1872,6839,0.1169,
1873,455,0.2156,
1873,5189,0.211,
1873,7824,0.2105,
1873,3516,0.2019,
1873,4127,0.1998,
1873,4848,0.194,
1873,1083,0.1938,
1873,9288,0.1912,
1873,8036,0.1911,
1873,6742,0.191,
1873,2175,0.1908,
1873,8206,0.1888,
1873,4582,0.1831,
1873,5217,0.1824,
1873,1207,0.1803,
1873,885,0.1798,
1873,4565,0.1781,
1873,5882,0.1766,
1873,5413,0.1766,
1873,5563,0.1756,
1874,3074,0.2271,
1874,7371,0.2265,
1874,7200,0.222,
1874,1781,0.2214,
1874,4328,0.2192,
1874,5196,0.217,
1874,8769,0.217,
1874,3189,0.2163,
1874,1689,0.2155,
1874,614,0.2142,
1874,2473,0.2139,
1874,3317,0.213,
1874,469,0.2128,
1874,6619,0.2112,
1874,2053,0.2112,
1874,2086,0.2108,
1874,919,0.2097,
1874,4622,0.2084,
1874,8118,0.2082,
1874,427,0.2079,
1875,9062,0.2513,
1875,8067,0.2253,
1875,4299,0.2214,
1875,7195,0.2182,
1875,4158,0.216,
1875,312,0.2126,
1875,3060,0.211,
1875,3840,0.21,
1875,7371,0.2098,
1875,7051,0.2085,
1875,5266,0.2071,
1875,2856,0.2059,
1875,5882,0.2022,
1875,7925,0.2009,
1875,8130,0.2008,
1875,6627,0.2001,
1875,882,0.1999,
1875,5467,0.1985,
1875,4258,0.1978,
1875,3871,0.1975,
1876,5189,0.1653,
1876,3743,0.1544,
1876,6904,0.1521,
1876,8439,0.1479,
1876,5149,0.1416,
1876,8592,0.1407,
1876,8067,0.1392,
1876,9062,0.1389,
1876,1330,0.1368,
1876,1427,0.136,
1876,5412,0.1344,
1876,6046,0.1334,
1876,6174,0.1319,
1876,2926,0.1304,
1876,7252,0.128,
1876,82,0.1278,
1876,3442,0.1277,
1876,7737,0.1273,
1876,6807,0.1271,
1876,8440,0.1254,
1877,882,0.2417,
1877,3060,0.2345,
1877,7925,0.2329,
1877,3840,0.2305,
1877,4299,0.2256,
1877,3941,0.225,
1877,2696,0.2243,
1877,3646,0.2214,
1877,3871,0.2211,
1877,7278,0.221,
1877,7195,0.22,
1877,312,0.22,
1877,5467,0.2195,
1877,9322,0.2191,
1877,4657,0.2162,
1877,5266,0.2155,
1877,4258,0.2154,
1877,8130,0.2138,
1877,5187,0.2122,
1877,3564,0.212,
1878,3840,0.2982,
1878,7195,0.2709,
1878,7371,0.2619,
1878,4299,0.2532,
1878,882,0.2512,
1878,3941,0.2478,
1878,7925,0.2477,
1878,9322,0.247,
1878,4657,0.2468,
1878,3060,0.2466,
1878,8130,0.2457,
1878,312,0.2452,
1878,4258,0.2431,
1878,3564,0.2423,
1878,326,0.2402,
1878,5187,0.2388,
1878,3871,0.2359,
1878,807,0.2356,
1878,33,0.2347,
1878,4788,0.2347,
1879,5044,0.1645,
1879,6803,0.164,
1879,5025,0.1558,
1879,1858,0.1494,
1879,7361,0.1479,
1879,6009,0.1456,
1879,6081,0.1411,
1879,6442,0.1394,
1879,155,0.1367,
1879,2401,0.1364,
1879,7421,0.1353,
1879,6104,0.1352,
1879,8968,0.1351,
1879,1639,0.1344,
1879,6951,0.134,
1879,9213,0.1335,
1879,8648,0.1318,
1879,3189,0.1298,
1879,9102,0.1295,
1879,2461,0.1292,
1880,3840,0.1772,
1880,6074,0.1749,
1880,7371,0.1681,
1880,7195,0.1675,
1880,1530,0.1651,
1880,3770,0.1635,
1880,5467,0.163,
1880,5081,0.1624,
1880,312,0.1622,
1880,8326,0.1612,
1880,7983,0.161,
1880,5583,0.1608,
1880,164,0.1598,
1880,8470,0.1597,
1880,655,0.1594,
1880,3060,0.159,
1880,2899,0.158,
1880,7421,0.158,
1880,882,0.1576,
1880,6614,0.1574,
1881,3049,0.3668,
1881,9344,0.3632,
1881,5555,0.3621,
1881,5051,0.3547,
1881,3096,0.3503,
1881,4875,0.3485,
1881,8861,0.346,
1881,7755,0.3444,
1881,2533,0.3417,
1881,6134,0.3407,
1881,4991,0.3405,
1881,5799,0.3401,
1881,3592,0.3399,
1881,2493,0.339,
1881,6019,0.3365,
1881,972,0.3352,
1881,5347,0.3343,
1881,7599,0.3336,
1881,7489,0.3333,
1881,6723,0.333,
1882,3057,0.278,
1882,355,0.273,
1882,2127,0.2658,
1882,8905,0.257,
1882,7523,0.2557,
1882,6141,0.2547,
1882,3436,0.2543,
1882,5438,0.254,
1882,2874,0.254,
1882,3920,0.2537,
1882,759,0.2534,
1882,6376,0.2522,
1882,5165,0.2511,
1882,4553,0.251,
1882,5659,0.2483,
1882,4512,0.2478,
1882,3417,0.2475,
1882,2566,0.2463,
1882,754,0.2426,
1882,8221,0.2425,
1908,3074,0.2741,
1908,1636,0.2513,
1908,4240,0.2508,
1908,5590,0.2499,
1908,3503,0.2466,
1908,3575,0.2465,
1908,8224,0.2459,
1908,2972,0.2458,
1908,6962,0.2456,
1908,5761,0.2455,
1908,5176,0.2455,
1908,7758,0.2437,
1908,95,0.2436,
1908,8806,0.2435,
1908,1796,0.2434,
1908,8763,0.2399,
1908,4328,0.2398,
1908,7132,0.2394,
1908,6747,0.2391,
1908,2418,0.239,
1909,1908,0.2646,
1909,8585,0.2619,
1909,7525,0.2295,
1909,78,0.2225,
1909,8087,0.2205,
1909,6212,0.2142,
1909,7973,0.2104,
1909,7638,0.207,
1909,6836,0.2066,
1909,4835,0.2062,
1909,9202,0.2054,
1909,9007,0.2026,
1909,7212,0.2023,
1909,6174,0.202,
1909,5639,0.2019,
1909,3921,0.2015,
1909,7879,0.2002,
1909,2312,0.1994,
1909,399,0.1993,
1909,222,0.1991,
1883,8267,0.2795,
1883,5183,0.2753,
1883,1639,0.2687,
1883,3558,0.2669,
1883,6174,0.266,
1883,8322,0.2643,
1883,7493,0.2617,
1883,1908,0.2601,
1883,6421,0.259,
1883,5882,0.2581,
1883,3527,0.2578,
1883,8375,0.2577,
1883,7782,0.2576,
1883,1276,0.2572,
1883,5376,0.257,
1883,3598,0.255,
1883,6575,0.2534,
1883,7825,0.253,
1883,2862,0.2521,
1883,4209,0.2517,
1884,9062,0.2172,
1884,1241,0.2153,
1884,1908,0.1898,
1884,2732,0.1822,
1884,8693,0.1788,
1884,5869,0.177,
1884,6442,0.1762,
1884,8067,0.1752,
1884,1902,0.1706,
1884,2856,0.1703,
1884,5559,0.1698,
1884,6664,0.1663,
1884,9146,0.1655,
1884,4035,0.1652,
1884,7070,0.1646,
1884,7655,0.1624,
1884,7633,0.1611,
1884,4158,0.161,
1884,2704,0.1607,
1884,8240,0.1602,
1885,4682,0.3019,
1885,3540,0.2728,
1885,6613,0.2721,
1885,3787,0.2619,
1885,473,0.2583,
1885,5583,0.258,
1885,4275,0.2579,
1885,5716,0.2575,
1885,66,0.2574,
1885,6614,0.2574,
1885,5157,0.2568,
1885,307,0.2555,
1885,9094,0.2549,
1885,2158,0.2527,
1885,2361,0.2525,
1885,4093,0.2511,
1885,4514,0.2507,
1885,5901,0.2503,
1885,9407,0.2499,
1885,8662,0.2497,
1886,8801,0.2163,
1886,1452,0.2154,
1886,8054,0.215,
1886,409,0.2047,
1886,1289,0.2039,
1886,7879,0.2032,
1886,8564,0.1966,
1886,1050,0.1957,
1886,2536,0.1947,
1886,8481,0.1943,
1886,2175,0.1914,
1886,6212,0.1914,
1886,4582,0.1914,
1886,2962,0.1877,
1886,4818,0.1849,
1886,3105,0.1845,
1886,8041,0.1845,
1886,8087,0.184,
1886,8174,0.1835,
1886,4223,0.1829,
1887,9273,0.207,
1887,1330,0.19,
1887,3202,0.1866,
1887,2837,0.1858,
1887,630,0.1795,
1887,4189,0.1744,
1887,736,0.172,
1887,7793,0.1702,
1887,9436,0.1696,
1887,1083,0.1682,
1887,7977,0.1664,
1887,4607,0.1661,
1887,6904,0.1619,
1887,8067,0.1609,
1887,3516,0.1591,
1887,1016,0.1588,
1887,6803,0.1583,
1887,606,0.1552,
1887,2883,0.1536,
1887,3540,0.1518,
1888,5930,0.1597,
1888,3917,0.1553,
1888,3516,0.1515,
1888,355,0.1505,
1888,3346,0.1489,
1888,8518,0.1482,
1888,352,0.1437,
1888,5081,0.1419,
1888,8282,0.1408,
1888,7586,0.1395,
1888,4300,0.1388,
1888,5159,0.1378,
1888,7656,0.1373,
1888,6584,0.1372,
1888,6021,0.1371,
1888,5165,0.1368,
1888,2841,0.1363,
1888,182,0.1362,
1888,8633,0.1361,
1888,5616,0.1354,
1889,6438,0.2867,
1889,5272,0.2728,
1889,1563,0.2728,
1889,2071,0.2704,
1889,1017,0.2648,
1889,7248,0.2627,
1889,6563,0.2624,
1889,1573,0.2572,
1889,3526,0.2534,
1889,7186,0.2472,
1889,7735,0.2464,
1889,5129,0.2437,
1889,7043,0.24,
1889,4192,0.2353,
1889,2780,0.2344,
1889,8721,0.2338,
1889,3459,0.2301,
1889,4761,0.2293,
1889,2719,0.2262,
1889,3221,0.226,
1890,1891,0.2438,
1890,8166,0.2267,
1890,4756,0.2134,
1890,5761,0.2085,
1890,6430,0.2054,
1890,4622,0.2048,
1890,8118,0.2038,
1890,6444,0.202,
1890,8769,0.2013,
1890,4240,0.1997,
1890,1636,0.1992,
1890,5590,0.1981,
1890,7207,0.1956,
1890,1737,0.1949,
1890,2255,0.1929,
1890,414,0.1922,
1890,3261,0.1922,
1890,293,0.1919,
1890,9447,0.1916,
1890,2926,0.1914,
1891,7832,0.3191,
1891,213,0.3142,
1891,3279,0.3124,
1891,7840,0.3103,
1891,3486,0.3023,
1891,6382,0.3014,
1891,7334,0.3007,
1891,154,0.3002,
1891,5055,0.2996,
1891,1227,0.299,
1891,4473,0.2988,
1891,654,0.2984,
1891,6033,0.2983,
1891,9048,0.2982,
1891,7602,0.298,
1891,5036,0.298,
1891,7096,0.2966,
1891,5390,0.2961,
1891,5645,0.2961,
1891,146,0.2953,
1895,3540,0.266,
1895,4682,0.2604,
1895,2361,0.252,
1895,6614,0.2465,
1895,8067,0.2456,
1895,3202,0.2447,
1895,5583,0.2411,
1895,2461,0.2408,
1895,4291,0.2358,
1895,9062,0.2334,
1895,8600,0.2319,
1895,2433,0.2308,
1895,3744,0.2301,
1895,3787,0.2287,
1895,5,0.228,
1895,8005,0.2251,
1895,7453,0.2243,
1895,6613,0.2239,
1895,6835,0.2239,
1895,8470,0.2225,
1896,4682,0.2692,
1896,6613,0.2458,
1896,6849,0.2415,
1896,3787,0.2336,
1896,3540,0.233,
1896,164,0.2318,
1896,3840,0.223,
1896,9062,0.2221,
1896,1162,0.2193,
1896,5465,0.2173,
1896,7086,0.2155,
1896,3794,0.2113,
1896,7633,0.2113,
1896,8374,0.2112,
1896,6643,0.2108,
1896,5716,0.2103,
1896,5165,0.2097,
1896,8679,0.2089,
1896,2145,0.2087,
1896,4291,0.2083,
1897,5882,0.2423,
1897,5189,0.2349,
1897,7825,0.2331,
1897,78,0.2326,
1897,5535,0.2301,
1897,164,0.2269,
1897,4810,0.2252,
1897,4057,0.2224,
1897,4291,0.2174,
1897,455,0.2173,
1897,1908,0.2149,
1897,1000,0.2124,
1897,9267,0.2123,
1897,8804,0.2094,
1897,2175,0.2087,
1897,8679,0.2073,
1897,6397,0.2067,
1897,8042,0.2055,
1897,2356,0.2048,
1897,720,0.2046,
1898,3815,0.3555,
1898,7525,0.3452,
1898,4223,0.333,
1898,8054,0.3311,
1898,2182,0.3272,
1898,2252,0.3271,
1898,8585,0.3257,
1898,8087,0.3253,
1898,1204,0.3246,
1898,5921,0.3195,
1898,6441,0.3187,
1898,7044,0.3171,
1898,6212,0.3167,
1898,6386,0.3161,
1898,7611,0.316,
1898,7684,0.3154,
1898,4620,0.314,
1898,2239,0.3127,
1898,2844,0.3126,
1898,5339,0.3124,
1899,8067,0.195,
1899,9062,0.1919,
1899,3039,0.1882,
1899,919,0.1857,
1899,6444,0.1801,
1899,8592,0.1767,
1899,1162,0.1763,
1899,334,0.1762,
1899,4848,0.1744,
1899,5081,0.1743,
1899,1859,0.1738,
1899,2331,0.1717,
1899,5344,0.1717,
1899,3897,0.1714,
1899,8834,0.17,
1899,5397,0.1693,
1899,7371,0.1691,
1899,8769,0.1682,
1899,8481,0.1679,
1899,2764,0.1668,
1900,3787,0.2355,
1900,5971,0.2263,
1900,4682,0.2189,
1900,8746,0.2188,
1900,34,0.2179,
1900,6849,0.2177,
1900,2579,0.2157,
1900,6614,0.2109,
1900,3066,0.2097,
1900,5927,0.2094,
1900,5344,0.2093,
1900,2160,0.2088,
1900,4514,0.2077,
1900,4291,0.2076,
1900,3050,0.2072,
1900,598,0.2071,
1900,164,0.2068,
1900,5583,0.2059,
1900,4093,0.2058,
1900,3400,0.2043,
1901,3516,0.2073,
1901,1054,0.1852,
1901,2554,0.1745,
1901,5984,0.1702,
1901,9436,0.169,
1901,352,0.1652,
1901,4057,0.1637,
1901,5011,0.1619,
1901,7083,0.161,
1901,5919,0.1588,
1901,4403,0.1575,
1901,3917,0.157,
1901,8439,0.1569,
1901,5676,0.1536,
1901,1081,0.1522,
1901,5168,0.1519,
1901,5189,0.1506,
1901,5619,0.1497,
1901,1902,0.1496,
1901,6997,0.148,
1902,9074,0.1903,
1902,8087,0.1896,
1902,7525,0.1695,
1902,5448,0.1682,
1902,6486,0.1644,
1902,1809,0.1625,
1902,6835,0.1621,
1902,7973,0.1603,
1902,8183,0.1587,
1902,7086,0.158,
1902,8163,0.158,
1902,3074,0.1558,
1902,3249,0.1547,
1902,4240,0.1538,
1902,2252,0.1527,
1902,553,0.1502,
1902,2568,0.1492,
1902,2145,0.1492,
1902,2141,0.1488,
1902,4291,0.1472,
1903,1356,0.2869,
1903,7879,0.2801,
1903,6212,0.2796,
1903,7520,0.2786,
1903,1086,0.2751,
1903,2175,0.2713,
1903,8585,0.2704,
1903,1270,0.2685,
1903,5484,0.2684,
1903,7044,0.2676,
1903,3505,0.2656,
1903,3815,0.2655,
1903,8182,0.2654,
1903,1204,0.2652,
1903,4692,0.2647,
1903,4786,0.2646,
1903,4223,0.2639,
1903,3371,0.2635,
1903,8174,0.2592,
1903,8087,0.2582,
1904,7044,0.2663,
1904,3815,0.2618,
1904,6212,0.2604,
1904,8087,0.2594,
1904,8041,0.2515,
1904,8054,0.2481,
1904,8585,0.2475,
1904,1000,0.2463,
1904,5921,0.2462,
1904,5938,0.2458,
1904,4582,0.2456,
1904,8872,0.2449,
1904,2844,0.244,
1904,9288,0.2428,
1904,8174,0.2427,
1904,7867,0.2415,
1904,463,0.2414,
1904,6830,0.2404,
1904,2126,0.2397,
1904,7854,0.2394,
1905,334,0.2463,
1905,1162,0.2453,
1905,7923,0.2407,
1905,3864,0.2399,
1905,8322,0.2383,
1905,9034,0.2375,
1905,8192,0.2361,
1905,6818,0.2328,
1905,5397,0.2314,
1905,4962,0.2291,
1905,6942,0.2277,
1905,8190,0.2274,
1905,5450,0.2272,
1905,5356,0.2268,
1905,527,0.2265,
1905,1859,0.2261,
1905,6781,0.2261,
1905,7317,0.2259,
1905,5246,0.2256,
1905,6064,0.2254,
1906,5554,0.4458,
1906,8620,0.4135,
1906,8579,0.4035,
1906,3650,0.4023,
1906,5790,0.402,
1906,9032,0.4019,
1906,4302,0.4017,
1906,4547,0.4005,
1906,3552,0.3991,
1906,2911,0.3978,
1906,5543,0.3977,
1906,8836,0.3968,
1906,3287,0.396,
1906,511,0.3957,
1906,8720,0.3956,
1906,5122,0.3948,
1906,4074,0.3947,
1906,2459,0.3937,
1906,248,0.39,
1906,8352,0.3877,
1907,7278,0.2251,
1907,7634,0.2169,
1907,1083,0.2135,
1907,364,0.2104,
1907,5223,0.2101,
1907,5236,0.2066,
1907,7824,0.2063,
1907,6975,0.2033,
1907,2702,0.2029,
1907,521,0.1965,
1907,1629,0.1964,
1907,4565,0.1951,
1907,5739,0.1931,
1907,340,0.1923,
1907,3516,0.1908,
1907,4057,0.1885,
1907,5217,0.1876,
1907,3113,0.1858,
1907,9337,0.1851,
1907,8439,0.1844,
1911,5344,0.2043,
1911,5081,0.1931,
1911,6444,0.1804,
1911,4720,0.1783,
1911,9184,0.1773,
1911,4892,0.1765,
1911,952,0.1744,
1911,8036,0.1741,
1911,6570,0.1738,
1911,4848,0.1727,
1911,885,0.172,
1911,5413,0.1712,
1911,919,0.171,
1911,3140,0.1696,
1911,5777,0.1687,
1911,2979,0.1672,
1911,5192,0.1672,
1911,8202,0.1663,
1911,2665,0.1657,
1911,8438,0.164,
1912,307,0.3089,
1912,6613,0.3056,
1912,5157,0.2873,
1912,8940,0.2848,
1912,4275,0.2768,
1912,2158,0.2767,
1912,3787,0.2753,
1912,66,0.2735,
1912,9452,0.2722,
1912,473,0.2718,
1912,1263,0.2706,
1912,8367,0.2704,
1912,5901,0.2699,
1912,9135,0.2697,
1912,2606,0.2693,
1912,2351,0.2691,
1912,6643,0.2688,
1912,1743,0.2687,
1912,2160,0.2686,
1912,5969,0.2685,
1913,433,0.2797,
1913,3457,0.2717,
1913,5583,0.2717,
1913,2145,0.2704,
1913,8374,0.2679,
1913,473,0.2629,
1913,6849,0.2597,
1913,2302,0.256,
1913,2361,0.2549,
1913,3787,0.2538,
1913,8470,0.2525,
1913,8662,0.2517,
1913,8600,0.251,
1913,5293,0.251,
1913,2308,0.2509,
1913,6614,0.2497,
1913,3066,0.2489,
1913,1771,0.2486,
1913,5716,0.2483,
1913,2160,0.2478,
1914,3989,0.2394,
1914,2006,0.2137,
1914,8470,0.2129,
1914,8322,0.2094,
1914,5779,0.2042,
1914,1337,0.1894,
1914,5774,0.1883,
1914,8190,0.1874,
1914,6084,0.187,
1914,6174,0.1863,
1914,2596,0.1859,
1914,5583,0.1846,
1914,3036,0.1843,
1914,3245,0.1841,
1914,7558,0.1832,
1914,15,0.1822,
1914,9445,0.182,
1914,5001,0.1816,
1914,2923,0.1794,
1914,9109,0.1794,
1915,1083,0.1866,
1915,7824,0.182,
1915,3516,0.1747,
1915,5930,0.1736,
1915,8184,0.1685,
1915,7453,0.1666,
1915,3744,0.1664,
1915,6835,0.1651,
1915,6174,0.1648,
1915,5189,0.1633,
1915,8471,0.1629,
1915,4531,0.1623,
1915,8592,0.1584,
1915,5563,0.1574,
1915,1337,0.1561,
1915,239,0.1559,
1915,282,0.1549,
1915,2433,0.1544,
1915,4127,0.1539,
1915,7634,0.1535,
1916,3516,0.1954,
1916,2461,0.1933,
1916,7453,0.1882,
1916,5448,0.1818,
1916,7628,0.18,
1916,5159,0.1791,
1916,9436,0.1701,
1916,9213,0.1693,
1916,3202,0.1692,
1916,6803,0.1688,
1916,3744,0.1685,
1916,7901,0.1667,
1916,5106,0.1638,
1916,8571,0.1635,
1916,2175,0.1635,
1916,1054,0.1629,
1916,5343,0.1625,
1916,7195,0.1624,
1916,7737,0.1615,
1916,7070,0.1611,
1917,307,0.3093,
1917,7633,0.2939,
1917,2770,0.2722,
1917,9452,0.2625,
1917,3787,0.2583,
1917,4514,0.255,
1917,5773,0.2521,
1917,5293,0.2511,
1917,3794,0.2495,
1917,8746,0.2484,
1917,2006,0.2482,
1917,8681,0.2478,
1917,1263,0.246,
1917,9407,0.2451,
1917,1028,0.2447,
1917,2351,0.2442,
1917,983,0.244,
1917,9388,0.244,
1917,7780,0.2438,
1917,5548,0.2436,
1918,8834,0.1821,
1918,9062,0.1765,
1918,338,0.1736,
1918,7883,0.1689,
1918,4175,0.1657,
1918,6627,0.1641,
1918,3989,0.1633,
1918,8067,0.1621,
1918,5689,0.1579,
1918,7879,0.1561,
1918,291,0.1561,
1918,1722,0.1555,
1918,6613,0.1546,
1918,455,0.1537,
1918,6442,0.1532,
1918,5882,0.1529,
1918,4751,0.1527,
1918,507,0.1523,
1918,3788,0.1518,
1918,8888,0.1507,
2005,850,0.2618,
2005,2401,0.2603,
2005,8968,0.2579,
2005,8813,0.2545,
2005,7453,0.2497,
2005,3744,0.2451,
2005,2394,0.2447,
2005,2330,0.2423,
2005,4274,0.2412,
2005,1913,0.2399,
2005,8146,0.2388,
2005,2433,0.2385,
2005,2449,0.238,
2005,3202,0.238,
2005,1902,0.2375,
2005,5970,0.2368,
2005,2109,0.2367,
2005,5448,0.2367,
2005,2461,0.2358,
2005,5343,0.2355,
1919,1465,0.2226,
1919,352,0.2133,
1919,9447,0.2077,
1919,239,0.1997,
1919,1054,0.1978,
1919,5684,0.1971,
1919,8079,0.196,
1919,3917,0.1916,
1919,5868,0.1896,
1919,5011,0.1851,
1919,3039,0.1823,
1919,2589,0.1816,
1919,5559,0.1814,
1919,3074,0.1811,
1919,2461,0.1804,
1919,3933,0.1797,
1919,868,0.1797,
1919,8769,0.1785,
1919,7371,0.1773,
1919,3456,0.1772,
1920,7964,0.281,
1920,8470,0.2587,
1920,7462,0.2568,
1920,5912,0.2492,
1920,8322,0.2433,
1920,8190,0.2413,
1920,8042,0.2402,
1920,3178,0.2382,
1920,9247,0.2382,
1920,2080,0.2374,
1920,3669,0.237,
1920,1859,0.2369,
1920,1337,0.2353,
1920,2643,0.2329,
1920,5049,0.2321,
1920,7558,0.2287,
1920,5494,0.2266,
1920,3245,0.2259,
1920,9012,0.2234,
1920,5001,0.2224,
1921,3516,0.2226,
1921,7083,0.2147,
1921,5919,0.2016,
1921,9436,0.1929,
1921,7195,0.1828,
1921,606,0.1828,
1921,1083,0.1776,
1921,1913,0.1773,
1921,4565,0.1752,
1921,9441,0.1722,
1921,5168,0.1708,
1921,6835,0.1694,
1921,7737,0.1681,
1921,562,0.1666,
1921,4114,0.1652,
1921,6997,0.1624,
1921,5984,0.1617,
1921,5619,0.1615,
1921,5106,0.1602,
1921,7453,0.1594,
1922,9062,0.2908,
1922,6627,0.252,
1922,8612,0.2382,
1922,3432,0.228,
1922,4158,0.2246,
1922,2461,0.2235,
1922,7568,0.2212,
1922,166,0.2162,
1922,2331,0.2144,
1922,5261,0.2132,
1922,5189,0.2088,
1922,7051,0.208,
1922,6664,0.2069,
1922,4299,0.2052,
1922,455,0.203,
1922,7824,0.2028,
1922,7070,0.2015,
1922,7195,0.2009,
1922,5609,0.1975,
1922,8067,0.1967,
1923,2679,0.2173,
1923,44,0.2171,
1923,2926,0.2121,
1923,6890,0.2101,
1923,2764,0.2094,
1923,5703,0.2084,
1923,3933,0.2069,
1923,7132,0.2008,
1923,3516,0.2002,
1923,95,0.1997,
1923,4274,0.1994,
1923,9436,0.1983,
1923,6430,0.1979,
1923,2060,0.1973,
1923,7083,0.1966,
1923,1167,0.196,
1923,5761,0.1958,
1923,7491,0.1952,
1923,6940,0.1949,
1923,793,0.1945,
1924,9209,0.1969,
1924,1444,0.1777,
1924,2687,0.1761,
1924,6355,0.1748,
1924,455,0.1737,
1924,5882,0.1729,
1924,3882,0.1724,
1924,3423,0.1721,
1924,3148,0.172,
1924,7500,0.1719,
1924,7079,0.1707,
1924,8680,0.168,
1924,5246,0.1661,
1924,8579,0.166,
1924,3668,0.1643,
1924,5554,0.1639,
1924,478,0.1632,
1924,5790,0.1632,
1924,8901,0.1631,
1924,6217,0.1629,
1925,4553,0.2566,
1925,3057,0.2412,
1925,409,0.2373,
1925,7523,0.2347,
1925,3436,0.23,
1925,355,0.2287,
1925,5999,0.2278,
1925,4512,0.2276,
1925,8322,0.2272,
1925,5438,0.2243,
1925,2566,0.2233,
1925,8711,0.2228,
1925,3207,0.219,
1925,5165,0.2187,
1925,3920,0.2186,
1925,5659,0.2142,
1925,6376,0.2141,
1925,7879,0.2126,
1925,754,0.2122,
1925,3097,0.2112,
1926,1083,0.2834,
1926,3744,0.264,
1926,5967,0.2624,
1926,3516,0.2559,
1926,5343,0.2554,
1926,1054,0.254,
1926,7453,0.2511,
1926,2385,0.2505,
1926,8146,0.2495,
1926,4403,0.2494,
1926,4127,0.2476,
1926,1902,0.245,
1926,5159,0.2446,
1926,4886,0.2437,
1926,4274,0.2427,
1926,8794,0.2403,
1926,2401,0.2396,
1926,9436,0.2393,
1926,1704,0.2382,
1926,2433,0.2381,
1927,1289,0.2665,
1927,7973,0.2491,
1927,6174,0.2442,
1927,1050,0.2392,
1927,6860,0.2352,
1927,8322,0.2351,
1927,2732,0.2222,
1927,7825,0.2218,
1927,399,0.2207,
1927,78,0.2168,
1927,2738,0.2152,
1927,1908,0.211,
1927,4531,0.211,
1927,8470,0.2107,
1927,5319,0.2095,
1927,2510,0.2083,
1927,1425,0.2066,
1927,1241,0.2059,
1927,5894,0.2054,
1927,6960,0.2047,
1928,3815,0.2824,
1928,7044,0.2746,
1928,8054,0.2726,
1928,3799,0.2717,
1928,2599,0.2701,
1928,9114,0.2698,
1928,2506,0.2696,
1928,2239,0.2679,
1928,7152,0.2664,
1928,7322,0.2656,
1928,8161,0.2654,
1928,4223,0.2625,
1928,8201,0.2612,
1928,409,0.2595,
1928,8741,0.2587,
1928,3173,0.2584,
1928,5745,0.2573,
1928,8154,0.257,
1928,8874,0.2569,
1928,2367,0.2566,
1929,1054,0.2099,
1929,9447,0.2099,
1929,1902,0.2095,
1929,5559,0.2071,
1929,9213,0.2012,
1929,3744,0.195,
1929,5919,0.1948,
1929,5967,0.1947,
1929,1704,0.1915,
1929,5343,0.191,
1929,3516,0.1907,
1929,2385,0.1903,
1929,2926,0.1882,
1929,6725,0.1875,
1929,8763,0.1874,
1929,2019,0.1866,
1929,2060,0.1863,
1929,4127,0.1851,
1929,8295,0.1844,
1929,4317,0.184,
1930,1337,0.2151,
1930,8322,0.2109,
1930,4127,0.2021,
1930,455,0.2003,
1930,1083,0.198,
1930,9062,0.1979,
1930,1054,0.1972,
1930,8067,0.1962,
1930,8470,0.1958,
1930,7824,0.1949,
1930,1207,0.1945,
1930,4819,0.1945,
1930,1400,0.1913,
1930,2461,0.1911,
1930,239,0.1906,
1930,43,0.1896,
1930,8471,0.1869,
1930,8190,0.186,
1930,5716,0.1859,
1930,3202,0.1854,
1931,2854,0.337,
1931,4223,0.3337,
1931,8585,0.3234,
1931,5938,0.3192,
1931,7044,0.3192,
1931,8385,0.319,
1931,2252,0.3185,
1931,3815,0.3157,
1931,4644,0.3145,
1931,6212,0.3109,
1931,2599,0.3107,
1931,4553,0.3083,
1931,8054,0.3065,
1931,2367,0.3048,
1931,2239,0.304,
1931,8874,0.3019,
1931,7322,0.301,
1931,7152,0.3005,
1931,8174,0.3003,
1931,7049,0.3,
1932,2724,0.2842,
1932,8374,0.2664,
1932,4291,0.2598,
1932,8470,0.2589,
1932,8322,0.2559,
1932,78,0.2545,
1932,7486,0.253,
1932,5465,0.2512,
1932,6643,0.2506,
1932,7973,0.2498,
1932,4401,0.2479,
1932,455,0.2475,
1932,8666,0.2466,
1932,2145,0.2441,
1932,5319,0.2441,
1932,683,0.2441,
1932,4057,0.2438,
1932,409,0.2429,
1932,215,0.242,
1932,433,0.2394,
1933,7794,0.2927,
1933,7961,0.2913,
1933,3027,0.2904,
1933,5808,0.2794,
1933,2020,0.2737,
1933,7921,0.2705,
1933,7571,0.2679,
1933,1420,0.2621,
1933,872,0.2615,
1933,8771,0.2611,
1933,6767,0.2586,
1933,4589,0.2574,
1933,5617,0.257,
1933,9048,0.2563,
1933,5125,0.2545,
1933,7638,0.2541,
1933,547,0.253,
1933,213,0.2528,
1933,5190,0.2528,
1933,3653,0.2524,
1934,7784,0.2427,
1934,9219,0.2167,
1934,9213,0.2117,
1934,8850,0.2066,
1934,158,0.2049,
1934,1585,0.2039,
1934,7391,0.193,
1934,7610,0.1927,
1934,5297,0.1911,
1934,455,0.1891,
1934,4127,0.1882,
1934,2892,0.1855,
1934,3483,0.1803,
1934,3395,0.1738,
1934,5854,0.1717,
1934,9008,0.1715,
1934,6785,0.1653,
1934,3516,0.1649,
1934,918,0.1626,
1934,4952,0.1615,
1935,2455,0.2197,
1935,8763,0.2154,
1935,99,0.2083,
1935,3074,0.2058,
1935,5343,0.2048,
1935,2926,0.2046,
1935,3960,0.1999,
1935,6835,0.1979,
1935,5559,0.1968,
1935,3516,0.1943,
1935,3787,0.1917,
1935,3259,0.1911,
1935,4432,0.1906,
1935,469,0.1899,
1935,8295,0.1894,
1935,2022,0.1877,
1935,8206,0.1875,
1935,5761,0.1874,
1935,5161,0.1869,
1935,2043,0.1868,
1936,5189,0.2567,
1936,4057,0.2528,
1936,8992,0.2499,
1936,2175,0.2477,
1936,3516,0.2349,
1936,8042,0.2301,
1936,8206,0.2299,
1936,6478,0.2247,
1936,7737,0.2231,
1936,4565,0.2192,
1936,1235,0.2189,
1936,8439,0.2182,
1936,5984,0.217,
1936,2510,0.2167,
1936,7825,0.2166,
1936,78,0.2165,
1936,4114,0.2156,
1936,4291,0.2152,
1936,1589,0.2106,
1936,218,0.21,
1937,455,0.2212,
1937,8888,0.2113,
1937,6174,0.209,
1937,7883,0.2045,
1937,4175,0.2006,
1937,92,0.2004,
1937,9062,0.1998,
1937,5189,0.197,
1937,7870,0.1958,
1937,3379,0.1939,
1937,4531,0.1931,
1937,6864,0.1919,
1937,1330,0.1917,
1937,2724,0.1911,
1937,2429,0.1895,
1937,6038,0.1885,
1937,5412,0.1877,
1937,2255,0.1875,
1937,1962,0.1856,
1937,4127,0.1854,
1938,2429,0.142,
1938,7973,0.1384,
1938,334,0.1379,
1938,8192,0.1356,
1938,1162,0.135,
1938,967,0.1325,
1938,6818,0.1317,
1938,2568,0.1299,
1938,3864,0.1298,
1938,3843,0.1285,
1938,5450,0.128,
1938,7317,0.1276,
1938,7923,0.1274,
1938,980,0.1273,
1938,9034,0.1268,
1938,1859,0.1267,
1938,6064,0.1265,
1938,2240,0.1263,
1938,5397,0.1256,
1938,5356,0.1254,
1939,5737,0.406,
1939,7462,0.4057,
1939,8544,0.397,
1939,6164,0.3952,
1939,122,0.3952,
1939,3304,0.3924,
1939,5735,0.3908,
1939,9237,0.3905,
1939,1279,0.39,
1939,3669,0.3873,
1939,4549,0.3863,
1939,6823,0.3853,
1939,7184,0.3845,
1939,7699,0.3845,
1939,6867,0.3845,
1939,8557,0.3843,
1939,1777,0.3831,
1939,729,0.382,
1939,3833,0.3816,
1939,5327,0.3815,
1940,2461,0.2769,
1940,355,0.2487,
1940,3202,0.2372,
1940,9436,0.237,
1940,5168,0.2165,
1940,3516,0.2099,
1940,7628,0.2093,
1940,2373,0.2089,
1940,5343,0.2078,
1940,2433,0.2076,
1940,1902,0.2075,
1940,7083,0.2063,
1940,4403,0.2044,
1940,2385,0.2035,
1940,5967,0.2034,
1940,1054,0.202,
1940,5919,0.2011,
1940,9394,0.2009,
1940,2401,0.1999,
1940,1167,0.1986,
1941,338,0.2536,
1941,7638,0.2343,
1941,8834,0.232,
1941,4565,0.2265,
1941,7512,0.2255,
1941,1908,0.2196,
1941,6613,0.2174,
1941,5189,0.2165,
1941,4057,0.212,
1941,6504,0.211,
1941,7737,0.2103,
1941,4237,0.2087,
1941,2008,0.208,
1941,7278,0.2048,
1941,3356,0.2031,
1941,3667,0.2031,
1941,455,0.2031,
1941,918,0.2012,
1941,7824,0.2,
1941,4286,0.1993,
1942,6021,0.1745,
1942,6835,0.1661,
1942,6998,0.1639,
1942,3025,0.1612,
1942,8804,0.1601,
1942,4340,0.1599,
1942,239,0.1595,
1942,3398,0.1579,
1942,6664,0.1573,
1942,3039,0.1564,
1942,8192,0.1559,
1942,2554,0.1558,
1942,3074,0.1544,
1942,8184,0.1536,
1942,78,0.153,
1942,4335,0.1523,
1942,5930,0.1511,
1942,2429,0.1505,
1942,3418,0.1503,
1942,5011,0.1477,
1943,5344,0.2623,
1943,307,0.2296,
1943,4848,0.2294,
1943,5716,0.2173,
1943,7724,0.2148,
1943,4744,0.2145,
1943,1062,0.2123,
1943,5081,0.211,
1943,983,0.21,
1943,4727,0.2085,
1943,8374,0.2066,
1943,3457,0.2065,
1943,6442,0.2063,
1943,164,0.2041,
1943,54,0.2028,
1943,4256,0.202,
1943,8036,0.2013,
1943,6643,0.2007,
1943,9184,0.1991,
1943,4275,0.1987,
1944,9062,0.2281,
1944,3432,0.2104,
1944,4682,0.2093,
1944,6442,0.2023,
1944,2331,0.2007,
1944,8693,0.1999,
1944,7568,0.1959,
1944,2461,0.1949,
1944,8433,0.1918,
1944,5261,0.1901,
1944,7126,0.1885,
1944,307,0.1867,
1944,8005,0.1838,
1944,5344,0.1815,
1944,6803,0.1797,
1944,4158,0.1772,
1944,9384,0.1772,
1944,7494,0.1765,
1944,6664,0.1762,
1944,1438,0.1759,
1945,312,0.2978,
1945,7195,0.2857,
1945,4299,0.2801,
1945,3840,0.275,
1945,3060,0.2748,
1945,7925,0.2725,
1945,882,0.2647,
1945,3871,0.2643,
1945,3941,0.2613,
1945,5467,0.2611,
1945,326,0.2603,
1945,5266,0.2599,
1945,9322,0.2569,
1945,4258,0.2553,
1945,4657,0.2549,
1945,5187,0.2531,
1945,3564,0.252,
1945,4788,0.2517,
1945,33,0.2503,
1945,8130,0.25,
1946,7784,0.2563,
1946,9213,0.2495,
1946,158,0.214,
1946,6785,0.202,
1946,5297,0.2003,
1946,5854,0.1963,
1946,3202,0.1942,
1946,8599,0.1939,
1946,9219,0.1925,
1946,7610,0.1892,
1946,3744,0.1891,
1946,1585,0.1889,
1946,7453,0.1843,
1946,8965,0.1841,
1946,2461,0.1837,
1946,2433,0.1824,
1946,2019,0.1801,
1946,8850,0.1793,
1946,8067,0.1782,
1946,2892,0.1755,
1947,1908,0.2233,
1947,7857,0.2196,
1947,455,0.2188,
1947,6174,0.2145,
1947,7825,0.21,
1947,4531,0.2096,
1947,249,0.2038,
1947,2732,0.2015,
1947,1,0.2003,
1947,4353,0.1995,
1947,5465,0.1992,
1947,1987,0.198,
1947,2795,0.1972,
1947,8673,0.197,
1947,4127,0.1968,
1947,7160,0.1957,
1947,2994,0.1949,
1947,6029,0.1942,
1947,2356,0.1936,
1947,7973,0.1929,
1948,736,0.2347,
1948,4057,0.2317,
1948,6613,0.229,
1948,8131,0.2159,
1948,6643,0.2156,
1948,3540,0.2154,
1948,5157,0.2133,
1948,3151,0.2118,
1948,2160,0.2083,
1948,3787,0.2075,
1948,66,0.2066,
1948,5789,0.2063,
1948,5223,0.2046,
1948,7346,0.2041,
1948,5094,0.2021,
1948,1438,0.2015,
1948,4744,0.2012,
1948,221,0.2001,
1948,5519,0.1991,
1948,5464,0.1986,
1949,307,0.1799,
1949,6803,0.1772,
1949,7633,0.177,
1949,4744,0.1727,
1949,5157,0.1657,
1949,1902,0.1633,
1949,3787,0.1602,
1949,1913,0.1601,
1949,453,0.1567,
1949,8746,0.155,
1949,7083,0.155,
1949,66,0.1526,
1949,5223,0.1523,
1949,6613,0.15,
1949,5081,0.1499,
1949,6643,0.1479,
1949,8679,0.1472,
1949,5109,0.1467,
1949,6442,0.1459,
1949,4889,0.1442,
1950,2724,0.1724,
1950,8374,0.1597,
1950,5708,0.1531,
1950,5106,0.1531,
1950,7613,0.1515,
1950,6940,0.1497,
1950,8600,0.1482,
1950,3743,0.1468,
1950,6430,0.1448,
1950,9267,0.1442,
1950,9234,0.1435,
1950,206,0.1434,
1950,239,0.1414,
1950,8571,0.1401,
1950,8476,0.1401,
1950,8079,0.1386,
1950,7728,0.1386,
1950,8267,0.1386,
1950,4057,0.1382,
1950,6104,0.138,
1951,736,0.2274,
1951,8131,0.2256,
1951,3540,0.2251,
1951,7633,0.2136,
1951,5465,0.2124,
1951,5223,0.2075,
1951,3787,0.1954,
1951,307,0.195,
1951,4256,0.1901,
1951,4744,0.1867,
1951,3151,0.1859,
1951,4093,0.1859,
1951,6643,0.1841,
1951,4514,0.1834,
1951,5094,0.1824,
1951,2770,0.1816,
1951,5708,0.1815,
1951,5344,0.1813,
1951,3794,0.181,
1951,3807,0.1806,
1963,3697,0.3259,
1963,3175,0.316,
1963,925,0.3108,
1963,8830,0.3103,
1963,6605,0.3085,
1963,5668,0.3083,
1963,2020,0.3063,
1963,7168,0.3037,
1963,6522,0.2981,
1963,4589,0.298,
1963,1674,0.2966,
1963,7601,0.2962,
1963,3637,0.2957,
1963,5671,0.2956,
1963,5808,0.295,
1963,8338,0.2947,
1963,7921,0.2936,
1963,8815,0.2925,
1963,5125,0.2917,
1963,5617,0.2915,
1952,8190,0.2977,
1952,8470,0.2851,
1952,8322,0.2781,
1952,3245,0.2762,
1952,5001,0.2735,
1952,4091,0.272,
1952,2080,0.2642,
1952,2643,0.2607,
1952,1127,0.2569,
1952,7964,0.2561,
1952,7558,0.2526,
1952,409,0.2517,
1952,7465,0.2498,
1952,3178,0.2467,
1952,5114,0.2458,
1952,3770,0.2442,
1952,8431,0.2394,
1952,1402,0.2391,
1952,5319,0.238,
1952,2919,0.2365,
1953,1330,0.1866,
1953,9273,0.1829,
1953,6835,0.1747,
1953,3516,0.1696,
1953,3202,0.1632,
1953,2837,0.162,
1953,9436,0.1604,
1953,78,0.1598,
1953,6904,0.159,
1953,8067,0.1585,
1953,7083,0.1545,
1953,8279,0.154,
1953,5189,0.1528,
1953,3917,0.1518,
1953,5168,0.1487,
1953,4403,0.1485,
1953,9441,0.1484,
1953,7977,0.1476,
1953,8834,0.1462,
1953,352,0.1452,
1954,5223,0.2159,
1954,5465,0.2157,
1954,1162,0.2111,
1954,4057,0.2105,
1954,455,0.2054,
1954,7824,0.2043,
1954,7633,0.2035,
1954,3039,0.2032,
1954,7724,0.2013,
1954,8192,0.2006,
1954,334,0.1991,
1954,7278,0.1967,
1954,9034,0.196,
1954,5189,0.193,
1954,918,0.1929,
1954,4127,0.192,
1954,4565,0.1913,
1954,4962,0.1912,
1954,6613,0.1905,
1954,1083,0.1896,
1955,4127,0.2036,
1955,1083,0.1933,
1955,7500,0.19,
1955,3516,0.1897,
1955,8282,0.1874,
1955,9247,0.1874,
1955,1913,0.187,
1955,9436,0.1862,
1955,4115,0.1856,
1955,8720,0.1844,
1955,616,0.1836,
1955,3552,0.1794,
1955,7079,0.1785,
1955,521,0.1774,
1955,5919,0.1764,
1955,3669,0.1747,
1955,8042,0.1747,
1955,5343,0.1742,
1955,5168,0.1731,
1955,3356,0.1731,
1956,4553,0.2257,
1956,355,0.2172,
1956,2175,0.2162,
1956,8905,0.2154,
1956,4565,0.2112,
1956,3417,0.2098,
1956,6474,0.2082,
1956,338,0.2078,
1956,8206,0.2076,
1956,3516,0.2057,
1956,7879,0.203,
1956,1127,0.2026,
1956,4523,0.2016,
1956,5165,0.2009,
1956,3057,0.1997,
1956,6433,0.1982,
1956,2566,0.1978,
1956,6376,0.1956,
1956,759,0.1945,
1956,3207,0.1934,
1957,8267,0.3292,
1957,5183,0.3076,
1957,9044,0.3036,
1957,6421,0.303,
1957,2510,0.3002,
1957,3598,0.2996,
1957,8375,0.299,
1957,5376,0.2984,
1957,3558,0.2977,
1957,1276,0.295,
1957,7648,0.2931,
1957,4209,0.2912,
1957,6575,0.291,
1957,1639,0.2904,
1957,7076,0.2893,
1957,3527,0.2889,
1957,6813,0.2864,
1957,2098,0.2857,
1957,4491,0.2847,
1957,8477,0.2821,
1958,2696,0.2715,
1958,3770,0.253,
1958,8005,0.2349,
1958,4158,0.2327,
1958,5375,0.2304,
1958,6740,0.2291,
1958,676,0.2282,
1958,7628,0.2272,
1958,6463,0.224,
1958,3455,0.2198,
1958,6941,0.2165,
1958,5909,0.2148,
1958,5779,0.2125,
1958,665,0.2113,
1958,9025,0.2103,
1958,3412,0.2085,
1958,6836,0.2059,
1958,7600,0.2016,
1958,2670,0.2005,
1958,468,0.1984,
1959,8054,0.2298,
1959,8284,0.2196,
1959,4223,0.2166,
1959,2467,0.2138,
1959,3815,0.2126,
1959,3097,0.2074,
1959,6386,0.2057,
1959,9288,0.2041,
1959,5010,0.2032,
1959,4818,0.2019,
1959,7879,0.2015,
1959,463,0.2015,
1959,9321,0.2003,
1959,7901,0.1985,
1959,2175,0.1982,
1959,4026,0.1958,
1959,8585,0.1958,
1959,8070,0.1955,
1959,2252,0.1953,
1959,4582,0.1937,
1960,8131,0.36,
1960,736,0.3507,
1960,3540,0.326,
1960,307,0.325,
1960,5583,0.3058,
1960,3787,0.2983,
1960,2361,0.2982,
1960,9407,0.2967,
1960,6614,0.2939,
1960,2006,0.2927,
1960,1028,0.2922,
1960,4514,0.2918,
1960,1545,0.2912,
1960,9388,0.2897,
1960,7140,0.2896,
1960,8746,0.2882,
1960,6066,0.2879,
1960,1771,0.2879,
1960,4252,0.2871,
1960,8662,0.2853,
1964,6164,0.3725,
1964,1763,0.362,
1964,4869,0.3533,
1964,3669,0.3516,
1964,6867,0.3464,
1964,2949,0.3451,
1964,5735,0.3436,
1964,8831,0.3433,
1964,729,0.3432,
1964,5737,0.3426,
1964,8042,0.342,
1964,3258,0.3418,
1964,9247,0.3417,
1964,7462,0.3416,
1964,1244,0.3412,
1964,4120,0.3412,
1964,8544,0.3392,
1964,4669,0.339,
1964,1956,0.3388,
1964,7184,0.3383,
1965,8804,0.2512,
1965,8834,0.248,
1965,7517,0.236,
1965,7512,0.2305,
1965,7747,0.2209,
1965,7486,0.2192,
1965,6563,0.2157,
1965,5189,0.2136,
1965,338,0.213,
1965,5681,0.2128,
1965,8115,0.2119,
1965,8530,0.2103,
1965,4231,0.2098,
1965,6021,0.2074,
1965,5330,0.2049,
1965,2856,0.2049,
1965,246,0.2047,
1965,2184,0.2031,
1965,6438,0.203,
1965,6715,0.2026,
1966,816,0.1565,
1966,8571,0.1489,
1966,6430,0.1414,
1966,896,0.1379,
1966,5343,0.1367,
1966,2394,0.1346,
1966,5011,0.1344,
1966,1704,0.1338,
1966,2164,0.1324,
1966,2109,0.1323,
1966,4274,0.1322,
1966,1902,0.1309,
1966,5970,0.1308,
1966,5967,0.1298,
1966,9171,0.1295,
1966,2401,0.1289,
1966,5822,0.1288,
1966,1081,0.1283,
1966,2449,0.1279,
1966,8968,0.1277,
1967,7274,0.2198,
1967,3238,0.2173,
1967,4127,0.2153,
1967,1337,0.2152,
1967,5604,0.2141,
1967,9115,0.2121,
1967,3039,0.21,
1967,8192,0.2098,
1967,7606,0.2097,
1967,4819,0.2049,
1967,355,0.2039,
1967,3273,0.2026,
1967,4428,0.2026,
1967,217,0.202,
1967,759,0.2019,
1967,7558,0.1998,
1967,2255,0.1996,
1967,3733,0.1985,
1967,6835,0.1983,
1967,2461,0.1982,
1968,307,0.2818,
1968,4291,0.2636,
1968,3066,0.2632,
1968,736,0.2602,
1968,3540,0.2524,
1968,433,0.2498,
1968,5727,0.2487,
1968,3787,0.2471,
1968,8131,0.2461,
1968,2160,0.2426,
1968,5519,0.2375,
1968,2770,0.237,
1968,5743,0.2354,
1968,3457,0.2349,
1968,3794,0.2329,
1968,3151,0.2325,
1968,3050,0.2321,
1968,4256,0.2313,
1968,5583,0.2312,
1968,8679,0.2302,
1969,7879,0.1889,
1969,5642,0.1823,
1969,2175,0.1817,
1969,4553,0.1783,
1969,6433,0.1768,
1969,4523,0.1727,
1969,6613,0.1714,
1969,5165,0.1692,
1969,4057,0.1674,
1969,3417,0.1671,
1969,8206,0.1663,
1969,338,0.1645,
1969,7273,0.1644,
1969,4582,0.1642,
1969,8834,0.1625,
1969,2926,0.1603,
1969,2629,0.1598,
1969,4286,0.1594,
1969,4442,0.1579,
1969,2764,0.1578,
1970,8792,0.1278,
1970,9267,0.1269,
1970,8834,0.1197,
1970,8592,0.1165,
1970,492,0.1125,
1970,5335,0.1099,
1970,6192,0.1096,
1970,4563,0.1095,
1970,841,0.1085,
1970,6053,0.1066,
1970,1907,0.1062,
1970,927,0.1059,
1970,6038,0.1056,
1970,8070,0.1053,
1970,733,0.1052,
1970,4919,0.1052,
1970,2103,0.1046,
1970,6839,0.1046,
1970,1548,0.1044,
1970,3379,0.1042,
1971,8905,0.2117,
1971,6376,0.2026,
1971,754,0.2001,
1971,9034,0.1997,
1971,3057,0.1988,
1971,4553,0.1986,
1971,7523,0.1985,
1971,3207,0.1982,
1971,3864,0.1977,
1971,9366,0.1969,
1971,8481,0.1967,
1971,334,0.1959,
1971,1859,0.1945,
1971,5165,0.1941,
1971,5356,0.1937,
1971,6754,0.1929,
1971,7923,0.1918,
1971,1162,0.1917,
1971,8192,0.1911,
1971,355,0.1903,
1972,8481,0.1895,
1972,6064,0.1893,
1972,5450,0.1882,
1972,9366,0.1871,
1972,967,0.186,
1972,7606,0.1852,
1972,9034,0.1842,
1972,6781,0.1827,
1972,7317,0.1819,
1972,980,0.1812,
1972,6818,0.1807,
1972,334,0.1792,
1972,1859,0.179,
1972,5397,0.1779,
1972,3864,0.1777,
1972,6942,0.1774,
1972,7923,0.1774,
1972,4962,0.1765,
1972,3630,0.1753,
1972,5246,0.1743,
1973,2764,0.2042,
1973,9436,0.2003,
1973,6472,0.1868,
1973,338,0.186,
1973,4340,0.1853,
1973,1913,0.185,
1973,3074,0.1824,
1973,6021,0.1801,
1973,1359,0.1799,
1973,4041,0.1794,
1973,6835,0.1756,
1973,6940,0.1749,
1973,6444,0.1745,
1973,3202,0.1739,
1973,2255,0.1736,
1973,5619,0.1728,
1973,6701,0.1723,
1973,3189,0.1717,
1973,8769,0.1714,
1973,616,0.1711,
1974,1902,0.2268,
1974,5343,0.2258,
1974,5967,0.2224,
1974,1913,0.2159,
1974,2385,0.2138,
1974,3202,0.2137,
1974,1704,0.2116,
1974,2837,0.2104,
1974,9273,0.2056,
1974,3749,0.2016,
1974,4127,0.2002,
1974,5594,0.2001,
1974,587,0.1974,
1974,1054,0.1948,
1974,2091,0.1912,
1974,7453,0.1903,
1974,6803,0.1902,
1974,6225,0.19,
1974,2433,0.1889,
1974,1167,0.1879,
1975,9062,0.3198,
1975,8769,0.2937,
1975,8118,0.2843,
1975,4158,0.2738,
1975,2331,0.2672,
1975,3432,0.2669,
1975,6442,0.2664,
1975,1858,0.2659,
1975,6627,0.2652,
1975,7051,0.2636,
1975,7568,0.2587,
1975,7086,0.2564,
1975,4831,0.2503,
1975,4682,0.25,
1975,8693,0.2479,
1975,7070,0.2473,
1975,8612,0.2471,
1975,4035,0.2459,
1975,8273,0.2454,
1975,8067,0.2436,
1976,6444,0.2609,
1976,8036,0.2495,
1976,4848,0.2469,
1976,6104,0.24,
1976,9184,0.2308,
1976,4041,0.2287,
1976,1639,0.2259,
1976,846,0.2257,
1976,2255,0.2243,
1976,4622,0.2231,
1976,8202,0.2181,
1976,5344,0.2172,
1976,3568,0.2167,
1976,6570,0.2165,
1976,8888,0.2162,
1976,2979,0.216,
1976,5882,0.2145,
1976,3039,0.2141,
1976,6472,0.2121,
1976,4892,0.2115,
1978,1636,0.4084,
1978,5590,0.4061,
1978,6472,0.404,
1978,6940,0.3995,
1978,95,0.3985,
1978,6701,0.3869,
1978,2972,0.3857,
1978,3261,0.3851,
1978,7132,0.3848,
1978,9070,0.3842,
1978,7155,0.3826,
1978,8769,0.3811,
1978,5761,0.3808,
1978,8118,0.38,
1978,8978,0.3795,
1978,4317,0.3793,
1978,5176,0.379,
1978,1869,0.3785,
1978,8856,0.3761,
1978,5113,0.3757,
1979,3279,0.2672,
1979,4210,0.2609,
1979,5904,0.2517,
1979,3695,0.2453,
1979,5055,0.2441,
1979,7567,0.2427,
1979,7832,0.2415,
1979,2326,0.2407,
1979,154,0.2398,
1979,7334,0.2367,
1979,1379,0.2346,
1979,777,0.2333,
1979,5796,0.2285,
1979,6433,0.2275,
1979,1227,0.2275,
1979,654,0.2265,
1979,2161,0.2263,
1979,6382,0.226,
1979,900,0.2255,
1979,1792,0.2249,
1980,486,0.2987,
1980,7967,0.2593,
1980,6475,0.2555,
1980,8983,0.2549,
1980,7500,0.2525,
1980,589,0.2502,
1980,7430,0.2441,
1980,3442,0.2406,
1980,2653,0.2383,
1980,8436,0.2362,
1980,7874,0.235,
1980,918,0.2342,
1980,9366,0.2341,
1980,4963,0.2325,
1980,8925,0.23,
1980,6161,0.2267,
1980,5439,0.2262,
1980,5562,0.226,
1980,6461,0.2235,
1980,4979,0.2233,
1981,9062,0.3033,
1981,8067,0.3028,
1981,8769,0.2948,
1981,8433,0.285,
1981,6701,0.2846,
1981,5943,0.2799,
1981,6430,0.2686,
1981,4041,0.2665,
1981,6127,0.2654,
1981,6940,0.2626,
1981,8763,0.2619,
1981,6472,0.2595,
1981,1858,0.2595,
1981,2060,0.2583,
1981,2019,0.2571,
1981,3349,0.2563,
1981,7371,0.2558,
1981,3989,0.2548,
1981,5877,0.254,
1981,1846,0.2536,
1982,6472,0.2466,
1982,2019,0.2299,
1982,896,0.2278,
1982,6940,0.2185,
1982,5900,0.2133,
1982,3693,0.2127,
1982,1209,0.2126,
1982,3575,0.2119,
1982,5761,0.2103,
1982,3261,0.21,
1982,5684,0.2097,
1982,6824,0.2094,
1982,4364,0.2091,
1982,5636,0.209,
1982,5703,0.209,
1982,3085,0.2087,
1982,4263,0.2085,
1982,8078,0.2079,
1982,8079,0.2078,
1982,3094,0.207,
2006,7977,0.1856,
2006,5779,0.1827,
2006,9223,0.1757,
2006,5048,0.1676,
2006,4189,0.1674,
2006,3345,0.1637,
2006,3036,0.1597,
2006,616,0.159,
2006,1341,0.158,
2006,164,0.1575,
2006,5109,0.1573,
2006,1330,0.157,
2006,4041,0.1562,
2006,9273,0.1558,
2006,5085,0.153,
2006,15,0.1524,
2006,736,0.1505,
2006,6221,0.1498,
2006,5882,0.1496,
2006,155,0.1486,
1983,9062,0.2447,
1983,6627,0.2442,
1983,7086,0.2335,
1983,4582,0.2206,
1983,8130,0.2186,
1983,7824,0.2175,
1983,4682,0.2153,
1983,3840,0.2146,
1983,2461,0.2121,
1983,7231,0.2119,
1983,7195,0.2117,
1983,2331,0.2088,
1983,5223,0.2075,
1983,7070,0.2068,
1983,8067,0.2066,
1983,1083,0.205,
1983,7371,0.2043,
1983,4299,0.2042,
1983,7278,0.2039,
1983,8612,0.2033,
1984,1908,0.2623,
1984,7825,0.2472,
1984,6174,0.2397,
1984,2356,0.2362,
1984,7613,0.2333,
1984,399,0.2302,
1984,3989,0.2291,
1984,5533,0.2277,
1984,5741,0.2267,
1984,7973,0.2261,
1984,6807,0.2245,
1984,2663,0.2243,
1984,8440,0.2241,
1984,5894,0.2241,
1984,82,0.2214,
1984,3977,0.2213,
1984,3440,0.2207,
1984,7870,0.2199,
1984,5412,0.2192,
1984,4531,0.2174,
1985,6627,0.2696,
1985,9062,0.2512,
1985,7070,0.2282,
1985,7051,0.2277,
1985,9309,0.2268,
1985,5563,0.2229,
1985,3693,0.2203,
1985,8769,0.215,
1985,7702,0.2138,
1985,3432,0.2117,
1985,5261,0.2106,
1985,2696,0.2101,
1985,8888,0.2096,
1985,1972,0.2076,
1985,7568,0.2057,
1985,3842,0.2022,
1985,2461,0.2022,
1985,3170,0.2021,
1985,1931,0.2013,
1985,8184,0.2004,
1986,4531,0.273,
1986,4168,0.2621,
1986,6009,0.2522,
1986,5183,0.251,
1986,6104,0.2489,
1986,1639,0.2485,
1986,6174,0.2439,
1986,3558,0.2397,
1986,1276,0.2396,
1986,7782,0.2291,
1986,3527,0.2288,
1986,8771,0.2285,
1986,8477,0.2272,
1986,8267,0.226,
1986,6421,0.2247,
1986,4209,0.2235,
1986,5376,0.2232,
1986,6951,0.2221,
1986,7493,0.2211,
1986,2098,0.2211,
1987,8834,0.2415,
1987,9436,0.2387,
1987,3516,0.2337,
1987,5189,0.2246,
1987,1083,0.2233,
1987,7824,0.2189,
1987,8184,0.2141,
1987,4127,0.2111,
1987,1054,0.2075,
1987,7879,0.2057,
1987,455,0.2052,
1987,5563,0.2044,
1987,2175,0.2031,
1987,1207,0.2008,
1987,7628,0.1981,
1987,4582,0.1904,
1987,6835,0.188,
1987,355,0.1875,
1987,3989,0.1874,
1987,338,0.187,
1988,4736,0.4399,
1988,5089,0.4354,
1988,7662,0.3816,
1988,7765,0.3774,
1988,5932,0.3748,
1988,2714,0.3713,
1988,8653,0.3711,
1988,56,0.3697,
1988,6100,0.3622,
1988,8410,0.362,
1988,3260,0.3559,
1988,5754,0.3542,
1988,6896,0.354,
1988,4013,0.3522,
1988,9161,0.3516,
1988,1407,0.3512,
1988,5510,0.348,
1988,7104,0.3466,
1988,7277,0.3459,
1988,1309,0.3446,
1989,8769,0.2525,
1989,1858,0.2466,
1989,8433,0.2326,
1989,9062,0.232,
1989,6701,0.2289,
1989,4831,0.228,
1989,9384,0.2242,
1989,6444,0.2225,
1989,8118,0.2215,
1989,8273,0.2193,
1989,919,0.2189,
1989,6442,0.2175,
1989,2053,0.2152,
1989,9447,0.2148,
1989,1318,0.2139,
1989,6430,0.2116,
1989,5943,0.2115,
1989,4041,0.2109,
1989,2764,0.2106,
1989,4819,0.2075,
1990,9273,0.2227,
1990,3516,0.2154,
1990,6803,0.2054,
1990,3202,0.19,
1990,2837,0.1839,
1990,4057,0.1782,
1990,9436,0.1768,
1990,1054,0.1726,
1990,736,0.1724,
1990,5919,0.1713,
1990,1083,0.1711,
1990,5343,0.1693,
1990,5967,0.1691,
1990,1913,0.1685,
1990,2433,0.1677,
1990,7453,0.1676,
1990,5619,0.1673,
1990,3346,0.1672,
1990,1022,0.167,
1990,7586,0.1665,
1991,3500,0.2474,
1991,7782,0.2441,
1991,2175,0.2433,
1991,7825,0.2425,
1991,3815,0.2392,
1991,1490,0.2374,
1991,1206,0.2368,
1991,8087,0.2354,
1991,5189,0.2319,
1991,7973,0.2319,
1991,4810,0.2285,
1991,7879,0.2277,
1991,285,0.2263,
1991,8267,0.2246,
1991,1204,0.222,
1991,5183,0.2218,
1991,4620,0.2217,
1991,4582,0.2198,
1991,4751,0.2193,
1991,6212,0.2192,
1992,1859,0.2679,
1992,846,0.26,
1992,5356,0.2552,
1992,5413,0.2519,
1992,1162,0.2517,
1992,3245,0.2492,
1992,7964,0.2477,
1992,334,0.2463,
1992,3864,0.2449,
1992,8192,0.2446,
1992,9034,0.2442,
1992,5344,0.244,
1992,4962,0.2401,
1992,5397,0.24,
1992,967,0.239,
1992,7317,0.2373,
1992,4848,0.2373,
1992,7923,0.2366,
1992,8190,0.2361,
1992,9184,0.2359,
1993,4114,0.1313,
1993,2953,0.1294,
1993,7414,0.1233,
1993,5189,0.1233,
1993,1427,0.1223,
1993,7252,0.1222,
1993,8439,0.1219,
1993,8592,0.1209,
1993,5905,0.1206,
1993,6997,0.1198,
1993,7737,0.119,
1993,794,0.1174,
1993,2974,0.117,
1993,6748,0.1164,
1993,8992,0.1156,
1993,3385,0.1156,
1993,5192,0.1155,
1993,2185,0.1155,
1993,4058,0.1152,
1993,5984,0.1151,
1994,338,0.2318,
1994,7879,0.2228,
1994,3356,0.2205,
1994,9436,0.2162,
1994,6504,0.2144,
1994,8834,0.2126,
1994,1000,0.2097,
1994,4237,0.2087,
1994,2764,0.2065,
1994,8130,0.2043,
1994,7195,0.2038,
1994,616,0.203,
1994,7371,0.2017,
1994,3563,0.2007,
1994,3039,0.2005,
1994,3345,0.1993,
1994,4041,0.1972,
1994,8481,0.1972,
1994,9288,0.1972,
1994,965,0.1971,
1995,3516,0.2101,
1995,9436,0.1962,
1995,7083,0.1854,
1995,5189,0.1707,
1995,606,0.1665,
1995,6835,0.1648,
1995,5168,0.1627,
1995,7737,0.1625,
1995,6997,0.1611,
1995,9441,0.1609,
1995,2175,0.1602,
1995,5919,0.1595,
1995,4114,0.1575,
1995,5984,0.1548,
1995,8439,0.1543,
1995,4565,0.1542,
1995,8992,0.1539,
1995,8834,0.1538,
1995,6478,0.1504,
1995,1488,0.1498,
1996,8834,0.2295,
1996,6174,0.2252,
1996,338,0.2147,
1996,3770,0.2147,
1996,455,0.2119,
1996,6613,0.2105,
1996,3840,0.2051,
1996,282,0.205,
1996,7824,0.2039,
1996,8322,0.2022,
1996,9436,0.2021,
1996,7195,0.2009,
1996,1162,0.2007,
1996,4158,0.1996,
1996,334,0.1992,
1996,8192,0.1991,
1996,4299,0.1984,
1996,5465,0.1983,
1996,7870,0.1975,
1996,5189,0.1954,
1997,3489,0.2794,
1997,2687,0.2794,
1997,5554,0.2783,
1997,8579,0.2762,
1997,8720,0.2759,
1997,8620,0.2731,
1997,5122,0.2719,
1997,3552,0.2674,
1997,4547,0.2654,
1997,4074,0.2627,
1997,2911,0.2609,
1997,627,0.2593,
1997,9032,0.2571,
1997,5543,0.257,
1997,8836,0.2567,
1997,5790,0.2562,
1997,3650,0.2558,
1997,4058,0.2554,
1997,248,0.254,
1997,4302,0.2531,
1998,1908,0.2669,
1998,1207,0.2371,
1998,8834,0.2355,
1998,7824,0.2349,
1998,6174,0.2321,
1998,282,0.226,
1998,4531,0.2237,
1998,8322,0.2214,
1998,4353,0.2148,
1998,2663,0.2116,
1998,7486,0.2114,
1998,7973,0.209,
1998,2436,0.2084,
1998,6960,0.2071,
1998,7638,0.2062,
1998,1962,0.2061,
1998,4566,0.205,
1998,492,0.205,
1998,1909,0.2042,
1998,5189,0.2029,
1999,3207,0.224,
1999,8905,0.2088,
1999,3057,0.2009,
1999,3920,0.1941,
1999,4512,0.1898,
1999,4553,0.1852,
1999,5438,0.1848,
1999,6321,0.1821,
1999,5999,0.181,
1999,2566,0.1797,
1999,6474,0.1793,
1999,6376,0.1787,
1999,3436,0.1776,
1999,872,0.1766,
1999,754,0.1763,
1999,2127,0.1752,
1999,2874,0.1748,
1999,7523,0.1737,
1999,5659,0.1712,
1999,355,0.1711,
2032,919,0.2047,
2032,6940,0.1902,
2032,5868,0.1893,
2032,6444,0.1778,
2032,6701,0.1744,
2032,6127,0.1731,
2032,2053,0.1705,
2032,8276,0.1685,
2032,3003,0.1685,
2032,7132,0.1675,
2032,4263,0.1659,
2032,3261,0.1645,
2032,534,0.1644,
2032,1636,0.1641,
2032,7987,0.1635,
2032,2764,0.1633,
2032,5590,0.1632,
2032,8079,0.1621,
2032,7155,0.1621,
2032,2615,0.1616,
2033,307,0.254,
2033,4291,0.2465,
2033,433,0.2438,
2033,3066,0.2374,
2033,5727,0.2308,
2033,3540,0.2305,
2033,2770,0.2296,
2033,736,0.2288,
2033,7633,0.2288,
2033,8131,0.2261,
2033,3787,0.2259,
2033,8679,0.2247,
2033,5519,0.2229,
2033,5583,0.2219,
2033,6613,0.2203,
2033,2160,0.22,
2033,3457,0.22,
2033,6973,0.2192,
2033,8600,0.2171,
2033,2145,0.2171,
2034,334,0.1948,
2034,967,0.1924,
2034,1859,0.1903,
2034,9366,0.188,
2034,5450,0.1875,
2034,980,0.1856,
2034,3864,0.1853,
2034,7923,0.1852,
2034,1162,0.183,
2034,8481,0.1816,
2034,6781,0.181,
2034,7317,0.1801,
2034,5397,0.1799,
2034,8192,0.1789,
2034,6754,0.1783,
2034,9034,0.178,
2034,4962,0.1774,
2034,5246,0.1768,
2034,6818,0.1766,
2034,6064,0.1753,
2000,320,0.3199,
2000,6174,0.3194,
2000,4531,0.3109,
2000,7870,0.31,
2000,282,0.3074,
2000,1909,0.303,
2000,6807,0.299,
2000,9062,0.2951,
2000,1908,0.2947,
2000,1962,0.2921,
2000,7824,0.2919,
2000,2663,0.2876,
2000,92,0.2867,
2000,8067,0.2859,
2000,1355,0.2838,
2000,4383,0.2831,
2000,4158,0.2822,
2000,3977,0.2819,
2000,291,0.2812,
2000,8834,0.2804,
2001,4682,0.3068,
2001,9062,0.3044,
2001,3432,0.2818,
2001,5261,0.2685,
2001,7568,0.2636,
2001,8612,0.262,
2001,6627,0.2576,
2001,8005,0.2522,
2001,7070,0.2514,
2001,7126,0.2444,
2001,2331,0.2401,
2001,2361,0.2376,
2001,307,0.2346,
2001,7375,0.2322,
2001,7051,0.2314,
2001,6614,0.2292,
2001,5583,0.2246,
2001,7231,0.2245,
2001,5609,0.2193,
2001,8693,0.2178,
2002,6444,0.2548,
2002,4848,0.2328,
2002,5413,0.2289,
2002,919,0.2217,
2002,846,0.2179,
2002,8438,0.2135,
2002,8202,0.2129,
2002,885,0.2076,
2002,2979,0.2076,
2002,4720,0.2075,
2002,9184,0.2072,
2002,501,0.2065,
2002,5344,0.2052,
2002,3568,0.2049,
2002,5777,0.202,
2002,6570,0.2008,
2002,4892,0.1997,
2002,2053,0.1989,
2002,1311,0.1984,
2002,952,0.1964,
2003,821,0.2321,
2003,3506,0.2195,
2003,9431,0.2155,
2003,3259,0.2134,
2003,78,0.2088,
2003,6173,0.2085,
2003,3816,0.1991,
2003,6160,0.1986,
2003,8163,0.1981,
2003,8843,0.1981,
2003,469,0.1971,
2003,2079,0.1953,
2003,3219,0.1935,
2003,7514,0.1905,
2003,3114,0.1891,
2003,4291,0.1881,
2003,2643,0.1873,
2003,1629,0.1872,
2003,295,0.1862,
2003,4225,0.1837,
2004,9309,0.183,
2004,3693,0.1762,
2004,7278,0.1715,
2004,7724,0.171,
2004,749,0.1696,
2004,2573,0.1689,
2004,4622,0.1678,
2004,8875,0.1672,
2004,7702,0.1648,
2004,3170,0.1645,
2004,5223,0.1612,
2004,1972,0.161,
2004,1629,0.1577,
2004,5236,0.156,
2004,1696,0.1545,
2004,5563,0.1531,
2004,364,0.1529,
2004,5753,0.1527,
2004,4670,0.1525,
2004,7634,0.1521,
2035,5223,0.1938,
2035,6613,0.1935,
2035,1083,0.1912,
2035,9436,0.1872,
2035,4682,0.1856,
2035,4057,0.1822,
2035,2461,0.1817,
2035,3516,0.1794,
2035,7126,0.1782,
2035,9394,0.1727,
2035,1438,0.1725,
2035,6643,0.1696,
2035,66,0.1682,
2035,6998,0.1669,
2035,4622,0.1659,
2035,6614,0.1652,
2035,5168,0.1641,
2035,3744,0.1634,
2035,5919,0.1632,
2035,7824,0.1625,
2007,3787,0.3528,
2007,5583,0.3492,
2007,6614,0.3485,
2007,4514,0.3443,
2007,4275,0.337,
2007,5901,0.3289,
2007,2158,0.3286,
2007,2361,0.3285,
2007,307,0.3259,
2007,473,0.3245,
2007,8374,0.3235,
2007,9452,0.3223,
2007,8662,0.3192,
2007,2351,0.3192,
2007,221,0.3185,
2007,5223,0.3176,
2007,5548,0.3174,
2007,6849,0.3171,
2007,983,0.3166,
2007,2160,0.3164,
2008,520,0.3435,
2008,7462,0.3361,
2008,5737,0.3233,
2008,7036,0.3225,
2008,9017,0.3212,
2008,3304,0.3197,
2008,1279,0.3185,
2008,1956,0.3174,
2008,1626,0.3167,
2008,8480,0.3163,
2008,6603,0.314,
2008,3240,0.3139,
2008,4407,0.3134,
2008,8476,0.3133,
2008,5166,0.3127,
2008,3833,0.3121,
2008,585,0.312,
2008,1937,0.3115,
2008,3431,0.3115,
2008,943,0.3113,
2009,155,0.2253,
2009,8978,0.2127,
2009,4652,0.2042,
2009,9246,0.2013,
2009,2401,0.2009,
2009,8968,0.199,
2009,9447,0.1982,
2009,1292,0.1899,
2009,1636,0.1895,
2009,5590,0.1885,
2009,2418,0.1881,
2009,8118,0.1879,
2009,6517,0.1874,
2009,5511,0.1866,
2009,5492,0.1864,
2009,8500,0.1854,
2009,7901,0.1849,
2009,7628,0.1843,
2009,5761,0.1838,
2009,1054,0.1832,
2010,9062,0.2146,
2010,8612,0.2007,
2010,2461,0.1952,
2010,6627,0.1951,
2010,4682,0.1947,
2010,7070,0.1841,
2010,3840,0.1829,
2010,7195,0.1819,
2010,3432,0.1756,
2010,8192,0.1755,
2010,1162,0.1752,
2010,455,0.1738,
2010,4127,0.1735,
2010,5465,0.1735,
2010,4299,0.1703,
2010,4543,0.1694,
2010,334,0.1692,
2010,5261,0.169,
2010,8005,0.1668,
2010,7628,0.1665,
2011,338,0.1687,
2011,9436,0.1615,
2011,3516,0.1567,
2011,8834,0.1565,
2011,5668,0.1549,
2011,7512,0.1511,
2011,4565,0.1501,
2011,6835,0.1487,
2011,2629,0.147,
2011,6613,0.1468,
2011,3637,0.1467,
2011,3697,0.1462,
2011,4377,0.1462,
2011,4237,0.1451,
2011,5189,0.1451,
2011,6864,0.1448,
2011,3506,0.1439,
2011,2859,0.1438,
2011,7495,0.1435,
2011,4057,0.1424,
2036,7824,0.2458,
2036,6996,0.2367,
2036,6174,0.2129,
2036,4531,0.2127,
2036,7983,0.212,
2036,8322,0.2082,
2036,9062,0.2066,
2036,4158,0.2059,
2036,5563,0.2057,
2036,1444,0.2057,
2036,4421,0.2049,
2036,7870,0.2044,
2036,8888,0.2039,
2036,3147,0.2035,
2036,2877,0.203,
2036,5030,0.2018,
2036,282,0.1998,
2036,5183,0.1996,
2036,8067,0.1996,
2036,5238,0.1965,
2012,5761,0.2772,
2012,3074,0.2746,
2012,6104,0.2672,
2012,6472,0.2638,
2012,1576,0.263,
2012,8118,0.2621,
2012,4240,0.2615,
2012,8806,0.2612,
2012,9070,0.2611,
2012,5176,0.2604,
2012,4756,0.2578,
2012,3261,0.2572,
2012,4628,0.256,
2012,945,0.2557,
2012,5213,0.2557,
2012,7200,0.2552,
2012,5422,0.2551,
2012,7207,0.2539,
2012,1636,0.2529,
2012,6127,0.2523,
2013,1330,0.2243,
2013,736,0.2171,
2013,8067,0.2032,
2013,3540,0.2024,
2013,8131,0.1942,
2013,6904,0.1924,
2013,9273,0.1911,
2013,8374,0.1854,
2013,2724,0.1773,
2013,3202,0.1767,
2013,5344,0.1692,
2013,2837,0.1671,
2013,4607,0.167,
2013,4189,0.1664,
2013,5106,0.1662,
2013,5048,0.1635,
2013,630,0.1631,
2013,3787,0.1619,
2013,307,0.1617,
2013,5708,0.1592,
2014,4223,0.3453,
2014,5921,0.3238,
2014,6212,0.3124,
2014,7044,0.3115,
2014,8054,0.3091,
2014,3640,0.2961,
2014,9321,0.2938,
2014,8585,0.2922,
2014,2239,0.2882,
2014,8087,0.2866,
2014,409,0.284,
2014,4401,0.2789,
2014,3105,0.277,
2014,2252,0.2735,
2014,2156,0.2733,
2014,3107,0.2731,
2014,3815,0.27,
2014,5973,0.2692,
2014,7049,0.2674,
2014,909,0.2661,
2015,4275,0.4093,
2015,307,0.4041,
2015,2158,0.3957,
2015,2361,0.3902,
2015,5583,0.3873,
2015,6614,0.387,
2015,2351,0.3775,
2015,5773,0.3774,
2015,5548,0.3759,
2015,9452,0.3759,
2015,7447,0.3748,
2015,7853,0.3735,
2015,2875,0.3723,
2015,983,0.3719,
2015,9135,0.3709,
2015,5538,0.3708,
2015,2606,0.3708,
2015,5969,0.3705,
2015,8145,0.3702,
2015,1398,0.3697,
2016,3268,0.2722,
2016,5190,0.2718,
2016,2873,0.2689,
2016,5125,0.2629,
2016,1828,0.2622,
2016,6180,0.2611,
2016,2020,0.2604,
2016,4589,0.258,
2016,3517,0.258,
2016,2092,0.2569,
2016,5608,0.2558,
2016,5217,0.255,
2016,8815,0.2549,
2016,547,0.2528,
2016,8317,0.2526,
2016,3355,0.2524,
2016,1127,0.2517,
2016,7961,0.2512,
2016,8338,0.2511,
2016,8103,0.251,
2017,5157,0.2125,
2017,7083,0.2066,
2017,6803,0.2036,
2017,307,0.2001,
2017,5223,0.1924,
2017,1083,0.1886,
2017,5716,0.1857,
2017,4514,0.1827,
2017,6996,0.1794,
2017,6442,0.1757,
2017,7633,0.1757,
2017,1054,0.1748,
2017,7992,0.1746,
2017,5967,0.174,
2017,8374,0.1711,
2017,3787,0.1709,
2017,5106,0.17,
2017,3489,0.1697,
2017,5583,0.1694,
2017,562,0.1693,
2018,7371,0.2381,
2018,7195,0.2307,
2018,4299,0.2127,
2018,8118,0.2121,
2018,3840,0.2102,
2018,7628,0.2078,
2018,882,0.2051,
2018,3060,0.2038,
2018,3871,0.2023,
2018,5467,0.2012,
2018,9322,0.2,
2018,3941,0.1991,
2018,326,0.1988,
2018,5266,0.1983,
2018,3564,0.1981,
2018,4258,0.1981,
2018,4657,0.1962,
2018,4158,0.1945,
2018,5187,0.1943,
2018,7925,0.1939,
2067,3151,0.2004,
2067,6613,0.1986,
2067,4057,0.1982,
2067,215,0.1979,
2067,2302,0.1954,
2067,8042,0.1884,
2067,2847,0.1838,
2067,6164,0.1829,
2067,5283,0.18,
2067,3172,0.1786,
2067,3807,0.1784,
2067,8600,0.1777,
2067,5583,0.1775,
2067,8834,0.1758,
2067,8028,0.1755,
2067,5189,0.1751,
2067,8679,0.1746,
2067,3457,0.1733,
2067,7801,0.173,
2067,2145,0.1718,
2019,4819,0.2325,
2019,8190,0.2286,
2019,2255,0.2265,
2019,5465,0.2215,
2019,1809,0.2205,
2019,8470,0.2195,
2019,918,0.2176,
2019,455,0.2175,
2019,3517,0.2166,
2019,8322,0.2145,
2019,7312,0.2142,
2019,8431,0.2129,
2019,1337,0.2111,
2019,4127,0.2091,
2019,3074,0.2082,
2019,4091,0.2065,
2019,3039,0.2064,
2019,8983,0.205,
2019,3506,0.2036,
2019,7836,0.2024,
2020,6100,0.2735,
2020,4115,0.2569,
2020,5173,0.2493,
2020,99,0.2417,
2020,6716,0.2366,
2020,4736,0.2338,
2020,6248,0.2324,
2020,149,0.2319,
2020,3156,0.2314,
2020,9364,0.2307,
2020,9425,0.2265,
2020,2305,0.2258,
2020,9209,0.2247,
2020,4312,0.2233,
2020,7651,0.2191,
2020,2116,0.219,
2020,9457,0.2185,
2020,8946,0.2182,
2020,8410,0.2167,
2020,5932,0.2162,
2021,3516,0.208,
2021,5619,0.1868,
2021,9436,0.1834,
2021,2330,0.1819,
2021,1081,0.1803,
2021,4403,0.1792,
2021,1806,0.1791,
2021,5017,0.1787,
2021,7083,0.1786,
2021,5011,0.1785,
2021,441,0.1782,
2021,4886,0.1765,
2021,8996,0.1759,
2021,1303,0.1755,
2021,8794,0.1752,
2021,9192,0.1748,
2021,9285,0.1743,
2021,4544,0.1739,
2021,544,0.1739,
2021,7163,0.1737,
2022,9062,0.2243,
2022,8769,0.2238,
2022,8433,0.2108,
2022,919,0.2108,
2022,1858,0.2107,
2022,6430,0.2,
2022,7273,0.1984,
2022,6701,0.198,
2022,6442,0.1976,
2022,5990,0.1962,
2022,3039,0.1955,
2022,9384,0.1947,
2022,4831,0.1938,
2022,6444,0.1934,
2022,8067,0.1919,
2022,8118,0.1909,
2022,8273,0.1901,
2022,2053,0.1894,
2022,5943,0.1868,
2022,7051,0.1856,
2023,9062,0.2766,
2023,5882,0.234,
2023,8067,0.2333,
2023,1931,0.2253,
2023,2663,0.2248,
2023,4299,0.2246,
2023,291,0.222,
2023,215,0.2186,
2023,8834,0.218,
2023,7870,0.2155,
2023,1207,0.2155,
2023,7925,0.2153,
2023,1908,0.2141,
2023,7824,0.2126,
2023,3840,0.2122,
2023,5189,0.2118,
2023,312,0.2109,
2023,7883,0.2109,
2023,282,0.2104,
2023,6183,0.2084,
2068,7782,0.3782,
2068,5183,0.3763,
2068,1639,0.3647,
2068,1276,0.3642,
2068,3558,0.364,
2068,3973,0.3622,
2068,7076,0.3607,
2068,8267,0.3595,
2068,3527,0.3588,
2068,4209,0.3584,
2068,2862,0.3577,
2068,9044,0.357,
2068,6421,0.3556,
2068,2098,0.3553,
2068,5376,0.3547,
2068,6813,0.352,
2068,8375,0.3499,
2068,478,0.3498,
2068,7493,0.3494,
2068,3038,0.3488,
2069,3989,0.2142,
2069,8978,0.2039,
2069,2006,0.1979,
2069,5559,0.1847,
2069,6104,0.1846,
2069,6444,0.1815,
2069,5794,0.1799,
2069,2473,0.1782,
2069,5779,0.1781,
2069,15,0.1773,
2069,2418,0.1758,
2069,2923,0.1743,
2069,5774,0.1723,
2069,4364,0.1715,
2069,8267,0.17,
2069,7633,0.1684,
2069,5344,0.1666,
2069,9445,0.1658,
2069,7380,0.1648,
2069,2770,0.1625,
2070,1859,0.2895,
2070,8557,0.2836,
2070,432,0.2819,
2070,7964,0.2814,
2070,7462,0.2714,
2070,5098,0.2646,
2070,3864,0.2589,
2070,6786,0.2578,
2070,5356,0.2577,
2070,1856,0.2559,
2070,9012,0.2539,
2070,4894,0.2536,
2070,3669,0.2535,
2070,334,0.2531,
2070,6083,0.2531,
2070,4669,0.2529,
2070,1369,0.2529,
2070,5918,0.2523,
2070,4138,0.2523,
2070,5735,0.2518,
2024,1902,0.2329,
2024,7628,0.2253,
2024,2461,0.2248,
2024,3516,0.2167,
2024,5919,0.2128,
2024,4127,0.2083,
2024,155,0.2083,
2024,7195,0.2041,
2024,2174,0.2029,
2024,9436,0.2026,
2024,2373,0.2021,
2024,43,0.201,
2024,5343,0.1995,
2024,2109,0.1993,
2024,2385,0.1992,
2024,5967,0.199,
2024,1704,0.1978,
2024,6890,0.1973,
2024,5106,0.197,
2024,7453,0.1968,
2025,3540,0.2264,
2025,5344,0.2249,
2025,6444,0.2183,
2025,4682,0.2148,
2025,5708,0.2148,
2025,2006,0.2097,
2025,6430,0.2065,
2025,7633,0.2063,
2025,6701,0.2024,
2025,8374,0.201,
2025,5559,0.1985,
2025,8769,0.1972,
2025,6940,0.1938,
2025,5971,0.1913,
2025,8978,0.1903,
2025,4057,0.1894,
2025,2926,0.1872,
2025,1062,0.1867,
2025,2361,0.185,
2025,5969,0.1844,
2026,239,0.2017,
2026,5098,0.1992,
2026,3744,0.1988,
2026,5735,0.1984,
2026,5749,0.1941,
2026,7421,0.1888,
2026,1244,0.1887,
2026,8079,0.1878,
2026,7901,0.1871,
2026,9371,0.1805,
2026,3189,0.1801,
2026,8806,0.1782,
2026,7964,0.1781,
2026,8600,0.1775,
2026,7298,0.1765,
2026,2418,0.1738,
2026,4819,0.1733,
2026,1337,0.1727,
2026,360,0.1722,
2026,1116,0.1722,
2027,2732,0.2557,
2027,2536,0.2555,
2027,6174,0.2532,
2027,3989,0.2488,
2027,4531,0.2436,
2027,1241,0.2364,
2027,7973,0.2358,
2027,5533,0.2345,
2027,9234,0.2329,
2027,4259,0.2305,
2027,8440,0.2302,
2027,3440,0.2301,
2027,5412,0.2284,
2027,2663,0.2281,
2027,3977,0.2275,
2027,6807,0.2272,
2027,78,0.2268,
2027,7825,0.2267,
2027,7870,0.2247,
2027,82,0.2245,
2028,5113,0.1977,
2028,8276,0.1954,
2028,2926,0.1954,
2028,2972,0.1937,
2028,95,0.1936,
2028,7155,0.1934,
2028,5868,0.1919,
2028,1869,0.1911,
2028,2330,0.1895,
2028,414,0.1888,
2028,3561,0.1884,
2028,9447,0.1877,
2028,9053,0.1868,
2028,4474,0.186,
2028,1209,0.1856,
2028,3261,0.1851,
2028,1636,0.1847,
2028,5684,0.1844,
2028,5176,0.1842,
2028,8199,0.1838,
2029,213,0.3088,
2029,1780,0.3045,
2029,3207,0.2985,
2029,498,0.2965,
2029,5319,0.2959,
2029,3245,0.2918,
2029,5617,0.2914,
2029,1478,0.2906,
2029,8190,0.2888,
2029,1157,0.2888,
2029,7978,0.2856,
2029,4495,0.2845,
2029,6767,0.2845,
2029,5608,0.2843,
2029,2020,0.2829,
2029,6224,0.2823,
2029,7832,0.2815,
2029,8376,0.2813,
2029,154,0.2811,
2029,8749,0.2806,
2030,4057,0.1596,
2030,6613,0.1554,
2030,307,0.1545,
2030,736,0.1544,
2030,5157,0.1471,
2030,3516,0.1429,
2030,6803,0.1387,
2030,3540,0.1384,
2030,6442,0.1367,
2030,8131,0.1365,
2030,5189,0.1338,
2030,66,0.1331,
2030,9436,0.1327,
2030,6565,0.132,
2030,1330,0.1316,
2030,7548,0.13,
2030,9273,0.1296,
2030,4114,0.1287,
2030,6643,0.1276,
2030,7083,0.1268,
2031,3258,0.3015,
2031,3240,0.2964,
2031,5737,0.296,
2031,6164,0.295,
2031,1369,0.2943,
2031,6867,0.2905,
2031,5098,0.2866,
2031,9247,0.2862,
2031,4493,0.2846,
2031,6162,0.2838,
2031,6618,0.2832,
2031,432,0.2821,
2031,4138,0.2814,
2031,7452,0.2799,
2031,7699,0.2796,
2031,4585,0.2782,
2031,3595,0.2779,
2031,6829,0.2777,
2031,1821,0.2775,
2031,845,0.2772,
2037,5344,0.2599,
2037,736,0.2509,
2037,307,0.247,
2037,2006,0.241,
2037,6444,0.2305,
2037,8131,0.227,
2037,5773,0.2269,
2037,1028,0.226,
2037,6973,0.2259,
2037,5583,0.2253,
2037,2158,0.2245,
2037,7140,0.224,
2037,8681,0.2232,
2037,4727,0.223,
2037,9407,0.2202,
2037,7265,0.2199,
2037,4255,0.2195,
2037,4682,0.2181,
2037,8303,0.2174,
2037,6614,0.2158,
2038,6444,0.2778,
2038,919,0.2534,
2038,5344,0.2476,
2038,4848,0.2439,
2038,4041,0.2362,
2038,2053,0.2339,
2038,8202,0.2306,
2038,885,0.2296,
2038,9447,0.2296,
2038,846,0.2281,
2038,5413,0.2265,
2038,2979,0.2261,
2038,8438,0.224,
2038,9184,0.2234,
2038,6570,0.2162,
2038,4720,0.2161,
2038,5081,0.2146,
2038,8036,0.2132,
2038,952,0.2115,
2038,8456,0.2112,
2039,8748,0.3243,
2039,3172,0.2943,
2039,3258,0.2942,
2039,6164,0.2929,
2039,3669,0.2925,
2039,5737,0.2921,
2039,2949,0.2908,
2039,122,0.29,
2039,6867,0.2887,
2039,8831,0.2882,
2039,6083,0.288,
2039,9371,0.2876,
2039,729,0.2862,
2039,5735,0.285,
2039,6162,0.2834,
2039,7307,0.2833,
2039,4407,0.2828,
2039,6603,0.2826,
2039,7254,0.2825,
2039,432,0.2823,
2040,3815,0.3243,
2040,6386,0.273,
2040,3517,0.2727,
2040,6441,0.2698,
2040,3960,0.2672,
2040,7525,0.2666,
2040,463,0.2665,
2040,7825,0.2639,
2040,8280,0.2623,
2040,99,0.2603,
2040,2252,0.2601,
2040,1000,0.2587,
2040,6212,0.2547,
2040,7044,0.2542,
2040,2182,0.2539,
2040,6830,0.2523,
2040,5973,0.2517,
2040,4070,0.2517,
2040,9288,0.2511,
2040,7049,0.2507,
2130,3842,0.2508,
2130,767,0.2455,
2130,9061,0.2447,
2130,9186,0.2395,
2130,918,0.2364,
2130,4127,0.2308,
2130,7278,0.2274,
2130,1902,0.2231,
2130,9309,0.2221,
2130,1913,0.2189,
2130,1083,0.2162,
2130,1283,0.2142,
2130,3667,0.2137,
2130,7929,0.2117,
2130,7399,0.2117,
2130,8184,0.2113,
2130,579,0.2112,
2130,6742,0.209,
2130,2883,0.2055,
2130,7312,0.2054,
2041,1859,0.226,
2041,967,0.2167,
2041,3864,0.2166,
2041,5450,0.2163,
2041,334,0.2152,
2041,7317,0.2136,
2041,9366,0.2134,
2041,6754,0.211,
2041,3630,0.2103,
2041,7923,0.2101,
2041,1162,0.2098,
2041,5397,0.2096,
2041,7606,0.2085,
2041,9034,0.2058,
2041,5356,0.2049,
2041,980,0.2049,
2041,8192,0.2041,
2041,6818,0.2041,
2041,8481,0.203,
2041,2240,0.2028,
2042,8192,0.2402,
2042,967,0.2291,
2042,334,0.2286,
2042,5450,0.2284,
2042,6781,0.2284,
2042,9366,0.2278,
2042,7317,0.2248,
2042,7923,0.2248,
2042,4962,0.2228,
2042,980,0.2206,
2042,9034,0.22,
2042,5397,0.22,
2042,6818,0.2176,
2042,1859,0.2161,
2042,3630,0.2155,
2042,5356,0.2154,
2042,7606,0.2154,
2042,6942,0.2152,
2042,6064,0.2149,
2042,1162,0.2146,
2043,3516,0.2183,
2043,9436,0.2009,
2043,5011,0.1981,
2043,4565,0.198,
2043,3517,0.1967,
2043,6835,0.1954,
2043,4127,0.1941,
2043,1149,0.1934,
2043,8501,0.1927,
2043,5343,0.1924,
2043,3202,0.1909,
2043,1083,0.1899,
2043,1081,0.1899,
2043,4057,0.1897,
2043,4659,0.1891,
2043,5025,0.189,
2043,1167,0.1887,
2043,2859,0.1885,
2043,7586,0.1881,
2043,338,0.1878,
2044,8769,0.2485,
2044,9062,0.2449,
2044,5761,0.2409,
2044,2461,0.2369,
2044,8433,0.2367,
2044,8763,0.2346,
2044,8806,0.2312,
2044,6174,0.2265,
2044,4138,0.2259,
2044,6430,0.2255,
2044,7453,0.2243,
2044,534,0.2228,
2044,2053,0.2227,
2044,6127,0.2226,
2044,919,0.2223,
2044,4819,0.222,
2044,3744,0.2196,
2044,4682,0.2195,
2044,5735,0.2188,
2044,4531,0.217,
2045,2764,0.2377,
2045,6472,0.2287,
2045,4317,0.2273,
2045,8692,0.2184,
2045,3039,0.2173,
2045,2926,0.2165,
2045,3933,0.211,
2045,4622,0.2108,
2045,2255,0.2067,
2045,3886,0.2035,
2045,3693,0.2018,
2045,4041,0.2004,
2045,5492,0.1987,
2045,1359,0.1976,
2045,5684,0.1953,
2045,8763,0.1929,
2045,3813,0.1917,
2045,6940,0.1906,
2045,7200,0.1901,
2045,6778,0.1898,
2154,6785,0.2348,
2154,7610,0.1938,
2154,2019,0.1887,
2154,7784,0.1872,
2154,5165,0.1867,
2154,158,0.1821,
2154,3151,0.1815,
2154,7522,0.1814,
2154,1585,0.1793,
2154,9219,0.1782,
2154,4455,0.1771,
2154,8850,0.1736,
2154,1028,0.1731,
2154,6614,0.1728,
2154,7140,0.1716,
2154,4744,0.1705,
2154,7273,0.1705,
2154,5583,0.1693,
2154,1633,0.1691,
2154,5297,0.1675,
2046,1859,0.2923,
2046,868,0.2633,
2046,9366,0.2605,
2046,3669,0.2582,
2046,7923,0.2572,
2046,5246,0.2543,
2046,8042,0.2542,
2046,6164,0.2537,
2046,5356,0.2531,
2046,9247,0.2521,
2046,1162,0.2485,
2046,7462,0.2484,
2046,7441,0.2475,
2046,334,0.2474,
2046,3864,0.2473,
2046,6867,0.2457,
2046,967,0.2454,
2046,6754,0.2451,
2046,980,0.245,
2046,9034,0.2449,
2047,6940,0.2417,
2047,95,0.2338,
2047,1869,0.2308,
2047,414,0.2291,
2047,7155,0.2283,
2047,5113,0.2234,
2047,2972,0.2223,
2047,5684,0.218,
2047,3561,0.2172,
2047,8224,0.2167,
2047,3261,0.2135,
2047,1636,0.213,
2047,5590,0.2118,
2047,5176,0.2106,
2047,3933,0.2094,
2047,2926,0.2076,
2047,5492,0.205,
2047,3085,0.205,
2047,4263,0.2048,
2047,2764,0.2041,
2048,1902,0.2041,
2048,1081,0.1936,
2048,8732,0.1929,
2048,5168,0.1912,
2048,4403,0.1907,
2048,9436,0.188,
2048,2344,0.1878,
2048,3516,0.1874,
2048,5011,0.1853,
2048,87,0.1839,
2048,9394,0.1836,
2048,5619,0.1819,
2048,9342,0.1819,
2048,2461,0.1816,
2048,8682,0.1814,
2048,4414,0.1796,
2048,5967,0.1795,
2048,8571,0.179,
2048,1772,0.1789,
2048,6835,0.1787,
2049,6174,0.2763,
2049,8322,0.2497,
2049,4531,0.2458,
2049,1289,0.2404,
2049,7973,0.2395,
2049,5388,0.2245,
2049,7558,0.2199,
2049,399,0.2187,
2049,4158,0.2148,
2049,1909,0.2145,
2049,5754,0.2136,
2049,6004,0.213,
2049,5030,0.2115,
2049,1337,0.2109,
2049,7964,0.2104,
2049,3770,0.2095,
2049,6860,0.2084,
2049,9052,0.2079,
2049,249,0.2072,
2049,2080,0.2055,
2050,736,0.2311,
2050,307,0.2304,
2050,6803,0.2185,
2050,8131,0.2132,
2050,3787,0.2128,
2050,8746,0.207,
2050,7633,0.2067,
2050,9273,0.2066,
2050,4514,0.2046,
2050,3794,0.2013,
2050,3489,0.2002,
2050,3540,0.1983,
2050,8720,0.1929,
2050,7780,0.188,
2050,4256,0.1877,
2050,2837,0.1876,
2050,2642,0.1858,
2050,4682,0.1849,
2050,6973,0.1847,
2050,4744,0.1835,
2051,3516,0.1983,
2051,5011,0.1955,
2051,9436,0.1876,
2051,7083,0.1848,
2051,5919,0.1762,
2051,5168,0.176,
2051,2554,0.1754,
2051,5619,0.1722,
2051,3917,0.1721,
2051,4403,0.1717,
2051,1081,0.169,
2051,7015,0.1647,
2051,3418,0.1634,
2051,1054,0.1629,
2051,1167,0.1588,
2051,1083,0.1581,
2051,9342,0.1569,
2051,5967,0.1563,
2051,6835,0.1556,
2051,4414,0.1555,
2052,6164,0.3722,
2052,8042,0.3399,
2052,3669,0.3256,
2052,6882,0.3244,
2052,3431,0.3235,
2052,6786,0.3231,
2052,5327,0.3218,
2052,1956,0.3214,
2052,729,0.3211,
2052,8748,0.3204,
2052,6823,0.3193,
2052,4155,0.319,
2052,6162,0.3181,
2052,3216,0.3174,
2052,5737,0.3167,
2052,7964,0.3156,
2052,7462,0.3153,
2052,7344,0.3152,
2052,9107,0.3148,
2052,6985,0.3145,
2053,455,0.1886,
2053,4127,0.188,
2053,1908,0.1873,
2053,2008,0.1867,
2053,6742,0.185,
2053,8436,0.1805,
2053,4558,0.1794,
2053,616,0.1787,
2053,9007,0.1785,
2053,7656,0.1778,
2053,5882,0.1772,
2053,6183,0.1726,
2053,5465,0.1723,
2053,43,0.1676,
2053,164,0.1665,
2053,2255,0.1641,
2053,8286,0.1641,
2053,5787,0.1625,
2053,3361,0.1612,
2053,4953,0.1609,
2054,307,0.1913,
2054,5157,0.1811,
2054,5716,0.1789,
2054,736,0.1767,
2054,4057,0.1758,
2054,6442,0.175,
2054,5223,0.1734,
2054,6803,0.1732,
2054,2298,0.1687,
2054,6613,0.1683,
2054,7633,0.1677,
2054,6643,0.1676,
2054,8679,0.1636,
2054,951,0.1629,
2054,3787,0.161,
2054,66,0.1601,
2054,3540,0.1594,
2054,3489,0.1581,
2054,6066,0.1575,
2054,7083,0.1572,
2071,8131,0.2154,
2071,736,0.2151,
2071,3540,0.2145,
2071,3787,0.1955,
2071,6904,0.1904,
2071,1330,0.189,
2071,8067,0.1884,
2071,5971,0.1835,
2071,7633,0.1808,
2071,4514,0.1734,
2071,3151,0.1697,
2071,2160,0.1687,
2071,8287,0.1674,
2071,473,0.1668,
2071,4275,0.1665,
2071,2539,0.164,
2071,221,0.1633,
2071,5464,0.1633,
2071,1028,0.163,
2071,5519,0.1626,
2055,547,0.2551,
2055,3697,0.2417,
2055,2666,0.2416,
2055,5866,0.2415,
2055,872,0.2363,
2055,6605,0.2358,
2055,767,0.2328,
2055,5808,0.2309,
2055,5621,0.2307,
2055,925,0.2277,
2055,4661,0.2269,
2055,5668,0.226,
2055,9180,0.2252,
2055,6522,0.2249,
2055,3637,0.2236,
2055,8830,0.222,
2055,3770,0.2216,
2055,3612,0.2215,
2055,5190,0.2194,
2055,8771,0.2179,
2056,4736,0.3662,
2056,5089,0.338,
2056,8410,0.3112,
2056,5932,0.3099,
2056,7662,0.306,
2056,8653,0.2987,
2056,17,0.2982,
2056,4667,0.2975,
2056,6100,0.2912,
2056,2714,0.2849,
2056,8179,0.2772,
2056,6744,0.2762,
2056,8764,0.2756,
2056,1309,0.2756,
2056,9352,0.2752,
2056,1407,0.2737,
2056,4013,0.2736,
2056,42,0.2735,
2056,9161,0.2732,
2056,3260,0.2722,
2057,4127,0.2034,
2057,1083,0.1957,
2057,455,0.1948,
2057,7656,0.1939,
2057,1908,0.1912,
2057,7824,0.1843,
2057,2883,0.1842,
2057,8184,0.1837,
2057,7638,0.1835,
2057,6803,0.1812,
2057,918,0.1799,
2057,1913,0.1798,
2057,8888,0.1778,
2057,2174,0.1768,
2057,8036,0.1762,
2057,5106,0.1755,
2057,3202,0.1755,
2057,7278,0.1732,
2057,1902,0.1731,
2057,3516,0.172,
2058,3489,0.3468,
2058,2911,0.3351,
2058,5543,0.3341,
2058,3650,0.3332,
2058,5554,0.3325,
2058,5790,0.3306,
2058,7693,0.3292,
2058,248,0.3284,
2058,5122,0.3284,
2058,9032,0.3274,
2058,8352,0.327,
2058,3552,0.3268,
2058,3287,0.3267,
2058,4547,0.3266,
2058,4074,0.3262,
2058,8620,0.3258,
2058,8720,0.3253,
2058,8836,0.3252,
2058,2459,0.3251,
2058,8579,0.3245,
2059,2373,0.2089,
2059,9436,0.1876,
2059,3516,0.1863,
2059,7083,0.1716,
2059,1083,0.1681,
2059,5168,0.1617,
2059,4490,0.1606,
2059,1054,0.1599,
2059,5919,0.1568,
2059,2433,0.1547,
2059,2461,0.1536,
2059,622,0.1535,
2059,8965,0.1528,
2059,9441,0.1515,
2059,5930,0.1485,
2059,606,0.1478,
2059,5149,0.1461,
2059,8857,0.1457,
2059,2344,0.1447,
2059,4403,0.1446,
2060,8769,0.1983,
2060,4240,0.1936,
2060,8118,0.1925,
2060,3074,0.1908,
2060,7371,0.1894,
2060,5761,0.1877,
2060,2764,0.1834,
2060,3317,0.1796,
2060,4041,0.179,
2060,1689,0.1783,
2060,6701,0.1776,
2060,3189,0.1776,
2060,2255,0.1774,
2060,4819,0.1761,
2060,2926,0.1758,
2060,3933,0.1756,
2060,4622,0.174,
2060,3052,0.1737,
2060,5492,0.1728,
2060,9070,0.1708,
2061,6174,0.2293,
2061,8322,0.2225,
2061,3989,0.2194,
2061,3756,0.2178,
2061,8286,0.2164,
2061,7983,0.2136,
2061,7973,0.2132,
2061,5030,0.2054,
2061,4531,0.2051,
2061,78,0.2048,
2061,1908,0.2042,
2061,1215,0.2,
2061,215,0.1995,
2061,2732,0.1987,
2061,9109,0.1986,
2061,1444,0.1984,
2061,5364,0.1973,
2061,7801,0.1968,
2061,409,0.1967,
2061,472,0.1961,
2062,6859,0.3093,
2062,4005,0.3045,
2062,1786,0.2989,
2062,9027,0.2947,
2062,8979,0.2928,
2062,7399,0.292,
2062,1807,0.2892,
2062,1884,0.2888,
2062,1370,0.2887,
2062,2073,0.2869,
2062,4377,0.2866,
2062,4906,0.2845,
2062,2170,0.2839,
2062,4272,0.2835,
2062,6016,0.2834,
2062,4408,0.2832,
2062,6755,0.2826,
2062,2859,0.2825,
2062,2916,0.2825,
2062,7379,0.2818,
2063,7783,0.2408,
2063,4910,0.2242,
2063,3195,0.2211,
2063,5507,0.2164,
2063,2747,0.2163,
2063,4346,0.2119,
2063,8076,0.2109,
2063,7921,0.2109,
2063,407,0.2097,
2063,2281,0.206,
2063,988,0.2012,
2063,6417,0.2009,
2063,1686,0.1986,
2063,8821,0.1984,
2063,8991,0.198,
2063,2315,0.1948,
2063,6234,0.1937,
2063,9293,0.1927,
2063,5509,0.1906,
2063,8996,0.1903,
2064,6613,0.2587,
2064,5223,0.2354,
2064,4057,0.2287,
2064,5157,0.2158,
2064,66,0.2134,
2064,7879,0.2127,
2064,8679,0.2098,
2064,338,0.2088,
2064,6643,0.2087,
2064,307,0.2051,
2064,4291,0.203,
2064,5094,0.2001,
2064,5642,0.1997,
2064,5081,0.1991,
2064,8834,0.1988,
2064,3787,0.1979,
2064,8470,0.1961,
2064,4582,0.194,
2064,1162,0.1934,
2064,6849,0.1933,
2065,5344,0.2745,
2065,4057,0.2602,
2065,6613,0.2527,
2065,5223,0.2381,
2065,3540,0.2366,
2065,6444,0.2359,
2065,4848,0.2358,
2065,8374,0.2354,
2065,1062,0.2319,
2065,2006,0.2295,
2065,5494,0.2265,
2065,66,0.2265,
2065,4682,0.2231,
2065,6643,0.222,
2065,5519,0.2211,
2065,3961,0.2204,
2065,5708,0.2202,
2065,5081,0.2201,
2065,2926,0.2198,
2065,5189,0.2192,
2066,754,0.2452,
2066,3057,0.24,
2066,5999,0.2352,
2066,4553,0.2287,
2066,355,0.2284,
2066,6376,0.2276,
2066,1859,0.2253,
2066,5165,0.2253,
2066,8905,0.225,
2066,3207,0.2237,
2066,2127,0.2233,
2066,334,0.2226,
2066,6754,0.2213,
2066,5438,0.2212,
2066,7523,0.2206,
2066,8481,0.2172,
2066,8192,0.2165,
2066,3864,0.2158,
2066,3920,0.2153,
2066,9366,0.2141,
2072,5089,0.3091,
2072,4736,0.2981,
2072,5932,0.295,
2072,6100,0.291,
2072,9364,0.2899,
2072,8410,0.2896,
2072,3260,0.2895,
2072,2687,0.2891,
2072,4013,0.2886,
2072,9161,0.286,
2072,6819,0.2848,
2072,7662,0.2826,
2072,4957,0.2823,
2072,1088,0.2811,
2072,973,0.2786,
2072,7277,0.2786,
2072,2714,0.2766,
2072,42,0.2764,
2072,1202,0.2763,
2072,7636,0.2756,
2073,8087,0.2628,
2073,1000,0.2489,
2073,3790,0.2457,
2073,6212,0.2411,
2073,3815,0.2355,
2073,5938,0.2354,
2073,5448,0.2349,
2073,8174,0.2346,
2073,4511,0.2314,
2073,9202,0.2308,
2073,2252,0.2301,
2073,616,0.2273,
2073,2883,0.227,
2073,1809,0.2253,
2073,909,0.2253,
2073,1220,0.2248,
2073,3236,0.2242,
2073,376,0.2223,
2073,886,0.2214,
2073,9288,0.2212,
2074,8322,0.2533,
2074,8834,0.2518,
2074,1908,0.2514,
2074,7825,0.2504,
2074,8470,0.2477,
2074,6613,0.2446,
2074,433,0.2421,
2074,5681,0.2405,
2074,5716,0.24,
2074,1207,0.2359,
2074,4057,0.2332,
2074,6174,0.232,
2074,3787,0.2318,
2074,7973,0.2312,
2074,320,0.231,
2074,7824,0.2303,
2074,5189,0.2301,
2074,5223,0.2266,
2074,282,0.2265,
2074,4291,0.2261,
2075,5157,0.1632,
2075,2006,0.1619,
2075,1162,0.1582,
2075,6973,0.1573,
2075,8551,0.1565,
2075,3039,0.1549,
2075,6613,0.1539,
2075,4057,0.1539,
2075,7239,0.1536,
2075,8192,0.1526,
2075,8091,0.1507,
2075,307,0.1489,
2075,7083,0.1473,
2075,155,0.1472,
2075,6066,0.144,
2075,8662,0.1428,
2075,4744,0.1421,
2075,334,0.1416,
2075,4682,0.1414,
2075,6499,0.1411,
2076,8741,0.3456,
2076,6212,0.3301,
2076,8054,0.3299,
2076,9321,0.3209,
2076,7044,0.32,
2076,409,0.3145,
2076,8585,0.3083,
2076,1000,0.2993,
2076,8760,0.2952,
2076,4223,0.2936,
2076,3799,0.2933,
2076,3371,0.2892,
2076,2623,0.2882,
2076,9030,0.2882,
2076,8161,0.2861,
2076,2156,0.2859,
2076,5484,0.2857,
2076,8087,0.2854,
2076,3640,0.2851,
2076,9114,0.2848,
2077,5990,0.2337,
2077,1859,0.2185,
2077,5098,0.2045,
2077,7964,0.203,
2077,8042,0.2023,
2077,7462,0.2023,
2077,5246,0.1976,
2077,1445,0.1964,
2077,7441,0.1956,
2077,4493,0.1947,
2077,5930,0.1936,
2077,4138,0.1934,
2077,8192,0.1934,
2077,8481,0.1923,
2077,5735,0.1921,
2077,7699,0.1921,
2077,432,0.1916,
2077,8070,0.1914,
2077,8624,0.1902,
2077,3580,0.1901,
2078,3516,0.2158,
2078,9436,0.2031,
2078,1054,0.2008,
2078,3202,0.1999,
2078,5619,0.1925,
2078,7083,0.1921,
2078,4403,0.1902,
2078,5168,0.1899,
2078,3917,0.1893,
2078,9273,0.1871,
2078,2837,0.1868,
2078,3346,0.1862,
2078,6225,0.1861,
2078,1081,0.1842,
2078,5919,0.1841,
2078,8571,0.1804,
2078,7586,0.1785,
2078,2433,0.1783,
2078,2735,0.178,
2078,8965,0.1762,
2079,7973,0.2914,
2079,78,0.2796,
2079,9062,0.2605,
2079,7525,0.2464,
2079,5535,0.2461,
2079,2732,0.2458,
2079,169,0.2421,
2079,4158,0.2421,
2079,7825,0.2401,
2079,8834,0.2398,
2079,6220,0.2385,
2079,3506,0.2384,
2079,4291,0.2383,
2079,2356,0.2374,
2079,8087,0.2372,
2079,5189,0.2369,
2079,8067,0.234,
2079,1809,0.2338,
2079,683,0.2325,
2079,3259,0.2322,
2080,6585,0.2629,
2080,3463,0.2548,
2080,8193,0.2539,
2080,6605,0.2484,
2080,3697,0.2454,
2080,5612,0.2445,
2080,800,0.2438,
2080,5808,0.2412,
2080,8830,0.2405,
2080,3830,0.2398,
2080,5190,0.2394,
2080,2288,0.2375,
2080,5907,0.2369,
2080,8501,0.2362,
2080,379,0.2325,
2080,2640,0.232,
2080,4684,0.2317,
2080,8996,0.2312,
2080,925,0.2311,
2080,3612,0.2255,
2081,8880,0.2551,
2081,4041,0.2477,
2081,6940,0.2369,
2081,6472,0.235,
2081,2255,0.2349,
2081,5559,0.2326,
2081,6517,0.2257,
2081,3693,0.2191,
2081,3886,0.2164,
2081,8661,0.2147,
2081,7828,0.2143,
2081,8763,0.2142,
2081,3846,0.2094,
2081,6444,0.2089,
2081,9422,0.2085,
2081,9416,0.2081,
2081,4317,0.2066,
2081,5492,0.2053,
2081,7200,0.2047,
2081,293,0.2044,
2082,6469,0.2295,
2082,2801,0.2154,
2082,699,0.2022,
2082,6726,0.2017,
2082,4041,0.199,
2082,7470,0.1977,
2082,2418,0.1945,
2082,5176,0.1894,
2082,1737,0.1835,
2082,3335,0.1831,
2082,5703,0.1826,
2082,5511,0.1822,
2082,293,0.1821,
2082,1110,0.1817,
2082,7725,0.1817,
2082,2972,0.1815,
2082,95,0.1814,
2082,4342,0.1809,
2082,9246,0.1752,
2082,3707,0.1745,
2083,6605,0.3181,
2083,8830,0.3152,
2083,2261,0.3069,
2083,5125,0.3063,
2083,5866,0.3059,
2083,925,0.304,
2083,3612,0.3005,
2083,4589,0.2991,
2083,1674,0.2969,
2083,3175,0.2959,
2083,8103,0.2945,
2083,5668,0.2934,
2083,872,0.2924,
2083,5808,0.2921,
2083,3697,0.2911,
2083,4577,0.291,
2083,5902,0.2902,
2083,6585,0.2895,
2083,5621,0.2889,
2083,8193,0.2888,
2084,8190,0.2383,
2084,8322,0.2369,
2084,3245,0.2353,
2084,5001,0.2339,
2084,409,0.2338,
2084,1337,0.2327,
2084,1127,0.228,
2084,1123,0.2193,
2084,7961,0.2181,
2084,1809,0.2163,
2084,8250,0.2156,
2084,7617,0.2136,
2084,355,0.212,
2084,7558,0.2103,
2084,4553,0.21,
2084,5319,0.2073,
2084,5075,0.2065,
2084,7973,0.2061,
2084,1400,0.2048,
2084,7964,0.2048,
2085,7578,0.2027,
2085,2401,0.2025,
2085,8968,0.2006,
2085,850,0.1998,
2085,1902,0.1937,
2085,7628,0.192,
2085,7883,0.1885,
2085,2461,0.187,
2085,4175,0.185,
2085,291,0.1849,
2085,8240,0.1835,
2085,2433,0.1804,
2085,3202,0.176,
2085,6803,0.1753,
2085,1722,0.1715,
2085,1241,0.1714,
2085,155,0.1709,
2085,87,0.1705,
2085,9049,0.1687,
2085,2215,0.1675,
2094,1162,0.2101,
2094,8192,0.2029,
2094,8374,0.198,
2094,4962,0.1974,
2094,6935,0.1958,
2094,5465,0.1928,
2094,6754,0.1921,
2094,433,0.1914,
2094,5708,0.1905,
2094,5356,0.1861,
2094,4057,0.1851,
2094,334,0.185,
2094,9034,0.185,
2094,980,0.1843,
2094,5106,0.181,
2094,7923,0.1805,
2094,3864,0.1804,
2094,8877,0.1802,
2094,4682,0.1793,
2094,6613,0.1788,
2086,5189,0.2383,
2086,4057,0.2331,
2086,5882,0.2299,
2086,5984,0.2274,
2086,164,0.2249,
2086,4114,0.2187,
2086,5081,0.2171,
2086,4565,0.2156,
2086,8980,0.2147,
2086,8592,0.2123,
2086,1215,0.2117,
2086,2724,0.2085,
2086,8206,0.2064,
2086,7737,0.2056,
2086,2185,0.2052,
2086,6174,0.2044,
2086,2859,0.2043,
2086,1659,0.2039,
2086,455,0.2037,
2086,3516,0.2032,
2087,6430,0.3179,
2087,9070,0.2606,
2087,8806,0.2559,
2087,8273,0.2552,
2087,9422,0.2545,
2087,3743,0.254,
2087,6127,0.2539,
2087,2764,0.2537,
2087,8763,0.2533,
2087,7701,0.2531,
2087,7361,0.253,
2087,8769,0.2516,
2087,5603,0.2515,
2087,5761,0.251,
2087,6701,0.2509,
2087,4364,0.2509,
2087,296,0.2508,
2087,6081,0.2493,
2087,8978,0.2493,
2087,1636,0.2479,
2088,6068,0.1959,
2088,1524,0.1857,
2088,1797,0.1833,
2088,1292,0.1785,
2088,2981,0.1782,
2088,3998,0.1671,
2088,3365,0.1653,
2088,7036,0.1647,
2088,7547,0.1583,
2088,7828,0.157,
2088,7288,0.1556,
2088,6820,0.1526,
2088,6745,0.1522,
2088,878,0.1517,
2088,8879,0.1508,
2088,3374,0.15,
2088,6472,0.1497,
2088,8500,0.1496,
2088,383,0.1484,
2088,2007,0.1467,
2089,5790,0.3009,
2089,5554,0.2926,
2089,3552,0.2913,
2089,8620,0.2874,
2089,4074,0.2871,
2089,346,0.2797,
2089,2911,0.2794,
2089,3489,0.2792,
2089,2687,0.2789,
2089,8280,0.2785,
2089,1309,0.2775,
2089,8579,0.2771,
2089,5543,0.2769,
2089,3650,0.2768,
2089,8720,0.2766,
2089,4547,0.274,
2089,248,0.273,
2089,511,0.2729,
2089,9032,0.2725,
2089,5122,0.2718,
2090,5272,0.3215,
2090,2071,0.3185,
2090,6438,0.3138,
2090,1017,0.3065,
2090,1563,0.3003,
2090,7735,0.2939,
2090,7043,0.2934,
2090,6563,0.2917,
2090,7248,0.2911,
2090,1573,0.2904,
2090,7186,0.2856,
2090,5320,0.2813,
2090,3526,0.28,
2090,5129,0.2797,
2090,3459,0.2724,
2090,4192,0.2718,
2090,2780,0.2645,
2090,3221,0.2599,
2090,2719,0.247,
2090,4761,0.2462,
2091,919,0.1623,
2091,5081,0.1565,
2091,3039,0.155,
2091,2926,0.1537,
2091,2764,0.1514,
2091,6613,0.1489,
2091,4057,0.1476,
2091,8070,0.1467,
2091,1162,0.1466,
2091,5930,0.1452,
2091,8481,0.1421,
2091,5492,0.142,
2091,1859,0.1414,
2091,8192,0.1413,
2091,5990,0.1396,
2091,66,0.1388,
2091,4622,0.138,
2091,7252,0.137,
2091,2240,0.1365,
2091,2175,0.1358,
2092,7964,0.3237,
2092,7462,0.3044,
2092,1956,0.3021,
2092,5098,0.2969,
2092,6406,0.2966,
2092,7791,0.2964,
2092,6829,0.296,
2092,3258,0.2942,
2092,6867,0.2941,
2092,8748,0.2932,
2092,16,0.2924,
2092,5520,0.2918,
2092,1369,0.2918,
2092,8151,0.2918,
2092,4138,0.2909,
2092,6164,0.2904,
2092,7699,0.2904,
2092,5735,0.2903,
2092,7216,0.2885,
2092,3431,0.2882,
2093,8087,0.3003,
2093,8585,0.2971,
2093,4026,0.2962,
2093,7525,0.2877,
2093,2252,0.2836,
2093,2175,0.2825,
2093,409,0.2809,
2093,4582,0.2809,
2093,3815,0.2756,
2093,1059,0.2746,
2093,9202,0.2736,
2093,8054,0.2731,
2093,6212,0.2714,
2093,5484,0.271,
2093,1000,0.2704,
2093,1345,0.2703,
2093,7611,0.2698,
2093,5010,0.2676,
2093,8041,0.2675,
2093,4644,0.2672,
2095,5967,0.19,
2095,5343,0.188,
2095,1902,0.1862,
2095,2401,0.1821,
2095,8968,0.1804,
2095,7578,0.1753,
2095,2385,0.1753,
2095,1054,0.1747,
2095,6803,0.1739,
2095,1704,0.1718,
2095,850,0.1702,
2095,5044,0.17,
2095,7901,0.1685,
2095,544,0.1684,
2095,3749,0.1677,
2095,1070,0.1677,
2095,5025,0.1673,
2095,4940,0.1669,
2095,4684,0.166,
2095,9213,0.1659,
2096,9186,0.2992,
2096,3731,0.2985,
2096,3223,0.2929,
2096,5808,0.2903,
2096,1780,0.2899,
2096,5671,0.2883,
2096,6199,0.2841,
2096,1100,0.2827,
2096,2020,0.2821,
2096,5608,0.2816,
2096,213,0.2807,
2096,8317,0.2803,
2096,8815,0.279,
2096,197,0.2782,
2096,8103,0.2769,
2096,9413,0.2768,
2096,6585,0.2764,
2096,5933,0.2749,
2096,8338,0.2747,
2096,3027,0.2731,
2097,2302,0.2974,
2097,3151,0.2858,
2097,7724,0.2833,
2097,3540,0.2829,
2097,3581,0.2806,
2097,1438,0.2794,
2097,5,0.2792,
2097,4744,0.2766,
2097,7346,0.2754,
2097,4682,0.2727,
2097,307,0.2715,
2097,4455,0.2714,
2097,7265,0.2684,
2097,4275,0.2682,
2097,4727,0.2663,
2097,5773,0.2662,
2097,5789,0.2655,
2097,7548,0.2648,
2097,3787,0.2647,
2097,5081,0.2638,
2098,9062,0.2294,
2098,8067,0.2005,
2098,7983,0.1931,
2098,6442,0.1924,
2098,3989,0.184,
2098,6220,0.1828,
2098,4158,0.1793,
2098,8693,0.1787,
2098,6996,0.1784,
2098,6217,0.1767,
2098,7568,0.1732,
2098,2461,0.1713,
2098,7870,0.1685,
2098,8769,0.1677,
2098,7824,0.167,
2098,282,0.1667,
2098,3432,0.1666,
2098,8240,0.1649,
2098,455,0.1644,
2098,7051,0.1631,
2099,6613,0.245,
2099,7633,0.2356,
2099,3787,0.2352,
2099,6849,0.2345,
2099,5708,0.2325,
2099,4283,0.2295,
2099,5157,0.2251,
2099,6297,0.2237,
2099,684,0.2219,
2099,2435,0.2204,
2099,5971,0.2189,
2099,6643,0.2183,
2099,66,0.218,
2099,433,0.2169,
2099,9361,0.216,
2099,5583,0.2157,
2099,9452,0.2156,
2099,8679,0.2153,
2099,164,0.215,
2099,9341,0.2135,
2100,5011,0.1792,
2100,3202,0.1733,
2100,9273,0.1708,
2100,2837,0.1705,
2100,4403,0.1676,
2100,1081,0.1653,
2100,3917,0.1601,
2100,1054,0.159,
2100,6835,0.1561,
2100,5619,0.156,
2100,2416,0.1496,
2100,5930,0.1491,
2100,7453,0.149,
2100,4544,0.1483,
2100,5919,0.1482,
2100,3744,0.1479,
2100,2433,0.1475,
2100,9436,0.1474,
2100,1225,0.146,
2100,8965,0.1457,
2101,736,0.2791,
2101,307,0.2525,
2101,3540,0.2399,
2101,8131,0.2373,
2101,1016,0.2197,
2101,1330,0.2155,
2101,4057,0.2099,
2101,6613,0.2073,
2101,6643,0.2072,
2101,66,0.2024,
2101,3787,0.2016,
2101,5157,0.1993,
2101,378,0.1971,
2101,2800,0.1965,
2101,4275,0.1954,
2101,4189,0.1952,
2101,3807,0.1944,
2101,5583,0.1943,
2101,7416,0.1938,
2101,2298,0.1937,
2117,7070,0.1943,
2117,3840,0.1924,
2117,8885,0.1895,
2117,54,0.188,
2117,2753,0.1879,
2117,9062,0.1869,
2117,5465,0.1822,
2117,4258,0.1803,
2117,4682,0.1801,
2117,7195,0.1798,
2117,455,0.1794,
2117,555,0.1788,
2117,7983,0.1782,
2117,6074,0.178,
2117,1127,0.1777,
2117,8130,0.1775,
2117,4299,0.1773,
2117,2928,0.177,
2117,4291,0.1769,
2117,4968,0.1767,
2102,5272,0.2929,
2102,6438,0.2919,
2102,7735,0.2827,
2102,3526,0.2791,
2102,1017,0.2784,
2102,1563,0.276,
2102,2071,0.2752,
2102,7248,0.2691,
2102,5129,0.2684,
2102,1573,0.2672,
2102,7186,0.2663,
2102,3459,0.2645,
2102,6563,0.2609,
2102,4192,0.2598,
2102,7043,0.2583,
2102,2780,0.2482,
2102,4761,0.2397,
2102,2719,0.2387,
2102,3221,0.2323,
2102,5320,0.2288,
2103,9062,0.2066,
2103,2436,0.2057,
2103,8834,0.2019,
2103,6174,0.1962,
2103,4968,0.1959,
2103,334,0.1953,
2103,8322,0.1948,
2103,7824,0.1921,
2103,7983,0.192,
2103,967,0.1905,
2103,5882,0.1899,
2103,7973,0.1897,
2103,1908,0.1889,
2103,4531,0.188,
2103,1241,0.1873,
2103,3864,0.1873,
2103,1859,0.1866,
2103,3039,0.1837,
2103,8481,0.183,
2103,455,0.1822,
2104,307,0.301,
2104,736,0.2808,
2104,3540,0.2696,
2104,2770,0.2688,
2104,3066,0.2662,
2104,8131,0.2652,
2104,4291,0.2647,
2104,433,0.2625,
2104,6973,0.2619,
2104,3457,0.2608,
2104,2642,0.2596,
2104,5727,0.2592,
2104,5519,0.2581,
2104,5494,0.258,
2104,3787,0.2549,
2104,5583,0.2539,
2104,7633,0.2506,
2104,2160,0.2505,
2104,4455,0.2501,
2104,1771,0.2494,
2105,8042,0.2402,
2105,5098,0.2234,
2105,3258,0.2194,
2105,5737,0.2152,
2105,7886,0.2139,
2105,6867,0.2135,
2105,8748,0.2133,
2105,8476,0.2108,
2105,432,0.2062,
2105,7964,0.2061,
2105,2847,0.2059,
2105,5735,0.2053,
2105,1956,0.2052,
2105,6786,0.2049,
2105,4138,0.2048,
2105,6083,0.2048,
2105,803,0.2046,
2105,202,0.2043,
2105,585,0.2041,
2105,3580,0.2036,
2106,7195,0.2971,
2106,312,0.2883,
2106,882,0.2823,
2106,326,0.2808,
2106,3840,0.2785,
2106,9322,0.278,
2106,3871,0.2755,
2106,3060,0.2734,
2106,3941,0.2731,
2106,4788,0.2718,
2106,7925,0.271,
2106,7371,0.2707,
2106,4657,0.2703,
2106,5187,0.2689,
2106,4258,0.266,
2106,3564,0.2657,
2106,5467,0.2649,
2106,4299,0.2637,
2106,807,0.2617,
2106,33,0.2608,
2107,1636,0.3247,
2107,5590,0.3229,
2107,5113,0.3194,
2107,3261,0.3187,
2107,414,0.3166,
2107,95,0.3089,
2107,1209,0.3063,
2107,5176,0.3056,
2107,7155,0.3054,
2107,2972,0.3042,
2107,8199,0.3032,
2107,3561,0.3022,
2107,1869,0.3002,
2107,6940,0.2997,
2107,8272,0.2994,
2107,9070,0.2973,
2107,5422,0.2969,
2107,5761,0.2969,
2107,1846,0.2967,
2107,9053,0.2963,
2108,5684,0.2033,
2108,2926,0.2026,
2108,9447,0.2,
2108,3917,0.1961,
2108,3516,0.1955,
2108,6940,0.1943,
2108,5106,0.1921,
2108,2401,0.1907,
2108,8968,0.1889,
2108,1359,0.1888,
2108,8763,0.1872,
2108,1054,0.1868,
2108,4622,0.1837,
2108,2764,0.1835,
2108,2060,0.1835,
2108,850,0.1831,
2108,2330,0.1826,
2108,5619,0.1821,
2108,4274,0.1813,
2108,5559,0.181,
2109,1337,0.2515,
2109,4127,0.2349,
2109,409,0.2328,
2109,8322,0.2271,
2109,3516,0.222,
2109,8470,0.2218,
2109,4819,0.2196,
2109,8190,0.218,
2109,7558,0.2174,
2109,1083,0.2145,
2109,9288,0.2141,
2109,455,0.2109,
2109,6835,0.2077,
2109,5465,0.207,
2109,7453,0.2067,
2109,3245,0.2042,
2109,5001,0.2033,
2109,5930,0.203,
2109,5448,0.2018,
2109,8471,0.2017,
2128,7628,0.2051,
2128,1083,0.1984,
2128,2696,0.1949,
2128,2461,0.187,
2128,8118,0.1858,
2128,4622,0.1847,
2128,6627,0.1846,
2128,4158,0.184,
2128,2373,0.183,
2128,9436,0.1812,
2128,7824,0.1804,
2128,8005,0.1804,
2128,6072,0.18,
2128,7278,0.1799,
2128,7448,0.1765,
2128,8184,0.1757,
2128,850,0.1756,
2128,5223,0.1737,
2128,9062,0.1727,
2128,4127,0.1716,
2129,7728,0.2714,
2129,2536,0.2696,
2129,6996,0.2451,
2129,189,0.2402,
2129,5717,0.2338,
2129,8065,0.2329,
2129,9234,0.2316,
2129,2994,0.2226,
2129,3440,0.2218,
2129,2147,0.2204,
2129,8440,0.2175,
2129,7973,0.2172,
2129,8669,0.2159,
2129,3112,0.2156,
2129,401,0.2139,
2129,6310,0.2138,
2129,257,0.2137,
2129,64,0.2125,
2129,6973,0.2116,
2129,2593,0.2111,
2110,5189,0.2182,
2110,2926,0.2147,
2110,6478,0.2142,
2110,4057,0.2131,
2110,9062,0.2092,
2110,8067,0.2084,
2110,2331,0.2083,
2110,4565,0.2082,
2110,3897,0.2047,
2110,919,0.204,
2110,6444,0.2039,
2110,5344,0.2037,
2110,4848,0.2013,
2110,7371,0.2008,
2110,5081,0.2005,
2110,2859,0.1991,
2110,3840,0.1991,
2110,6627,0.1984,
2110,8592,0.1967,
2110,4720,0.1963,
2111,338,0.2536,
2111,1127,0.2308,
2111,4377,0.2241,
2111,3027,0.2235,
2111,547,0.2224,
2111,5866,0.2221,
2111,8595,0.2173,
2111,7961,0.2145,
2111,1983,0.2137,
2111,6585,0.2123,
2111,7638,0.2107,
2111,3612,0.2083,
2111,6676,0.2077,
2111,5671,0.2076,
2111,5016,0.2073,
2111,8193,0.207,
2111,4661,0.2062,
2111,1670,0.206,
2111,7003,0.205,
2111,4577,0.2042,
2112,6456,0.171,
2112,4489,0.168,
2112,9223,0.1677,
2112,9263,0.1674,
2112,8432,0.1669,
2112,5034,0.164,
2112,630,0.1623,
2112,1753,0.1617,
2112,8067,0.1602,
2112,7977,0.1598,
2112,6470,0.1594,
2112,3946,0.1582,
2112,6904,0.1577,
2112,1330,0.1565,
2112,8626,0.1559,
2112,9002,0.1556,
2112,4607,0.1554,
2112,1034,0.1552,
2112,6701,0.1546,
2112,4189,0.1539,
2113,282,0.2446,
2113,8322,0.2408,
2113,8190,0.2407,
2113,3646,0.2399,
2113,3245,0.2393,
2113,2256,0.2388,
2113,1158,0.2377,
2113,8470,0.2305,
2113,7964,0.2278,
2113,338,0.2273,
2113,7558,0.2258,
2113,8834,0.2253,
2113,3178,0.2252,
2113,5189,0.2245,
2113,5494,0.2239,
2113,3289,0.2236,
2113,8431,0.2236,
2113,8127,0.2233,
2113,6433,0.2225,
2113,8206,0.222,
2114,7824,0.2464,
2114,1083,0.2403,
2114,2702,0.2249,
2114,1207,0.2208,
2114,1054,0.2188,
2114,8184,0.2113,
2114,5563,0.2078,
2114,7784,0.2061,
2114,5223,0.2038,
2114,7278,0.2008,
2114,8776,0.2006,
2114,8888,0.1994,
2114,4127,0.1993,
2114,455,0.1973,
2114,6174,0.197,
2114,4531,0.1922,
2114,5716,0.1921,
2114,536,0.1918,
2114,9213,0.1913,
2114,7453,0.1908,
2115,2053,0.2717,
2115,6444,0.2697,
2115,919,0.2688,
2115,4819,0.2668,
2115,6701,0.2632,
2115,9276,0.2611,
2115,9447,0.2579,
2115,9070,0.2576,
2115,1846,0.2569,
2115,6127,0.2563,
2115,8806,0.253,
2115,5761,0.2522,
2115,1858,0.2512,
2115,6259,0.2509,
2115,5603,0.2507,
2115,2019,0.249,
2115,1209,0.2471,
2115,5900,0.2469,
2115,3349,0.2466,
2115,2492,0.2463,
2116,4474,0.21,
2116,8079,0.2086,
2116,8276,0.2018,
2116,5868,0.201,
2116,4613,0.1993,
2116,4858,0.1982,
2116,2764,0.1959,
2116,3829,0.1943,
2116,4218,0.1937,
2116,5492,0.1915,
2116,1115,0.1914,
2116,3933,0.1913,
2116,8701,0.1912,
2116,6822,0.1911,
2116,2926,0.1906,
2116,7987,0.19,
2116,5684,0.1892,
2116,9053,0.1885,
2116,9246,0.1881,
2116,1031,0.1877,
2118,6775,0.2269,
2118,3240,0.1974,
2118,3175,0.1956,
2118,4629,0.1892,
2118,6753,0.1881,
2118,2077,0.1831,
2118,6346,0.1821,
2118,9214,0.174,
2118,409,0.172,
2118,8087,0.1692,
2118,909,0.1668,
2118,6212,0.1653,
2118,3107,0.164,
2118,3105,0.1631,
2118,5386,0.1631,
2118,5745,0.1625,
2118,975,0.1625,
2118,2171,0.1623,
2118,7964,0.1622,
2118,7879,0.1621,
2119,5930,0.1868,
2119,1083,0.1824,
2119,8571,0.1746,
2119,8036,0.1705,
2119,1054,0.1691,
2119,7083,0.1675,
2119,3516,0.1663,
2119,9436,0.1653,
2119,1902,0.1621,
2119,919,0.1616,
2119,5990,0.1616,
2119,8813,0.1604,
2119,1704,0.1561,
2119,7844,0.1555,
2119,4300,0.1546,
2119,5168,0.1523,
2119,8184,0.1516,
2119,9081,0.1515,
2119,5919,0.1507,
2119,5529,0.1497,
2120,2484,0.2811,
2120,3114,0.2793,
2120,1281,0.2579,
2120,1004,0.2529,
2120,8074,0.2508,
2120,8843,0.249,
2120,78,0.2462,
2120,4968,0.2444,
2120,3506,0.2419,
2120,9431,0.239,
2120,295,0.2381,
2120,821,0.238,
2120,6835,0.2378,
2120,926,0.2374,
2120,5659,0.2365,
2120,759,0.2357,
2120,1554,0.2347,
2120,4225,0.2325,
2120,8163,0.2308,
2120,6160,0.2294,
2121,5165,0.2065,
2121,355,0.2034,
2121,3057,0.1947,
2121,4553,0.1893,
2121,7273,0.1888,
2121,3920,0.1843,
2121,1162,0.1825,
2121,8192,0.1821,
2121,8905,0.1819,
2121,754,0.1799,
2121,5999,0.1794,
2121,7523,0.1793,
2121,3039,0.1781,
2121,3436,0.1777,
2121,8221,0.1776,
2121,2127,0.1761,
2121,334,0.176,
2121,3207,0.176,
2121,2566,0.1741,
2121,8481,0.174,
2122,2145,0.2647,
2122,4682,0.2605,
2122,3540,0.2509,
2122,6643,0.2502,
2122,164,0.249,
2122,6614,0.2485,
2122,1028,0.2464,
2122,3787,0.2464,
2122,6613,0.246,
2122,3840,0.2448,
2122,4240,0.2446,
2122,7140,0.2443,
2122,1771,0.2425,
2122,4455,0.2414,
2122,5519,0.2411,
2122,4744,0.2409,
2122,7371,0.2403,
2122,2539,0.2397,
2122,5223,0.2395,
2122,5583,0.2394,
2123,7231,0.2487,
2123,3048,0.2264,
2123,453,0.2246,
2123,340,0.2128,
2123,1536,0.2123,
2123,9062,0.2106,
2123,1811,0.2058,
2123,2906,0.2046,
2123,6994,0.2033,
2123,501,0.2031,
2123,5080,0.2023,
2123,7005,0.2019,
2123,1141,0.1973,
2123,363,0.1967,
2123,2335,0.1964,
2123,1908,0.1957,
2123,2934,0.1946,
2123,4875,0.1934,
2123,4688,0.1932,
2123,7824,0.1914,
2124,3505,0.251,
2124,1220,0.2402,
2124,64,0.2302,
2124,7069,0.2301,
2124,7728,0.2277,
2124,8783,0.2276,
2124,6278,0.2249,
2124,431,0.2238,
2124,8054,0.2221,
2124,8065,0.222,
2124,4026,0.2213,
2124,2901,0.2191,
2124,2252,0.2155,
2124,5745,0.2148,
2124,4835,0.2134,
2124,8087,0.2132,
2124,409,0.2129,
2124,4553,0.2125,
2124,3799,0.2112,
2124,6869,0.2101,
2125,846,0.2065,
2125,5990,0.2021,
2125,5344,0.2003,
2125,1859,0.1983,
2125,8036,0.1938,
2125,5081,0.1931,
2125,5413,0.1906,
2125,1162,0.189,
2125,3669,0.1883,
2125,5930,0.1869,
2125,8192,0.1864,
2125,1311,0.1846,
2125,6963,0.1845,
2125,5356,0.1827,
2125,6773,0.1812,
2125,4729,0.1812,
2125,4962,0.1802,
2125,4848,0.18,
2125,7414,0.18,
2125,5223,0.179,
2126,4057,0.206,
2126,5223,0.2004,
2126,5081,0.1988,
2126,4291,0.1919,
2126,5344,0.1903,
2126,4565,0.1882,
2126,4682,0.1876,
2126,8005,0.1846,
2126,6849,0.1843,
2126,3516,0.184,
2126,6613,0.1824,
2126,5465,0.1819,
2126,5716,0.1808,
2126,6627,0.1805,
2126,7278,0.1798,
2126,433,0.1797,
2126,5192,0.1788,
2126,6478,0.1783,
2126,3506,0.178,
2126,5930,0.1777,
2127,8374,0.2563,
2127,9452,0.255,
2127,4514,0.2498,
2127,2361,0.2495,
2127,4727,0.2487,
2127,1028,0.2481,
2127,4744,0.248,
2127,3540,0.2472,
2127,9407,0.2471,
2127,5583,0.247,
2127,7140,0.2459,
2127,4682,0.2458,
2127,983,0.2454,
2127,6499,0.2453,
2127,6614,0.2453,
2127,4275,0.2452,
2127,1062,0.2446,
2127,5971,0.2446,
2127,2351,0.2439,
2127,5708,0.2439,
2131,4370,0.2032,
2131,4086,0.2006,
2131,5246,0.199,
2131,985,0.1978,
2131,8328,0.1977,
2131,7535,0.197,
2131,8901,0.195,
2131,820,0.1947,
2131,7006,0.1942,
2131,3303,0.1913,
2131,696,0.1902,
2131,8866,0.1901,
2131,3808,0.1889,
2131,3144,0.1884,
2131,7813,0.1876,
2131,1402,0.1875,
2131,4131,0.1866,
2131,2070,0.1865,
2131,4824,0.186,
2131,9106,0.1846,
2132,4275,0.4276,
2132,2361,0.4205,
2132,4744,0.4188,
2132,5583,0.4187,
2132,6614,0.4168,
2132,8551,0.4069,
2132,7853,0.4051,
2132,164,0.402,
2132,9452,0.4008,
2132,7447,0.4006,
2132,993,0.3998,
2132,9407,0.3992,
2132,9135,0.3943,
2132,2606,0.3909,
2132,2876,0.3907,
2132,9388,0.3905,
2132,307,0.3899,
2132,8662,0.3891,
2132,2029,0.3891,
2132,5223,0.3886,
2133,6346,0.2436,
2133,3175,0.2435,
2133,6775,0.2415,
2133,1786,0.2192,
2133,8156,0.2164,
2133,9214,0.2138,
2133,2171,0.2055,
2133,1066,0.2044,
2133,6124,0.2038,
2133,6753,0.2002,
2133,6234,0.1987,
2133,5400,0.1975,
2133,4954,0.1971,
2133,2984,0.1962,
2133,3612,0.1938,
2133,8821,0.1929,
2133,7341,0.1919,
2133,2194,0.1906,
2133,6585,0.1895,
2133,8166,0.189,
2134,3815,0.2847,
2134,7044,0.2788,
2134,7525,0.2778,
2134,4818,0.2777,
2134,8054,0.2726,
2134,4223,0.2723,
2134,9288,0.2714,
2134,2252,0.2709,
2134,4026,0.2686,
2134,5973,0.2672,
2134,8087,0.2668,
2134,9114,0.2667,
2134,2239,0.2648,
2134,6386,0.2647,
2134,2506,0.2643,
2134,8280,0.2637,
2134,2182,0.2615,
2134,6441,0.2614,
2134,6212,0.2606,
2134,7049,0.2593,
2135,6613,0.2677,
2135,5716,0.2625,
2135,3807,0.2549,
2135,5,0.2505,
2135,9388,0.2495,
2135,3457,0.2467,
2135,8374,0.2448,
2135,5773,0.2446,
2135,6785,0.2438,
2135,8662,0.243,
2135,2361,0.2423,
2135,5616,0.2412,
2135,7265,0.2404,
2135,6089,0.2395,
2135,1598,0.2395,
2135,9407,0.2394,
2135,4252,0.2388,
2135,5837,0.2376,
2135,5583,0.2375,
2135,6614,0.236,
2136,4682,0.2596,
2136,9062,0.2437,
2136,6627,0.2382,
2136,2461,0.2291,
2136,8769,0.2245,
2136,3432,0.2244,
2136,2331,0.2241,
2136,7568,0.2196,
2136,7070,0.2179,
2136,8005,0.2177,
2136,8612,0.2159,
2136,8551,0.215,
2136,7375,0.2137,
2136,7231,0.2108,
2136,5261,0.2036,
2136,7051,0.201,
2136,3540,0.1987,
2136,8118,0.1955,
2136,166,0.1922,
2136,5465,0.192,
2137,2255,0.2339,
2137,5559,0.2234,
2137,4041,0.2187,
2137,4127,0.2123,
2137,2926,0.209,
2137,7273,0.2087,
2137,3039,0.2076,
2137,5465,0.2026,
2137,6472,0.201,
2137,4328,0.201,
2137,8079,0.1992,
2137,4622,0.1987,
2137,3693,0.1987,
2137,1902,0.1958,
2137,616,0.1944,
2137,6259,0.1939,
2137,8763,0.1936,
2137,7633,0.1925,
2137,164,0.189,
2137,2060,0.1884,
2138,8410,0.338,
2138,5089,0.3247,
2138,4736,0.324,
2138,2687,0.3232,
2138,1309,0.3229,
2138,1508,0.3062,
2138,8620,0.3054,
2138,3631,0.3052,
2138,4013,0.2983,
2138,6896,0.2982,
2138,973,0.2953,
2138,4667,0.2939,
2138,3260,0.2925,
2138,7662,0.2914,
2138,9161,0.289,
2138,6100,0.2889,
2138,6819,0.2875,
2138,5932,0.2873,
2138,5754,0.2871,
2138,2213,0.2865,
2139,736,0.2261,
2139,307,0.2169,
2139,3540,0.2127,
2139,8131,0.2074,
2139,5048,0.2009,
2139,7917,0.1971,
2139,1330,0.1945,
2139,6803,0.1933,
2139,630,0.1927,
2139,5165,0.1905,
2139,9273,0.1899,
2139,6442,0.1888,
2139,951,0.1874,
2139,4396,0.1846,
2139,4189,0.1824,
2139,2800,0.1811,
2139,920,0.1795,
2139,3202,0.1769,
2139,5085,0.1765,
2139,8067,0.1756,
2140,6613,0.2123,
2140,9436,0.2072,
2140,1162,0.1979,
2140,8192,0.1976,
2140,4057,0.1932,
2140,3516,0.1916,
2140,3039,0.1847,
2140,8005,0.1834,
2140,5616,0.1816,
2140,7919,0.1812,
2140,7628,0.1811,
2140,3917,0.1786,
2140,338,0.1784,
2140,4962,0.1782,
2140,352,0.1775,
2140,9034,0.1751,
2140,334,0.1751,
2140,5397,0.1745,
2140,6643,0.1741,
2140,6064,0.1735,
2155,8888,0.2257,
2155,7870,0.2119,
2155,9062,0.2049,
2155,5563,0.2043,
2155,6174,0.198,
2155,7824,0.1921,
2155,4783,0.191,
2155,2663,0.1876,
2155,291,0.1811,
2155,5533,0.1787,
2155,3572,0.1781,
2155,6442,0.178,
2155,3842,0.1779,
2155,9309,0.1778,
2155,3989,0.1768,
2155,5803,0.1764,
2155,3770,0.1762,
2155,6627,0.1761,
2155,5882,0.1729,
2155,4670,0.1706,
2156,307,0.2846,
2156,4291,0.2753,
2156,736,0.2469,
2156,3066,0.2444,
2156,2770,0.2429,
2156,8470,0.24,
2156,6973,0.2389,
2156,3540,0.2367,
2156,5727,0.2365,
2156,433,0.2344,
2156,3787,0.2343,
2156,8131,0.2335,
2156,5519,0.233,
2156,2145,0.2316,
2156,5743,0.2315,
2156,5494,0.2312,
2156,3807,0.2308,
2156,2642,0.2296,
2156,8679,0.2293,
2156,7672,0.229,
2141,5999,0.3565,
2141,3057,0.3082,
2141,8905,0.3071,
2141,6474,0.3018,
2141,2566,0.3016,
2141,3920,0.2994,
2141,3436,0.2987,
2141,4553,0.2963,
2141,7523,0.2925,
2141,5165,0.2897,
2141,2127,0.2885,
2141,3417,0.2879,
2141,5438,0.2876,
2141,754,0.2875,
2141,6376,0.2867,
2141,2874,0.2853,
2141,355,0.285,
2141,3207,0.2814,
2141,4512,0.2759,
2141,1626,0.2755,
2142,125,0.2493,
2142,4834,0.2483,
2142,1004,0.247,
2142,3838,0.2468,
2142,3506,0.2413,
2142,1661,0.2412,
2142,6173,0.238,
2142,7755,0.2379,
2142,9063,0.2347,
2142,1163,0.2344,
2142,1399,0.2315,
2142,9431,0.231,
2142,5672,0.2295,
2142,821,0.2285,
2142,8144,0.2282,
2142,3259,0.2276,
2142,7515,0.2248,
2142,4231,0.2239,
2142,78,0.2237,
2142,5604,0.2228,
2143,5554,0.3739,
2143,8620,0.3479,
2143,8720,0.3374,
2143,5790,0.3366,
2143,5543,0.3365,
2143,4302,0.3364,
2143,4250,0.3351,
2143,2687,0.3321,
2143,248,0.3302,
2143,4074,0.3292,
2143,3650,0.3287,
2143,2911,0.3286,
2143,5122,0.3273,
2143,4547,0.3268,
2143,3287,0.3264,
2143,511,0.3253,
2143,9032,0.3249,
2143,3552,0.3245,
2143,8836,0.3223,
2143,8352,0.3217,
2144,7824,0.238,
2144,1908,0.2251,
2144,1083,0.211,
2144,2702,0.2055,
2144,4582,0.2029,
2144,7857,0.1988,
2144,1207,0.1971,
2144,7825,0.1968,
2144,455,0.1961,
2144,7278,0.1948,
2144,8834,0.1933,
2144,7634,0.1915,
2144,521,0.1895,
2144,2856,0.1892,
2144,5236,0.1862,
2144,8673,0.1856,
2144,7656,0.1856,
2144,6975,0.1836,
2144,4353,0.1822,
2144,5223,0.1794,
2145,6683,0.2878,
2145,5754,0.2821,
2145,973,0.2772,
2145,99,0.276,
2145,1716,0.2733,
2145,2080,0.2669,
2145,5246,0.2663,
2145,4736,0.2626,
2145,6896,0.2624,
2145,4370,0.2564,
2145,6716,0.2563,
2145,444,0.2545,
2145,1508,0.2505,
2145,4132,0.2505,
2145,2687,0.2502,
2145,5292,0.2479,
2145,2986,0.2467,
2145,6295,0.2462,
2145,3850,0.2457,
2145,9013,0.2454,
2146,9062,0.3399,
2146,6627,0.2968,
2146,8888,0.2711,
2146,3432,0.2534,
2146,8067,0.2473,
2146,8693,0.2472,
2146,7568,0.2465,
2146,2724,0.2464,
2146,5882,0.2415,
2146,7070,0.2411,
2146,4158,0.241,
2146,4682,0.2379,
2146,6664,0.2374,
2146,1931,0.2367,
2146,7051,0.2354,
2146,4035,0.2339,
2146,7231,0.2286,
2146,6442,0.2272,
2146,8433,0.2235,
2146,4299,0.2213,
2147,409,0.2706,
2147,7695,0.2674,
2147,8585,0.2561,
2147,7868,0.2548,
2147,8087,0.251,
2147,2049,0.2498,
2147,7044,0.249,
2147,5484,0.2477,
2147,6212,0.2463,
2147,9030,0.246,
2147,463,0.2458,
2147,8280,0.2455,
2147,9202,0.2447,
2147,4223,0.2446,
2147,7879,0.2433,
2147,5973,0.2416,
2147,1086,0.2411,
2147,2252,0.2411,
2147,3107,0.2409,
2147,8490,0.2391,
2148,9062,0.2813,
2148,3432,0.2732,
2148,6627,0.2607,
2148,7051,0.2572,
2148,2331,0.2568,
2148,7231,0.249,
2148,7070,0.2401,
2148,5261,0.2389,
2148,8612,0.2381,
2148,1536,0.2371,
2148,7568,0.2366,
2148,2461,0.2322,
2148,4158,0.2313,
2148,1485,0.2279,
2148,5375,0.2204,
2148,5609,0.2157,
2148,7628,0.2148,
2148,2696,0.2143,
2148,166,0.2128,
2148,3412,0.2108,
2149,4553,0.3236,
2149,8905,0.3226,
2149,6474,0.3219,
2149,355,0.3129,
2149,3057,0.3079,
2149,2566,0.3035,
2149,5438,0.303,
2149,2127,0.2967,
2149,6141,0.2963,
2149,3436,0.2929,
2149,3417,0.2918,
2149,3920,0.2916,
2149,3207,0.2914,
2149,754,0.2902,
2149,7523,0.2894,
2149,759,0.2887,
2149,2874,0.2878,
2149,4512,0.2829,
2149,6376,0.2812,
2149,8221,0.2784,
2150,1083,0.1543,
2150,7824,0.1423,
2150,7278,0.1369,
2150,7634,0.1289,
2150,8184,0.1273,
2150,5236,0.1261,
2150,364,0.1239,
2150,1116,0.1228,
2150,7628,0.1228,
2150,2461,0.1221,
2150,4346,0.1214,
2150,8036,0.1197,
2150,6975,0.118,
2150,7421,0.1171,
2150,521,0.1157,
2150,9394,0.115,
2150,6803,0.1149,
2150,1629,0.1144,
2150,2702,0.1144,
2150,4582,0.1139,
2151,6803,0.172,
2151,5044,0.1671,
2151,5025,0.165,
2151,6009,0.1623,
2151,3952,0.1609,
2151,6442,0.1609,
2151,7917,0.1607,
2151,6951,0.1595,
2151,3516,0.1558,
2151,9436,0.1533,
2151,2622,0.1529,
2151,8648,0.1528,
2151,7363,0.152,
2151,307,0.152,
2151,5109,0.1509,
2151,2461,0.1492,
2151,6280,0.1489,
2151,4057,0.1452,
2151,6522,0.1442,
2151,951,0.144,
2152,4553,0.2478,
2152,3436,0.2438,
2152,355,0.2387,
2152,2874,0.2356,
2152,5438,0.2295,
2152,7523,0.2294,
2152,8905,0.2291,
2152,5659,0.2284,
2152,2127,0.227,
2152,3920,0.2264,
2152,6141,0.2253,
2152,4512,0.2246,
2152,754,0.2222,
2152,998,0.2216,
2152,2566,0.2208,
2152,3057,0.2207,
2152,3417,0.2197,
2152,6474,0.2194,
2152,6376,0.2192,
2152,759,0.2154,
2153,307,0.3297,
2153,5223,0.3249,
2153,736,0.324,
2153,5583,0.3006,
2153,6614,0.2958,
2153,2361,0.2874,
2153,9407,0.2842,
2153,473,0.2837,
2153,4252,0.283,
2153,4275,0.282,
2153,993,0.2816,
2153,8662,0.2815,
2153,2308,0.2802,
2153,8600,0.2792,
2153,7853,0.2788,
2153,4727,0.2778,
2153,8131,0.2778,
2153,2539,0.2772,
2153,9452,0.2768,
2153,5969,0.2762,
2157,5583,0.3099,
2157,307,0.3085,
2157,6614,0.3042,
2157,4275,0.3023,
2157,4252,0.2953,
2157,4514,0.2947,
2157,9452,0.2913,
2157,8551,0.2911,
2157,34,0.2895,
2157,473,0.2895,
2157,8662,0.289,
2157,9388,0.2889,
2157,2145,0.2888,
2157,66,0.2886,
2157,3787,0.2867,
2157,1062,0.2866,
2157,9407,0.2861,
2157,7853,0.2856,
2157,2361,0.2854,
2157,5901,0.2853,
2158,5554,0.3134,
2158,3552,0.3122,
2158,8720,0.3112,
2158,8620,0.31,
2158,5790,0.2996,
2158,3650,0.2982,
2158,3287,0.2981,
2158,4547,0.2949,
2158,4302,0.2938,
2158,8579,0.2925,
2158,4074,0.2925,
2158,511,0.292,
2158,9032,0.291,
2158,3224,0.2897,
2158,8352,0.2893,
2158,2687,0.289,
2158,8836,0.2884,
2158,2459,0.2884,
2158,2911,0.2872,
2158,7693,0.287,
2159,4275,0.2728,
2159,2006,0.2691,
2159,66,0.2663,
2159,9452,0.2639,
2159,8551,0.2596,
2159,2606,0.2595,
2159,5971,0.2591,
2159,7447,0.2569,
2159,7853,0.2569,
2159,1028,0.2567,
2159,6613,0.2561,
2159,7140,0.2544,
2159,9135,0.2541,
2159,6089,0.2539,
2159,598,0.2527,
2159,2029,0.2525,
2159,4514,0.2515,
2159,4727,0.2511,
2159,2539,0.2505,
2159,4057,0.2494,
2160,7973,0.2389,
2160,3679,0.2368,
2160,7825,0.2366,
2160,6442,0.2331,
2160,1330,0.233,
2160,8267,0.2252,
2160,3794,0.2226,
2160,6904,0.2192,
2160,6174,0.2185,
2160,2145,0.2174,
2160,3787,0.2159,
2160,8064,0.2098,
2160,78,0.2076,
2160,307,0.2076,
2160,5183,0.2072,
2160,736,0.2067,
2160,8067,0.2066,
2160,4291,0.2065,
2160,5535,0.2065,
2160,399,0.2063,
2161,3842,0.2769,
2161,8888,0.2711,
2161,6423,0.2616,
2161,1913,0.2463,
2161,7794,0.2456,
2161,4621,0.244,
2161,9309,0.2432,
2161,7647,0.2397,
2161,8184,0.2354,
2161,7702,0.2316,
2161,9416,0.2305,
2161,5563,0.229,
2161,3345,0.2283,
2161,5426,0.2267,
2161,8879,0.2232,
2161,616,0.2231,
2161,2724,0.2221,
2161,5106,0.2206,
2161,5882,0.2181,
2161,8946,0.2168,
2177,4582,0.209,
2177,886,0.2,
2177,9288,0.1992,
2177,5217,0.1992,
2177,3170,0.191,
2177,6742,0.1893,
2177,5938,0.1826,
2177,6836,0.1818,
2177,2702,0.1799,
2177,5010,0.1795,
2177,2175,0.1779,
2177,7278,0.1779,
2177,4622,0.1759,
2177,5342,0.1737,
2177,7634,0.1734,
2177,5426,0.1733,
2177,8182,0.1715,
2177,2255,0.1712,
2177,7079,0.1709,
2177,340,0.1708,
2178,9062,0.2891,
2178,1908,0.2571,
2178,6174,0.2442,
2178,5882,0.243,
2178,4531,0.2371,
2178,8322,0.2363,
2178,8067,0.2324,
2178,8612,0.2299,
2178,7825,0.2266,
2178,2312,0.2238,
2178,4299,0.2213,
2178,2663,0.2196,
2178,7568,0.2188,
2178,5261,0.2181,
2178,2461,0.2177,
2178,4682,0.2169,
2178,3840,0.2151,
2178,6627,0.2148,
2178,7973,0.2145,
2178,249,0.2144,
2162,8551,0.224,
2162,4682,0.2227,
2162,7126,0.2209,
2162,1771,0.217,
2162,1438,0.2169,
2162,8091,0.2166,
2162,7375,0.2161,
2162,8005,0.2153,
2162,6001,0.2117,
2162,5583,0.2095,
2162,9341,0.2063,
2162,8374,0.2051,
2162,4275,0.2036,
2162,307,0.2033,
2162,3787,0.203,
2162,6613,0.2026,
2162,4660,0.2023,
2162,473,0.2018,
2162,2308,0.2001,
2162,2361,0.2001,
2163,5583,0.4111,
2163,4275,0.4051,
2163,5519,0.4027,
2163,307,0.4018,
2163,2308,0.4007,
2163,5464,0.4,
2163,6614,0.3996,
2163,5548,0.3983,
2163,9452,0.3962,
2163,2770,0.3959,
2163,3787,0.3956,
2163,2351,0.3955,
2163,9341,0.3948,
2163,2145,0.3948,
2163,7447,0.3947,
2163,4682,0.3939,
2163,2361,0.3937,
2163,2158,0.3934,
2163,221,0.3927,
2163,5901,0.3923,
2164,5089,0.3796,
2164,4736,0.3643,
2164,8410,0.3608,
2164,5882,0.3427,
2164,4667,0.3391,
2164,56,0.3245,
2164,2714,0.3195,
2164,7662,0.3189,
2164,1508,0.3133,
2164,8653,0.3125,
2164,7765,0.3124,
2164,17,0.3099,
2164,3668,0.3086,
2164,6744,0.3078,
2164,2687,0.3073,
2164,1309,0.3059,
2164,9352,0.3048,
2164,5932,0.3039,
2164,1341,0.303,
2164,1407,0.3016,
2165,7879,0.2633,
2165,4553,0.257,
2165,4303,0.2411,
2165,4582,0.2399,
2165,2175,0.2347,
2165,5165,0.2267,
2165,6433,0.222,
2165,338,0.2219,
2165,5010,0.2184,
2165,8905,0.2157,
2165,6474,0.2148,
2165,624,0.2138,
2165,759,0.2135,
2165,2127,0.2135,
2165,7512,0.2123,
2165,6613,0.2123,
2165,7525,0.2094,
2165,1204,0.2087,
2165,3417,0.2081,
2165,3920,0.2073,
2166,5223,0.2586,
2166,4057,0.2578,
2166,6613,0.2567,
2166,5465,0.2488,
2166,5081,0.2308,
2166,3787,0.2277,
2166,7824,0.2271,
2166,433,0.2271,
2166,5189,0.2231,
2166,6643,0.2229,
2166,8679,0.2219,
2166,8834,0.2206,
2166,5494,0.2205,
2166,4256,0.2194,
2166,4291,0.2191,
2166,455,0.219,
2166,3050,0.2154,
2166,307,0.2149,
2166,2145,0.2149,
2166,7724,0.2147,
2167,7825,0.2715,
2167,6835,0.2652,
2167,5343,0.2582,
2167,78,0.2499,
2167,4127,0.2494,
2167,1337,0.2481,
2167,4070,0.2444,
2167,6021,0.2399,
2167,455,0.2376,
2167,9208,0.2336,
2167,8322,0.2318,
2167,2893,0.2297,
2167,3524,0.2289,
2167,3816,0.2289,
2167,2385,0.2286,
2167,3744,0.2279,
2167,8471,0.226,
2167,4795,0.2256,
2167,7453,0.2254,
2167,1902,0.2252,
2179,6012,0.1468,
2179,3016,0.1442,
2179,7116,0.143,
2179,3487,0.1421,
2179,5854,0.1419,
2179,6423,0.1415,
2179,7883,0.1363,
2179,7784,0.1358,
2179,1722,0.1341,
2179,4175,0.1337,
2179,8240,0.1327,
2179,8888,0.1314,
2179,291,0.1313,
2179,3788,0.131,
2179,7448,0.1296,
2179,2019,0.1291,
2179,6472,0.1277,
2179,8880,0.1264,
2179,9140,0.126,
2179,5900,0.1254,
2168,6442,0.2561,
2168,6803,0.2442,
2168,307,0.2274,
2168,8067,0.2188,
2168,951,0.2182,
2168,7917,0.2167,
2168,7633,0.2138,
2168,9062,0.2129,
2168,1902,0.2126,
2168,7825,0.2124,
2168,1241,0.2119,
2168,2461,0.2074,
2168,3202,0.2069,
2168,9436,0.2066,
2168,6613,0.2036,
2168,453,0.2035,
2168,8834,0.2031,
2168,5109,0.2023,
2168,3787,0.2015,
2168,6565,0.2015,
2169,5808,0.3381,
2169,1780,0.3339,
2169,5608,0.3313,
2169,4589,0.3294,
2169,2092,0.3292,
2169,1828,0.3291,
2169,1674,0.3247,
2169,6767,0.3227,
2169,4473,0.3193,
2169,8317,0.3179,
2169,9413,0.3172,
2169,5617,0.3166,
2169,3653,0.3165,
2169,8338,0.3165,
2169,6209,0.316,
2169,213,0.3149,
2169,2020,0.3144,
2169,5125,0.3129,
2169,30,0.3114,
2169,7168,0.3096,
2170,967,0.2562,
2170,9366,0.2533,
2170,1859,0.2495,
2170,334,0.2486,
2170,7923,0.2484,
2170,5450,0.248,
2170,5246,0.2452,
2170,4618,0.2447,
2170,7317,0.2443,
2170,9034,0.2426,
2170,6781,0.2409,
2170,8192,0.2404,
2170,980,0.2399,
2170,5356,0.237,
2170,4962,0.2368,
2170,6818,0.2363,
2170,6064,0.2359,
2170,3630,0.2352,
2170,8481,0.2351,
2170,5397,0.235,
2171,355,0.2687,
2171,3057,0.2562,
2171,754,0.2545,
2171,8905,0.254,
2171,3920,0.2519,
2171,3417,0.2516,
2171,5165,0.2508,
2171,4553,0.2496,
2171,2127,0.2465,
2171,2566,0.2431,
2171,5438,0.2424,
2171,3436,0.242,
2171,2874,0.2415,
2171,6376,0.2414,
2171,7523,0.2404,
2171,759,0.2388,
2171,4512,0.2375,
2171,6474,0.2374,
2171,5659,0.237,
2171,7273,0.2369,
2172,3842,0.224,
2172,5779,0.2062,
2172,8888,0.1941,
2172,6423,0.1938,
2172,7647,0.1826,
2172,1913,0.182,
2172,3345,0.1811,
2172,918,0.1803,
2172,5426,0.18,
2172,4115,0.1735,
2172,8879,0.1729,
2172,5803,0.1724,
2172,6678,0.1712,
2172,7037,0.1706,
2172,4127,0.1696,
2172,3175,0.1673,
2172,8265,0.1667,
2172,1478,0.1662,
2172,616,0.1643,
2172,383,0.1641,
2173,9366,0.2115,
2173,5246,0.2102,
2173,5450,0.2062,
2173,7923,0.2062,
2173,967,0.2051,
2173,6064,0.2049,
2173,9034,0.2034,
2173,980,0.2032,
2173,334,0.2012,
2173,7606,0.2005,
2173,5397,0.1997,
2173,8192,0.1994,
2173,6781,0.1991,
2173,8311,0.1991,
2173,6402,0.198,
2173,6818,0.1972,
2173,7317,0.1962,
2173,4962,0.1943,
2173,1859,0.1943,
2173,6942,0.1943,
2174,7918,0.1446,
2174,504,0.1398,
2174,26,0.1392,
2174,5021,0.1378,
2174,1722,0.1338,
2174,3788,0.1307,
2174,7448,0.1293,
2174,2215,0.1286,
2174,3549,0.1259,
2174,9140,0.1257,
2174,8451,0.125,
2174,916,0.1248,
2174,6012,0.1245,
2174,6988,0.1241,
2174,7883,0.1228,
2174,7377,0.1222,
2174,3016,0.1222,
2174,9096,0.1217,
2174,7116,0.1213,
2174,3684,0.1211,
2175,2926,0.1966,
2175,2764,0.1847,
2175,1359,0.1815,
2175,8276,0.1808,
2175,5868,0.179,
2175,3933,0.1769,
2175,6701,0.1747,
2175,3516,0.1735,
2175,4613,0.1722,
2175,3074,0.1717,
2175,8224,0.1706,
2175,1465,0.1673,
2175,5189,0.1658,
2175,5492,0.1649,
2175,4143,0.1624,
2175,4311,0.1623,
2175,1851,0.1616,
2175,3052,0.1612,
2175,4474,0.1611,
2175,8067,0.1609,
2176,7412,0.2268,
2176,2718,0.2202,
2176,2856,0.2069,
2176,8888,0.1975,
2176,8067,0.1862,
2176,5736,0.1852,
2176,5189,0.1844,
2176,8834,0.1798,
2176,7042,0.173,
2176,6917,0.1719,
2176,2783,0.1713,
2176,9185,0.1698,
2176,1352,0.1695,
2176,1909,0.1693,
2176,6400,0.1682,
2176,399,0.1681,
2176,5419,0.1669,
2176,1242,0.1667,
2176,9267,0.1666,
2176,6174,0.1664,
2181,3815,0.2034,
2181,8741,0.2012,
2181,8054,0.1994,
2181,4818,0.1991,
2181,2506,0.1987,
2181,4223,0.193,
2181,6212,0.1906,
2181,3799,0.1897,
2181,1220,0.1896,
2181,7044,0.1853,
2181,8585,0.184,
2181,5921,0.1837,
2181,9089,0.1828,
2181,9288,0.1826,
2181,4582,0.1824,
2181,1902,0.1822,
2181,1204,0.1817,
2181,8161,0.1817,
2181,8500,0.1816,
2181,8087,0.1816,
2182,78,0.2153,
2182,3506,0.2108,
2182,1004,0.2104,
2182,6173,0.2081,
2182,3259,0.2076,
2182,7606,0.2043,
2182,7525,0.202,
2182,6160,0.2003,
2182,4291,0.2,
2182,5604,0.1952,
2182,8481,0.1947,
2182,3219,0.194,
2182,8163,0.194,
2182,2079,0.1931,
2182,334,0.1918,
2182,1162,0.1915,
2182,3816,0.1911,
2182,5356,0.1907,
2182,5397,0.1881,
2182,3864,0.1859,
2183,7371,0.2566,
2183,3840,0.2459,
2183,8769,0.2392,
2183,4682,0.232,
2183,8130,0.2269,
2183,7273,0.2228,
2183,4819,0.2176,
2183,4299,0.2153,
2183,4041,0.2142,
2183,7195,0.2138,
2183,1781,0.2136,
2183,882,0.2134,
2183,9062,0.2128,
2183,3813,0.2123,
2183,6627,0.2114,
2183,3941,0.2097,
2183,3886,0.2094,
2183,7846,0.2084,
2183,3189,0.2077,
2183,7200,0.2077,
2184,307,0.1914,
2184,5109,0.1847,
2184,7494,0.1751,
2184,6442,0.1746,
2184,6565,0.1699,
2184,3067,0.1697,
2184,7917,0.1693,
2184,2298,0.1682,
2184,951,0.1672,
2184,6803,0.1626,
2184,4396,0.1612,
2184,1504,0.1566,
2184,453,0.152,
2184,7313,0.1482,
2184,8306,0.1482,
2184,922,0.1455,
2184,4190,0.1453,
2184,736,0.1421,
2184,8131,0.1416,
2184,4875,0.1369,
2185,7737,0.1679,
2185,4057,0.1615,
2185,5984,0.156,
2185,4565,0.1521,
2185,3516,0.1518,
2185,2926,0.15,
2185,6997,0.1483,
2185,5189,0.1463,
2185,4114,0.1463,
2185,8992,0.1453,
2185,8439,0.1443,
2185,6478,0.1425,
2185,7070,0.1411,
2185,1427,0.1408,
2185,1841,0.1408,
2185,8206,0.1402,
2185,3008,0.1394,
2185,6542,0.139,
2185,3442,0.1383,
2185,4523,0.1372,
2186,8834,0.2506,
2186,9436,0.2437,
2186,338,0.2388,
2186,6613,0.2371,
2186,3516,0.2328,
2186,2629,0.2324,
2186,5189,0.2258,
2186,4057,0.2241,
2186,1083,0.2164,
2186,7824,0.2133,
2186,8192,0.2128,
2186,3088,0.2116,
2186,4565,0.2103,
2186,8439,0.2093,
2186,1162,0.2085,
2186,5223,0.2067,
2186,7486,0.2058,
2186,4286,0.2047,
2186,334,0.2034,
2186,5919,0.2029,
2192,7525,0.1556,
2192,78,0.1523,
2192,3259,0.1509,
2192,3506,0.1502,
2192,8163,0.1452,
2192,6835,0.1434,
2192,8130,0.1425,
2192,821,0.1424,
2192,4291,0.1422,
2192,3219,0.1422,
2192,1626,0.1419,
2192,6173,0.1408,
2192,295,0.1398,
2192,624,0.139,
2192,3816,0.1378,
2192,6212,0.1372,
2192,2049,0.1369,
2192,8481,0.1362,
2192,3114,0.1335,
2192,3840,0.1334,
2187,307,0.2919,
2187,736,0.2845,
2187,2770,0.2768,
2187,7633,0.2707,
2187,8131,0.2652,
2187,3540,0.2626,
2187,2642,0.2511,
2187,6973,0.2491,
2187,433,0.2473,
2187,5494,0.2465,
2187,6499,0.2462,
2187,66,0.2462,
2187,5727,0.2448,
2187,1545,0.244,
2187,5583,0.244,
2187,7031,0.2437,
2187,3151,0.2433,
2187,8367,0.2429,
2187,3457,0.2419,
2187,1771,0.2417,
2188,4553,0.3649,
2188,355,0.3574,
2188,5438,0.3453,
2188,3057,0.3449,
2188,8905,0.3426,
2188,7523,0.3425,
2188,2127,0.3424,
2188,2874,0.3415,
2188,3436,0.3406,
2188,5659,0.3379,
2188,6141,0.3347,
2188,3920,0.3334,
2188,754,0.3311,
2188,4512,0.3301,
2188,2566,0.3278,
2188,759,0.3225,
2188,6376,0.322,
2188,3417,0.3184,
2188,6474,0.3162,
2188,5999,0.3154,
2189,4553,0.272,
2189,3057,0.2686,
2189,5165,0.2671,
2189,5999,0.2512,
2189,8905,0.248,
2189,3920,0.2472,
2189,754,0.2458,
2189,6474,0.2458,
2189,2127,0.244,
2189,759,0.239,
2189,5659,0.2383,
2189,2874,0.2383,
2189,2566,0.2375,
2189,7523,0.2352,
2189,5438,0.2349,
2189,3436,0.2346,
2189,7273,0.2344,
2189,6376,0.2332,
2189,3207,0.2328,
2189,355,0.2303,
2190,1165,0.2362,
2190,7870,0.2261,
2190,4747,0.2219,
2190,5741,0.2208,
2190,399,0.2205,
2190,6174,0.2184,
2190,2356,0.2175,
2190,4751,0.2159,
2190,5927,0.214,
2190,7973,0.2137,
2190,5349,0.2134,
2190,291,0.2092,
2190,8067,0.2087,
2190,4531,0.2083,
2190,9062,0.2081,
2190,5533,0.2074,
2190,4268,0.2068,
2190,2663,0.2067,
2190,6442,0.2059,
2190,5535,0.2051,
2191,6626,0.3595,
2191,6247,0.354,
2191,7452,0.3512,
2191,6391,0.3511,
2191,16,0.3492,
2191,2885,0.3488,
2191,1494,0.3487,
2191,303,0.3446,
2191,4325,0.3424,
2191,1244,0.3373,
2191,3216,0.3101,
2191,461,0.3085,
2191,7740,0.3064,
2191,3580,0.3064,
2191,8748,0.3062,
2191,6867,0.3062,
2191,1949,0.3059,
2191,4138,0.3052,
2191,3172,0.3046,
2191,3234,0.3036,
2193,7918,0.1932,
2193,2401,0.189,
2193,1722,0.1887,
2193,8968,0.1872,
2193,504,0.1869,
2193,3788,0.1842,
2193,9096,0.1788,
2193,6831,0.1746,
2193,8451,0.1721,
2193,850,0.1708,
2193,7377,0.1683,
2193,155,0.1666,
2193,7883,0.163,
2193,1028,0.1615,
2193,7140,0.1601,
2193,6012,0.16,
2193,7578,0.16,
2193,4175,0.1599,
2193,1636,0.1599,
2193,2215,0.1599,
2194,7656,0.2304,
2194,1337,0.2269,
2194,4819,0.2263,
2194,3744,0.2261,
2194,296,0.2164,
2194,2433,0.2117,
2194,7453,0.2113,
2194,616,0.2087,
2194,8470,0.2081,
2194,8965,0.2074,
2194,155,0.2055,
2194,4041,0.2049,
2194,8806,0.2045,
2194,6849,0.2036,
2194,9447,0.2026,
2194,8146,0.2016,
2194,6614,0.2003,
2194,5559,0.1998,
2194,1054,0.1994,
2194,1902,0.1991,
2195,5999,0.292,
2195,6164,0.2855,
2195,4729,0.2786,
2195,8042,0.2764,
2195,1626,0.2702,
2195,432,0.2695,
2195,3722,0.2693,
2195,7493,0.2687,
2195,1859,0.2682,
2195,8748,0.268,
2195,1956,0.2678,
2195,4138,0.2677,
2195,729,0.2676,
2195,5520,0.2641,
2195,6773,0.2635,
2195,5098,0.2621,
2195,5735,0.2617,
2195,5166,0.2602,
2195,3669,0.2594,
2195,5990,0.2579,
2196,2837,0.222,
2196,9273,0.2138,
2196,6904,0.2013,
2196,5930,0.1959,
2196,8131,0.1915,
2196,1330,0.1878,
2196,1054,0.1865,
2196,3202,0.186,
2196,736,0.183,
2196,3784,0.1809,
2196,8002,0.1803,
2196,6803,0.1778,
2196,5081,0.1752,
2196,155,0.1708,
2196,3516,0.1692,
2196,5619,0.1688,
2196,5716,0.1683,
2196,4101,0.1676,
2196,5967,0.1635,
2196,5594,0.1629,
2197,2373,0.1637,
2197,7083,0.1598,
2197,2554,0.1584,
2197,3516,0.1575,
2197,8457,0.1562,
2197,2429,0.1529,
2197,5149,0.1507,
2197,7453,0.15,
2197,7195,0.1492,
2197,6996,0.1479,
2197,3843,0.1468,
2197,8965,0.1466,
2197,4544,0.1445,
2197,7318,0.1438,
2197,1806,0.1424,
2197,6307,0.1424,
2197,5189,0.1414,
2197,2109,0.1407,
2197,6935,0.1397,
2197,1772,0.1392,
2198,8118,0.3201,
2198,6701,0.3195,
2198,5761,0.3183,
2198,9053,0.3178,
2198,9070,0.3173,
2198,8769,0.3172,
2198,296,0.3109,
2198,1869,0.3099,
2198,7987,0.3099,
2198,8806,0.3096,
2198,95,0.3089,
2198,5113,0.3082,
2198,3561,0.3078,
2198,8159,0.3067,
2198,601,0.306,
2198,3829,0.306,
2198,6668,0.3054,
2198,7132,0.3044,
2198,6822,0.3031,
2198,7112,0.3024,
2199,5708,0.2095,
2199,5081,0.2087,
2199,919,0.1981,
2199,6430,0.1931,
2199,7414,0.1833,
2199,7252,0.1831,
2199,5930,0.1812,
2199,3743,0.1792,
2199,6046,0.1778,
2199,8592,0.1774,
2199,6644,0.174,
2199,8571,0.1735,
2199,4057,0.1731,
2199,6935,0.17,
2199,5003,0.1682,
2199,794,0.1676,
2199,2953,0.1658,
2199,5716,0.165,
2199,8005,0.1643,
2199,2926,0.1638,
2200,2401,0.2601,
2200,8968,0.2577,
2200,4041,0.25,
2200,7883,0.2497,
2200,2461,0.2486,
2200,616,0.2451,
2200,4175,0.245,
2200,7628,0.2433,
2200,1913,0.2426,
2200,8769,0.2419,
2200,8118,0.2412,
2200,6472,0.2407,
2200,3202,0.2397,
2200,155,0.2393,
2200,1636,0.2385,
2200,850,0.2384,
2200,5590,0.2372,
2200,5559,0.2342,
2200,7578,0.2342,
2200,1359,0.2312,
2201,2926,0.2688,
2201,3516,0.2324,
2201,5684,0.2148,
2201,2255,0.2143,
2201,2764,0.2112,
2201,8763,0.2071,
2201,7200,0.2057,
2201,1359,0.2056,
2201,6472,0.2042,
2201,5868,0.2029,
2201,4565,0.2002,
2201,2060,0.1993,
2201,8276,0.1991,
2201,3813,0.1988,
2201,5113,0.1984,
2201,8295,0.1965,
2201,95,0.1964,
2201,9447,0.1959,
2201,7155,0.1953,
2201,4057,0.1942,
2202,5165,0.2221,
2202,3840,0.2184,
2202,9062,0.2164,
2202,3057,0.2102,
2202,8612,0.2076,
2202,4299,0.2053,
2202,5438,0.205,
2202,3941,0.201,
2202,4682,0.2001,
2202,6174,0.1992,
2202,7523,0.1959,
2202,2127,0.1958,
2202,8905,0.1943,
2202,2663,0.1922,
2202,5533,0.1918,
2202,291,0.1916,
2202,4258,0.1915,
2202,4057,0.1914,
2202,2566,0.191,
2202,882,0.1908,
2203,1289,0.2658,
2203,7973,0.2485,
2203,6174,0.2436,
2203,1050,0.2386,
2203,6860,0.2345,
2203,8322,0.2344,
2203,2732,0.2216,
2203,7825,0.2212,
2203,399,0.2201,
2203,78,0.2162,
2203,2738,0.2146,
2203,1908,0.2105,
2203,4531,0.2104,
2203,8470,0.2102,
2203,5319,0.2089,
2203,2510,0.2077,
2203,1425,0.2061,
2203,1241,0.2054,
2203,5894,0.2048,
2203,6960,0.2041,
2204,4275,0.2844,
2204,9452,0.2708,
2204,2876,0.261,
2204,5583,0.255,
2204,2158,0.2545,
2204,8551,0.2536,
2204,6614,0.2533,
2204,3787,0.2503,
2204,3400,0.2493,
2204,2361,0.2465,
2204,7447,0.2445,
2204,2606,0.2442,
2204,7853,0.2411,
2204,5789,0.2406,
2204,4514,0.2387,
2204,9135,0.2385,
2204,2029,0.237,
2204,5548,0.2356,
2204,9341,0.2356,
2204,307,0.2352,
2205,5749,0.2714,
2205,5098,0.2704,
2205,6520,0.2665,
2205,6164,0.2617,
2205,3722,0.2571,
2205,7298,0.2565,
2205,3669,0.2541,
2205,5082,0.25,
2205,8480,0.2453,
2205,6540,0.2445,
2205,9331,0.2437,
2205,7216,0.2426,
2205,5520,0.2406,
2205,7462,0.2401,
2205,1973,0.2393,
2205,7699,0.2383,
2205,646,0.238,
2205,5737,0.2375,
2205,8557,0.2357,
2205,4493,0.235,
2206,6164,0.2885,
2206,5098,0.2806,
2206,7964,0.2754,
2206,5735,0.2745,
2206,432,0.2722,
2206,4138,0.2715,
2206,8557,0.2712,
2206,3258,0.2702,
2206,729,0.2684,
2206,3669,0.2679,
2206,8042,0.267,
2206,6867,0.2665,
2206,4669,0.266,
2206,5327,0.2654,
2206,8014,0.2648,
2206,7462,0.2622,
2206,1369,0.2617,
2206,4493,0.2617,
2206,6162,0.2617,
2206,9012,0.2598,
2207,919,0.1488,
2207,5192,0.1406,
2207,5930,0.1351,
2207,7252,0.1349,
2207,6430,0.1287,
2207,8592,0.1279,
2207,6839,0.1279,
2207,2185,0.1268,
2207,2953,0.1241,
2207,1811,0.1227,
2207,6517,0.1226,
2207,6963,0.1225,
2207,2926,0.1209,
2207,794,0.1206,
2207,2665,0.1204,
2207,6440,0.1202,
2207,8070,0.1202,
2207,4622,0.1194,
2207,4058,0.1193,
2207,5081,0.1192,
2231,4275,0.2516,
2231,2158,0.2374,
2231,307,0.2355,
2231,5583,0.2354,
2231,6614,0.2338,
2231,2361,0.233,
2231,4057,0.2305,
2231,5283,0.2304,
2231,5,0.2299,
2231,2452,0.2281,
2231,3807,0.2258,
2231,7416,0.2248,
2231,5412,0.2234,
2231,6442,0.2226,
2231,8600,0.2193,
2231,1023,0.2184,
2231,58,0.2164,
2231,6174,0.216,
2231,3379,0.2155,
2231,7,0.2145,
2208,5391,0.2401,
2208,8396,0.2282,
2208,6511,0.2281,
2208,347,0.2254,
2208,9366,0.2223,
2208,8435,0.2197,
2208,5334,0.2133,
2208,7967,0.2073,
2208,486,0.2063,
2208,6064,0.2049,
2208,963,0.2037,
2208,967,0.2034,
2208,4985,0.2022,
2208,980,0.2015,
2208,3078,0.2013,
2208,2389,0.2002,
2208,704,0.2,
2208,3293,0.1997,
2208,8192,0.1987,
2208,6121,0.1986,
2209,9062,0.2612,
2209,2461,0.242,
2209,6627,0.2282,
2209,3432,0.2197,
2209,7051,0.2137,
2209,7070,0.2063,
2209,7628,0.2058,
2209,4158,0.196,
2209,7568,0.1955,
2209,4682,0.1955,
2209,5261,0.1921,
2209,1485,0.1908,
2209,2331,0.1891,
2209,8612,0.1885,
2209,7231,0.1873,
2209,9394,0.1789,
2209,8693,0.1787,
2209,6803,0.1772,
2209,8769,0.1739,
2209,1931,0.1729,
2210,4744,0.2393,
2210,8374,0.2345,
2210,1734,0.2267,
2210,8888,0.213,
2210,9452,0.2099,
2210,2724,0.2076,
2210,4543,0.2067,
2210,1889,0.2047,
2210,6643,0.2019,
2210,54,0.1943,
2210,6978,0.1938,
2210,7081,0.1921,
2210,473,0.1915,
2210,3603,0.1902,
2210,3581,0.1899,
2210,307,0.1895,
2210,9094,0.1879,
2210,5901,0.185,
2210,4085,0.1846,
2210,9135,0.1844,
2211,9366,0.2757,
2211,980,0.2642,
2211,334,0.2633,
2211,6942,0.2611,
2211,9034,0.2583,
2211,6818,0.2582,
2211,5450,0.2572,
2211,7923,0.2571,
2211,967,0.256,
2211,8192,0.2559,
2211,7606,0.2552,
2211,4962,0.2552,
2211,3630,0.2544,
2211,5397,0.2541,
2211,6781,0.254,
2211,6064,0.2534,
2211,4618,0.2527,
2211,1859,0.2523,
2211,7317,0.2522,
2211,5356,0.2504,
2212,8769,0.3224,
2212,4041,0.2974,
2212,7371,0.2883,
2212,6701,0.2776,
2212,2764,0.2681,
2212,7070,0.2674,
2212,3933,0.2658,
2212,2461,0.2638,
2212,4317,0.2595,
2212,5492,0.2584,
2212,9070,0.2573,
2212,166,0.2567,
2212,1858,0.2551,
2212,7155,0.2548,
2212,4819,0.2547,
2212,6627,0.2516,
2212,6472,0.2511,
2212,6127,0.2509,
2212,3261,0.2508,
2212,5900,0.2508,
2213,2528,0.3041,
2213,5534,0.2762,
2213,6369,0.2742,
2213,3853,0.2721,
2213,8739,0.2586,
2213,9153,0.2581,
2213,8938,0.2568,
2213,8089,0.2518,
2213,4239,0.2457,
2213,2722,0.2456,
2213,7833,0.2447,
2213,7540,0.2446,
2213,7239,0.2438,
2213,1599,0.2399,
2213,7438,0.2347,
2213,2816,0.231,
2213,1315,0.2297,
2213,2560,0.2293,
2213,5526,0.2281,
2213,3057,0.2274,
2214,8070,0.2108,
2214,5990,0.2077,
2214,919,0.2043,
2214,846,0.1978,
2214,885,0.1977,
2214,8592,0.1941,
2214,6444,0.1941,
2214,5081,0.1931,
2214,5905,0.1884,
2214,4848,0.1867,
2214,5344,0.1857,
2214,6963,0.1839,
2214,794,0.1829,
2214,5192,0.1817,
2214,6839,0.1811,
2214,2665,0.181,
2214,2185,0.1808,
2214,7252,0.18,
2214,4058,0.1794,
2214,2953,0.1771,
2215,8322,0.2845,
2215,8267,0.2823,
2215,8470,0.2788,
2215,1908,0.2709,
2215,5183,0.259,
2215,2663,0.2574,
2215,4291,0.2566,
2215,78,0.2559,
2215,7973,0.2532,
2215,7782,0.2518,
2215,6849,0.2459,
2215,5716,0.2457,
2215,6174,0.2454,
2215,7493,0.2453,
2215,8375,0.2451,
2215,7076,0.2451,
2215,2724,0.2449,
2215,3245,0.244,
2215,409,0.2435,
2215,5376,0.2429,
2216,4736,0.3021,
2216,3423,0.2998,
2216,8410,0.2948,
2216,5932,0.2939,
2216,2687,0.2863,
2216,5089,0.2856,
2216,5554,0.2832,
2216,8620,0.2831,
2216,3668,0.2815,
2216,5543,0.2773,
2216,4250,0.2752,
2216,6100,0.2717,
2216,6896,0.2709,
2216,6716,0.2703,
2216,4547,0.2651,
2216,8179,0.2633,
2216,8579,0.2625,
2216,8836,0.2613,
2216,7662,0.261,
2216,4312,0.2609,
2217,7051,0.2355,
2217,5375,0.2332,
2217,9025,0.2297,
2217,1485,0.2268,
2217,9062,0.2188,
2217,4592,0.2163,
2217,6318,0.2141,
2217,4158,0.2137,
2217,9146,0.2111,
2217,8693,0.2071,
2217,1241,0.2015,
2217,2454,0.2014,
2217,7917,0.1963,
2217,7116,0.1942,
2217,3036,0.193,
2217,7313,0.1919,
2217,1646,0.187,
2217,19,0.1862,
2217,626,0.1857,
2217,4279,0.1848,
2218,5554,0.3838,
2218,4302,0.3634,
2218,5790,0.3632,
2218,3650,0.359,
2218,3552,0.3584,
2218,8620,0.3566,
2218,3287,0.351,
2218,4074,0.3506,
2218,9032,0.3504,
2218,5543,0.3492,
2218,8836,0.3489,
2218,4547,0.3486,
2218,511,0.3483,
2218,8720,0.3472,
2218,2911,0.3462,
2218,8579,0.3453,
2218,5122,0.3448,
2218,2459,0.3445,
2218,248,0.3443,
2218,8352,0.3437,
2219,2687,0.2874,
2219,8620,0.2786,
2219,8720,0.2742,
2219,4547,0.27,
2219,6819,0.2693,
2219,5554,0.2673,
2219,4074,0.2623,
2219,9032,0.2617,
2219,8579,0.2616,
2219,5790,0.2598,
2219,4250,0.2585,
2219,1309,0.2581,
2219,511,0.2561,
2219,5543,0.2555,
2219,5122,0.2555,
2219,4302,0.2544,
2219,8352,0.2544,
2219,248,0.2541,
2219,8836,0.2538,
2219,2911,0.2524,
2220,2741,0.1692,
2220,3039,0.1682,
2220,3379,0.1583,
2220,2764,0.1573,
2220,2801,0.1565,
2220,334,0.1542,
2220,8834,0.1538,
2220,6174,0.1533,
2220,5389,0.1514,
2220,7825,0.1512,
2220,6469,0.1511,
2220,3864,0.1505,
2220,8192,0.1504,
2220,4531,0.1496,
2220,2994,0.1493,
2220,8763,0.1492,
2220,8481,0.1492,
2220,1162,0.1489,
2220,5356,0.1488,
2220,5761,0.1486,
2221,409,0.1847,
2221,2175,0.1814,
2221,6212,0.1759,
2221,5010,0.1677,
2221,3173,0.1673,
2221,1337,0.1608,
2221,3505,0.1595,
2221,909,0.1594,
2221,3516,0.1588,
2221,5001,0.1545,
2221,7049,0.1513,
2221,2599,0.1509,
2221,8098,0.1508,
2221,4835,0.1505,
2221,3097,0.1498,
2221,6919,0.1494,
2221,5984,0.1482,
2221,4782,0.1474,
2221,6775,0.1456,
2221,8385,0.1456,
2232,1241,0.2299,
2232,6753,0.2259,
2232,7655,0.2129,
2232,9061,0.2127,
2232,8066,0.2085,
2232,3175,0.2024,
2232,5869,0.2019,
2232,4818,0.2015,
2232,1379,0.201,
2232,1535,0.1987,
2232,4629,0.1974,
2232,455,0.194,
2232,7633,0.1934,
2232,2454,0.1919,
2232,7825,0.1917,
2232,1902,0.191,
2232,1455,0.1882,
2232,975,0.1861,
2232,3576,0.1859,
2232,2704,0.1804,
2233,7273,0.2207,
2233,4622,0.2104,
2233,2764,0.2092,
2233,2926,0.209,
2233,919,0.2042,
2233,4240,0.1883,
2233,2255,0.186,
2233,3052,0.1839,
2233,5165,0.1838,
2233,4340,0.1831,
2233,9447,0.1827,
2233,4317,0.1826,
2233,3933,0.1815,
2233,8905,0.181,
2233,3039,0.1793,
2233,2891,0.1786,
2233,8692,0.1781,
2233,338,0.1756,
2233,355,0.1749,
2233,5492,0.1731,
2222,4565,0.2319,
2222,3516,0.2278,
2222,7278,0.2251,
2222,1083,0.2204,
2222,9309,0.2202,
2222,4523,0.2176,
2222,8184,0.2158,
2222,5189,0.2157,
2222,7824,0.2129,
2222,4688,0.2093,
2222,3506,0.2068,
2222,7475,0.2061,
2222,5563,0.2039,
2222,2175,0.2032,
2222,4127,0.2031,
2222,6835,0.2029,
2222,1235,0.2027,
2222,4057,0.2021,
2222,6478,0.2016,
2222,7794,0.2014,
2223,3516,0.1943,
2223,9436,0.1853,
2223,2926,0.178,
2223,7083,0.1695,
2223,2764,0.165,
2223,6997,0.1649,
2223,965,0.1632,
2223,7737,0.1625,
2223,4114,0.1601,
2223,8992,0.1592,
2223,5984,0.1585,
2223,5189,0.158,
2223,4565,0.1578,
2223,6478,0.1555,
2223,8439,0.1553,
2223,7512,0.1534,
2223,1841,0.1534,
2223,2175,0.1528,
2223,3933,0.1526,
2223,4237,0.1524,
2224,6683,0.3233,
2224,99,0.3074,
2224,5754,0.3015,
2224,5246,0.2986,
2224,1716,0.2948,
2224,4736,0.2946,
2224,973,0.2945,
2224,5450,0.2892,
2224,5292,0.2872,
2224,2986,0.2843,
2224,1741,0.2822,
2224,7923,0.2818,
2224,8410,0.2812,
2224,334,0.2811,
2224,7843,0.277,
2224,2080,0.2769,
2224,6896,0.2757,
2224,444,0.275,
2224,1659,0.2741,
2224,6818,0.273,
2225,7728,0.2736,
2225,2536,0.2718,
2225,6996,0.2471,
2225,189,0.2421,
2225,8065,0.2348,
2225,9234,0.2335,
2225,2994,0.2244,
2225,3440,0.2236,
2225,2147,0.2222,
2225,8440,0.2192,
2225,7973,0.2189,
2225,8669,0.2177,
2225,3112,0.2173,
2225,5717,0.2172,
2225,6973,0.2166,
2225,401,0.2156,
2225,6310,0.2155,
2225,257,0.2154,
2225,64,0.2142,
2225,2593,0.2128,
2226,9366,0.2318,
2226,967,0.2303,
2226,7923,0.2283,
2226,334,0.2253,
2226,8192,0.2246,
2226,3864,0.2239,
2226,5450,0.2232,
2226,980,0.2225,
2226,7317,0.222,
2226,6781,0.2181,
2226,9034,0.2173,
2226,6754,0.2171,
2226,5397,0.2166,
2226,6818,0.216,
2226,4962,0.2159,
2226,6064,0.2149,
2226,7606,0.2147,
2226,1859,0.2141,
2226,5356,0.2127,
2226,6942,0.2115,
2227,4582,0.2189,
2227,8585,0.2178,
2227,5794,0.2119,
2227,9288,0.2087,
2227,5779,0.2042,
2227,7525,0.2004,
2227,8130,0.2003,
2227,5223,0.1981,
2227,7638,0.1979,
2227,7086,0.192,
2227,3840,0.192,
2227,2008,0.1906,
2227,5465,0.1902,
2227,7278,0.1901,
2227,6975,0.19,
2227,4026,0.1896,
2227,6836,0.1887,
2227,2923,0.1887,
2227,4291,0.1885,
2227,6849,0.1868,
2228,1083,0.1903,
2228,4622,0.1872,
2228,9436,0.1826,
2228,2764,0.1805,
2228,2926,0.1731,
2228,2401,0.1725,
2228,3516,0.1715,
2228,3693,0.1711,
2228,8184,0.171,
2228,8968,0.1709,
2228,919,0.1621,
2228,8661,0.1613,
2228,2255,0.1608,
2228,4127,0.1588,
2228,5930,0.158,
2228,4922,0.1579,
2228,7824,0.157,
2228,7578,0.1565,
2228,1636,0.1563,
2228,850,0.1563,
2229,7525,0.3496,
2229,2252,0.3404,
2229,8087,0.3323,
2229,6212,0.3288,
2229,3815,0.3284,
2229,9288,0.3251,
2229,3097,0.3222,
2229,463,0.3221,
2229,8585,0.3203,
2229,4582,0.3198,
2229,7044,0.3191,
2229,7879,0.3178,
2229,1059,0.3161,
2229,9321,0.3138,
2229,2182,0.3124,
2229,5484,0.3113,
2229,7520,0.3103,
2229,4026,0.3103,
2229,6441,0.3094,
2229,6386,0.3071,
2230,7273,0.2749,
2230,4041,0.2604,
2230,5999,0.2506,
2230,5882,0.2437,
2230,3057,0.2434,
2230,6444,0.2371,
2230,3417,0.236,
2230,6221,0.2297,
2230,432,0.2284,
2230,7371,0.2277,
2230,3436,0.2273,
2230,6474,0.2262,
2230,3207,0.2259,
2230,8769,0.225,
2230,8905,0.2236,
2230,8067,0.2219,
2230,754,0.2214,
2230,2127,0.2213,
2230,6701,0.2212,
2230,7523,0.2205,
2234,2724,0.2011,
2234,2333,0.1901,
2234,7973,0.1853,
2234,2663,0.1811,
2234,7920,0.1799,
2234,9267,0.1795,
2234,455,0.1783,
2234,8374,0.1779,
2234,7534,0.1777,
2234,2929,0.1765,
2234,78,0.1765,
2234,5894,0.1754,
2234,8600,0.1753,
2234,5681,0.1752,
2234,6174,0.1746,
2234,433,0.1741,
2234,5882,0.174,
2234,169,0.1732,
2234,4291,0.1728,
2234,9052,0.1726,
2235,3842,0.2794,
2235,1913,0.2765,
2235,8184,0.2509,
2235,616,0.2442,
2235,3770,0.2365,
2235,7547,0.2346,
2235,2883,0.2344,
2235,9309,0.2334,
2235,5426,0.2325,
2235,4127,0.2322,
2235,8888,0.2289,
2235,239,0.2284,
2235,3345,0.2276,
2235,7453,0.2269,
2235,6423,0.2234,
2235,1445,0.2217,
2235,7037,0.2199,
2235,4621,0.219,
2235,3517,0.2185,
2235,4661,0.2178,
2236,4682,0.2554,
2236,9062,0.2384,
2236,3432,0.231,
2236,7051,0.2304,
2236,8769,0.2281,
2236,7568,0.2268,
2236,7231,0.2251,
2236,7070,0.2149,
2236,7086,0.2114,
2236,2461,0.2104,
2236,2331,0.2069,
2236,8612,0.2064,
2236,5261,0.2053,
2236,8005,0.2031,
2236,6627,0.2019,
2236,166,0.1977,
2236,7126,0.1975,
2236,307,0.1899,
2236,8118,0.189,
2236,1485,0.189,
2237,9062,0.342,
2237,4682,0.317,
2237,6627,0.2834,
2237,7070,0.2728,
2237,8005,0.2701,
2237,7568,0.2685,
2237,3432,0.2664,
2237,8067,0.2644,
2237,7051,0.2573,
2237,8693,0.257,
2237,3540,0.2564,
2237,4158,0.2558,
2237,7126,0.2553,
2237,5261,0.253,
2237,7231,0.2494,
2237,164,0.2482,
2237,4035,0.2481,
2237,8612,0.2472,
2237,6442,0.247,
2237,7375,0.2446,
2238,6904,0.1925,
2238,8067,0.1919,
2238,1330,0.1911,
2238,3540,0.1852,
2238,8131,0.1848,
2238,736,0.1845,
2238,3787,0.1731,
2238,3202,0.173,
2238,9273,0.1718,
2238,2837,0.1715,
2238,7825,0.1695,
2238,7633,0.1658,
2238,7174,0.1574,
2238,6026,0.1568,
2238,6613,0.1559,
2238,5343,0.1558,
2238,4057,0.1545,
2238,5971,0.1542,
2238,9223,0.1538,
2238,4489,0.1519,
2239,1083,0.2214,
2239,3516,0.2085,
2239,4127,0.2069,
2239,7824,0.2068,
2239,7278,0.1999,
2239,6975,0.1967,
2239,7967,0.1959,
2239,455,0.1916,
2239,5189,0.1876,
2239,4565,0.1864,
2239,340,0.1858,
2239,1629,0.1857,
2239,9337,0.1855,
2239,8184,0.1853,
2239,486,0.1813,
2239,3442,0.1807,
2239,918,0.1799,
2239,7737,0.1798,
2239,364,0.1794,
2239,9436,0.1786,
2240,9288,0.2277,
2240,4553,0.2222,
2240,7879,0.2192,
2240,7782,0.215,
2240,455,0.2137,
2240,3815,0.2097,
2240,885,0.2072,
2240,8834,0.2041,
2240,2252,0.2038,
2240,3057,0.2005,
2240,6663,0.2004,
2240,2175,0.2004,
2240,7825,0.1997,
2240,4401,0.1981,
2240,6792,0.1961,
2240,1000,0.1932,
2240,8041,0.193,
2240,8087,0.1926,
2240,998,0.1923,
2240,8566,0.1922,
2241,8447,0.2352,
2241,7965,0.2256,
2241,4553,0.2242,
2241,6316,0.2215,
2241,7389,0.2167,
2241,3207,0.2152,
2241,9288,0.212,
2241,7615,0.2114,
2241,8905,0.2103,
2241,8577,0.2093,
2241,178,0.2089,
2241,8481,0.207,
2241,2589,0.2054,
2241,7652,0.2047,
2241,4358,0.2042,
2241,3864,0.2033,
2241,6919,0.2012,
2241,4026,0.2008,
2241,352,0.2002,
2241,837,0.1998,
2242,7964,0.2709,
2242,409,0.2632,
2242,2080,0.2537,
2242,1337,0.2452,
2242,6867,0.2444,
2242,99,0.2442,
2242,8431,0.2431,
2242,1626,0.2397,
2242,3815,0.2336,
2242,5912,0.2328,
2242,2643,0.2325,
2242,4091,0.2321,
2242,8322,0.231,
2242,7558,0.2283,
2242,5001,0.227,
2242,432,0.2246,
2242,3245,0.2246,
2242,8748,0.2233,
2242,3178,0.2223,
2242,8190,0.2199,
2243,213,0.3339,
2243,1780,0.3278,
2243,1828,0.325,
2243,2092,0.3186,
2243,9293,0.318,
2243,1478,0.3155,
2243,6767,0.3147,
2243,5617,0.3113,
2243,6209,0.3076,
2243,5671,0.3066,
2243,3027,0.3043,
2243,8317,0.3043,
2243,2315,0.3036,
2243,3653,0.3031,
2243,7168,0.3019,
2243,3731,0.3016,
2243,9048,0.3001,
2243,7978,0.2978,
2243,8850,0.2965,
2243,498,0.2957,
2244,9062,0.2392,
2244,7824,0.2358,
2244,7825,0.2231,
2244,6217,0.2178,
2244,6220,0.2177,
2244,8064,0.2174,
2244,7883,0.2133,
2244,7870,0.2122,
2244,1165,0.2108,
2244,9283,0.2102,
2244,8067,0.2098,
2244,5533,0.2095,
2244,4175,0.2093,
2244,6960,0.2082,
2244,5635,0.2065,
2244,7983,0.2063,
2244,3989,0.2062,
2244,4383,0.2058,
2244,8888,0.2042,
2244,2409,0.2039,
2245,3840,0.3084,
2245,8130,0.2977,
2245,5467,0.2914,
2245,7195,0.2874,
2245,3564,0.2864,
2245,312,0.2856,
2245,614,0.2811,
2245,882,0.2798,
2245,4258,0.2789,
2245,5187,0.2788,
2245,2944,0.2763,
2245,4299,0.2737,
2245,3941,0.2713,
2245,4788,0.2706,
2245,3060,0.2696,
2245,4657,0.2693,
2245,3871,0.2685,
2245,326,0.2664,
2245,807,0.2661,
2245,7925,0.2644,
2246,3516,0.2288,
2246,3749,0.2092,
2246,355,0.2064,
2246,7083,0.1999,
2246,9436,0.1966,
2246,4876,0.192,
2246,5619,0.1918,
2246,5168,0.1899,
2246,4414,0.1895,
2246,816,0.1866,
2246,87,0.186,
2246,8571,0.1838,
2246,2330,0.1802,
2246,4403,0.18,
2246,3605,0.1799,
2246,4691,0.1787,
2246,4652,0.1781,
2246,5919,0.1778,
2246,6633,0.1777,
2246,1255,0.1774,
2247,5559,0.2241,
2247,95,0.2161,
2247,9447,0.2088,
2247,9070,0.2082,
2247,4274,0.2025,
2247,2926,0.2019,
2247,1869,0.1991,
2247,8769,0.198,
2247,1902,0.1978,
2247,2255,0.196,
2247,6127,0.1949,
2247,414,0.1945,
2247,8763,0.1918,
2247,793,0.1913,
2247,6640,0.1911,
2247,6701,0.1894,
2247,5636,0.1893,
2247,1209,0.1891,
2247,2473,0.189,
2247,3349,0.1889,
2248,8612,0.1966,
2248,6627,0.1955,
2248,9062,0.188,
2248,1485,0.1782,
2248,3432,0.1761,
2248,7568,0.1749,
2248,7051,0.1631,
2248,4682,0.1598,
2248,3368,0.1584,
2248,2634,0.1584,
2248,2751,0.1581,
2248,7070,0.1579,
2248,4035,0.1573,
2248,8693,0.154,
2248,2331,0.1531,
2248,5261,0.153,
2248,5395,0.1517,
2248,5609,0.1516,
2248,7486,0.1501,
2248,5107,0.15,
2250,1577,0.2697,
2250,4223,0.2633,
2250,8054,0.2587,
2250,1129,0.2532,
2250,1366,0.2482,
2250,6310,0.2455,
2250,5186,0.2262,
2250,4525,0.2256,
2250,2784,0.2216,
2250,4652,0.2216,
2250,1420,0.2185,
2250,1795,0.2161,
2250,7901,0.2147,
2250,7281,0.2136,
2250,8817,0.208,
2250,6919,0.2059,
2250,3112,0.2058,
2250,6885,0.2056,
2250,9321,0.2035,
2250,2197,0.2013,
2251,1902,0.239,
2251,5559,0.2052,
2251,4818,0.1983,
2251,5343,0.1916,
2251,5869,0.1911,
2251,7633,0.1864,
2251,5967,0.1838,
2251,2164,0.1818,
2251,603,0.1812,
2251,1241,0.1811,
2251,4127,0.1801,
2251,2385,0.1792,
2251,9061,0.1784,
2251,8066,0.1781,
2251,2704,0.178,
2251,1704,0.1779,
2251,2433,0.1777,
2251,2091,0.1772,
2251,5892,0.1768,
2251,3516,0.1748,
2252,4736,0.2985,
2252,7674,0.2415,
2252,953,0.2333,
2252,1309,0.2327,
2252,1546,0.2291,
2252,7699,0.2283,
2252,973,0.2274,
2252,4013,0.2274,
2252,5932,0.2272,
2252,6415,0.2263,
2252,6100,0.2252,
2252,9209,0.2247,
2252,3428,0.2224,
2252,1741,0.2214,
2252,8992,0.2207,
2252,4957,0.2197,
2252,7765,0.2192,
2252,1805,0.2191,
2252,2548,0.219,
2252,6896,0.2179,
2253,1902,0.1739,
2253,3744,0.1628,
2253,7453,0.1613,
2253,5559,0.156,
2253,4818,0.1555,
2253,3516,0.1546,
2253,4886,0.148,
2253,2449,0.1471,
2253,5930,0.1459,
2253,1337,0.1431,
2253,3346,0.1421,
2253,1054,0.1413,
2253,5869,0.141,
2253,5967,0.1408,
2253,8682,0.1407,
2253,8975,0.1392,
2253,2385,0.1385,
2253,2926,0.1376,
2253,9436,0.1375,
2253,2344,0.137,
2254,4956,0.255,
2254,5943,0.2517,
2254,8433,0.2487,
2254,9359,0.2468,
2254,6164,0.2449,
2254,4669,0.2448,
2254,6273,0.2447,
2254,6829,0.2423,
2254,729,0.2399,
2254,2346,0.2385,
2254,9384,0.2366,
2254,3458,0.2356,
2254,1956,0.2354,
2254,9183,0.234,
2254,3154,0.2328,
2254,5735,0.2327,
2254,4351,0.2321,
2254,3240,0.2316,
2254,2204,0.2315,
2254,8042,0.2314,
2255,5559,0.2044,
2255,1858,0.2038,
2255,7361,0.1945,
2255,8769,0.1931,
2255,2019,0.1927,
2255,6081,0.1905,
2255,1636,0.19,
2255,5590,0.189,
2255,8978,0.1881,
2255,6430,0.1868,
2255,3261,0.1821,
2255,2926,0.1805,
2255,4143,0.1804,
2255,6940,0.1775,
2255,2473,0.1771,
2255,4342,0.1765,
2255,8276,0.1756,
2255,5877,0.1755,
2255,3836,0.1754,
2255,5900,0.1751,
2256,9062,0.2332,
2256,2461,0.2309,
2256,7195,0.2247,
2256,7568,0.2047,
2256,4299,0.2032,
2256,3840,0.2022,
2256,3202,0.2019,
2256,7371,0.2013,
2256,8067,0.1999,
2256,5261,0.1983,
2256,8130,0.1911,
2256,2331,0.1899,
2256,3060,0.1895,
2256,3564,0.1891,
2256,326,0.186,
2256,3432,0.1849,
2256,4682,0.1847,
2256,3871,0.184,
2256,7051,0.1837,
2256,5266,0.1831,
2257,8042,0.2404,
2257,9247,0.2388,
2257,6164,0.2322,
2257,7964,0.2312,
2257,1859,0.2294,
2257,3669,0.2186,
2257,5327,0.2113,
2257,9012,0.2107,
2257,7462,0.2104,
2257,5246,0.206,
2257,520,0.2056,
2257,6773,0.2056,
2257,5049,0.2034,
2257,8557,0.2025,
2257,5737,0.2002,
2257,1217,0.2001,
2257,7500,0.1997,
2257,7699,0.1995,
2257,1445,0.1985,
2257,8992,0.1979,
2258,8054,0.2058,
2258,6212,0.1967,
2258,7044,0.1927,
2258,5921,0.1833,
2258,6073,0.1825,
2258,3112,0.182,
2258,2536,0.1799,
2258,5186,0.178,
2258,3770,0.1751,
2258,1000,0.1737,
2258,3640,0.1714,
2258,8585,0.1692,
2258,1220,0.1691,
2258,6174,0.1688,
2258,8771,0.1684,
2258,6310,0.1655,
2258,1490,0.1654,
2258,3371,0.1653,
2258,9089,0.1652,
2258,2239,0.165,
2259,6174,0.2428,
2259,1987,0.2324,
2259,249,0.2297,
2259,4531,0.2283,
2259,2732,0.2274,
2259,7825,0.2236,
2259,1908,0.2146,
2259,1463,0.2128,
2259,7973,0.211,
2259,7857,0.2092,
2259,2994,0.2088,
2259,7453,0.2084,
2259,4204,0.2081,
2259,56,0.2076,
2259,5149,0.207,
2259,4510,0.2058,
2259,1647,0.2057,
2259,8673,0.2038,
2259,8440,0.2037,
2259,2856,0.2035,
2260,6494,0.3945,
2260,4344,0.3932,
2260,3005,0.3855,
2260,4272,0.3793,
2260,5728,0.3785,
2260,2662,0.3778,
2260,8918,0.3776,
2260,7001,0.377,
2260,6690,0.3767,
2260,792,0.3766,
2260,4081,0.376,
2260,764,0.3752,
2260,7471,0.3748,
2260,3672,0.3746,
2260,6776,0.3746,
2260,8045,0.3744,
2260,6151,0.3743,
2260,1940,0.3742,
2260,995,0.3736,
2260,8717,0.3733,
2261,8888,0.3081,
2261,6174,0.2774,
2261,7973,0.2737,
2261,4158,0.271,
2261,5882,0.2633,
2261,5238,0.261,
2261,3770,0.249,
2261,5563,0.2445,
2261,1809,0.2443,
2261,455,0.2441,
2261,2696,0.2439,
2261,3842,0.2431,
2261,399,0.2427,
2261,2724,0.2352,
2261,5803,0.2305,
2261,3345,0.2272,
2261,7824,0.2258,
2261,7486,0.2257,
2261,8286,0.2246,
2261,7628,0.2239,
2262,3517,0.2317,
2262,2859,0.2298,
2262,6158,0.2292,
2262,8771,0.2291,
2262,5728,0.226,
2262,547,0.2216,
2262,7399,0.2191,
2262,7825,0.2165,
2262,4344,0.2136,
2262,1383,0.2129,
2262,6400,0.2114,
2262,8666,0.2106,
2262,2073,0.2101,
2262,4939,0.2101,
2262,6351,0.2097,
2262,4531,0.2087,
2262,249,0.2086,
2262,2455,0.2075,
2262,4272,0.2073,
2262,819,0.2067,
2263,2764,0.3439,
2263,4041,0.339,
2263,8769,0.3371,
2263,4317,0.3354,
2263,5761,0.3341,
2263,8806,0.3338,
2263,2926,0.3316,
2263,8880,0.3316,
2263,6472,0.3315,
2263,2255,0.3293,
2263,6940,0.328,
2263,6747,0.3268,
2263,7132,0.3268,
2263,4240,0.3266,
2263,9070,0.3261,
2263,1858,0.3258,
2263,8763,0.3248,
2263,5603,0.3243,
2263,7828,0.3241,
2263,4143,0.3236,
2268,7825,0.2561,
2268,8240,0.2493,
2268,7973,0.2413,
2268,320,0.2375,
2268,1337,0.2339,
2268,8322,0.2338,
2268,6174,0.233,
2268,8834,0.2325,
2268,4383,0.2323,
2268,8192,0.2311,
2268,5894,0.2276,
2268,5343,0.2257,
2268,5448,0.2246,
2268,334,0.2244,
2268,7870,0.2243,
2268,9436,0.2242,
2268,4531,0.2228,
2268,6397,0.2212,
2268,282,0.221,
2268,850,0.2193,
2269,6174,0.2591,
2269,3057,0.2423,
2269,399,0.2319,
2269,1647,0.2309,
2269,249,0.2303,
2269,2043,0.2301,
2269,2928,0.2274,
2269,6474,0.2273,
2269,7973,0.2255,
2269,5189,0.2204,
2269,3207,0.2199,
2269,3920,0.2186,
2269,78,0.2177,
2269,6442,0.2174,
2269,2356,0.2163,
2269,5894,0.2162,
2269,4531,0.2161,
2269,7825,0.2147,
2269,169,0.2139,
2269,5165,0.2132,
2270,9213,0.2253,
2270,7784,0.2154,
2270,9219,0.1952,
2270,5297,0.1942,
2270,6898,0.1908,
2270,5854,0.1863,
2270,158,0.1843,
2270,1585,0.1775,
2270,7610,0.1744,
2270,6785,0.1686,
2270,2892,0.1683,
2270,6725,0.1682,
2270,3744,0.1678,
2270,8850,0.166,
2270,2019,0.1644,
2270,3395,0.1608,
2270,3483,0.1549,
2270,5106,0.153,
2270,8599,0.1516,
2270,1772,0.151,
2271,8042,0.2547,
2271,5999,0.2369,
2271,6164,0.2359,
2271,3669,0.2265,
2271,5327,0.226,
2271,9247,0.2215,
2271,646,0.2192,
2271,1956,0.2172,
2271,1626,0.2147,
2271,729,0.2126,
2271,7462,0.2111,
2271,6162,0.2094,
2271,3430,0.2087,
2271,2175,0.2082,
2271,1859,0.207,
2271,3125,0.2062,
2271,8992,0.2059,
2271,8014,0.2055,
2271,5737,0.2046,
2271,1445,0.2032,
2272,5343,0.2038,
2272,4127,0.2038,
2272,7656,0.2028,
2272,6021,0.1996,
2272,4795,0.1977,
2272,1083,0.196,
2272,5967,0.1949,
2272,6835,0.1948,
2272,5919,0.1929,
2272,7825,0.1902,
2272,3744,0.1893,
2272,9436,0.1893,
2272,2385,0.1892,
2272,3516,0.1882,
2272,1054,0.1873,
2272,5106,0.1856,
2272,1704,0.1853,
2272,239,0.184,
2272,1902,0.1831,
2272,7453,0.1823,
2273,8374,0.2505,
2273,3540,0.2493,
2273,6978,0.2475,
2273,6613,0.2449,
2273,4682,0.2433,
2273,473,0.2368,
2273,164,0.2303,
2273,1162,0.2279,
2273,3787,0.2258,
2273,433,0.2253,
2273,9388,0.2243,
2273,7126,0.2234,
2273,6643,0.2225,
2273,4057,0.2223,
2273,3151,0.2222,
2273,6089,0.2218,
2273,5716,0.2213,
2273,2302,0.2211,
2273,1438,0.2207,
2273,4455,0.2207,
2274,6310,0.2429,
2274,8054,0.2375,
2274,2536,0.2141,
2274,3112,0.214,
2274,7879,0.2098,
2274,189,0.2021,
2274,3356,0.199,
2274,1577,0.1971,
2274,3105,0.1961,
2274,4223,0.1944,
2274,8726,0.1938,
2274,2175,0.1924,
2274,5010,0.1924,
2274,2239,0.1905,
2274,9321,0.1896,
2274,4582,0.1878,
2274,5466,0.1874,
2274,4553,0.1872,
2274,9288,0.1862,
2274,5938,0.1853,
2276,338,0.1932,
2276,8834,0.1805,
2276,334,0.1772,
2276,9034,0.1771,
2276,7278,0.174,
2276,3039,0.1738,
2276,7824,0.1736,
2276,8481,0.1735,
2276,6781,0.1727,
2276,5246,0.1707,
2276,6064,0.1706,
2276,3864,0.1695,
2276,4962,0.1686,
2276,8192,0.1685,
2276,1162,0.1677,
2276,3023,0.1677,
2276,5397,0.1676,
2276,6818,0.1673,
2276,6754,0.1673,
2276,7923,0.1669,
2277,8240,0.2652,
2277,916,0.218,
2277,7448,0.2037,
2277,4383,0.203,
2277,7247,0.1994,
2277,3044,0.1906,
2277,3261,0.1893,
2277,5021,0.1857,
2277,850,0.1822,
2277,2663,0.1809,
2277,7116,0.1795,
2277,7825,0.1779,
2277,919,0.1761,
2277,3684,0.176,
2277,6431,0.1747,
2277,4536,0.1729,
2277,8592,0.1723,
2277,291,0.1709,
2277,2346,0.168,
2277,2856,0.168,
