candidate_name,resume,skills,experience,location,job_position_name,resume_id
Senior Software Engineer,"Technical Support
Troubleshooting
Collaboration
Documentation
System Monitoring
Software Deployment
Training & Mentorship
Industry Trends
Field Visits




 Technical Support
Troubleshooting
Collaboration
Documentation
System Monitoring
Software Deployment
Training & Mentorship
Industry Trends
Field Visits




","['Big Data', 'Hadoop', 'Hive', 'Python', 'Mapreduce', 'Spark', 'Java', 'Machine Learning', 'Cloud', 'Hdfs', 'YARN', 'Core Java', 'Data Science', 'C++', 'Data Structures', 'DBMS', 'RDBMS', 'Informatica', 'Talend', 'Amazon Redshift', 'Microsoft Azure']",At least 1 year,['N/A'],Senior Software Engineer,1
Machine Learning (ML) Engineer,"Machine Learning Leadership
Cross-Functional Collaboration
Strategy Development
ML/NLP Infrastructure
Prototype Transformation
ML System Design
Algorithm Research
Application Development
Dataset Selection
ML Testing
Statistical Analysis
R&D in ML/NLP
Text Representation
Data Pipeline Design
Statistical Data Analysis
Model Training
Team Collaboration
Research Reporting
Algorithm Analysis Machine Learning Leadership
Cross-Functional Collaboration
Strategy Development
ML/NLP Infrastructure
Prototype Transformation
ML System Design
Algorithm Research
Application Development
Dataset Selection
ML Testing
Statistical Analysis
R&D in ML/NLP
Text Representation
Data Pipeline Design
Statistical Data Analysis
Model Training
Team Collaboration
Research Reporting
Algorithm Analysis","['Data Analysis', 'Data Analytics', 'Business Analysis', 'R', 'SAS', 'PowerBi', 'Tableau', 'Data Visualization', 'Business Analytics', 'Machine Learning']",At least 5 year(s),['N/A'],Machine Learning (ML) Engineer,2
"Executive/ Senior Executive- Trade Marketing, Hygi","Trade Marketing Executive
Brand Visibility, Sales Targets
Field Marketing, Campaigns, Product Distribution
Brand Head
Excel, KPIs Tracking Trade Marketing Executive
Brand Visibility, Sales Targets
Field Marketing, Campaigns, Product Distribution
Brand Head
Excel, KPIs Tracking","['Software Development', 'Machine Learning', 'Deep Learning', 'Risk Assessment', 'Requirement Gathering', 'Application Support', 'JavaScript', 'Python', 'Docker', 'HTML', 'Hive', 'CSS', 'C', 'C++']",At least 3 years,['N/A'],"Executive/ Senior Executive- Trade Marketing, Hygiene Products",3
Business Development Executive,"Apparel Sourcing
Quality Garment Sourcing
Reliable Partner
Buyer/Vendor Communication Apparel Sourcing
Quality Garment Sourcing
Reliable Partner
Buyer/Vendor Communication","['accounts payables', 'accounts receivables', 'Accounts Payable', 'Accounts Receivable', 'administrative functions', 'trial balance', 'banking', 'budget', 'bi', 'closing', 'Computer Applications', 'Credit', 'clients', 'Customer Service', 'data entry', 'delivery', 'driving', 'email', 'insurance', 'inventory', 'ledger', 'Access', 'Excel', 'Outlook', 'PowerPoint', 'Word', 'mortgage loan', 'Enterprise', 'policies', 'QuickBooks', 'Sales', 'sales reports', 'telecommunications', 'phone', 'workflow', 'written']",1 to 3 years,"['City, State', 'City, State', 'City, State', 'City, State', 'City, State', 'N/A']",Business Development Executive,4
Senior iOS Engineer,"iOS Lifecycle
Requirement Analysis
Native Frameworks
iOS Development
API Integration
Technical Communication
UI Design
Performance Optimization
Feature Collaboration
Bug Fixing
Code Translation
High-Performance Development
Task Management
Cross-Team Collaboration
Code Quality iOS Lifecycle
Requirement Analysis
Native Frameworks
iOS Development
API Integration
Technical Communication
UI Design
Performance Optimization
Feature Collaboration
Bug Fixing
Code Translation
High-Performance Development
Task Management
Cross-Team Collaboration
Code Quality","['Analytical reasoning', 'Compliance testing knowledge', 'Effective time management', 'Public and private accounting', 'accounting', 'accounting systems', 'accounts payable', 'accounts receivable', 'administrative', 'AR', 'billing', 'closing', 'client', 'clients', 'documentation', 'financial', 'financial reports', 'preparation of financial reports', 'Preparation of financial statements', 'fixed assets', 'managing', 'month-end closing', 'policies', 'maintain records', 'reporting', 'Research', 'sales', 'tax', 'taxes', 'tax returns', 'annual reports', 'year-end']",At least 4 years,"['City, State', 'City, State', 'City, State', 'City, State', 'City, State']",Senior iOS Engineer,5
AI Engineer,"Machine Learning Design
Data Analysis
Model Training
AI Integration
Innovation
Cross-Functional Collaboration
Model Deployment
Documentation
Analytical Skills
Communication
Team Collaboration Machine Learning Design
Data Analysis
Model Training
AI Integration
Innovation
Cross-Functional Collaboration
Model Deployment
Documentation
Analytical Skills
Communication
Team Collaboration","['Microsoft Applications', 'Network Security', 'Networking', 'PC hardware and software installation, configuration, and troubleshooting', 'Remote Desktop and Help Desk Management', 'Verbal Communication', 'Technical Support', 'Team Leadership', 'Programming Languages', 'On-call tech support', 'Windows & Mac OS', 'Wiring/Wire Spicing: Cat3, Cat5, Cat5e, Coaxial', 'Management', 'VoIP, TCP/IP, IPSec, ATM, SS7, IPX, DNS, BIND, DHCP, HSRP and LAN/WAN architecture', 'Application Development', 'Voice Over IP Telephone', 'Inventory Management']",,"['City, State', 'City, State', 'N/A']",AI Engineer,6
Senior iOS Engineer,"iOS Lifecycle
Requirement Analysis
Native Frameworks
iOS Development
API Integration
Technical Communication
UI Design
Performance Optimization
Feature Collaboration
Bug Fixing
Code Translation
High-Performance Development
Task Management
Cross-Team Collaboration
Code Quality iOS Lifecycle
Requirement Analysis
Native Frameworks
iOS Development
API Integration
Technical Communication
UI Design
Performance Optimization
Feature Collaboration
Bug Fixing
Code Translation
High-Performance Development
Task Management
Cross-Team Collaboration
Code Quality","['Machine Learning', 'Linear Regression', 'Ridge Regression', 'Lasso Regression', 'Tableau', 'Time Series Analysis']",At least 4 years,['N/A'],Senior iOS Engineer,7
Senior iOS Engineer,"iOS Lifecycle
Requirement Analysis
Native Frameworks
iOS Development
API Integration
Technical Communication
UI Design
Performance Optimization
Feature Collaboration
Bug Fixing
Code Translation
High-Performance Development
Task Management
Cross-Team Collaboration
Code Quality iOS Lifecycle
Requirement Analysis
Native Frameworks
iOS Development
API Integration
Technical Communication
UI Design
Performance Optimization
Feature Collaboration
Bug Fixing
Code Translation
High-Performance Development
Task Management
Cross-Team Collaboration
Code Quality","['Maintenance', 'Corrective Maintenance', 'Documentation', 'Industrial Machinery', 'Preventive Maintenance', 'Sensors', 'Biotechnology', 'Electrical Mechanical', 'Estimation', 'Hydraulics', 'Mechanical Technician', 'Pneumatics', 'Project Manager', 'Sop', 'Manufacturing Process', 'Apqp', 'Assembly', 'Circuit Boards', 'Dmm', 'Electrical Test', 'Esd', 'First Article Inspection', 'Inspection', 'Medical Devices', 'Oscilloscope', 'Production Process', 'Schematic', 'Soldering', 'Surface Mount', 'Test Engineer', 'Through-hole', 'Wiring', 'Calibration', 'Control Systems', 'Packaging', 'Process Control', 'Sensor', 'Temperature', 'And Humidity', 'Control System Design', 'Electrical Engineer', 'Engineer', 'Entry Level', 'Ieee', 'Mechanical/electrical Engineer', 'Proactive', 'Self Motivated', 'Testing', 'Training', 'Electrical Engineering', 'Pr', 'Public Relations']",At least 4 years,"['City, State', 'City, State', 'City, State']",Senior iOS Engineer,8
Mechanical Engineer,"Machinery Maintenance
Troubleshooting
Report Preparation
Log Maintenance Machinery Maintenance
Troubleshooting
Report Preparation
Log Maintenance","['Python', 'Machine Learning', 'MySQL', 'Data Mining', 'Deep Learning', 'Data Analysis', 'Computer Vision', 'Flask API', 'Predictive Modeling', 'AWS', 'Scikit-Learn', 'Numpy', 'Statistical Analysis', 'Multivariate Analysis', 'Decision Trees', 'Random Forest', 'Xgboost', 'NLP']",2 to 5 years,['N/A'],Mechanical Engineer,9
Business Development Executive,"Apparel Sourcing
Quality Garment Sourcing
Reliable Partner
Buyer/Vendor Communication Apparel Sourcing
Quality Garment Sourcing
Reliable Partner
Buyer/Vendor Communication","['Django', 'Python', 'Relational databases', 'RestAPI', 'Github', 'Jira', 'PostgreSQL', 'Software development', 'Debugging', 'Machine learning', 'Natural language Processing', 'Artificial Intelligence', 'Data Analysis', 'Docker', 'Tornado', 'Software Developer', 'Project Management']",1 to 3 years,['N/A'],Business Development Executive,10
Mechanical Designer,"Design Creation
CAD Drawings
Design Optimization
Team Collaboration
Compliance Assurance
Design Reviews
Manufacturing Support
Documentation Design Creation
CAD Drawings
Design Optimization
Team Collaboration
Compliance Assurance
Design Reviews
Manufacturing Support
Documentation","['Microsoft Office Suite', 'VideoScribe Software', 'PeopleSoft Finance Applications', 'Accounting', 'billing', 'Change Management', 'contracts', 'Client Relations', 'Database', 'delivery', 'Eclipse', 'Finance', 'financial reporting', 'financial statements', 'Front Office', 'hiring', 'instructor', 'Instructional Design', 'Leadership training', 'logistics', 'managing', 'needs analysis', 'payables', 'PeopleSoft HRMS', 'PeopleSoft', 'personnel', 'Program Management', 'Project Management', 'project plans', 'Teaching', 'training materials', 'training design and development', 'training material', 'training programs', 'upgrade', 'view']",At least 5 years,"['City, State', 'City, State', 'City, State']",Mechanical Designer,11
Asst. Manager/ Manger (Administrative),"Administrative Support
Scheduling
Filing & Documentation
Communication
Team Support
Equipment Maintenance
Information Provision
Inventory Management
Team Collaboration
OHS Policy Development
Safety Advice
Risk Assessment
Policy Review
OHS Training
Safety Inspections
Unsafe Act Prevention
Incident Investigation
Report Preparation Administrative Support
Scheduling
Filing & Documentation
Communication
Team Support
Equipment Maintenance
Information Provision
Inventory Management
Team Collaboration
OHS Policy Development
Safety Advice
Risk Assessment
Policy Review
OHS Training
Safety Inspections
Unsafe Act Prevention
Incident Investigation
Report Preparation","['R', 'Python', 'Tableau', 'Power BI', 'SQL', 'SAS', 'Deep Learning', 'Neural Networks', 'Artificial Intelligence']",At least 5 years,['N/A'],Asst. Manager/ Manger (Administrative),12
Machine Learning (ML) Engineer,"Machine Learning Leadership
Cross-Functional Collaboration
Strategy Development
ML/NLP Infrastructure
Prototype Transformation
ML System Design
Algorithm Research
Application Development
Dataset Selection
ML Testing
Statistical Analysis
R&D in ML/NLP
Text Representation
Data Pipeline Design
Statistical Data Analysis
Model Training
Team Collaboration
Research Reporting
Algorithm Analysis Machine Learning Leadership
Cross-Functional Collaboration
Strategy Development
ML/NLP Infrastructure
Prototype Transformation
ML System Design
Algorithm Research
Application Development
Dataset Selection
ML Testing
Statistical Analysis
R&D in ML/NLP
Text Representation
Data Pipeline Design
Statistical Data Analysis
Model Training
Team Collaboration
Research Reporting
Algorithm Analysis","['Data Analytics', 'Linear Regression', 'Logistic Regression', 'Business Intelligence', 'Business Analysis', 'GraphQL', 'Python']",At least 5 year(s),"['N/A', 'N/A']",Machine Learning (ML) Engineer,13
Mechanical Designer,"Design Creation
CAD Drawings
Design Optimization
Team Collaboration
Compliance Assurance
Design Reviews
Manufacturing Support
Documentation Design Creation
CAD Drawings
Design Optimization
Team Collaboration
Compliance Assurance
Design Reviews
Manufacturing Support
Documentation","['C', 'C++', 'Python', 'JAVA', 'HTML', 'CSS', 'JavaScript', 'Data Structures', 'SQL', 'PyCharm', 'Jupyter Notebook', 'Google Colab', 'Code Blocks', 'MATLAB', 'Turbo C++', 'MS Office', 'Scikit-Learn', 'TensorFlow', 'OpenCV', 'NumPy', 'Pytesseract', 'Keras']",At least 5 years,"['N/A', 'N/A']",Mechanical Designer,14
Mechanical Engineer,"Machinery Maintenance
Troubleshooting
Report Preparation
Log Maintenance Machinery Maintenance
Troubleshooting
Report Preparation
Log Maintenance","['Java', 'Spring', 'Javascript', 'CSS', 'HTML', 'REST APIs', 'React Native', 'Kotlin', 'PostgreSQL', 'MySQL']",2 to 5 years,"['San Jose, CA', 'Milpitas, CA']",Mechanical Engineer,15
Database Administrator (DBA),"Database Design & Development
SQL Query Optimization
Data Integrity & Security
BI Solutions Development
ETL Process Implementation
Database Maintenance
Backup & Restore Management
Index Rebuilding & Performance Tuning
SQL Server Clustering & High Availability
SQL Server Replication
High Availability Group Management
Database Monitoring & Troubleshooting Database Design & Development
SQL Query Optimization
Data Integrity & Security
BI Solutions Development
ETL Process Implementation
Database Maintenance
Backup & Restore Management
Index Rebuilding & Performance Tuning
SQL Server Clustering & High Availability
SQL Server Replication
High Availability Group Management
Database Monitoring & Troubleshooting","['Machine Learning', 'Method Development', 'Artificial Intelligence', 'Data Modeling', 'Data Visualization', 'Data Validation', 'Deep Learning', 'MySQL', 'MongoDB', 'Python', 'Plotly', 'Seaborn', 'Matplotlib']",At least 1 year,['N/A'],Database Administrator (DBA),16
System Administrator (Operation & Maintenance of S,"Hardware & Network Installation
Troubleshooting & Diagnostics
User Training & Capacity Building
Hardware Replacement
Fault Repair & System Setup
Software License & Account Management
Backup Management
System Updates & Maintenance
Server & Storage Management
Documentation & Technical Specifications
Data Protection & Disaster Recovery
Storage & Database Planning
Power & Disk Backup
Incident Management & Escalation
Service Restoration
User Communication & Verification
Incident Classification & Resolution
Major Incident Escalation
Problem & Error Management
Task Assignment & Execution Hardware & Network Installation
Troubleshooting & Diagnostics
User Training & Capacity Building
Hardware Replacement
Fault Repair & System Setup
Software License & Account Management
Backup Management
System Updates & Maintenance
Server & Storage Management
Documentation & Technical Specifications
Data Protection & Disaster Recovery
Storage & Database Planning
Power & Disk Backup
Incident Management & Escalation
Service Restoration
User Communication & Verification
Incident Classification & Resolution
Major Incident Escalation
Problem & Error Management
Task Assignment & Execution","['budget', 'hardware', 'network systems', 'database', 'Dec', 'documentation', 'inspection', 'logistics', 'meetings', 'MS Excel', 'Microsoft Office', 'Outlook', 'PowerPoint', 'network', 'networking', 'Operating Systems', 'Oracle', 'personnel', 'presentations', 'progress', 'quality', 'Maintain documentation', 'routers', 'safety', 'scheduling', 'shipping', 'spreadsheets', 'supervision']",4 to 5 years,"['City, State', 'City, State', 'City, State', 'City, State']","System Administrator (Operation & Maintenance of Server, Storage & Service Desk System)",17
"Executive/ Senior Executive- Trade Marketing, Hygi","Trade Marketing Executive
Brand Visibility, Sales Targets
Field Marketing, Campaigns, Product Distribution
Brand Head
Excel, KPIs Tracking Trade Marketing Executive
Brand Visibility, Sales Targets
Field Marketing, Campaigns, Product Distribution
Brand Head
Excel, KPIs Tracking","['Artificial Intelligence', 'Deep Learning', 'Reinforcement Learning', 'Tensorflow Keras', 'Scikit learn', 'Numpy', 'Pandas', 'Matplotlib']",At least 3 years,['N/A'],"Executive/ Senior Executive- Trade Marketing, Hygiene Products",18
Project Coordinator (Civil),"Project Design
Data Analysis
ACCORD/Alliance Knowledge
BNBC Standards
Cost Estimation
Feasibility Studies
Documentation
Compliance
Site Monitoring
Policy Enforcement
Legal Compliance
Data Management
Team Collaboration Project Design
Data Analysis
ACCORD/Alliance Knowledge
BNBC Standards
Cost Estimation
Feasibility Studies
Documentation
Compliance
Site Monitoring
Policy Enforcement
Legal Compliance
Data Management
Team Collaboration","['Java', 'Spring', 'Javascript', 'CSS', 'HTML', 'REST APIs', 'React Native', 'Kotlin', 'PostgreSQL', 'MySQL']",5 to 10 years,"['San Jose, CA', 'Milpitas, CA']",Project Coordinator (Civil),19
Executive/ Sr. Executive -IT,"Hardware & Software Installation
System Monitoring
IT Support
Networking Expertise
Mail Server Administration
Security Management
Troubleshooting & Repair
Operations Support Hardware & Software Installation
System Monitoring
IT Support
Networking Expertise
Mail Server Administration
Security Management
Troubleshooting & Repair
Operations Support","['Machine learning', 'Data Science', 'Deep Learning', 'Decision Trees', 'Random Forest', 'XGBoost', 'CATBoost', 'Classification', 'Regression', 'Scikit Learn', 'Numpy', 'Pandas', 'OpenCV', 'Python', 'Matplotlib', 'Loss Optimization']",3 to 5 years,['N/A'],Executive/ Sr. Executive -IT,20
Mechanical Engineer,"Machinery Maintenance
Troubleshooting
Report Preparation
Log Maintenance Machinery Maintenance
Troubleshooting
Report Preparation
Log Maintenance","['Aderant/CMS', 'Excel', 'QuickBooks Pro', 'SQL', 'Access', 'Peachtree', 'Hyperion Essbase', 'Financial reporting', 'US GAAP principles', 'IFRS', 'Bookkeeping', 'Budget development', 'Individual tax returns']",2 to 5 years,"['City , State', 'City , State', 'City , State']",Mechanical Engineer,21
Network Support Engineer,"Mikrotik Router Configuration
OLT Device Setup & Management
Integration with Billing Software
Network Monitoring Tools Integration
Connectivity Troubleshooting
Technical Support & Escalation
Installation & Configuration
GPON/EPON Expertise
Cisco, OLT, MikroTik Knowledge Mikrotik Router Configuration
OLT Device Setup & Management
Integration with Billing Software
Network Monitoring Tools Integration
Connectivity Troubleshooting
Technical Support & Escalation
Installation & Configuration
GPON/EPON Expertise
Cisco, OLT, MikroTik Knowledge","['ArcView', 'AutoCad', 'Drafting', 'GPS', 'graphic', 'Inspection', 'Microsoft Access', 'Microstation', 'File Maintenance', 'repairs', 'supervision', 'surveys', 'utilities']",At least 3 years,"['City , State', 'City , State', 'City , State']",Network Support Engineer,22
"Executive/ Senior Executive- Trade Marketing, Hygi","Trade Marketing Executive
Brand Visibility, Sales Targets
Field Marketing, Campaigns, Product Distribution
Brand Head
Excel, KPIs Tracking Trade Marketing Executive
Brand Visibility, Sales Targets
Field Marketing, Campaigns, Product Distribution
Brand Head
Excel, KPIs Tracking","['Python', 'Machine Learning', 'Deep Learning', 'Data Analysis', 'Computer Vision', 'AWS', 'Scikit-Learn', 'Numpy', 'Java', 'C++', 'SAP']",At least 3 years,['N/A'],"Executive/ Senior Executive- Trade Marketing, Hygiene Products",23
Intern (Generative AI Engineering - 2D/3D Image Ge,"Generative AI Development
Evolutionary Computation
Deep Learning Optimization
Expert Systems Design
Knowledge Representation
Data Preprocessing
Model Training
Research & Integration Generative AI Development
Evolutionary Computation
Deep Learning Optimization
Expert Systems Design
Knowledge Representation
Data Preprocessing
Model Training
Research & Integration","['Material Management', 'Law Enforcement', 'mechanical test equipment', ""PC's"", 'MS Office', '10key by touch', 'Customer Service', 'Forklift and Crane Certification', 'Self-motivation', 'Leadership', 'NDT Level II', 'mechanical theory', 'pneumatic and hydraulic theory', 'automation', 'closing', 'coaching', 'oral', 'hardware', 'customer support', 'designing', 'direction', 'hand tools', 'inventory', 'ISO 9001', 'Machinery', 'materials', 'mechanical', 'personnel', 'processes', 'Procurement', 'programming', 'progress', 'quality', 'Quality Control', 'Receiving', 'repairs', 'repairing', 'research', 'robotic systems', 'safety', 'scheduling', 'shipping', 'simulation', 'Supervisor', 'Test Equipment', 'Troubleshooting', 'written', 'articles']",,"['City, State', 'City, State', 'City, State', 'City, State', 'City, State', 'City, State']",Intern (Generative AI Engineering - 2D/3D Image Generation),24
Executive - VAT,"Mushak Forms Maintenance
VAT Software & MS Office Maintenance
VAT Ledger Management
VAT Challan Coordination
Liaison with VAT Office
VAT Documentation
Other Assigned Tasks Mushak Forms Maintenance
VAT Software & MS Office Maintenance
VAT Ledger Management
VAT Challan Coordination
Liaison with VAT Office
VAT Documentation
Other Assigned Tasks","['Data Analysis', 'Business Analysis', 'Machine Learning', 'Regression Analysis', 'Time Series Analysis', 'SQL', 'Base SAS', 'Python', 'NLP', 'Credit Risk', 'Tableau', 'Statistical Analysis', 'Data Visualization', 'Data Science', 'R', 'Power Bi']",1 to 3 years,[None],Executive - VAT,25
Mechanical Engineer,"Machinery Maintenance
Troubleshooting
Report Preparation
Log Maintenance Machinery Maintenance
Troubleshooting
Report Preparation
Log Maintenance","['HTML', 'CSS', 'JavaScript (Angular)', 'Python', 'Git', 'Algorithm Design', 'Technical Writing', 'Data Analysis', 'Interpersonal Communication', 'Patience']",2 to 5 years,"['Princeton, NJ', 'Remote', 'Cherry Hill, NJ']",Mechanical Engineer,26
Sr.Officer / Executive - Internal Audit,"Internal Audit Assistance
Voucher & Bill Verification
Cost Sheet Analysis
L/C Voucher Verification
Expense Verification
Salary & Wages Verification
Market Rate Verification Internal Audit Assistance
Voucher & Bill Verification
Cost Sheet Analysis
L/C Voucher Verification
Expense Verification
Salary & Wages Verification
Market Rate Verification","['Econometrics', 'Problem Solving', 'Data Analytics', 'Data Modeling', 'Data Validation', 'Data Reporting', 'Business Intelligence', 'Data Manipulation', 'Data Mining', 'Machine Learning', 'R Programming', 'SQL', 'Oracle', 'Scorecard', 'IFRS']",2 to 4 years,['N/A'],Sr.Officer / Executive - Internal Audit,27
Management Trainee - Mechanical,"Management Trainee
Mechanical Systems
Maintenance & Troubleshooting
Performance Analysis
Project Support
Process Improvement
Training & Development
Administrative Support Management Trainee
Mechanical Systems
Maintenance & Troubleshooting
Performance Analysis
Project Support
Process Improvement
Training & Development
Administrative Support","['Software Development', 'Machine Learning', 'Deep Learning', 'Risk Assessment', 'Requirement Gathering', 'Application Support', 'JavaScript', 'Python', 'Docker', 'HTML', 'Hive', 'CSS', 'C', 'C++']",,['N/A'],Management Trainee - Mechanical,28
Machine Learning (ML) Engineer,"Machine Learning Leadership
Cross-Functional Collaboration
Strategy Development
ML/NLP Infrastructure
Prototype Transformation
ML System Design
Algorithm Research
Application Development
Dataset Selection
ML Testing
Statistical Analysis
R&D in ML/NLP
Text Representation
Data Pipeline Design
Statistical Data Analysis
Model Training
Team Collaboration
Research Reporting
Algorithm Analysis Machine Learning Leadership
Cross-Functional Collaboration
Strategy Development
ML/NLP Infrastructure
Prototype Transformation
ML System Design
Algorithm Research
Application Development
Dataset Selection
ML Testing
Statistical Analysis
R&D in ML/NLP
Text Representation
Data Pipeline Design
Statistical Data Analysis
Model Training
Team Collaboration
Research Reporting
Algorithm Analysis","['API', 'Approach', 'ATL', 'audio', 'backup', 'broadcast', 'C++', 'CLI', 'com', 'CA', 'Hardware', 'concept', 'Content', 'clients', 'documentation', 'dynamic HTML5', 'editing', 'XML', 'FTP', 'functional', 'drawing', 'GUI', 'http', 'IDs', 'Innovation', 'explorer', 'IP', 'JavaScript', 'json', 'LAN', 'MB', 'C#', 'MFC', 'office', 'Win', 'Windows', '2000', 'migration', 'NAS', 'OOP', 'page', 'Proxy', 'rendering', 'SAN', 'Scrum', 'servers', 'specification', 'team management', 'threads', 'troubleshoot', 'Video', 'Video Editing', 'Visual C++', 'workflow', 'writer']",At least 5 year(s),"['City , State', 'City , State', 'City , State', 'City , State']",Machine Learning (ML) Engineer,29
AI Engineer,"Machine Learning Design
Data Analysis
Model Training
AI Integration
Innovation
Cross-Functional Collaboration
Model Deployment
Documentation
Analytical Skills
Communication
Team Collaboration Machine Learning Design
Data Analysis
Model Training
AI Integration
Innovation
Cross-Functional Collaboration
Model Deployment
Documentation
Analytical Skills
Communication
Team Collaboration","['Machine Learning', 'Method Development', 'Artificial Intelligence', 'Data Modeling', 'Data Visualization', 'Data Validation', 'Deep Learning', 'MySQL', 'MongoDB', 'Python', 'Plotly', 'Seaborn', 'Matplotlib']",,['N/A'],AI Engineer,30
HR Officer,"Relationship Building
HR Collaboration
Policy Development
Training Management
Record Keeping
Compliance
Employee Development
Policy Enforcement
Communication
Task Execution Relationship Building
HR Collaboration
Policy Development
Training Management
Record Keeping
Compliance
Employee Development
Policy Enforcement
Communication
Task Execution","['Deep Learning', 'Machine Learning', 'Artificial Intelligence', 'Linear Regression', 'Software Engineering', 'Python', 'Java', 'SAP', 'C', 'C++', 'Jenkins', 'Kubernetes', 'Docker', 'Backend']",,[None],HR Officer,31
DevOps Engineer,"Open-Source Technologies
CI/CD Culture & Tooling
Product Availability & Scalability
Automation (Build & Deploy)
Monitoring & Reliability
Infrastructure Innovation
Software Engineering Velocity
Infrastructure Resiliency
Security & Data Availability Open-Source Technologies
CI/CD Culture & Tooling
Product Availability & Scalability
Automation (Build & Deploy)
Monitoring & Reliability
Infrastructure Innovation
Software Engineering Velocity
Infrastructure Resiliency
Security & Data Availability","['C++', 'Python', '.Ney(VB, ASP)', 'CSS', 'Javascript', 'Visual Basic', 'Visual FoxPro', 'Analytical Process Improvement', 'Risk Assessment & Tracking', 'Data & Network Management', 'Scrum & Agile']",At least 3 years,"['N/A', 'N/A', 'N/A']",DevOps Engineer,32
"Executive/ Senior Executive- Trade Marketing, Hygi","Trade Marketing Executive
Brand Visibility, Sales Targets
Field Marketing, Campaigns, Product Distribution
Brand Head
Excel, KPIs Tracking Trade Marketing Executive
Brand Visibility, Sales Targets
Field Marketing, Campaigns, Product Distribution
Brand Head
Excel, KPIs Tracking","['Operations management', 'Change management', 'Inventory control', 'Policy/program development', 'Supervision and training', 'Sound judgment', 'Computersavvy', 'Calm under pressure', 'Complex problem solving', 'Motivational', 'Continuous Improvement', 'Out of the box thinking', 'Analytical and logical', 'Strong Leadership skills', 'Lean Manufacturing and Management', 'Six Sigma tools and methodologies', 'RCM', 'FMEA', 'DMAIC', 'PFD', 'Six Sigma Certified', 'Microsoft Office 2003-2011', 'Microsoft Visio, 2008-2010', 'Business Objects', 'SAP', 'Apple Lion', 'Pages', 'Keynote', 'Numbers', 'Microsoft Access 2010', 'Visual Studio 2008-2010', 'Microsoft Project', 'Netbeans', 'TextPad', 'SQL Server 2008', 'PowerSteering', 'Tango', 'HTML', 'Css', 'Java', 'Java Script', 'C++', 'VB.NET', 'ASP.NET', 'Web Design 1', 'Web Design 2', 'Algorithms', 'Software Engineering', 'VB.NET', 'ASP.NET', 'Apple', 'Budget Management', 'Business Objects', 'C++', 'Calculator', 'Coach', 'interpersonal skills', 'Continuous Improvement', 'Css', 'client', 'customer relations', 'customer service', 'documentation', 'Facilities Management', 'Financial Reporting', 'GUI', 'HTML', 'Human Resource Management', 'HR', 'Inventory', 'inventory levels', 'Inventory Control', 'Java', 'Java 1', 'Java 2', 'Java Script', 'Leadership skills', 'Lean Manufacturing', 'managing', 'manufacturing process', 'materials', 'Microsoft Access', 'Microsoft Office', 'Microsoft Project', 'Microsoft Visio', 'Works', 'personnel', 'policies', 'problem-solving skills', 'processes', 'project management', 'Purchasing', 'quality', 'maintain records', 're-engineering', 'repairs', 'reporting', 'safety', 'SAP', 'Six Sigma', 'Software Engineering', 'software training', 'SQL Server', 'supervision', 'supply chain', 'supply chain management', 'Tango', 'user support', 'Visual Studio', 'water treatment', 'Web Design 1', 'Web Design 2', 'websites']",At least 3 years,"['City, State', 'City, State', 'City, State']","Executive/ Senior Executive- Trade Marketing, Hygiene Products",33
Senior iOS Engineer,"iOS Lifecycle
Requirement Analysis
Native Frameworks
iOS Development
API Integration
Technical Communication
UI Design
Performance Optimization
Feature Collaboration
Bug Fixing
Code Translation
High-Performance Development
Task Management
Cross-Team Collaboration
Code Quality iOS Lifecycle
Requirement Analysis
Native Frameworks
iOS Development
API Integration
Technical Communication
UI Design
Performance Optimization
Feature Collaboration
Bug Fixing
Code Translation
High-Performance Development
Task Management
Cross-Team Collaboration
Code Quality","['Data Analytics', 'Natural Language Processing', 'Production Engineering', 'Production Analytics', 'Tableau', 'Machine Learning', 'Python', 'NLTK']",At least 4 years,['N/A'],Senior iOS Engineer,34
Executive/ Sr. Executive -IT,"Hardware & Software Installation
System Monitoring
IT Support
Networking Expertise
Mail Server Administration
Security Management
Troubleshooting & Repair
Operations Support Hardware & Software Installation
System Monitoring
IT Support
Networking Expertise
Mail Server Administration
Security Management
Troubleshooting & Repair
Operations Support","['Python', 'Java', 'Julia', 'R', 'Matlab', 'Unix Shell Scripting (bash)', 'Linux', 'Mac OSX', 'Windows', 'LATEX', 'Weka']",3 to 5 years,"[None, None, None, None, None]",Executive/ Sr. Executive -IT,35
"Full Stack Developer (Python,React js)","Full Stack Development
Front-end: ReactJS, NextJS
Backend: Python, Django
API Design
Server-Side Logic
DRF (Django REST Framework)
Database Management (PostgreSQL, MySQL)
Version Control (Git)
AWS (ECR, RDS, ECS, ALB, EC2, etc.)
Linux, Docker, CI/CD, GitLab
Terraform, Shell Scripting Full Stack Development
Front-end: ReactJS, NextJS
Backend: Python, Django
API Design
Server-Side Logic
DRF (Django REST Framework)
Database Management (PostgreSQL, MySQL)
Version Control (Git)
AWS (ECR, RDS, ECS, ALB, EC2, etc.)
Linux, Docker, CI/CD, GitLab
Terraform, Shell Scripting","['Object-oriented programming', 'manual testing', 'technical report writing', 'Windows XP/Vista', 'Unix', 'Linux', 'Administration of Windows 2000 Server', 'MIPS Assembler', 'Unix Shell Scripts', 'C', 'Java', 'JVS', 'VBS', 'PL/SQL', 'ASP', 'Digital Logic', 'Verilog Hardware Language', 'installation and configuration of peripherals', 'troubleshooting hardware', 'embedded systems', 'robotics', 'MS Office Suite', 'MS Visio', 'MS Project', 'SQL Navigator', 'Remedy', 'Eclipse']",3 to 7 years,"['Toronto', 'Toronto']","Full Stack Developer (Python,React js)",44
System Administrator (Operation & Maintenance of S,"Hardware & Network Installation
Troubleshooting & Diagnostics
User Training & Capacity Building
Hardware Replacement
Fault Repair & System Setup
Software License & Account Management
Backup Management
System Updates & Maintenance
Server & Storage Management
Documentation & Technical Specifications
Data Protection & Disaster Recovery
Storage & Database Planning
Power & Disk Backup
Incident Management & Escalation
Service Restoration
User Communication & Verification
Incident Classification & Resolution
Major Incident Escalation
Problem & Error Management
Task Assignment & Execution Hardware & Network Installation
Troubleshooting & Diagnostics
User Training & Capacity Building
Hardware Replacement
Fault Repair & System Setup
Software License & Account Management
Backup Management
System Updates & Maintenance
Server & Storage Management
Documentation & Technical Specifications
Data Protection & Disaster Recovery
Storage & Database Planning
Power & Disk Backup
Incident Management & Escalation
Service Restoration
User Communication & Verification
Incident Classification & Resolution
Major Incident Escalation
Problem & Error Management
Task Assignment & Execution","['Machine Learning Engineer', 'C++', 'Technical Documentation', 'Natural Language Processing', 'SQL', 'Tableau', 'Python', 'AWS', 'Azure', 'SAP', 'OracleDB', 'Heroku']",4 to 5 years,['N/A'],"System Administrator (Operation & Maintenance of Server, Storage & Service Desk System)",36
AI Engineer,"Machine Learning Design
Data Analysis
Model Training
AI Integration
Innovation
Cross-Functional Collaboration
Model Deployment
Documentation
Analytical Skills
Communication
Team Collaboration Machine Learning Design
Data Analysis
Model Training
AI Integration
Innovation
Cross-Functional Collaboration
Model Deployment
Documentation
Analytical Skills
Communication
Team Collaboration","['Data Analysis', 'Business Analysis', 'Statistical Analysis', 'Regression Analysis', 'Natural Language Processing', 'Machine Learning', 'Numerical Analysis']",,['N/A'],AI Engineer,37
Executive - VAT,"Mushak Forms Maintenance
VAT Software & MS Office Maintenance
VAT Ledger Management
VAT Challan Coordination
Liaison with VAT Office
VAT Documentation
Other Assigned Tasks Mushak Forms Maintenance
VAT Software & MS Office Maintenance
VAT Ledger Management
VAT Challan Coordination
Liaison with VAT Office
VAT Documentation
Other Assigned Tasks","['Data Scientist', 'Machine Learning', 'Python', 'Big Data', 'SQL', 'PySpark', 'Scala', 'Hive', 'Scikit Learn', 'Pandas', 'Matplotlib', 'Natural Language Processing', 'Transformers', 'BERT']",1 to 3 years,['N/A'],Executive - VAT,38
Data Engineer,"Data Platform Design
Data Pipeline Development
ETL Processes
SQL Query Optimization
Data Integration & Transformation
Data Modeling
Stakeholder Collaboration
Data Quality Monitoring
Continuous Learning Data Platform Design
Data Pipeline Development
ETL Processes
SQL Query Optimization
Data Integration & Transformation
Data Modeling
Stakeholder Collaboration
Data Quality Monitoring
Continuous Learning","['CPR & First Aid Certified', 'Proficient in Microsoft Word', 'Basic knowledge of Microsoft PowerPoint and Excel']",5 to 8 years,"['Hammond, LA', 'Covington, LA']",Data Engineer,39
AI Engineer,"Machine Learning Design
Data Analysis
Model Training
AI Integration
Innovation
Cross-Functional Collaboration
Model Deployment
Documentation
Analytical Skills
Communication
Team Collaboration Machine Learning Design
Data Analysis
Model Training
AI Integration
Innovation
Cross-Functional Collaboration
Model Deployment
Documentation
Analytical Skills
Communication
Team Collaboration","['accounts receivable', 'AIA', 'bank reconciliation', 'billing', 'billings', 'budgets', 'daily cash receipts', 'cash flow', 'Consultant', 'Contracts', 'Controller', 'clients', 'financial', 'financial reports', 'financial statements', 'Forms', 'General Ledger', 'general ledger accounts', 'Government', 'insurance', 'meetings', 'excel', 'Microsoft office applications', 'office', 'PowerPoint', 'Pivot tables', 'presentations', 'Prime', 'progress', 'proposals', 'Express', 'reporting', 'spreadsheet', 'tax', 'Timberline']",,"['City, State', 'City, State', 'City, State', 'City, State']",AI Engineer,40
Management Trainee - Mechanical,"Management Trainee
Mechanical Systems
Maintenance & Troubleshooting
Performance Analysis
Project Support
Process Improvement
Training & Development
Administrative Support Management Trainee
Mechanical Systems
Maintenance & Troubleshooting
Performance Analysis
Project Support
Process Improvement
Training & Development
Administrative Support","['Administrative support', 'AP', 'Critical thinking', 'Doors', 'Engineer', 'Senior Management', 'Forms', 'Functional', 'Leadership', 'Machinery', 'Navy', 'Oil', 'Organizational', 'Pearl', 'Personnel', 'Personnel management', 'Pick', 'Problem solving', 'Progress', 'Project management', 'Proposals', 'Quality assurance', 'Repairs', 'Reporting', 'Requirement', 'Switches', 'Time management', 'Troubles', 'Technical review', 'Blueprint understanding', 'Project support', 'Document control', 'Engineering operational functions', 'SharePoint', 'Manufacturing systems integration', 'Team management']",,"['City, State', 'City, State', 'City, State']",Management Trainee - Mechanical,41
Executive/ Sr. Executive -IT,"Hardware & Software Installation
System Monitoring
IT Support
Networking Expertise
Mail Server Administration
Security Management
Troubleshooting & Repair
Operations Support Hardware & Software Installation
System Monitoring
IT Support
Networking Expertise
Mail Server Administration
Security Management
Troubleshooting & Repair
Operations Support","['Neural Networks', 'Python', 'Postgresql', 'Django', 'Microsoft Azure', 'Flask', 'Hive', 'Kafka', 'Business Analysis', 'Machine Learning', 'Deep Learning']",3 to 5 years,['N/A'],Executive/ Sr. Executive -IT,42
Head of Internal Control & Compliance (ICC) - SEVP,"15+ Years Banking Experience
Audit/Inspection/ICC Leadership
Internal Audit & Compliance
Risk-Based Operational Reviews
System-Based Audit Expertise
Knowledge of Bangladeshi Laws 15+ Years Banking Experience
Audit/Inspection/ICC Leadership
Internal Audit & Compliance
Risk-Based Operational Reviews
System-Based Audit Expertise
Knowledge of Bangladeshi Laws","['Lead Development', 'build teams', 'mentor', 'interface with customers and vendors', 'architect end to end', 'Develop products in consumer electronics', 'digital TV', 'industrial automation', 'control systems', 'C', 'C++', 'JAVA', 'JVM', 'Embedded Linux', 'LXC', 'Device Drivers', 'Socs', 'RTOS - OS9', 'VXWorks', 'DVB', 'MPEG', 'H.264', 'HLS', 'MP4', 'JSON', 'REST', 'SOAP', 'XML', 'SNMP', 'TR069', 'Microcontrollers', 'hardware', 'Matlab', 'Octave', 'Mathematical modeling', 'Integrating content protection systems', 'Agile Methodologies', 'Scrum', 'SDLC', 'project planning and management', 'leadership']",At least 15 years,"['City , State', 'City , State', 'City , State']",Head of Internal Control & Compliance (ICC) - SEVP/DMD,43
Data Science Engineer,"Application Development
Object-Oriented Design
Collaboration
Problem-Solving
Software Lifecycle
Innovation
Software Testing
System Analysis
Performance Monitoring
Plugin Development
Documentation
Integration Support Application Development
Object-Oriented Design
Collaboration
Problem-Solving
Software Lifecycle
Innovation
Software Testing
System Analysis
Performance Monitoring
Plugin Development
Documentation
Integration Support","['Python Programming', 'Machine Learning', 'Natural language Processing', 'Numpy', 'NLTK', 'Text Analysis', 'Transformers', 'Series Analysis', 'Conversational AI']",At least 2 years,['N/A'],Data Science Engineer,62
Mechanical Engineer,"Machinery Maintenance
Troubleshooting
Report Preparation
Log Maintenance Machinery Maintenance
Troubleshooting
Report Preparation
Log Maintenance","['C', 'R', 'Catia', 'AutoCAD', 'ANSYS', 'Microsoft office', 'Product Project Management', 'GD&T', 'Minitab', 'Kanban', 'Kaizen', 'FMEA', 'development', 'Toyota production systems', 'APQP', 'PPAP', '8D', '5 why', ""KPI's"", 'Reliability SAE Standards', 'Vehicle ergonomics', 'DVP&R', 'QCC', 'CNC engineering', 'Programming', 'anatomy', 'benchmarking', 'lean manufacturing', 'manufacturing process', 'cost analysis', 'packaging', 'process engineering', 'Product Development', 'surveys', 'validation', 'welding']",2 to 5 years,"['City , State', 'City , State']",Mechanical Engineer,45
Data Engineer,"Data Platform Design
Data Pipeline Development
ETL Processes
SQL Query Optimization
Data Integration & Transformation
Data Modeling
Stakeholder Collaboration
Data Quality Monitoring
Continuous Learning Data Platform Design
Data Pipeline Development
ETL Processes
SQL Query Optimization
Data Integration & Transformation
Data Modeling
Stakeholder Collaboration
Data Quality Monitoring
Continuous Learning","['C/Python', 'R', 'STK', 'CATIA', 'ANSYS', 'LaTeX', 'SolidWorks', 'Microsoft Office', 'Microsoft Project']",5 to 8 years,"['City, State', 'City, State', 'City, State']",Data Engineer,46
Data Engineer,"Data Platform Design
Data Pipeline Development
ETL Processes
SQL Query Optimization
Data Integration & Transformation
Data Modeling
Stakeholder Collaboration
Data Quality Monitoring
Continuous Learning Data Platform Design
Data Pipeline Development
ETL Processes
SQL Query Optimization
Data Integration & Transformation
Data Modeling
Stakeholder Collaboration
Data Quality Monitoring
Continuous Learning","['advertising', 'competitive', 'content', 'contracts', 'customer satisfaction', 'customer service', 'customer support', 'fashion', 'fast', 'functional', 'marketing strategies', 'marketing', 'market', 'marketing material', 'networking', 'payroll', 'progress', 'promotion', 'quality', 'selling', 'sales', 'script', 'strategic', 'telephone', 'phone', 'training manuals']",5 to 8 years,"['City, State', 'City, State', 'City, State', 'City, State']",Data Engineer,47
Civil Engineer,"Design Review
Coordination
Proposal Preparation
Feasibility Analysis
Software Utilization
Supervision
Technical Support
Submission Review
Progress Reporting
Compliance
Site Visits Design Review
Coordination
Proposal Preparation
Feasibility Analysis
Software Utilization
Supervision
Technical Support
Submission Review
Progress Reporting
Compliance
Site Visits","['HTML', 'CSS', 'JavaScript (Angular)', 'Python', 'Git', 'Algorithm Design', 'Technical Writing', 'Data Analysis', 'Interpersonal Communication', 'Patience']",At least 5 years,"['Princeton, NJ', 'Remote', 'Cherry Hill, NJ']",Civil Engineer,48
Machine Learning (ML) Engineer,"Machine Learning Leadership
Cross-Functional Collaboration
Strategy Development
ML/NLP Infrastructure
Prototype Transformation
ML System Design
Algorithm Research
Application Development
Dataset Selection
ML Testing
Statistical Analysis
R&D in ML/NLP
Text Representation
Data Pipeline Design
Statistical Data Analysis
Model Training
Team Collaboration
Research Reporting
Algorithm Analysis Machine Learning Leadership
Cross-Functional Collaboration
Strategy Development
ML/NLP Infrastructure
Prototype Transformation
ML System Design
Algorithm Research
Application Development
Dataset Selection
ML Testing
Statistical Analysis
R&D in ML/NLP
Text Representation
Data Pipeline Design
Statistical Data Analysis
Model Training
Team Collaboration
Research Reporting
Algorithm Analysis","['Generally Accepted Accounting Principles', 'Generally Accepted Auditing Standards', 'Interviewing Techniques', 'Research & Data Gathering', 'Financial Analysis', 'Budget Preparation', 'Accounts Payable/Accounts Receivable', 'Implementing Effective Internal Controls', 'OMB Circular A-133', 'MS Office', 'Quickbooks', 'Accounting', 'Administrative', 'Agency', 'Audit Report', 'Backup', 'Bank Reconciliations', 'Basic', 'Billing', 'Budgets', 'Cash Register', 'Cashier', 'Catalog', 'Clerical', 'Conferences', 'Contracts', 'Client', 'Data Analysis', 'Database', 'Decision-making', 'Direction', 'Documentation', 'Financial', 'Financial Statements', 'Funds', 'Legal', 'Money', 'Policies', 'Processes', 'Video']",At least 5 year(s),"['City, State', 'City, State', 'City, State', 'City, State']",Machine Learning (ML) Engineer,49
Data Science Engineer,"Application Development
Object-Oriented Design
Collaboration
Problem-Solving
Software Lifecycle
Innovation
Software Testing
System Analysis
Performance Monitoring
Plugin Development
Documentation
Integration Support Application Development
Object-Oriented Design
Collaboration
Problem-Solving
Software Lifecycle
Innovation
Software Testing
System Analysis
Performance Monitoring
Plugin Development
Documentation
Integration Support","['MIS reporting', 'Advanced Excel', 'Dashboards', 'Data Analysis', 'SQL', 'MySQL', 'Power Bi', 'Machine Learning', 'Linear Regression', 'Statistical Analysis', 'Clustering', 'NoSQL', 'MongoDB', 'Python', 'EDA', 'Business Intelligence', 'Logistic Regression']",At least 2 years,['N/A'],Data Science Engineer,50
DevOps Engineer,"Open-Source Technologies
CI/CD Culture & Tooling
Product Availability & Scalability
Automation (Build & Deploy)
Monitoring & Reliability
Infrastructure Innovation
Software Engineering Velocity
Infrastructure Resiliency
Security & Data Availability Open-Source Technologies
CI/CD Culture & Tooling
Product Availability & Scalability
Automation (Build & Deploy)
Monitoring & Reliability
Infrastructure Innovation
Software Engineering Velocity
Infrastructure Resiliency
Security & Data Availability",[],At least 3 years,"['Portland, OR', 'Pittsburgh PA']",DevOps Engineer,51
Asst. Manager/ Manger (Administrative),"Administrative Support
Scheduling
Filing & Documentation
Communication
Team Support
Equipment Maintenance
Information Provision
Inventory Management
Team Collaboration
OHS Policy Development
Safety Advice
Risk Assessment
Policy Review
OHS Training
Safety Inspections
Unsafe Act Prevention
Incident Investigation
Report Preparation Administrative Support
Scheduling
Filing & Documentation
Communication
Team Support
Equipment Maintenance
Information Provision
Inventory Management
Team Collaboration
OHS Policy Development
Safety Advice
Risk Assessment
Policy Review
OHS Training
Safety Inspections
Unsafe Act Prevention
Incident Investigation
Report Preparation","['streamline', 'approach', 'balance sheet', 'bonds', 'budgeting', 'business development', 'cash flow', 'clinical research', 'clinical trials', 'com', 'consulting', 'corporate finance', 'CRM', 'database', 'email', 'English', 'equities', 'Fast', 'financials', 'financing', 'financial', 'fundraising', 'funds', 'graphical user interface', 'information systems', 'Innovation', 'inventory', 'marketing', 'network', 'neural', 'next', 'presentations', 'Speaker', 'sales', 'scientific', 'Spanish', 'strategy', 'strategic', 'websites']",At least 5 years,"['City, State', 'City, State', 'City, State']",Asst. Manager/ Manger (Administrative),52
HR Officer,"Relationship Building
HR Collaboration
Policy Development
Training Management
Record Keeping
Compliance
Employee Development
Policy Enforcement
Communication
Task Execution Relationship Building
HR Collaboration
Policy Development
Training Management
Record Keeping
Compliance
Employee Development
Policy Enforcement
Communication
Task Execution",,,"['Lexington, KY', 'Lexington, KY', 'Lexington, KY', 'Lexington, KY', 'New York, NY', 'New York, NY', 'New York, NY', 'Warsaw, Poland', 'Warsaw, Poland']",HR Officer,108
Senior Software Engineer,"Technical Support
Troubleshooting
Collaboration
Documentation
System Monitoring
Software Deployment
Training & Mentorship
Industry Trends
Field Visits




 Technical Support
Troubleshooting
Collaboration
Documentation
System Monitoring
Software Deployment
Training & Mentorship
Industry Trends
Field Visits




","['Basic and Advanced Supervision Training Courses', 'CBMET', ""Toshiba certified service trained on Aquilion 16, 32 and 64 slice CT's"", 'Toshiba certified service trained on Vantage 1.5 T 8 channel MRI', 'Toshiba certified service trained on Siemens E-Cam Nuclear Medicine Camera', 'Aramark service trained on GE AMX 4 and AMX4+ portable XR unit', 'Aramark service trained on GE 9600, 9800, 9900 Portable C-Arm', 'Aramark service trained on GE Precision 500 Radiology and Fluoroscopic image system', 'Microsoft Applications', 'Foresight Imaging Systems trained on DICOM protocols', 'Skilled in the operation of MS 2000, Windows 7, MySQL, PHP, Apache, UNIX, Linux, Cisco', 'Skilled in the operation of networks', 'Skilled in the operation of workstations and servers']",At least 1 year,"['City, State', 'City, State', 'City, State', 'City, State']",Senior Software Engineer,53
Senior iOS Engineer,"iOS Lifecycle
Requirement Analysis
Native Frameworks
iOS Development
API Integration
Technical Communication
UI Design
Performance Optimization
Feature Collaboration
Bug Fixing
Code Translation
High-Performance Development
Task Management
Cross-Team Collaboration
Code Quality iOS Lifecycle
Requirement Analysis
Native Frameworks
iOS Development
API Integration
Technical Communication
UI Design
Performance Optimization
Feature Collaboration
Bug Fixing
Code Translation
High-Performance Development
Task Management
Cross-Team Collaboration
Code Quality","['Problem resolution', 'Results-oriented', 'Meticulous attention to detail', 'Managing multiple priorities', 'Active Learning', 'Client Relations', 'Computer Proficiency', 'Creative Problem Solving', 'Critical Thinking', 'Data Collection', 'Data Entry', 'Documentation', 'Email', 'Executive Management Support', 'Filing', 'Internet Research', 'Letters and Memos', 'Minute Taking', 'Multi-Task Management', 'Organizational Skills', 'Research', 'Scheduling', 'Service Orientation', 'Speaking', 'Spreadsheets', 'Travel Arrangements']",At least 4 years,"['City , State', 'City , State', 'City , State', 'City , State', 'City , State', 'City , State']",Senior iOS Engineer,54
DevOps Engineer,"Open-Source Technologies
CI/CD Culture & Tooling
Product Availability & Scalability
Automation (Build & Deploy)
Monitoring & Reliability
Infrastructure Innovation
Software Engineering Velocity
Infrastructure Resiliency
Security & Data Availability Open-Source Technologies
CI/CD Culture & Tooling
Product Availability & Scalability
Automation (Build & Deploy)
Monitoring & Reliability
Infrastructure Innovation
Software Engineering Velocity
Infrastructure Resiliency
Security & Data Availability","['Python', 'Visual Studio Code', 'Mercurial']",At least 3 years,"[None, None]",DevOps Engineer,55
Data Science Engineer,"Application Development
Object-Oriented Design
Collaboration
Problem-Solving
Software Lifecycle
Innovation
Software Testing
System Analysis
Performance Monitoring
Plugin Development
Documentation
Integration Support Application Development
Object-Oriented Design
Collaboration
Problem-Solving
Software Lifecycle
Innovation
Software Testing
System Analysis
Performance Monitoring
Plugin Development
Documentation
Integration Support","['Computer System Building and Repair', 'Hardware and Software Installation', 'Diagnostic Software Utilities', 'Remote Access', 'Networking', 'Computer Management', 'CNNs', 'LSTMs', 'PyTorch']",At least 2 years,"['Remote', 'Greenville, SC', 'Greer, SC']",Data Science Engineer,56
Business Development Executive,"Apparel Sourcing
Quality Garment Sourcing
Reliable Partner
Buyer/Vendor Communication Apparel Sourcing
Quality Garment Sourcing
Reliable Partner
Buyer/Vendor Communication","['Data Science', 'Analysis', 'Machine Learning', 'Bounding Algorithms', 'Heuristics', 'ANN', 'Decision Trees', 'SVM', 'Hypothesis Analysis', 'Optimization']",1 to 3 years,['N/A'],Business Development Executive,57
Senior iOS Engineer,"iOS Lifecycle
Requirement Analysis
Native Frameworks
iOS Development
API Integration
Technical Communication
UI Design
Performance Optimization
Feature Collaboration
Bug Fixing
Code Translation
High-Performance Development
Task Management
Cross-Team Collaboration
Code Quality iOS Lifecycle
Requirement Analysis
Native Frameworks
iOS Development
API Integration
Technical Communication
UI Design
Performance Optimization
Feature Collaboration
Bug Fixing
Code Translation
High-Performance Development
Task Management
Cross-Team Collaboration
Code Quality","['Data Analysis', 'Machine Learning', 'Data Science', 'Statistical Analysis', 'Time Series Analysis', 'Statistical Modelling', 'Data Manipulation', 'Python', 'R', 'Tableau', 'SQL', 'Django', 'PostgreSQL']",At least 4 years,[None],Senior iOS Engineer,58
"Executive/ Senior Executive- Trade Marketing, Hygi","Trade Marketing Executive
Brand Visibility, Sales Targets
Field Marketing, Campaigns, Product Distribution
Brand Head
Excel, KPIs Tracking Trade Marketing Executive
Brand Visibility, Sales Targets
Field Marketing, Campaigns, Product Distribution
Brand Head
Excel, KPIs Tracking","['assisted living', 'interpersonal and communication', 'insurance', 'internal medicine', 'managing', 'marketing', 'marketing/sales', 'meetings', 'mentor', 'office', 'networking', 'organizing', 'orthopedics', 'outside sales', 'physical therapy', 'rehabilitation', 'sales', 'seminars', 'Team player', 'time management']",At least 3 years,"['City , State', 'City , State', 'City , State', 'City , State']","Executive/ Senior Executive- Trade Marketing, Hygiene Products",59
Executive - VAT,"Mushak Forms Maintenance
VAT Software & MS Office Maintenance
VAT Ledger Management
VAT Challan Coordination
Liaison with VAT Office
VAT Documentation
Other Assigned Tasks Mushak Forms Maintenance
VAT Software & MS Office Maintenance
VAT Ledger Management
VAT Challan Coordination
Liaison with VAT Office
VAT Documentation
Other Assigned Tasks","['Material Management', 'Law Enforcement', 'mechanical test equipment', ""PC's"", 'MS Office', '10key by touch', 'Customer Service', 'Forklift and Crane Certification', 'Self-motivation', 'Leadership', 'NDT Level II', 'mechanical theory', 'pneumatic and hydraulic theory', 'automation', 'closing', 'coaching', 'oral', 'hardware', 'customer support', 'designing', 'direction', 'hand tools', 'inventory', 'ISO 9001', 'Machinery', 'materials', 'mechanical', 'personnel', 'processes', 'Procurement', 'programming', 'progress', 'quality', 'Quality Control', 'Receiving', 'repairs', 'repairing', 'research', 'robotic systems', 'safety', 'scheduling', 'shipping', 'simulation', 'Supervisor', 'Test Equipment', 'Troubleshooting', 'written', 'articles']",1 to 3 years,"['City, State', 'City, State', 'City, State', 'City, State', 'City, State', 'City, State']",Executive - VAT,60
Executive - VAT,"Mushak Forms Maintenance
VAT Software & MS Office Maintenance
VAT Ledger Management
VAT Challan Coordination
Liaison with VAT Office
VAT Documentation
Other Assigned Tasks Mushak Forms Maintenance
VAT Software & MS Office Maintenance
VAT Ledger Management
VAT Challan Coordination
Liaison with VAT Office
VAT Documentation
Other Assigned Tasks","['Business analyst', 'Data modeling', 'Business intelligence', 'ERP implementation', 'html', 'Requirement Gathering', 'Power Bi', 'Project Management']",1 to 3 years,[None],Executive - VAT,61
Sr.Officer / Executive - Internal Audit,"Internal Audit Assistance
Voucher & Bill Verification
Cost Sheet Analysis
L/C Voucher Verification
Expense Verification
Salary & Wages Verification
Market Rate Verification Internal Audit Assistance
Voucher & Bill Verification
Cost Sheet Analysis
L/C Voucher Verification
Expense Verification
Salary & Wages Verification
Market Rate Verification","['Data Analyst', 'Database Management', 'Data Integration', 'Machine Learning', 'Natural Language Processing', 'Artificial Intelligence', 'Deep Learning', 'Python', 'SQL', 'Data Science', 'Tableau', 'PowerBi', 'Business Analysis', 'AWS Lambda', 'Spark', 'PySpark', 'Azure', 'SQL Server']",2 to 4 years,['N/A'],Sr.Officer / Executive - Internal Audit,63
AI Engineer,"Machine Learning Design
Data Analysis
Model Training
AI Integration
Innovation
Cross-Functional Collaboration
Model Deployment
Documentation
Analytical Skills
Communication
Team Collaboration Machine Learning Design
Data Analysis
Model Training
AI Integration
Innovation
Cross-Functional Collaboration
Model Deployment
Documentation
Analytical Skills
Communication
Team Collaboration","['Word', 'SAP Time Approval', 'Excel', 'Travel Arranger', 'Access Database', 'Purchase Reqs in SAP', 'OutLook', 'IOs in SAP', 'Pcard purchases', 'Royalty Agreement Tracking']",,"['City, State', 'City, State', 'City, State', 'City, State']",AI Engineer,64
Network Support Engineer,"Mikrotik Router Configuration
OLT Device Setup & Management
Integration with Billing Software
Network Monitoring Tools Integration
Connectivity Troubleshooting
Technical Support & Escalation
Installation & Configuration
GPON/EPON Expertise
Cisco, OLT, MikroTik Knowledge Mikrotik Router Configuration
OLT Device Setup & Management
Integration with Billing Software
Network Monitoring Tools Integration
Connectivity Troubleshooting
Technical Support & Escalation
Installation & Configuration
GPON/EPON Expertise
Cisco, OLT, MikroTik Knowledge","['Data Science', 'Customer analytics', 'Data Visualization', 'Natural language Processing', 'SQL', 'Python', 'R', 'Tableau', 'Alteryx', 'Process Improvement']",At least 3 years,['N/A'],Network Support Engineer,65
Senior iOS Engineer,"iOS Lifecycle
Requirement Analysis
Native Frameworks
iOS Development
API Integration
Technical Communication
UI Design
Performance Optimization
Feature Collaboration
Bug Fixing
Code Translation
High-Performance Development
Task Management
Cross-Team Collaboration
Code Quality iOS Lifecycle
Requirement Analysis
Native Frameworks
iOS Development
API Integration
Technical Communication
UI Design
Performance Optimization
Feature Collaboration
Bug Fixing
Code Translation
High-Performance Development
Task Management
Cross-Team Collaboration
Code Quality","['assembly', 'AutoCAD', 'automation', 'budgets', 'budget', 'CNC', 'electronics', 'layout', 'machine tools', 'machinery', 'market', 'materials', 'mathematics', 'mechanical', 'networks', 'packaging', 'PLC', 'policies', 'presentations', 'programming', 'Project management', 'quality', 'recording', 'sales', 'spreadsheet', 'team work']",At least 4 years,"['City, State', 'City, State', 'City, State']",Senior iOS Engineer,66
Project Coordinator (Civil),"Project Design
Data Analysis
ACCORD/Alliance Knowledge
BNBC Standards
Cost Estimation
Feasibility Studies
Documentation
Compliance
Site Monitoring
Policy Enforcement
Legal Compliance
Data Management
Team Collaboration Project Design
Data Analysis
ACCORD/Alliance Knowledge
BNBC Standards
Cost Estimation
Feasibility Studies
Documentation
Compliance
Site Monitoring
Policy Enforcement
Legal Compliance
Data Management
Team Collaboration","['JavaScript (Angular)', 'HTML/ CSS', 'Python (Django)', 'SQL (PostgreSQL, Oracle)', 'REST APIs (GraphQL)', 'Git']",5 to 10 years,"['Austin, TX', 'Austin, TX']",Project Coordinator (Civil),67
Mechanical Designer,"Design Creation
CAD Drawings
Design Optimization
Team Collaboration
Compliance Assurance
Design Reviews
Manufacturing Support
Documentation Design Creation
CAD Drawings
Design Optimization
Team Collaboration
Compliance Assurance
Design Reviews
Manufacturing Support
Documentation","['Microsoft Office (Word, Excel, Power Point, Outlook)', 'Abila MIP Fund Accounting Software', 'QuickBooks, QuickBooks Pro, Quicken', 'ADP, Paychex, Payroll Experts, QuickBooks Payroll Systems']",At least 5 years,"['City , State', 'City , State', 'City , State', 'City , State']",Mechanical Designer,68
Executive - VAT,"Mushak Forms Maintenance
VAT Software & MS Office Maintenance
VAT Ledger Management
VAT Challan Coordination
Liaison with VAT Office
VAT Documentation
Other Assigned Tasks Mushak Forms Maintenance
VAT Software & MS Office Maintenance
VAT Ledger Management
VAT Challan Coordination
Liaison with VAT Office
VAT Documentation
Other Assigned Tasks","['Business Analytics', 'Data Analysis', 'Machine Learning', 'SQL', 'Firebase', 'AWS', 'GCP', 'Cloud Infrastructure', 'Python', 'Text Mining', 'Database Management and Processing', 'Time Series Analysis', 'Research Analysis']",1 to 3 years,['N/A'],Executive - VAT,69
Intern (Generative AI Engineering - 2D/3D Image Ge,"Generative AI Development
Evolutionary Computation
Deep Learning Optimization
Expert Systems Design
Knowledge Representation
Data Preprocessing
Model Training
Research & Integration Generative AI Development
Evolutionary Computation
Deep Learning Optimization
Expert Systems Design
Knowledge Representation
Data Preprocessing
Model Training
Research & Integration","['Know-your-consumer (KYC)', 'Statistical process control', 'Cost reduction and avoidance', 'Systems Engineering', 'Systems Engineering management', 'Software systems engineering', 'Quality control', 'Failure analysis', 'Tools of operations research', 'MS Office', 'Auto CAD', 'inspection', 'Lean manufacturing', 'process control', 'process design', 'simulation', 'system configuration']",,"['N/A', 'N/A']",Intern (Generative AI Engineering - 2D/3D Image Generation),70
HR Officer,"Relationship Building
HR Collaboration
Policy Development
Training Management
Record Keeping
Compliance
Employee Development
Policy Enforcement
Communication
Task Execution Relationship Building
HR Collaboration
Policy Development
Training Management
Record Keeping
Compliance
Employee Development
Policy Enforcement
Communication
Task Execution","['Business Associate', 'Program Management', 'Presales', 'Artificial Intelligence', 'Data Analytics', 'Telecommunication', 'Machine Learning', 'Cloud', 'M&E', 'Conversational AI', 'Predictive Analytics', 'Sales', 'Business Development', 'NLP', 'RFP', 'Computer Vision']",,['N/A'],HR Officer,71
Executive/ Sr. Executive -IT,"Hardware & Software Installation
System Monitoring
IT Support
Networking Expertise
Mail Server Administration
Security Management
Troubleshooting & Repair
Operations Support Hardware & Software Installation
System Monitoring
IT Support
Networking Expertise
Mail Server Administration
Security Management
Troubleshooting & Repair
Operations Support","['Deep learning', 'Python', 'SQL', 'Keras', 'PyTorch', 'PySpark', 'Data Science', 'Data Analysis', 'Machine Learning', 'Natural Language Processing', 'Artificial Intelligence', 'Computer Vision', 'Pattern Recognition', 'NLP', 'OpenCV', 'Image Processing']",3 to 5 years,['N/A'],Executive/ Sr. Executive -IT,72
Business Development Executive,"Apparel Sourcing
Quality Garment Sourcing
Reliable Partner
Buyer/Vendor Communication Apparel Sourcing
Quality Garment Sourcing
Reliable Partner
Buyer/Vendor Communication","['JavaScript (Angular)', 'HTML/CSS', 'Python (Django)', 'SQL (MySQL, PostgreSQL)', 'Git', 'Ruby on Rails']",1 to 3 years,"['Trenton, NJ']",Business Development Executive,1141
"Full Stack Developer (Python,React js)","Full Stack Development
Front-end: ReactJS, NextJS
Backend: Python, Django
API Design
Server-Side Logic
DRF (Django REST Framework)
Database Management (PostgreSQL, MySQL)
Version Control (Git)
AWS (ECR, RDS, ECS, ALB, EC2, etc.)
Linux, Docker, CI/CD, GitLab
Terraform, Shell Scripting Full Stack Development
Front-end: ReactJS, NextJS
Backend: Python, Django
API Design
Server-Side Logic
DRF (Django REST Framework)
Database Management (PostgreSQL, MySQL)
Version Control (Git)
AWS (ECR, RDS, ECS, ALB, EC2, etc.)
Linux, Docker, CI/CD, GitLab
Terraform, Shell Scripting","['Data Science', 'Logistic Regression', 'Clustering', 'Data Structures', 'Software Engineer', 'Data Analytics', 'Machine Learning', 'Visual Studio', 'Statistical Analysis', 'Linux', 'Unix', 'Python', 'Software Developer']",3 to 7 years,['N/A'],"Full Stack Developer (Python,React js)",73
Executive/ Sr. Executive -IT,"Hardware & Software Installation
System Monitoring
IT Support
Networking Expertise
Mail Server Administration
Security Management
Troubleshooting & Repair
Operations Support Hardware & Software Installation
System Monitoring
IT Support
Networking Expertise
Mail Server Administration
Security Management
Troubleshooting & Repair
Operations Support","['Business Analysis', 'Machine Learning', 'Requirement Gathering', 'Data Analysis', 'Artificial Intelligence', 'Predictive Modeling', 'Deep Learning', 'Data Modeling', 'Manual Testing', 'Quality Assurance', 'Python', 'R', 'SQL', 'HTML', 'Numpy', 'Tensorflow']",3 to 5 years,['N/A'],Executive/ Sr. Executive -IT,74
Business Development Executive,"Apparel Sourcing
Quality Garment Sourcing
Reliable Partner
Buyer/Vendor Communication Apparel Sourcing
Quality Garment Sourcing
Reliable Partner
Buyer/Vendor Communication","['Excellent communication', 'Inspecting', 'Team Lead', 'Modems', 'Processes', 'Scheduling', 'Technician', 'Trainer', 'Troubleshooting']",1 to 3 years,"['City, State', 'City, State', 'City, State']",Business Development Executive,75
Machine Learning (ML) Engineer,"Machine Learning Leadership
Cross-Functional Collaboration
Strategy Development
ML/NLP Infrastructure
Prototype Transformation
ML System Design
Algorithm Research
Application Development
Dataset Selection
ML Testing
Statistical Analysis
R&D in ML/NLP
Text Representation
Data Pipeline Design
Statistical Data Analysis
Model Training
Team Collaboration
Research Reporting
Algorithm Analysis Machine Learning Leadership
Cross-Functional Collaboration
Strategy Development
ML/NLP Infrastructure
Prototype Transformation
ML System Design
Algorithm Research
Application Development
Dataset Selection
ML Testing
Statistical Analysis
R&D in ML/NLP
Text Representation
Data Pipeline Design
Statistical Data Analysis
Model Training
Team Collaboration
Research Reporting
Algorithm Analysis","['assembly', 'ATM', 'Cadence', 'calibration', 'CA', 'hardware', 'DC', 'de-bugging', 'Ethernet', 'Graphic', 'ISO 9000', 'LabView', 'layout', 'Linux OS', 'Logic', 'Mentor', 'Access', 'MS Office', 'Windows', 'multimeters', 'network', 'networking', 'ORCAD', 'oscilloscopes', 'power supplies', 'procurement', 'purchasing', 'Quality Assurance', 'Routers', 'schematics', 'signal generators', 'SONET', 'Switches', 'T1', 'test equipment', 'trouble shooting', 'troubleshooting', 'validation', 'View']",At least 5 year(s),"['City, State', 'City, State', 'City, State']",Machine Learning (ML) Engineer,76
Machine Learning (ML) Engineer,"Machine Learning Leadership
Cross-Functional Collaboration
Strategy Development
ML/NLP Infrastructure
Prototype Transformation
ML System Design
Algorithm Research
Application Development
Dataset Selection
ML Testing
Statistical Analysis
R&D in ML/NLP
Text Representation
Data Pipeline Design
Statistical Data Analysis
Model Training
Team Collaboration
Research Reporting
Algorithm Analysis Machine Learning Leadership
Cross-Functional Collaboration
Strategy Development
ML/NLP Infrastructure
Prototype Transformation
ML System Design
Algorithm Research
Application Development
Dataset Selection
ML Testing
Statistical Analysis
R&D in ML/NLP
Text Representation
Data Pipeline Design
Statistical Data Analysis
Model Training
Team Collaboration
Research Reporting
Algorithm Analysis","['Machine Learning', 'Natural Language Processing', 'Deep Learning', 'Business Analysis', 'Python', 'Numpy', 'Pandas', 'Scikit Learn', 'Tensorflow', 'Keras', 'PySpark']",At least 5 year(s),['N/A'],Machine Learning (ML) Engineer,77
Data Science Engineer,"Application Development
Object-Oriented Design
Collaboration
Problem-Solving
Software Lifecycle
Innovation
Software Testing
System Analysis
Performance Monitoring
Plugin Development
Documentation
Integration Support Application Development
Object-Oriented Design
Collaboration
Problem-Solving
Software Lifecycle
Innovation
Software Testing
System Analysis
Performance Monitoring
Plugin Development
Documentation
Integration Support","['Net, photo, agile, analyst', 'Apple', 'automation', 'banking', 'budgets', 'business plan', 'closing', 'com', 'consulting', 'content', 'contracts', 'credit', 'encryption', 'client', 'customer satisfaction', 'data migration', 'database administration', 'driving', 'e-commerce', 'features', 'financial', 'hiring', 'imaging', 'information technology', 'insurance', 'interpretation', 'inventory', 'managing', 'market planning', 'marketing', 'market', 'marketing and sales', 'messaging', 'office', 'new product development', 'developer', 'order management', 'camera', 'policies', 'presenting', 'pricing', 'procurement', 'product development', 'Product manager', 'product management', 'product marketing', 'program management', 'quality', 'quality assurance', 'QA', 'radio', 'real-time', 'receiving', 'retail', 'sales', 'sales management', 'shipping', 'software development', 'stories', 'strategy', 'supply chain', 'technical support', 'television', 'upgrades', 'UI design', 'utilities', 'venture capital', 'vision', 'workflow', 'year-end']",At least 2 years,"['N/A', 'N/A', 'N/A', 'N/A', 'N/A', 'N/A', 'N/A', 'N/A', 'N/A', 'N/A']",Data Science Engineer,78
Management Trainee - Mechanical,"Management Trainee
Mechanical Systems
Maintenance & Troubleshooting
Performance Analysis
Project Support
Process Improvement
Training & Development
Administrative Support Management Trainee
Mechanical Systems
Maintenance & Troubleshooting
Performance Analysis
Project Support
Process Improvement
Training & Development
Administrative Support","['Python', 'Webscrapping', 'PowerBI', 'Data Cleaning', 'Data Preparation', 'Data Analysis', 'Predictive Modeling', 'Data Analytics', 'Pivot Table', 'SQL', 'PostgreSQL', 'Analytics', 'Excel', 'Machine Learning', 'XML']",,['N/A'],Management Trainee - Mechanical,79
Asst. Manager/ Manger (Administrative),"Administrative Support
Scheduling
Filing & Documentation
Communication
Team Support
Equipment Maintenance
Information Provision
Inventory Management
Team Collaboration
OHS Policy Development
Safety Advice
Risk Assessment
Policy Review
OHS Training
Safety Inspections
Unsafe Act Prevention
Incident Investigation
Report Preparation Administrative Support
Scheduling
Filing & Documentation
Communication
Team Support
Equipment Maintenance
Information Provision
Inventory Management
Team Collaboration
OHS Policy Development
Safety Advice
Risk Assessment
Policy Review
OHS Training
Safety Inspections
Unsafe Act Prevention
Incident Investigation
Report Preparation","['Data Analysis', 'Machine learning', 'Data Mining', 'Natural Language Processing', 'Linear Regression', 'Cluster Analysis', 'Correlation Analysis', 'Logistic Regression', 'Principal Component Analysis', 'Anova', 'Neural Networks', 'R', 'Python', 'MySQL', 'Tableau', 'Excel', 'SPSS', 'Decision tree']",At least 5 years,['N/A'],Asst. Manager/ Manger (Administrative),80
Asst. Manager/ Manger (Administrative),"Administrative Support
Scheduling
Filing & Documentation
Communication
Team Support
Equipment Maintenance
Information Provision
Inventory Management
Team Collaboration
OHS Policy Development
Safety Advice
Risk Assessment
Policy Review
OHS Training
Safety Inspections
Unsafe Act Prevention
Incident Investigation
Report Preparation Administrative Support
Scheduling
Filing & Documentation
Communication
Team Support
Equipment Maintenance
Information Provision
Inventory Management
Team Collaboration
OHS Policy Development
Safety Advice
Risk Assessment
Policy Review
OHS Training
Safety Inspections
Unsafe Act Prevention
Incident Investigation
Report Preparation","['3d', 'accounting', 'Accountant', 'Accounts receivables', 'Adobe Illustrator', 'Adobe Photoshop', 'Pagemaker', 'Audio Editing', 'auditing', 'banking', 'book', 'Budget preparation', 'contracts', 'cost analysis', 'credit', 'clients', 'debit', 'Dec', 'documentation', 'Dos', 'senior Management', 'finance', 'Financial', 'financial management', 'Preparation of Financial Statements', 'HR', 'Inspection', 'Inventory', 'inventory control', 'Macro Media Director', 'MS Office', '2K', 'Windows 9.x', 'works', 'MIS', 'modeling', 'Developer 2000', 'Oracle 8I', 'Oracle', 'payroll', 'policies', 'reporting', 'Sales', 'tax', 'Video Editing']",At least 5 years,"['City, State', 'City, State', 'Kuwait', 'City, State', 'City, State', 'Udaipur, India']",Asst. Manager/ Manger (Administrative),81
Data Science Engineer,"Application Development
Object-Oriented Design
Collaboration
Problem-Solving
Software Lifecycle
Innovation
Software Testing
System Analysis
Performance Monitoring
Plugin Development
Documentation
Integration Support Application Development
Object-Oriented Design
Collaboration
Problem-Solving
Software Lifecycle
Innovation
Software Testing
System Analysis
Performance Monitoring
Plugin Development
Documentation
Integration Support","['Python', 'Java', 'HTML 5', 'SQL', 'C Programming', 'Excel', 'Access']",At least 2 years,"['Minneapolis, Minnesota', 'Fargo, North Dakota']",Data Science Engineer,82
"Executive/ Senior Executive- Trade Marketing, Hygi","Trade Marketing Executive
Brand Visibility, Sales Targets
Field Marketing, Campaigns, Product Distribution
Brand Head
Excel, KPIs Tracking Trade Marketing Executive
Brand Visibility, Sales Targets
Field Marketing, Campaigns, Product Distribution
Brand Head
Excel, KPIs Tracking","['3D modeling', 'architectural drafting', 'AutoCAD', 'read blueprints', 'carpentry', 'Detail oriented', 'drafting', 'email', 'floor plans', 'frame', '3dsMax', 'mechanical', 'messaging', 'Microsoft Office applications', 'Multi-tasking', 'painting', 'problem solving skills', 'reading', 'renovation', 'Revit', 'self-motivated', 'supervisor']",At least 3 years,"['City, State', 'City, State', 'City, State', 'City, State']","Executive/ Senior Executive- Trade Marketing, Hygiene Products",83
Data Engineer,"Data Platform Design
Data Pipeline Development
ETL Processes
SQL Query Optimization
Data Integration & Transformation
Data Modeling
Stakeholder Collaboration
Data Quality Monitoring
Continuous Learning Data Platform Design
Data Pipeline Development
ETL Processes
SQL Query Optimization
Data Integration & Transformation
Data Modeling
Stakeholder Collaboration
Data Quality Monitoring
Continuous Learning","['Requirement Analysis', 'Machine Learning', 'Predictive Analytics', 'Python', 'Tableau', 'PowerBI', 'R', 'SQL', 'Advanced Excel', 'Business Analytics']",5 to 8 years,['N/A'],Data Engineer,84
Intern (Generative AI Engineering - 2D/3D Image Ge,"Generative AI Development
Evolutionary Computation
Deep Learning Optimization
Expert Systems Design
Knowledge Representation
Data Preprocessing
Model Training
Research & Integration Generative AI Development
Evolutionary Computation
Deep Learning Optimization
Expert Systems Design
Knowledge Representation
Data Preprocessing
Model Training
Research & Integration","['accounting', 'accounts payable', 'Accounts Receivable', 'ADP', 'advertising', 'AR', 'balance sheet', 'balance', 'bank reconciliations', 'benefits', 'billing', 'billings', 'book keeping', 'budget', 'cash flow projections', 'cash flow', 'controller', 'Credit', 'clients', 'data collection', 'delivery', 'documentation', 'email', 'Finance', 'financial', 'financial reporting', 'financial statements', 'fixed assets', 'General Ledger', 'inventory', 'job costing', 'ledger', 'legal', 'materials', 'meetings', 'Microsoft Access', 'Microsoft Excel', 'Excel', 'Microsoft Word', 'negotiating', 'DBA', 'Payables', 'payroll', 'Peachtree', 'processes', 'coding', 'purchasing', 'Express', 'Quick Books', 'QuickBooks', 'Research', 'Sage', 'Sales', 'Spreadsheet', 'Tax', 'software support', 'valuation', 'year-end']",,"['City , State', 'City , State', 'State', 'City , State']",Intern (Generative AI Engineering - 2D/3D Image Generation),85
Data Science Engineer,"Application Development
Object-Oriented Design
Collaboration
Problem-Solving
Software Lifecycle
Innovation
Software Testing
System Analysis
Performance Monitoring
Plugin Development
Documentation
Integration Support Application Development
Object-Oriented Design
Collaboration
Problem-Solving
Software Lifecycle
Innovation
Software Testing
System Analysis
Performance Monitoring
Plugin Development
Documentation
Integration Support","['iFixit Pro Tech Toolkit', 'PassMark MemTest86', 'Malwarebytes', 'Recuva', 'Ultimate Boot CD (UBCD)', 'Windows Installation USB/DVD', 'TeamViewer', 'Driver Booster', 'Falcon Dust-Off Compressed Gas Duster', 'Fluke 115 Compact True-RMS Digital Multimeter']",At least 2 years,"['Euclid, OH', 'Cleveland, OH', 'Columbus, OH']",Data Science Engineer,86
Head of Internal Control & Compliance (ICC) - SEVP,"15+ Years Banking Experience
Audit/Inspection/ICC Leadership
Internal Audit & Compliance
Risk-Based Operational Reviews
System-Based Audit Expertise
Knowledge of Bangladeshi Laws 15+ Years Banking Experience
Audit/Inspection/ICC Leadership
Internal Audit & Compliance
Risk-Based Operational Reviews
System-Based Audit Expertise
Knowledge of Bangladeshi Laws","['Seasoned Leadership', 'Experienced Manager', 'Motivated', 'Balanced']",At least 15 years,"['City , State', 'City , State', 'City , State', 'City , State', 'City , State']",Head of Internal Control & Compliance (ICC) - SEVP/DMD,87
DevOps Engineer,"Open-Source Technologies
CI/CD Culture & Tooling
Product Availability & Scalability
Automation (Build & Deploy)
Monitoring & Reliability
Infrastructure Innovation
Software Engineering Velocity
Infrastructure Resiliency
Security & Data Availability Open-Source Technologies
CI/CD Culture & Tooling
Product Availability & Scalability
Automation (Build & Deploy)
Monitoring & Reliability
Infrastructure Innovation
Software Engineering Velocity
Infrastructure Resiliency
Security & Data Availability","['Python', 'Machine Learning', 'Natural Language Processing', 'Text Mining', 'Data Scientist', 'Data Analyst', 'Deep Learning', 'MongoDB', 'SQL', 'Flask', 'Data Analytics', 'Big Data Analytics']",At least 3 years,['N/A'],DevOps Engineer,88
Executive - VAT,"Mushak Forms Maintenance
VAT Software & MS Office Maintenance
VAT Ledger Management
VAT Challan Coordination
Liaison with VAT Office
VAT Documentation
Other Assigned Tasks Mushak Forms Maintenance
VAT Software & MS Office Maintenance
VAT Ledger Management
VAT Challan Coordination
Liaison with VAT Office
VAT Documentation
Other Assigned Tasks","['Snowflake', 'Python', 'C++', 'R', 'SQL', 'Tableau', 'PyTorch']",1 to 3 years,"['Remote', 'Vancouver, BC', 'Toronto, Canada']",Executive - VAT,89
DevOps Engineer,"Open-Source Technologies
CI/CD Culture & Tooling
Product Availability & Scalability
Automation (Build & Deploy)
Monitoring & Reliability
Infrastructure Innovation
Software Engineering Velocity
Infrastructure Resiliency
Security & Data Availability Open-Source Technologies
CI/CD Culture & Tooling
Product Availability & Scalability
Automation (Build & Deploy)
Monitoring & Reliability
Infrastructure Innovation
Software Engineering Velocity
Infrastructure Resiliency
Security & Data Availability","['HTML', 'CSS', 'JavaScript (Angular)', 'Python', 'Git', 'Algorithm Design', 'Technical Writing', 'Data Analysis', 'Interpersonal Communication', 'Patience']",At least 3 years,"['Princeton, NJ', 'Remote', 'Cherry Hill, NJ']",DevOps Engineer,90
DevOps Engineer,"Open-Source Technologies
CI/CD Culture & Tooling
Product Availability & Scalability
Automation (Build & Deploy)
Monitoring & Reliability
Infrastructure Innovation
Software Engineering Velocity
Infrastructure Resiliency
Security & Data Availability Open-Source Technologies
CI/CD Culture & Tooling
Product Availability & Scalability
Automation (Build & Deploy)
Monitoring & Reliability
Infrastructure Innovation
Software Engineering Velocity
Infrastructure Resiliency
Security & Data Availability","['Mechanically-inclined', 'Diagnosis and repair', 'Skilled concrete finisher', 'Preventative maintenance', 'Dexterous with hand tools', 'Suspension and alignment', 'Strong attention to detail', 'Brake systems expertise', 'Troubleshooting', 'Brake repair and replacement', 'Responsible and reliable', 'Strategic thinker', 'Excellent problem solver', 'Self-starter', 'Decisive', 'Critical thinker', 'customer service', 'documentation', 'forklift', 'forms', 'legal', 'materials', 'policies', 'problem solving skills', 'progress', 'quality assurance', 'read', 'repairs', 'safety', 'struts', 'supervisor', 'tear']",At least 3 years,"['City, State', 'City, State', 'City, State', None]",DevOps Engineer,91
Data Science Engineer,"Application Development
Object-Oriented Design
Collaboration
Problem-Solving
Software Lifecycle
Innovation
Software Testing
System Analysis
Performance Monitoring
Plugin Development
Documentation
Integration Support Application Development
Object-Oriented Design
Collaboration
Problem-Solving
Software Lifecycle
Innovation
Software Testing
System Analysis
Performance Monitoring
Plugin Development
Documentation
Integration Support","['Business Analysis', 'Machine Learning', 'Requirement Gathering', 'Data Analysis', 'Artificial Intelligence', 'Predictive Modeling', 'Deep Learning', 'Data Modeling', 'Manual Testing', 'Quality Assurance', 'Python', 'R', 'SQL', 'HTML', 'Numpy', 'Tensorflow']",At least 2 years,['N/A'],Data Science Engineer,92
Data Engineer,"Data Platform Design
Data Pipeline Development
ETL Processes
SQL Query Optimization
Data Integration & Transformation
Data Modeling
Stakeholder Collaboration
Data Quality Monitoring
Continuous Learning Data Platform Design
Data Pipeline Development
ETL Processes
SQL Query Optimization
Data Integration & Transformation
Data Modeling
Stakeholder Collaboration
Data Quality Monitoring
Continuous Learning","['Machine Learning', 'Natural Language Processing', 'Artificial Intelligence', 'Python', 'SQL', 'Docker', 'Spacy', 'Numpy', 'Pandas', 'TensorFlow']",5 to 8 years,['N/A'],Data Engineer,93
"Full Stack Developer (Python,React js)","Full Stack Development
Front-end: ReactJS, NextJS
Backend: Python, Django
API Design
Server-Side Logic
DRF (Django REST Framework)
Database Management (PostgreSQL, MySQL)
Version Control (Git)
AWS (ECR, RDS, ECS, ALB, EC2, etc.)
Linux, Docker, CI/CD, GitLab
Terraform, Shell Scripting Full Stack Development
Front-end: ReactJS, NextJS
Backend: Python, Django
API Design
Server-Side Logic
DRF (Django REST Framework)
Database Management (PostgreSQL, MySQL)
Version Control (Git)
AWS (ECR, RDS, ECS, ALB, EC2, etc.)
Linux, Docker, CI/CD, GitLab
Terraform, Shell Scripting","['Machine Learning', 'Software Development', 'Text Analysis', 'Natural Language Processing', 'Image Processing', 'Python', 'Data Management', 'Scikit Learn', 'C', 'C#', '.NET', 'SQL']",3 to 7 years,['N/A'],"Full Stack Developer (Python,React js)",94
"Full Stack Developer (Python,React js)","Full Stack Development
Front-end: ReactJS, NextJS
Backend: Python, Django
API Design
Server-Side Logic
DRF (Django REST Framework)
Database Management (PostgreSQL, MySQL)
Version Control (Git)
AWS (ECR, RDS, ECS, ALB, EC2, etc.)
Linux, Docker, CI/CD, GitLab
Terraform, Shell Scripting Full Stack Development
Front-end: ReactJS, NextJS
Backend: Python, Django
API Design
Server-Side Logic
DRF (Django REST Framework)
Database Management (PostgreSQL, MySQL)
Version Control (Git)
AWS (ECR, RDS, ECS, ALB, EC2, etc.)
Linux, Docker, CI/CD, GitLab
Terraform, Shell Scripting","['Machine Learning Engineer', 'Data Processing', 'Data Modelling', 'Data Structures', 'Deep Learning', 'Application Development', 'Python', 'Django', 'Flask', 'Kubernetes', 'C++']",3 to 7 years,"['N/A', 'N/A']","Full Stack Developer (Python,React js)",95
Intern (Generative AI Engineering - 2D/3D Image Ge,"Generative AI Development
Evolutionary Computation
Deep Learning Optimization
Expert Systems Design
Knowledge Representation
Data Preprocessing
Model Training
Research & Integration Generative AI Development
Evolutionary Computation
Deep Learning Optimization
Expert Systems Design
Knowledge Representation
Data Preprocessing
Model Training
Research & Integration","['budgeting', 'CAD', 'construction management', 'engineer', 'film', 'hiring', 'inspection', 'laser', 'machinery', 'managing', 'mechanical', 'negotiations', 'processes', 'process improvement', 'project management', 'quality', 'simulation', 'SPC', 'strategy', 'supervision', 'system administrator', 'Paper converting equipment', 'Facility and plant modifications', 'DMF and Project Work Process', 'Written and verbal communication skills', 'AutoCAD', 'Excel']",,"['City , State', 'City , State', 'City , State', 'City , State', 'City , State', 'City , State', 'City , State']",Intern (Generative AI Engineering - 2D/3D Image Generation),96
Project Coordinator (Civil),"Project Design
Data Analysis
ACCORD/Alliance Knowledge
BNBC Standards
Cost Estimation
Feasibility Studies
Documentation
Compliance
Site Monitoring
Policy Enforcement
Legal Compliance
Data Management
Team Collaboration Project Design
Data Analysis
ACCORD/Alliance Knowledge
BNBC Standards
Cost Estimation
Feasibility Studies
Documentation
Compliance
Site Monitoring
Policy Enforcement
Legal Compliance
Data Management
Team Collaboration","['Problem resolution', 'Results-oriented', 'Meticulous attention to detail', 'Managing multiple priorities', 'Active Learning', 'Client Relations', 'Computer Proficiency', 'Creative Problem Solving', 'Critical Thinking', 'Data Collection', 'Data Entry', 'Documentation', 'Email', 'Executive Management Support', 'Filing', 'Internet Research', 'Letters and Memos', 'Minute Taking', 'Multi-Task Management', 'Organizational Skills', 'Research', 'Scheduling', 'Service Orientation', 'Speaking', 'Spreadsheets', 'Travel Arrangements']",5 to 10 years,"['City , State', 'City , State', 'City , State', 'City , State', 'City , State', 'City , State']",Project Coordinator (Civil),97
Executive/ Sr. Executive -IT,"Hardware & Software Installation
System Monitoring
IT Support
Networking Expertise
Mail Server Administration
Security Management
Troubleshooting & Repair
Operations Support Hardware & Software Installation
System Monitoring
IT Support
Networking Expertise
Mail Server Administration
Security Management
Troubleshooting & Repair
Operations Support","['Snowflake', 'Python', 'C++', 'R', 'SQL', 'Tableau', 'PyTorch']",3 to 5 years,"['Remote', 'Vancouver, BC', 'Toronto, Canada']",Executive/ Sr. Executive -IT,133
Network Support Engineer,"Mikrotik Router Configuration
OLT Device Setup & Management
Integration with Billing Software
Network Monitoring Tools Integration
Connectivity Troubleshooting
Technical Support & Escalation
Installation & Configuration
GPON/EPON Expertise
Cisco, OLT, MikroTik Knowledge Mikrotik Router Configuration
OLT Device Setup & Management
Integration with Billing Software
Network Monitoring Tools Integration
Connectivity Troubleshooting
Technical Support & Escalation
Installation & Configuration
GPON/EPON Expertise
Cisco, OLT, MikroTik Knowledge","['Data Science', 'Data Analysis', 'Deep Learning', 'Machine Learning', 'Artificial Intelligence', 'Python', 'MATLAB', 'NLP', 'Computer Vision', 'Keras', 'Pytorch', 'RNN']",At least 3 years,['N/A'],Network Support Engineer,98
Executive/ Sr. Executive -IT,"Hardware & Software Installation
System Monitoring
IT Support
Networking Expertise
Mail Server Administration
Security Management
Troubleshooting & Repair
Operations Support Hardware & Software Installation
System Monitoring
IT Support
Networking Expertise
Mail Server Administration
Security Management
Troubleshooting & Repair
Operations Support","['Project Management', 'Quality Management System Implementation', 'Production and Engineering Management', 'Staff development', 'Cost reduction', 'Process development and documentation', 'Process improvement/simplification', 'Source evaluation and selection', 'Experience with AutoCAD', 'Microsoft Office', 'Various ERP systems', 'ISO9001 and AS9100 auditing']",3 to 5 years,"['DeLand, FL', 'City, State']",Executive/ Sr. Executive -IT,99
"Full Stack Developer (Python,React js)","Full Stack Development
Front-end: ReactJS, NextJS
Backend: Python, Django
API Design
Server-Side Logic
DRF (Django REST Framework)
Database Management (PostgreSQL, MySQL)
Version Control (Git)
AWS (ECR, RDS, ECS, ALB, EC2, etc.)
Linux, Docker, CI/CD, GitLab
Terraform, Shell Scripting Full Stack Development
Front-end: ReactJS, NextJS
Backend: Python, Django
API Design
Server-Side Logic
DRF (Django REST Framework)
Database Management (PostgreSQL, MySQL)
Version Control (Git)
AWS (ECR, RDS, ECS, ALB, EC2, etc.)
Linux, Docker, CI/CD, GitLab
Terraform, Shell Scripting","['Proactive', 'self-motivated', 'team player', 'AP', 'AR', 'bank reconciliations', 'billings', 'budgets', 'cash flow projections', 'government contracting', 'financial statements', 'Quickbooks', 'Peachtree', 'JDE', 'Great Plains', 'LabView', 'Matlab', 'Access', 'Excel', 'Word']",3 to 7 years,"['City, State', 'City, State', 'City, State', 'City, State']","Full Stack Developer (Python,React js)",100
Mechanical Engineer,"Machinery Maintenance
Troubleshooting
Report Preparation
Log Maintenance Machinery Maintenance
Troubleshooting
Report Preparation
Log Maintenance","['Embedded Software Development', 'Embedded Systems', 'Project Management', 'Chain Management', 'Defect Detection', 'Machine Learning', 'Unit Testing']",2 to 5 years,['N/A'],Mechanical Engineer,101
Data Science Engineer,"Application Development
Object-Oriented Design
Collaboration
Problem-Solving
Software Lifecycle
Innovation
Software Testing
System Analysis
Performance Monitoring
Plugin Development
Documentation
Integration Support Application Development
Object-Oriented Design
Collaboration
Problem-Solving
Software Lifecycle
Innovation
Software Testing
System Analysis
Performance Monitoring
Plugin Development
Documentation
Integration Support","['Army', 'basic', 'bridges', 'inspection', 'Inspects', 'Marconi', 'Office', 'Radar', 'multi-meters', 'oscilloscopes', 'personnel', 'radio', 'Read', 'Safety', 'signal generators', 'Telephone', 'troubleshooting', 'VHF']",At least 2 years,"['City, State', 'City, State', 'N/A']",Data Science Engineer,102
Mechanical Engineer,"Machinery Maintenance
Troubleshooting
Report Preparation
Log Maintenance Machinery Maintenance
Troubleshooting
Report Preparation
Log Maintenance","['Machine learning', 'Data Science', 'Deep Learning', 'Decision Trees', 'Random Forest', 'XGBoost', 'CATBoost', 'Classification', 'Regression', 'Scikit Learn', 'Numpy', 'Pandas', 'OpenCV', 'Python', 'Matplotlib', 'Loss Optimization']",2 to 5 years,['N/A'],Mechanical Engineer,103
Executive - VAT,"Mushak Forms Maintenance
VAT Software & MS Office Maintenance
VAT Ledger Management
VAT Challan Coordination
Liaison with VAT Office
VAT Documentation
Other Assigned Tasks Mushak Forms Maintenance
VAT Software & MS Office Maintenance
VAT Ledger Management
VAT Challan Coordination
Liaison with VAT Office
VAT Documentation
Other Assigned Tasks","['New Business Development', 'Pricing Proposal Development', 'P & L Management', 'Customer Relationship Management', 'Strategic Planning', 'Key Account Management', 'Contract Negotiations', 'NPI/JDM/ODM', 'Financials Budgeting & Forecasting', 'Sales', 'PCB', 'Account Management', 'Customer Service']",1 to 3 years,"['City, State', 'City, State', 'City, State', 'City, State']",Executive - VAT,104
"Executive/ Senior Executive- Trade Marketing, Hygi","Trade Marketing Executive
Brand Visibility, Sales Targets
Field Marketing, Campaigns, Product Distribution
Brand Head
Excel, KPIs Tracking Trade Marketing Executive
Brand Visibility, Sales Targets
Field Marketing, Campaigns, Product Distribution
Brand Head
Excel, KPIs Tracking","['Data entry', 'Employee training', 'Equipment maintenance', 'ERP : Microsoft AX Dynamics', 'Failure analysis', 'Inspection', 'Lean manufacturing', 'Mechanical processes', 'protocols execution', 'Supervisory', 'System integration', 'Team player', 'Troubleshooting']",At least 3 years,"['City , State', 'City , State', 'City , State', 'City , State', 'City , State', 'City , State']","Executive/ Senior Executive- Trade Marketing, Hygiene Products",105
Sr.Officer / Executive - Internal Audit,"Internal Audit Assistance
Voucher & Bill Verification
Cost Sheet Analysis
L/C Voucher Verification
Expense Verification
Salary & Wages Verification
Market Rate Verification Internal Audit Assistance
Voucher & Bill Verification
Cost Sheet Analysis
L/C Voucher Verification
Expense Verification
Salary & Wages Verification
Market Rate Verification","['Microsoft Office Suite', 'VideoScribe Software', 'PeopleSoft Finance Applications', 'Accounting', 'billing', 'Change Management', 'contracts', 'Client Relations', 'Database', 'delivery', 'Eclipse', 'Finance', 'financial reporting', 'financial statements', 'Front Office', 'hiring', 'instructor', 'Instructional Design', 'Leadership training', 'logistics', 'managing', 'needs analysis', 'payables', 'PeopleSoft HRMS', 'PeopleSoft', 'personnel', 'Program Management', 'Project Management', 'project plans', 'Teaching', 'training materials', 'training design and development', 'training material', 'training programs', 'upgrade', 'view']",2 to 4 years,"['City, State', 'City, State', 'City, State']",Sr.Officer / Executive - Internal Audit,106
"Executive/ Senior Executive- Trade Marketing, Hygi","Trade Marketing Executive
Brand Visibility, Sales Targets
Field Marketing, Campaigns, Product Distribution
Brand Head
Excel, KPIs Tracking Trade Marketing Executive
Brand Visibility, Sales Targets
Field Marketing, Campaigns, Product Distribution
Brand Head
Excel, KPIs Tracking","['Data Analysis', 'Business Analysis', 'Machine Learning', 'Regression Analysis', 'Time Series Analysis', 'SQL', 'Base SAS', 'Python', 'NLP', 'Credit Risk', 'Tableau', 'Statistical Analysis', 'Data Visualization', 'Data Science', 'R', 'Power Bi']",At least 3 years,[None],"Executive/ Senior Executive- Trade Marketing, Hygiene Products",107
Head of Internal Control & Compliance (ICC) - SEVP,"15+ Years Banking Experience
Audit/Inspection/ICC Leadership
Internal Audit & Compliance
Risk-Based Operational Reviews
System-Based Audit Expertise
Knowledge of Bangladeshi Laws 15+ Years Banking Experience
Audit/Inspection/ICC Leadership
Internal Audit & Compliance
Risk-Based Operational Reviews
System-Based Audit Expertise
Knowledge of Bangladeshi Laws","['DMAIC', 'Failure Modes and Effective Analysis (FMEA)', 'Kaizen', 'Lean Manufacturing', '5S', 'Value Stream Mapping', 'Root Cause Analysis', 'PFMEA', 'Statistical Process Control', 'Process Capability', 'ANOVA', 'Gage R & R', 'Programmable Logic controls (PLC)', 'Discrete Control system (DCS)', 'Microsoft office', 'Minitab', 'Pro-E', 'Auto-Cad', 'C++', 'C', 'Visual Basics']",At least 15 years,"['City, State', None, 'Navi Mumbai, India', None]",Head of Internal Control & Compliance (ICC) - SEVP/DMD,109
Civil Engineer,"Design Review
Coordination
Proposal Preparation
Feasibility Analysis
Software Utilization
Supervision
Technical Support
Submission Review
Progress Reporting
Compliance
Site Visits Design Review
Coordination
Proposal Preparation
Feasibility Analysis
Software Utilization
Supervision
Technical Support
Submission Review
Progress Reporting
Compliance
Site Visits","['A/p', 'A/r', 'Automated Payroll', 'Cpa', 'Excel', 'General Ledger', 'Office Management', 'Outlook', 'Payroll', 'Payroll Processing', 'Powerpoint', 'Accounting', 'Bookkeeping', 'Office Manager', 'Accounts For', 'Bookkeeper', 'Cash', 'Financial Statements', 'Process Payroll', 'Reconciliations', 'Tax Returns', 'Balance Sheet', 'Bank Reconciliations', 'Clients', 'G/l', 'Its', 'Job Costing', 'Journal', 'Quickbooks', 'Business Management', 'Clerical', 'Training', 'Account Reconciliations', 'Accountant', 'Accounts And', 'And Account', 'As400', 'Audit', 'Balance Sheets', 'Contracts', 'Inventory', 'Invoice', 'Office Administration', 'Operations', 'Peachtree', 'Peachtree Accounting', 'Progress', 'Reconciling', 'Restaurant Manager', 'Scheduling', 'Secretary', 'State Tax', 'Timberline', 'Timberline Software', 'Typing', 'Word']",At least 5 years,"['City, State', 'City, State', 'City, State', 'City, State', 'City, State', 'City, State', 'City, State']",Civil Engineer,110
Business Development Executive,"Apparel Sourcing
Quality Garment Sourcing
Reliable Partner
Buyer/Vendor Communication Apparel Sourcing
Quality Garment Sourcing
Reliable Partner
Buyer/Vendor Communication","['Microsoft Office', 'Advanced Excel', 'PowerPoint', 'MS Access', 'Atlas', 'Windows 95 - XP', 'Harvard Graphics', 'QuickBooks', 'NGS Systems', 'People Soft', 'SAP', 'Quicken', 'Nanovision', '2-Tier', 'Phoenix (E1)', 'Business Objects', 'Account reconciliations', 'Accounting', 'Accounts payable', 'Accounts receivables', 'Accruals', 'Ad hoc', 'AP', 'Balance sheet', 'Balance', 'Bank reconciliations', 'Billing', 'Bookkeeping', 'Budgeting', 'Budget', 'Charts', 'Oral communication', 'CPA', 'Databases', 'Fluent in English', 'Senior management', 'Finance', 'Financial analysis', 'Financial reports', 'Financial Reporting', 'Financial statements', 'Fixed assets', 'Forecasting', 'General ledger', 'General ledger accounts', 'Government', 'Graphs', 'JDE', 'Lotus Notes', 'Presentations', 'QuickBooks', 'Quicken', 'Reporting', 'SAP', 'SOX compliance', 'Sarbanes Oxley', 'Spanish', 'Tax', 'Variance analysis', 'Excellent written']",1 to 3 years,"['City, State', 'City, State', 'City, State', 'City, State', 'City, State', 'City, State']",Business Development Executive,111
Mechanical Engineer,"Machinery Maintenance
Troubleshooting
Report Preparation
Log Maintenance Machinery Maintenance
Troubleshooting
Report Preparation
Log Maintenance","['Machine Learning', 'Deep learning', 'Logistic Regression', 'k-means clustering', 'LSTM', 'Emperical Modelling']",2 to 5 years,['N/A'],Mechanical Engineer,112
Senior iOS Engineer,"iOS Lifecycle
Requirement Analysis
Native Frameworks
iOS Development
API Integration
Technical Communication
UI Design
Performance Optimization
Feature Collaboration
Bug Fixing
Code Translation
High-Performance Development
Task Management
Cross-Team Collaboration
Code Quality iOS Lifecycle
Requirement Analysis
Native Frameworks
iOS Development
API Integration
Technical Communication
UI Design
Performance Optimization
Feature Collaboration
Bug Fixing
Code Translation
High-Performance Development
Task Management
Cross-Team Collaboration
Code Quality","['C', 'SQL', 'Python', 'R', 'Tableau', 'HP ALM Quality center', 'HP QTP', 'MS office', 'Trello', 'Streak CRM', 'automation tools', 'business processes', 'Chemistry', 'CRM', 'client', 'English', 'event management', 'functional', 'HP', 'image', 'team lead', 'machinery', 'Mathematics', 'Oil', 'developer', 'Physics', 'Programming', 'progress', 'Project management', 'Quick Test Professional', 'Quality', 'quality assurance', 'simulation', 'VB script']",At least 4 years,"['N/A', 'N/A', 'N/A']",Senior iOS Engineer,113
System Administrator (Operation & Maintenance of S,"Hardware & Network Installation
Troubleshooting & Diagnostics
User Training & Capacity Building
Hardware Replacement
Fault Repair & System Setup
Software License & Account Management
Backup Management
System Updates & Maintenance
Server & Storage Management
Documentation & Technical Specifications
Data Protection & Disaster Recovery
Storage & Database Planning
Power & Disk Backup
Incident Management & Escalation
Service Restoration
User Communication & Verification
Incident Classification & Resolution
Major Incident Escalation
Problem & Error Management
Task Assignment & Execution Hardware & Network Installation
Troubleshooting & Diagnostics
User Training & Capacity Building
Hardware Replacement
Fault Repair & System Setup
Software License & Account Management
Backup Management
System Updates & Maintenance
Server & Storage Management
Documentation & Technical Specifications
Data Protection & Disaster Recovery
Storage & Database Planning
Power & Disk Backup
Incident Management & Escalation
Service Restoration
User Communication & Verification
Incident Classification & Resolution
Major Incident Escalation
Problem & Error Management
Task Assignment & Execution","['Army', 'basic', 'bridges', 'inspection', 'Inspects', 'Marconi', 'Office', 'Radar', 'multi-meters', 'oscilloscopes', 'personnel', 'radio', 'Read', 'Safety', 'signal generators', 'Telephone', 'troubleshooting', 'VHF']",4 to 5 years,"['City, State', 'City, State', 'N/A']","System Administrator (Operation & Maintenance of Server, Storage & Service Desk System)",114
AI Engineer,"Machine Learning Design
Data Analysis
Model Training
AI Integration
Innovation
Cross-Functional Collaboration
Model Deployment
Documentation
Analytical Skills
Communication
Team Collaboration Machine Learning Design
Data Analysis
Model Training
AI Integration
Innovation
Cross-Functional Collaboration
Model Deployment
Documentation
Analytical Skills
Communication
Team Collaboration","['accounts payables', 'accounts receivables', 'Accounts Payable', 'Accounts Receivable', 'administrative functions', 'trial balance', 'banking', 'budget', 'bi', 'closing', 'Computer Applications', 'Credit', 'clients', 'Customer Service', 'data entry', 'delivery', 'driving', 'email', 'insurance', 'inventory', 'ledger', 'Access', 'Excel', 'Outlook', 'PowerPoint', 'Word', 'mortgage loan', 'Enterprise', 'policies', 'QuickBooks', 'Sales', 'sales reports', 'telecommunications', 'phone', 'workflow', 'written']",,"['City, State', 'City, State', 'City, State', 'City, State', 'City, State', 'N/A']",AI Engineer,115
"Manager- Human Resource Management (HRM)
","Recruitment Coordination
Appointment Management
Selection Criteria
Employee Orientation
Performance Evaluation
HR Database Management
Report Compilation
Documentation
Event Coordination
Task Execution Recruitment Coordination
Appointment Management
Selection Criteria
Employee Orientation
Performance Evaluation
HR Database Management
Report Compilation
Documentation
Event Coordination
Task Execution","['Technical Support', 'Telecom Support', 'Networking Support', 'Software/PC/LAN Troubleshooting', 'Installing, Configuring, Troubleshooting Windows, Linux and OS X', 'Installing, Configuring, Troubleshooting SoHo Networks', 'Creating & Updating documentation', 'Software Installation, configuring, and Troubleshooting', 'Implementing, Configuring network and End User Security', 'Mobile device Support', 'Printer Support', 'CLI Knowledge', 'VOIP, Video Chat Support', 'Critical Thinking with Root Cause Analysis', 'Encryption', 'File Structures', 'Network Protocols', 'AAA Security Model', 'Accounts and Group policy', 'Browser Support', 'Operating Systems: Windows 7-10, Ubuntu 14.04, OS X 10.8-10.11, ChromeOS, iOS9, Android', 'Applications: MS Office 2010-2016 (Word, Excel, PowerPoint, Outlook), Google Apps (Drive, Docs, Sheets, Slides, Keep, Forms, Sites), Google Drive Sync Client, Internet Explorer, Firefox, Chrome, Safari, Edge, OpenVPN, Wireshark, Sublime Text, MSRA, Microsoft RDP, OpenSSH, Puppet, SCCM 2012 iOS-MDM', 'Networking: TCP/IP, DNS, DHCP, LAN/WAN, VPN/Remote Connectivity - OpenVPN, some basic Cisco iOS, Microsoft Virtual PC/Hyper-V, TeamViewer, Terminal Services, Netgear, Linksys, Firewall, Ports, experience in Routing & Switching (OSPF / BGP / VLAN / STP)', 'Hardware: Dell, HP, IBM/Lenovo, Apple, Microsoft, desktop, laptops. Android Smartphones tables, and wearables. iPhones and iPads. Printers, Routers, Switches, Modems, Wireless Routers, Video Conferencing equipment (TV, Projectors, Microphones, Speakers)', 'Security: Basic knowledge of IPSEC / SSL-VPN / NAT / GRE, some experience with Authentication Protocols (Radius / TACACS), Strong desire to learn more', 'A+', 'Active Directory', 'Antivirus', 'Apple', 'Bash', 'Basic', 'BGP', 'CAD', 'call center', 'CCNA', 'CD-ROM', 'CLI', 'Cisco iOS', 'Cisco', 'com', 'Hardware', 'computer hardware', 'Council', 'Critical Thinking', 'Encryption', 'Client', 'Dell', 'DHCP', 'documentation', 'DNS', 'Edge', 'email', 'Firewall', 'Forms', 'Help Desk Support', 'HP', 'IBM', 'Insurance', 'Internet Explorer', 'LAN', 'laptops', 'Linux and OS', 'Linux', 'access', 'Excel', 'mail', 'Microsoft Office', 'MS Office', 'Outlook', 'PowerPoint', 'Windows 7', 'Microsoft Windows', 'Windows', 'Word', 'Modems', 'MSI', 'Networking I', 'Network', 'Networking', 'Networks', 'Operating Systems', 'OS', 'OSPF', 'policies', 'Printer', 'Printers', 'Protocols', 'Python', 'Routers', 'Routing', 'scripting', 'Software Installation', 'SolidWorks', 'SSL', 'Switches', 'system administration', 'tables', 'TCP/IP', 'TV', 'troubleshooting I', 'Troubleshooting', 'Video', 'Video Conferencing', 'VPN', 'VOIP', 'WAN']",5 to 6 years,"['City , State', 'City , State']","Manager- Human Resource Management (HRM)
",5122
HR Officer,"Relationship Building
HR Collaboration
Policy Development
Training Management
Record Keeping
Compliance
Employee Development
Policy Enforcement
Communication
Task Execution Relationship Building
HR Collaboration
Policy Development
Training Management
Record Keeping
Compliance
Employee Development
Policy Enforcement
Communication
Task Execution","['Microsoft Project', 'Microsoft Office', 'Microsoft Visio', 'IBM Rationale DOORS', 'Communication/Presentations', 'Risk Analysis', 'Process Improvement', 'CMPro', 'Air Force', 'budget', 'Hardware', 'Conflict Management', 'continuous improvement', 'DC', 'delivery', 'DOORS', 'electrical engineering', 'electrical systems', 'Engineer', 'Estimating', 'senior management', 'functional', 'drawing', 'Hardware Design', 'IBM', 'Leadership', 'Team Leadership', 'Leadership Development', 'Materials', 'mechanical', 'mechanical engineering', 'Microsoft Visio', 'Navy', 'peer review', 'power distribution', 'power supplies', 'Presentations', 'Process Improvement', 'procurement', 'producing', 'Project Management', 'Project Planning', 'proposals', 'quality', 'Risk Analysis', 'schematics', 'Siemens', 'software engineering', 'staffing', 'Systems Engineering', 'video']",,"['City, State', 'City, State', 'City, State', None]",HR Officer,116
"Manager- Human Resource Management (HRM)
","Recruitment Coordination
Appointment Management
Selection Criteria
Employee Orientation
Performance Evaluation
HR Database Management
Report Compilation
Documentation
Event Coordination
Task Execution Recruitment Coordination
Appointment Management
Selection Criteria
Employee Orientation
Performance Evaluation
HR Database Management
Report Compilation
Documentation
Event Coordination
Task Execution","['Machine Learning', 'Data Analytics', 'Data Manipulation', 'Data Mining', 'Deep Learning', 'Algorithms', 'Selenium', 'Jenkins', 'Python', 'Java', 'SQL', 'Quality Control']",5 to 6 years,['N/A'],"Manager- Human Resource Management (HRM)
",117
Machine Learning (ML) Engineer,"Machine Learning Leadership
Cross-Functional Collaboration
Strategy Development
ML/NLP Infrastructure
Prototype Transformation
ML System Design
Algorithm Research
Application Development
Dataset Selection
ML Testing
Statistical Analysis
R&D in ML/NLP
Text Representation
Data Pipeline Design
Statistical Data Analysis
Model Training
Team Collaboration
Research Reporting
Algorithm Analysis Machine Learning Leadership
Cross-Functional Collaboration
Strategy Development
ML/NLP Infrastructure
Prototype Transformation
ML System Design
Algorithm Research
Application Development
Dataset Selection
ML Testing
Statistical Analysis
R&D in ML/NLP
Text Representation
Data Pipeline Design
Statistical Data Analysis
Model Training
Team Collaboration
Research Reporting
Algorithm Analysis","['Game Theory', 'Bounded Rationality', 'Cryptography', 'Algorithms', 'Social Networks', 'Analysis of Algorithms', 'Combinatorial Optimizations']",At least 5 year(s),"['New York, NY', 'Mountain View, CA', 'Petach Tikva, Israel']",Machine Learning (ML) Engineer,118
Sr.Officer / Executive - Internal Audit,"Internal Audit Assistance
Voucher & Bill Verification
Cost Sheet Analysis
L/C Voucher Verification
Expense Verification
Salary & Wages Verification
Market Rate Verification Internal Audit Assistance
Voucher & Bill Verification
Cost Sheet Analysis
L/C Voucher Verification
Expense Verification
Salary & Wages Verification
Market Rate Verification","['Statistical Analysis', 'C', 'OpenCV', 'Deep Learning', 'Computer Vision', 'R', 'Exploratory Data Analysis', 'Linear Regression', 'Logistic Regression', 'Risk Analyst', 'Machine Learning', 'Financial Risk Management']",2 to 4 years,[None],Sr.Officer / Executive - Internal Audit,119
Project Coordinator (Civil),"Project Design
Data Analysis
ACCORD/Alliance Knowledge
BNBC Standards
Cost Estimation
Feasibility Studies
Documentation
Compliance
Site Monitoring
Policy Enforcement
Legal Compliance
Data Management
Team Collaboration Project Design
Data Analysis
ACCORD/Alliance Knowledge
BNBC Standards
Cost Estimation
Feasibility Studies
Documentation
Compliance
Site Monitoring
Policy Enforcement
Legal Compliance
Data Management
Team Collaboration","['Game Theory', 'Bounded Rationality', 'Cryptography', 'Algorithms', 'Social Networks', 'Analysis of Algorithms', 'Combinatorial Optimizations']",5 to 10 years,"['New York, NY', 'Mountain View, CA', 'Petach Tikva, Israel']",Project Coordinator (Civil),120
Machine Learning (ML) Engineer,"Machine Learning Leadership
Cross-Functional Collaboration
Strategy Development
ML/NLP Infrastructure
Prototype Transformation
ML System Design
Algorithm Research
Application Development
Dataset Selection
ML Testing
Statistical Analysis
R&D in ML/NLP
Text Representation
Data Pipeline Design
Statistical Data Analysis
Model Training
Team Collaboration
Research Reporting
Algorithm Analysis Machine Learning Leadership
Cross-Functional Collaboration
Strategy Development
ML/NLP Infrastructure
Prototype Transformation
ML System Design
Algorithm Research
Application Development
Dataset Selection
ML Testing
Statistical Analysis
R&D in ML/NLP
Text Representation
Data Pipeline Design
Statistical Data Analysis
Model Training
Team Collaboration
Research Reporting
Algorithm Analysis","['Python', 'LeetCode', 'GDB', 'GitHub', 'HTML', 'MySQL', 'Lucidchart', 'Postman', 'OWASP ZAP', 'Jira']",At least 5 year(s),"['Westlake, TX', 'Houston, TX', 'Austin, TX']",Machine Learning (ML) Engineer,121
Database Administrator (DBA),"Database Design & Development
SQL Query Optimization
Data Integrity & Security
BI Solutions Development
ETL Process Implementation
Database Maintenance
Backup & Restore Management
Index Rebuilding & Performance Tuning
SQL Server Clustering & High Availability
SQL Server Replication
High Availability Group Management
Database Monitoring & Troubleshooting Database Design & Development
SQL Query Optimization
Data Integrity & Security
BI Solutions Development
ETL Process Implementation
Database Maintenance
Backup & Restore Management
Index Rebuilding & Performance Tuning
SQL Server Clustering & High Availability
SQL Server Replication
High Availability Group Management
Database Monitoring & Troubleshooting","['Microsoft Office', 'Account Reconciliation Processes', 'Financial statements', 'Interpersonal, active-listening, and critical thinking skills', 'Proficient in Polish language', 'Data Entry', 'Superior analytical skills', 'General ledger proficiency', 'Administrative support', 'Customer service']",At least 1 year,"['City, State', 'City, State', 'City, State']",Database Administrator (DBA),122
Senior iOS Engineer,"iOS Lifecycle
Requirement Analysis
Native Frameworks
iOS Development
API Integration
Technical Communication
UI Design
Performance Optimization
Feature Collaboration
Bug Fixing
Code Translation
High-Performance Development
Task Management
Cross-Team Collaboration
Code Quality iOS Lifecycle
Requirement Analysis
Native Frameworks
iOS Development
API Integration
Technical Communication
UI Design
Performance Optimization
Feature Collaboration
Bug Fixing
Code Translation
High-Performance Development
Task Management
Cross-Team Collaboration
Code Quality","['Proactive', 'self-motivated', 'team player', 'AP', 'AR', 'bank reconciliations', 'billings', 'budgets', 'cash flow projections', 'government contracting', 'financial statements', 'Quickbooks', 'Peachtree', 'JDE', 'Great Plains', 'LabView', 'Matlab', 'Access', 'Excel', 'Word']",At least 4 years,"['City, State', 'City, State', 'City, State', 'City, State']",Senior iOS Engineer,123
System Administrator (Operation & Maintenance of S,"Hardware & Network Installation
Troubleshooting & Diagnostics
User Training & Capacity Building
Hardware Replacement
Fault Repair & System Setup
Software License & Account Management
Backup Management
System Updates & Maintenance
Server & Storage Management
Documentation & Technical Specifications
Data Protection & Disaster Recovery
Storage & Database Planning
Power & Disk Backup
Incident Management & Escalation
Service Restoration
User Communication & Verification
Incident Classification & Resolution
Major Incident Escalation
Problem & Error Management
Task Assignment & Execution Hardware & Network Installation
Troubleshooting & Diagnostics
User Training & Capacity Building
Hardware Replacement
Fault Repair & System Setup
Software License & Account Management
Backup Management
System Updates & Maintenance
Server & Storage Management
Documentation & Technical Specifications
Data Protection & Disaster Recovery
Storage & Database Planning
Power & Disk Backup
Incident Management & Escalation
Service Restoration
User Communication & Verification
Incident Classification & Resolution
Major Incident Escalation
Problem & Error Management
Task Assignment & Execution","['Python', 'Webscrapping', 'PowerBI', 'Data Cleaning', 'Data Preparation', 'Data Analysis', 'Predictive Modeling', 'Data Analytics', 'Pivot Table', 'SQL', 'PostgreSQL', 'Analytics', 'Excel', 'Machine Learning', 'XML']",4 to 5 years,['N/A'],"System Administrator (Operation & Maintenance of Server, Storage & Service Desk System)",124
"Executive/ Senior Executive- Trade Marketing, Hygi","Trade Marketing Executive
Brand Visibility, Sales Targets
Field Marketing, Campaigns, Product Distribution
Brand Head
Excel, KPIs Tracking Trade Marketing Executive
Brand Visibility, Sales Targets
Field Marketing, Campaigns, Product Distribution
Brand Head
Excel, KPIs Tracking","['Architecting best practice technical solutions', 'Technical program management', 'QA/QM', 'Client management', 'Vendor management', 'Testing and commissioning planning and execution', 'Team leadership / cross-team collaboration', 'Engineering cost estimating', 'Engineering resource management and forecasting', 'Process improvement']",At least 3 years,"['City, State', 'City, State', 'City, State', 'City, State', 'City, State', 'City, State']","Executive/ Senior Executive- Trade Marketing, Hygiene Products",125
Senior iOS Engineer,"iOS Lifecycle
Requirement Analysis
Native Frameworks
iOS Development
API Integration
Technical Communication
UI Design
Performance Optimization
Feature Collaboration
Bug Fixing
Code Translation
High-Performance Development
Task Management
Cross-Team Collaboration
Code Quality iOS Lifecycle
Requirement Analysis
Native Frameworks
iOS Development
API Integration
Technical Communication
UI Design
Performance Optimization
Feature Collaboration
Bug Fixing
Code Translation
High-Performance Development
Task Management
Cross-Team Collaboration
Code Quality","['Artificial Intelligence', 'Deep Learning', 'Reinforcement Learning', 'Tensorflow Keras', 'Scikit learn', 'Numpy', 'Pandas', 'Matplotlib']",At least 4 years,['N/A'],Senior iOS Engineer,126
Intern (Generative AI Engineering - 2D/3D Image Ge,"Generative AI Development
Evolutionary Computation
Deep Learning Optimization
Expert Systems Design
Knowledge Representation
Data Preprocessing
Model Training
Research & Integration Generative AI Development
Evolutionary Computation
Deep Learning Optimization
Expert Systems Design
Knowledge Representation
Data Preprocessing
Model Training
Research & Integration","['Econometrics', 'Problem Solving', 'Data Analytics', 'Data Modeling', 'Data Validation', 'Data Reporting', 'Business Intelligence', 'Data Manipulation', 'Data Mining', 'Machine Learning', 'R Programming', 'SQL', 'Oracle', 'Scorecard', 'IFRS']",,['N/A'],Intern (Generative AI Engineering - 2D/3D Image Generation),127
Executive - VAT,"Mushak Forms Maintenance
VAT Software & MS Office Maintenance
VAT Ledger Management
VAT Challan Coordination
Liaison with VAT Office
VAT Documentation
Other Assigned Tasks Mushak Forms Maintenance
VAT Software & MS Office Maintenance
VAT Ledger Management
VAT Challan Coordination
Liaison with VAT Office
VAT Documentation
Other Assigned Tasks","['python', 'C++', 'Haskell', 'PyTorch', 'JAX', 'Pandas', 'scikit-learn', 'matplotlib', 'Linux', 'bash', 'Unity', 'HPC', 'git']",1 to 3 years,"[None, None, None, None, None, None, None]",Executive - VAT,128
Marketing Officer,"Digital Marketing Strategy
Brand Awareness, Online Traffic
Social Media Management
Google Analytics
Cross-functional Teams
Campaign Execution, SEO Digital Marketing Strategy
Brand Awareness, Online Traffic
Social Media Management
Google Analytics
Cross-functional Teams
Campaign Execution, SEO","['Executive Decision Maker', 'Process Design & Improvement', 'New Product Development', 'Strategic Planning & Development', 'Lean & Six Sigma Practitioner', 'Product Design', 'Budgetary and Policy Development', 'Automation Design', 'Quality Control', 'Project Management & Execution', 'Economic Analysis', 'Ergonomic and Safety Conscious']",At least 1 year,"['Boyden, IA', 'Oshkosh, WI', 'Jackson, MN', 'Spencer, IA', 'Emmetsburg, IA']",Marketing Officer,129
Mechanical Designer,"Design Creation
CAD Drawings
Design Optimization
Team Collaboration
Compliance Assurance
Design Reviews
Manufacturing Support
Documentation Design Creation
CAD Drawings
Design Optimization
Team Collaboration
Compliance Assurance
Design Reviews
Manufacturing Support
Documentation","['Electronic & Mechanical Technology', 'Maintenance Management', 'Project Management', 'Program Management', 'Lean/six sigma principles', 'Mechanical Component Troubleshooting', 'Quality Assurance/Control', 'Material Management', 'Staff Development/Leadership', 'Technical Interface', 'Safety Compliance', 'Microsoft Office', 'Microsoft Project', 'Microsoft Access', 'SAP', 'SharePoint']",At least 5 years,"['City, State', 'City, State', 'State']",Mechanical Designer,130
Marketing Officer,"Digital Marketing Strategy
Brand Awareness, Online Traffic
Social Media Management
Google Analytics
Cross-functional Teams
Campaign Execution, SEO Digital Marketing Strategy
Brand Awareness, Online Traffic
Social Media Management
Google Analytics
Cross-functional Teams
Campaign Execution, SEO","['Careful and active listener', 'Self-Starter & self-motivated', 'Hungry for growth and continuous learning', 'Proactive and energetic', 'Fluent in Spanish']",At least 1 year,"['City , State', 'City , State', 'City , State']",Marketing Officer,131
Mechanical Designer,"Design Creation
CAD Drawings
Design Optimization
Team Collaboration
Compliance Assurance
Design Reviews
Manufacturing Support
Documentation Design Creation
CAD Drawings
Design Optimization
Team Collaboration
Compliance Assurance
Design Reviews
Manufacturing Support
Documentation","['assisted living', 'interpersonal and communication', 'insurance', 'internal medicine', 'managing', 'marketing', 'marketing/sales', 'meetings', 'mentor', 'office', 'networking', 'organizing', 'orthopedics', 'outside sales', 'physical therapy', 'rehabilitation', 'sales', 'seminars', 'Team player', 'time management']",At least 5 years,"['City , State', 'City , State', 'City , State', 'City , State']",Mechanical Designer,132
Business Development Executive,"Apparel Sourcing
Quality Garment Sourcing
Reliable Partner
Buyer/Vendor Communication Apparel Sourcing
Quality Garment Sourcing
Reliable Partner
Buyer/Vendor Communication","['Business Strategy', 'Consulting', 'Excel', 'Capital Markets', 'Investment Banking', 'Investment Research', 'Statistics', 'Strategy Consulting', 'VBA', 'Python', 'MATLAB', 'Machine Learning']",1 to 3 years,"['N/A', 'N/A']",Business Development Executive,1264
Executive - VAT,"Mushak Forms Maintenance
VAT Software & MS Office Maintenance
VAT Ledger Management
VAT Challan Coordination
Liaison with VAT Office
VAT Documentation
Other Assigned Tasks Mushak Forms Maintenance
VAT Software & MS Office Maintenance
VAT Ledger Management
VAT Challan Coordination
Liaison with VAT Office
VAT Documentation
Other Assigned Tasks","['Program Management', 'Portfolio Management', 'Process Analysis', 'Solution Design', 'Enterprise Software', 'Systems Integration', 'Data Management', 'Product Excellence', 'Agile Methodology', 'People Development', 'Leadership Development', 'Coaching/Mentoring']",1 to 3 years,"['City, State', 'City, State', 'City, State', 'Claremont, CA', 'Los Angeles, CA']",Executive - VAT,134
Head of Internal Control & Compliance (ICC) - SEVP,"15+ Years Banking Experience
Audit/Inspection/ICC Leadership
Internal Audit & Compliance
Risk-Based Operational Reviews
System-Based Audit Expertise
Knowledge of Bangladeshi Laws 15+ Years Banking Experience
Audit/Inspection/ICC Leadership
Internal Audit & Compliance
Risk-Based Operational Reviews
System-Based Audit Expertise
Knowledge of Bangladeshi Laws","['Microsoft Office', 'Advanced Excel', 'PowerPoint', 'MS Access', 'Atlas', 'Windows 95 - XP', 'Harvard Graphics', 'QuickBooks', 'NGS Systems', 'People Soft', 'SAP', 'Quicken', 'Nanovision', '2-Tier', 'Phoenix (E1)', 'Business Objects', 'Account reconciliations', 'Accounting', 'Accounts payable', 'Accounts receivables', 'Accruals', 'Ad hoc', 'AP', 'Balance sheet', 'Balance', 'Bank reconciliations', 'Billing', 'Bookkeeping', 'Budgeting', 'Budget', 'Charts', 'Oral communication', 'CPA', 'Databases', 'Fluent in English', 'Senior management', 'Finance', 'Financial analysis', 'Financial reports', 'Financial Reporting', 'Financial statements', 'Fixed assets', 'Forecasting', 'General ledger', 'General ledger accounts', 'Government', 'Graphs', 'JDE', 'Lotus Notes', 'Presentations', 'QuickBooks', 'Quicken', 'Reporting', 'SAP', 'SOX compliance', 'Sarbanes Oxley', 'Spanish', 'Tax', 'Variance analysis', 'Excellent written']",At least 15 years,"['City, State', 'City, State', 'City, State', 'City, State', 'City, State', 'City, State']",Head of Internal Control & Compliance (ICC) - SEVP/DMD,135
Site Engineer,"Supervision
Monitoring
Construction
Estimation
Planning
Material Management
Project Coordination
Quality Assurance
Cost Control
Inventory
Operations
Safety
Error Escalation
Miscellaneous Tasks




 Supervision
Monitoring
Construction
Estimation
Planning
Material Management
Project Coordination
Quality Assurance
Cost Control
Inventory
Operations
Safety
Error Escalation
Miscellaneous Tasks




","['API', 'Approach', 'ATL', 'audio', 'backup', 'broadcast', 'C++', 'CLI', 'com', 'CA', 'Hardware', 'concept', 'Content', 'clients', 'documentation', 'dynamic HTML5', 'editing', 'XML', 'FTP', 'functional', 'drawing', 'GUI', 'http', 'IDs', 'Innovation', 'explorer', 'IP', 'JavaScript', 'json', 'LAN', 'MB', 'C#', 'MFC', 'office', 'Win', 'Windows', '2000', 'migration', 'NAS', 'OOP', 'page', 'Proxy', 'rendering', 'SAN', 'Scrum', 'servers', 'specification', 'team management', 'threads', 'troubleshoot', 'Video', 'Video Editing', 'Visual C++', 'workflow', 'writer']",1 to 2 years,"['City , State', 'City , State', 'City , State', 'City , State']",Site Engineer,136
Sr.Officer / Executive - Internal Audit,"Internal Audit Assistance
Voucher & Bill Verification
Cost Sheet Analysis
L/C Voucher Verification
Expense Verification
Salary & Wages Verification
Market Rate Verification Internal Audit Assistance
Voucher & Bill Verification
Cost Sheet Analysis
L/C Voucher Verification
Expense Verification
Salary & Wages Verification
Market Rate Verification","['assisted living', 'interpersonal and communication', 'insurance', 'internal medicine', 'managing', 'marketing', 'marketing/sales', 'meetings', 'mentor', 'office', 'networking', 'organizing', 'orthopedics', 'outside sales', 'physical therapy', 'rehabilitation', 'sales', 'seminars', 'Team player', 'time management']",2 to 4 years,"['City , State', 'City , State', 'City , State', 'City , State']",Sr.Officer / Executive - Internal Audit,137
Civil Engineer,"Design Review
Coordination
Proposal Preparation
Feasibility Analysis
Software Utilization
Supervision
Technical Support
Submission Review
Progress Reporting
Compliance
Site Visits Design Review
Coordination
Proposal Preparation
Feasibility Analysis
Software Utilization
Supervision
Technical Support
Submission Review
Progress Reporting
Compliance
Site Visits","['Data Analysis', 'Data Mining', 'Deep Learning', 'Machine Learning', 'Artificial Intelligence']",At least 5 years,"['N/A', 'N/A']",Civil Engineer,138
Senior Software Engineer,"Technical Support
Troubleshooting
Collaboration
Documentation
System Monitoring
Software Deployment
Training & Mentorship
Industry Trends
Field Visits




 Technical Support
Troubleshooting
Collaboration
Documentation
System Monitoring
Software Deployment
Training & Mentorship
Industry Trends
Field Visits




","['Visual Basic', 'SQL', 'C', 'C++', 'Java', 'Windows NT', 'Windows 2000', 'Windows XP', 'Windows Vista', 'Linux', 'Unix', 'SQL Server', 'Microsoft (MS) Access', 'Oracle', 'JCL', 'DB2', 'MS Visio', 'MS Excel', 'MS FrontPage', 'MS Word']",At least 1 year,"['Hammond, LA', 'Sydney, Australia']",Senior Software Engineer,139
Civil Engineer,"Design Review
Coordination
Proposal Preparation
Feasibility Analysis
Software Utilization
Supervision
Technical Support
Submission Review
Progress Reporting
Compliance
Site Visits Design Review
Coordination
Proposal Preparation
Feasibility Analysis
Software Utilization
Supervision
Technical Support
Submission Review
Progress Reporting
Compliance
Site Visits","['Software Engineer', 'Data Analyst', 'Machine Learning', 'Text Analytics', 'Software Development', 'Object Oriented Programming', 'Pandas', 'Numpy', 'Java', 'Python', 'SpringBoot', 'Laravel']",At least 5 years,['N/A'],Civil Engineer,140
Business Development Executive,"Apparel Sourcing
Quality Garment Sourcing
Reliable Partner
Buyer/Vendor Communication Apparel Sourcing
Quality Garment Sourcing
Reliable Partner
Buyer/Vendor Communication","['Machine Learning', 'Deep Learning', 'Neural Networks', 'ML Algorithms', 'Python', 'NumPy', 'Scikit Learn', 'Matplotlib', 'Keras', 'Pandas', 'TensorFlow', 'Seaborn', 'Java', 'ReactJS', 'NodeJS']",1 to 3 years,['N/A'],Business Development Executive,141
Senior iOS Engineer,"iOS Lifecycle
Requirement Analysis
Native Frameworks
iOS Development
API Integration
Technical Communication
UI Design
Performance Optimization
Feature Collaboration
Bug Fixing
Code Translation
High-Performance Development
Task Management
Cross-Team Collaboration
Code Quality iOS Lifecycle
Requirement Analysis
Native Frameworks
iOS Development
API Integration
Technical Communication
UI Design
Performance Optimization
Feature Collaboration
Bug Fixing
Code Translation
High-Performance Development
Task Management
Cross-Team Collaboration
Code Quality","['DBMS', 'RDBMS', 'Software Developer', 'Software Engineer', 'Java', 'SAS', 'SQL', 'Business Intelligence', 'Learning Algorithm', 'Machine Learning', 'Python']",At least 4 years,['N/A'],Senior iOS Engineer,142
Executive/ Sr. Executive -IT,"Hardware & Software Installation
System Monitoring
IT Support
Networking Expertise
Mail Server Administration
Security Management
Troubleshooting & Repair
Operations Support Hardware & Software Installation
System Monitoring
IT Support
Networking Expertise
Mail Server Administration
Security Management
Troubleshooting & Repair
Operations Support","['C/Python', 'R', 'STK', 'CATIA', 'ANSYS', 'LaTeX', 'SolidWorks', 'Microsoft Office', 'Microsoft Project']",3 to 5 years,"['City, State', 'City, State', 'City, State']",Executive/ Sr. Executive -IT,159
Site Engineer,"Supervision
Monitoring
Construction
Estimation
Planning
Material Management
Project Coordination
Quality Assurance
Cost Control
Inventory
Operations
Safety
Error Escalation
Miscellaneous Tasks




 Supervision
Monitoring
Construction
Estimation
Planning
Material Management
Project Coordination
Quality Assurance
Cost Control
Inventory
Operations
Safety
Error Escalation
Miscellaneous Tasks




","['Analytical reasoning', 'Budget forecasting expertise', 'Account reconciliation expert', 'Financial planner', 'Effective time management', 'Advanced computer proficiency (PC and Mac)', 'Strong organizational skills', 'Excellent managerial techniques', 'Microsoft Windows', 'Word', 'Excel', 'PowerPoint', 'Access', 'Adobe', 'Mac iOS', 'QuickBooks Pro 2015/2016/2017', 'Profit Pluss 2k8', 'SAP', 'Lacerte', 'ComplyRight', 'Real Estate P.M.A.S.', 'AppFolio', 'ADP Ezlabor', 'ADP Payroll']",1 to 2 years,"['City, State', 'City, State', 'City, State', 'City, State', 'City, State']",Site Engineer,143
Network Support Engineer,"Mikrotik Router Configuration
OLT Device Setup & Management
Integration with Billing Software
Network Monitoring Tools Integration
Connectivity Troubleshooting
Technical Support & Escalation
Installation & Configuration
GPON/EPON Expertise
Cisco, OLT, MikroTik Knowledge Mikrotik Router Configuration
OLT Device Setup & Management
Integration with Billing Software
Network Monitoring Tools Integration
Connectivity Troubleshooting
Technical Support & Escalation
Installation & Configuration
GPON/EPON Expertise
Cisco, OLT, MikroTik Knowledge","['Mechanically-inclined', 'Diagnosis and repair', 'Skilled concrete finisher', 'Preventative maintenance', 'Dexterous with hand tools', 'Suspension and alignment', 'Strong attention to detail', 'Brake systems expertise', 'Troubleshooting', 'Brake repair and replacement', 'Responsible and reliable', 'Strategic thinker', 'Excellent problem solver', 'Self-starter', 'Decisive', 'Critical thinker', 'customer service', 'documentation', 'forklift', 'forms', 'legal', 'materials', 'policies', 'problem solving skills', 'progress', 'quality assurance', 'read', 'repairs', 'safety', 'struts', 'supervisor', 'tear']",At least 3 years,"['City, State', 'City, State', 'City, State', None]",Network Support Engineer,144
Machine Learning (ML) Engineer,"Machine Learning Leadership
Cross-Functional Collaboration
Strategy Development
ML/NLP Infrastructure
Prototype Transformation
ML System Design
Algorithm Research
Application Development
Dataset Selection
ML Testing
Statistical Analysis
R&D in ML/NLP
Text Representation
Data Pipeline Design
Statistical Data Analysis
Model Training
Team Collaboration
Research Reporting
Algorithm Analysis Machine Learning Leadership
Cross-Functional Collaboration
Strategy Development
ML/NLP Infrastructure
Prototype Transformation
ML System Design
Algorithm Research
Application Development
Dataset Selection
ML Testing
Statistical Analysis
R&D in ML/NLP
Text Representation
Data Pipeline Design
Statistical Data Analysis
Model Training
Team Collaboration
Research Reporting
Algorithm Analysis","['Data Analysis', 'Business Analysis', 'Machine Learning', 'Regression Analysis', 'Time Series Analysis', 'SQL', 'Base SAS', 'Python', 'NLP', 'Credit Risk', 'Tableau', 'Statistical Analysis', 'Data Visualization', 'Data Science', 'R', 'Power Bi']",At least 5 year(s),[None],Machine Learning (ML) Engineer,145
Data Engineer,"Data Platform Design
Data Pipeline Development
ETL Processes
SQL Query Optimization
Data Integration & Transformation
Data Modeling
Stakeholder Collaboration
Data Quality Monitoring
Continuous Learning Data Platform Design
Data Pipeline Development
ETL Processes
SQL Query Optimization
Data Integration & Transformation
Data Modeling
Stakeholder Collaboration
Data Quality Monitoring
Continuous Learning","['Data Analyst', 'Database Management', 'Data Integration', 'Machine Learning', 'Natural Language Processing', 'Artificial Intelligence', 'Deep Learning', 'Python', 'SQL', 'Data Science', 'Tableau', 'PowerBi', 'Business Analysis', 'AWS Lambda', 'Spark', 'PySpark', 'Azure', 'SQL Server']",5 to 8 years,['N/A'],Data Engineer,146
Civil Engineer,"Design Review
Coordination
Proposal Preparation
Feasibility Analysis
Software Utilization
Supervision
Technical Support
Submission Review
Progress Reporting
Compliance
Site Visits Design Review
Coordination
Proposal Preparation
Feasibility Analysis
Software Utilization
Supervision
Technical Support
Submission Review
Progress Reporting
Compliance
Site Visits","['Air Force', 'ANSYS', 'approach', 'C', 'CAD', 'decision-making', 'designing', 'experimentation', 'Experiments', 'features', 'FORTRAN', 'instructor', 'lesson planning', 'machining', 'marketing', 'Materials', 'MATLAB', 'Mechanical Design', 'Microsoft Office', 'Modeling', 'NASTRAN', 'enterprise', 'OS', 'optimization', 'PATRAN', 'camera', 'physics', 'predict', 'Process Control', 'Research', 'research and design', 'robotic', 'Solidworks', 'Statistical Process Control', 'teaching']",At least 5 years,"['City, State', 'City', 'City, State']",Civil Engineer,147
Executive - VAT,"Mushak Forms Maintenance
VAT Software & MS Office Maintenance
VAT Ledger Management
VAT Challan Coordination
Liaison with VAT Office
VAT Documentation
Other Assigned Tasks Mushak Forms Maintenance
VAT Software & MS Office Maintenance
VAT Ledger Management
VAT Challan Coordination
Liaison with VAT Office
VAT Documentation
Other Assigned Tasks","['Machine Learning', 'Natural Language Processing', 'Deep Learning', 'Business Analysis', 'Python', 'Numpy', 'Pandas', 'Scikit Learn', 'Tensorflow', 'Keras', 'PySpark']",1 to 3 years,['N/A'],Executive - VAT,148
Executive/ Sr. Executive -IT,"Hardware & Software Installation
System Monitoring
IT Support
Networking Expertise
Mail Server Administration
Security Management
Troubleshooting & Repair
Operations Support Hardware & Software Installation
System Monitoring
IT Support
Networking Expertise
Mail Server Administration
Security Management
Troubleshooting & Repair
Operations Support","['Project Management', 'Secret Clearance', 'Risk management', 'Performance tracking and evaluation', 'Team building', 'Project analysis', 'Leadership mentoring', 'Business and requirements analysis', 'Operations management', 'Decisive leader']",3 to 5 years,"['City , State', 'City , State', 'City , State']",Executive/ Sr. Executive -IT,149
Head of Internal Control & Compliance (ICC) - SEVP,"15+ Years Banking Experience
Audit/Inspection/ICC Leadership
Internal Audit & Compliance
Risk-Based Operational Reviews
System-Based Audit Expertise
Knowledge of Bangladeshi Laws 15+ Years Banking Experience
Audit/Inspection/ICC Leadership
Internal Audit & Compliance
Risk-Based Operational Reviews
System-Based Audit Expertise
Knowledge of Bangladeshi Laws","['Visual Basic', 'SQL', 'C', 'C++', 'Java', 'Windows NT', 'Windows 2000', 'Windows XP', 'Windows Vista', 'Linux', 'Unix', 'SQL Server', 'Microsoft (MS) Access', 'Oracle', 'JCL', 'DB2', 'MS Visio', 'MS Excel', 'MS FrontPage', 'MS Word']",At least 15 years,"['Hammond, LA', 'Sydney, Australia']",Head of Internal Control & Compliance (ICC) - SEVP/DMD,160
Marketing Officer,"Digital Marketing Strategy
Brand Awareness, Online Traffic
Social Media Management
Google Analytics
Cross-functional Teams
Campaign Execution, SEO Digital Marketing Strategy
Brand Awareness, Online Traffic
Social Media Management
Google Analytics
Cross-functional Teams
Campaign Execution, SEO","['Client engagement', 'Communication', 'Analytical and business acumen', 'Demand creation pursuits', 'Federal Government experience', 'IT support services', 'Data storage', 'Interoperability', 'Advanced data analytics']",At least 1 year,"['City, State', 'City, State', 'City, State', 'City, State']",Marketing Officer,256
Data Science Engineer,"Application Development
Object-Oriented Design
Collaboration
Problem-Solving
Software Lifecycle
Innovation
Software Testing
System Analysis
Performance Monitoring
Plugin Development
Documentation
Integration Support Application Development
Object-Oriented Design
Collaboration
Problem-Solving
Software Lifecycle
Innovation
Software Testing
System Analysis
Performance Monitoring
Plugin Development
Documentation
Integration Support","['Marketing', 'Sales', 'Budgets', 'Promotional', 'And Marketing', 'Sales And', 'Aviation', 'Class', 'Comprehensive Large Array Data Stewardship System', 'Excellent Multitasker', 'Simultaneous', 'Teaching', 'Training', 'Accounts And', 'Advertising', 'Branding', 'Community Outreach', 'From Sales', 'Its', 'Managed Sales', 'Of Sales', 'Public Relations', 'Increase', 'Administrative Support', 'Audit', 'Budgeting', 'Cost Control', 'Executive Assistant', 'For Selling', 'Ordering', 'Relationship Management', 'Scheduling', 'Selling And', 'Accountable For', 'Business Development', 'Clients', 'Forecasting', 'Implemented Sales', 'Key Accounts', 'Maintenance', 'Market Trends', 'Networking', 'Sale And', 'Sales Forecasting', 'Sales Objectives', 'Sales Strategies', 'Strategic Planning', 'The Sale', 'The Sales', 'Direct Marketing', 'Marketing Plan', 'Overall Sales', 'Project Development', 'Sales Plan', 'Energetic', 'Fundraising', 'Highly Organized', 'Mac', 'Quicken', 'San', 'Self Motivated', 'Storage Area Network', 'Very Organized', 'Finance', 'Shipping']",At least 2 years,"['City, State', 'City', 'City', 'City']",Data Science Engineer,150
Site Engineer,"Supervision
Monitoring
Construction
Estimation
Planning
Material Management
Project Coordination
Quality Assurance
Cost Control
Inventory
Operations
Safety
Error Escalation
Miscellaneous Tasks




 Supervision
Monitoring
Construction
Estimation
Planning
Material Management
Project Coordination
Quality Assurance
Cost Control
Inventory
Operations
Safety
Error Escalation
Miscellaneous Tasks




","['Microsoft Office', 'Microsoft Project', 'Product development', 'Quality', 'Research', 'Six Sigma Green Belt', 'Solid Works', 'Visio', 'Prioritization', 'Personnel management', 'Critical thinking skills', 'Team management', 'Analyst', 'Agency', 'Consulting', 'Cost analysis', 'Critical thinking', 'Designing', 'Dialysis', 'Direction', 'Develop drug', 'Functional', 'IIa', 'ISO', 'Leadership', 'Market and development', 'Design process', 'Product management', 'Researching', 'Sales', 'Six Sigma', 'Validation']",1 to 2 years,"['City, State', 'City, State', 'City, State']",Site Engineer,151
Site Engineer,"Supervision
Monitoring
Construction
Estimation
Planning
Material Management
Project Coordination
Quality Assurance
Cost Control
Inventory
Operations
Safety
Error Escalation
Miscellaneous Tasks




 Supervision
Monitoring
Construction
Estimation
Planning
Material Management
Project Coordination
Quality Assurance
Cost Control
Inventory
Operations
Safety
Error Escalation
Miscellaneous Tasks




","['CAD packages (SolidWorks, Autodesk Inventor, AutoCAD, CATIA, PTC CREO)', 'CAE Softwares (HyperMesh, Abaqus, ANSYS, Optistruct)', 'Analysis (Linear & Non-linear Static, Dynamic, GD & T, Tolerance Analysis, Design Optimization)', 'Sheet metal', 'Design for manufacturing', 'Generating Bill of Materials', 'DFMEA', 'Sculpting', 'Advanced material selection for rapid prototyping', 'Advanced manufacturing', 'Welding', '3D printing']",1 to 2 years,"['Chicago', 'Chicago', 'Mumbai', 'N/A', 'N/A']",Site Engineer,152
Intern (Generative AI Engineering - 2D/3D Image Ge,"Generative AI Development
Evolutionary Computation
Deep Learning Optimization
Expert Systems Design
Knowledge Representation
Data Preprocessing
Model Training
Research & Integration Generative AI Development
Evolutionary Computation
Deep Learning Optimization
Expert Systems Design
Knowledge Representation
Data Preprocessing
Model Training
Research & Integration","['Payroll & Tax 940, 941 withholding Accounting', 'Accounts Payable & Receivable', 'Multi-State Sales Tax Filing', 'Analytical reasoning', 'Account reconciliation expert', 'QuickBooks', 'Peachtree', 'Payroll Mate', 'Adobe', 'Sage', 'PeachTree', 'Quick Books', 'MS Office', 'Medlin', 'Tax Slayer', 'Pro Series', 'Lotus I, II, III']",,"['City, State', 'City, State', 'City, State', 'City, State', 'City, State']",Intern (Generative AI Engineering - 2D/3D Image Generation),153
Data Engineer,"Data Platform Design
Data Pipeline Development
ETL Processes
SQL Query Optimization
Data Integration & Transformation
Data Modeling
Stakeholder Collaboration
Data Quality Monitoring
Continuous Learning Data Platform Design
Data Pipeline Development
ETL Processes
SQL Query Optimization
Data Integration & Transformation
Data Modeling
Stakeholder Collaboration
Data Quality Monitoring
Continuous Learning","['Machine Learning', 'Artificial Intelligence', 'Python', 'Predictive Analytics', 'Statistical Modeling', 'Data Visualization', 'Data Analysis', 'Data Mining', 'Data Validation', 'Power Bi', 'Text Analytics', 'Data Modeling', 'Data Analyst']",5 to 8 years,[None],Data Engineer,154
Head of Internal Control & Compliance (ICC) - SEVP,"15+ Years Banking Experience
Audit/Inspection/ICC Leadership
Internal Audit & Compliance
Risk-Based Operational Reviews
System-Based Audit Expertise
Knowledge of Bangladeshi Laws 15+ Years Banking Experience
Audit/Inspection/ICC Leadership
Internal Audit & Compliance
Risk-Based Operational Reviews
System-Based Audit Expertise
Knowledge of Bangladeshi Laws","['Java', 'Spring', 'Javascript', 'CSS', 'HTML', 'REST APIs', 'React Native', 'Kotlin', 'PostgreSQL', 'MySQL']",At least 15 years,"['San Jose, CA', 'Milpitas, CA']",Head of Internal Control & Compliance (ICC) - SEVP/DMD,155
"Executive/ Senior Executive- Trade Marketing, Hygi","Trade Marketing Executive
Brand Visibility, Sales Targets
Field Marketing, Campaigns, Product Distribution
Brand Head
Excel, KPIs Tracking Trade Marketing Executive
Brand Visibility, Sales Targets
Field Marketing, Campaigns, Product Distribution
Brand Head
Excel, KPIs Tracking","['Python', 'Machine Learning', 'Text Analytics', 'Big Data Analytics', 'Data Mining', 'Natural Language Processing', 'Multivariate Analysis', 'R', 'MS-Excel']",At least 3 years,['N/A'],"Executive/ Senior Executive- Trade Marketing, Hygiene Products",156
Business Development Executive,"Apparel Sourcing
Quality Garment Sourcing
Reliable Partner
Buyer/Vendor Communication Apparel Sourcing
Quality Garment Sourcing
Reliable Partner
Buyer/Vendor Communication","['Data Science', 'Data Analysis', 'Data Structures', 'Data Warehousing', 'Data Visualization', 'Data Mining', 'Machine Learning', 'Artificial Intelligence', 'Linear Regression', 'MongoDB', 'Python', 'Django', 'Java', 'SQL', 'C++']",1 to 3 years,['N/A'],Business Development Executive,157
Executive/ Sr. Executive -IT,"Hardware & Software Installation
System Monitoring
IT Support
Networking Expertise
Mail Server Administration
Security Management
Troubleshooting & Repair
Operations Support Hardware & Software Installation
System Monitoring
IT Support
Networking Expertise
Mail Server Administration
Security Management
Troubleshooting & Repair
Operations Support","['Data Analysis', 'EDA', 'Python', 'Machine Learning', 'SQL', 'NLP', 'MATLAB', 'C#', 'Node.Js', 'Statistics', 'Business Analytics', 'Predictive Modeling', 'Data Modeling']",3 to 5 years,['N/A'],Executive/ Sr. Executive -IT,158
Site Engineer,"Supervision
Monitoring
Construction
Estimation
Planning
Material Management
Project Coordination
Quality Assurance
Cost Control
Inventory
Operations
Safety
Error Escalation
Miscellaneous Tasks




 Supervision
Monitoring
Construction
Estimation
Planning
Material Management
Project Coordination
Quality Assurance
Cost Control
Inventory
Operations
Safety
Error Escalation
Miscellaneous Tasks




","['QA Engineering software expertise - Design, Estimate, Execute, Maintain and Document.', 'Technical communication skills - Bug Triage, reporting, technical reviews, Root cause analysis', 'Automation tools - Design and Implement', 'Collaborating with stakeholders - Roadmap, Managing releases, Demos, Risk mitigation planning', 'Test Methodologies: Regression Testing, Black box testing, Sanity testing, boundary analysis, requirement analysis (Static testing), Performance Testing, system integration testing, functional testing, manual testing.', 'Test Artifacts: Test Estimation, Test plan, Test coverage, Traceability matrix, bug tracking, automation design, Test scenario engineering', 'Programming Tools: Python, Katalon studio, XLS data input, UNIX Shell/PERL scripting, Groovy, REST, JSON, XML, ISO 8583, EMV tags, TCP, HTTP, POSTMAN, curl-siege, Jmeter, COBOL, JCL, CICS, Postman', 'Operating Systems: Unix-AIX, Unix-Solaris, Linux, Windows, IBM-AIX', 'Virtual Systems: VMWare, VSphere, Proxmox', 'Payment terminals: VeriFone, Ingenico, Equinox, PAX and Innowi, Key Management, KPI, DUKPT, Key Injection, KEK', 'Version Control Tools: Git-bash, Git-stash, Git-lab, TorquiseSVN, SourceTree, VSS', 'Database and Tools: Oracle 11g, Oracle 12c, PostgreSQL, MongoDB, PGAdmin 4, SQL Developer, SQL management studio, Toad, DB2', 'Project Management: Confluence, Jira, Microsoft Office Suite, Bugzilla, redmine, HP Quality center', 'Project Management Methodologies: Agile, Scrum, Waterfall, Iterative', 'Talent Management tools: HireRight, iCIMS', 'POS Systems: Micros, Restaurant Manager, Symphony, positouch, broadPOS', 'EMV Systems : BTT (UL), ICCVerify, VCMS, VTS, Astrex, Discover RCT, ATS, MAS, MDFS, ACI-Interchange, ACI-PRM, ACI- ADM, TSYS CertifyNow, FirstData CertPro and more']",1 to 2 years,"['City , State', 'City , State', 'City , State']",Site Engineer,7561
Civil Engineer,"Design Review
Coordination
Proposal Preparation
Feasibility Analysis
Software Utilization
Supervision
Technical Support
Submission Review
Progress Reporting
Compliance
Site Visits Design Review
Coordination
Proposal Preparation
Feasibility Analysis
Software Utilization
Supervision
Technical Support
Submission Review
Progress Reporting
Compliance
Site Visits","['DMAIC', 'Failure Modes and Effective Analysis (FMEA)', 'Kaizen', 'Lean Manufacturing', '5S', 'Value Stream Mapping', 'Root Cause Analysis', 'PFMEA', 'Statistical Process Control', 'Process Capability', 'ANOVA', 'Gage R & R', 'Programmable Logic controls (PLC)', 'Discrete Control system (DCS)', 'Microsoft office', 'Minitab', 'Pro-E', 'Auto-Cad', 'C++', 'C', 'Visual Basics']",At least 5 years,"['City, State', None, 'Navi Mumbai, India', None]",Civil Engineer,161
System Administrator (Operation & Maintenance of S,"Hardware & Network Installation
Troubleshooting & Diagnostics
User Training & Capacity Building
Hardware Replacement
Fault Repair & System Setup
Software License & Account Management
Backup Management
System Updates & Maintenance
Server & Storage Management
Documentation & Technical Specifications
Data Protection & Disaster Recovery
Storage & Database Planning
Power & Disk Backup
Incident Management & Escalation
Service Restoration
User Communication & Verification
Incident Classification & Resolution
Major Incident Escalation
Problem & Error Management
Task Assignment & Execution Hardware & Network Installation
Troubleshooting & Diagnostics
User Training & Capacity Building
Hardware Replacement
Fault Repair & System Setup
Software License & Account Management
Backup Management
System Updates & Maintenance
Server & Storage Management
Documentation & Technical Specifications
Data Protection & Disaster Recovery
Storage & Database Planning
Power & Disk Backup
Incident Management & Escalation
Service Restoration
User Communication & Verification
Incident Classification & Resolution
Major Incident Escalation
Problem & Error Management
Task Assignment & Execution","['accounts payables', 'accounts receivables', 'Accounts Payable', 'Accounts Receivable', 'administrative functions', 'trial balance', 'banking', 'budget', 'bi', 'closing', 'Computer Applications', 'Credit', 'clients', 'Customer Service', 'data entry', 'delivery', 'driving', 'email', 'insurance', 'inventory', 'ledger', 'Access', 'Excel', 'Outlook', 'PowerPoint', 'Word', 'mortgage loan', 'Enterprise', 'policies', 'QuickBooks', 'Sales', 'sales reports', 'telecommunications', 'phone', 'workflow', 'written']",4 to 5 years,"['City, State', 'City, State', 'City, State', 'City, State', 'City, State', 'N/A']","System Administrator (Operation & Maintenance of Server, Storage & Service Desk System)",162
Machine Learning (ML) Engineer,"Machine Learning Leadership
Cross-Functional Collaboration
Strategy Development
ML/NLP Infrastructure
Prototype Transformation
ML System Design
Algorithm Research
Application Development
Dataset Selection
ML Testing
Statistical Analysis
R&D in ML/NLP
Text Representation
Data Pipeline Design
Statistical Data Analysis
Model Training
Team Collaboration
Research Reporting
Algorithm Analysis Machine Learning Leadership
Cross-Functional Collaboration
Strategy Development
ML/NLP Infrastructure
Prototype Transformation
ML System Design
Algorithm Research
Application Development
Dataset Selection
ML Testing
Statistical Analysis
R&D in ML/NLP
Text Representation
Data Pipeline Design
Statistical Data Analysis
Model Training
Team Collaboration
Research Reporting
Algorithm Analysis","['budget', 'business strategy', 'consultation', 'Customer Relationship Management', 'delivery', 'direct mail', 'directing', 'Driving', 'email', 'senior management', 'Forecasting', 'graphic design', 'graphic', 'image', 'inside sales', 'inventory', 'Marketing Strategy', 'marketing', 'market', 'Marketing & Sales', 'mentor', 'New Business Development', 'Optimization', 'policies', 'presentations', 'Sales', 'strategy']",At least 5 year(s),"['City, State', 'City, State', 'City, State']",Machine Learning (ML) Engineer,163
Senior iOS Engineer,"iOS Lifecycle
Requirement Analysis
Native Frameworks
iOS Development
API Integration
Technical Communication
UI Design
Performance Optimization
Feature Collaboration
Bug Fixing
Code Translation
High-Performance Development
Task Management
Cross-Team Collaboration
Code Quality iOS Lifecycle
Requirement Analysis
Native Frameworks
iOS Development
API Integration
Technical Communication
UI Design
Performance Optimization
Feature Collaboration
Bug Fixing
Code Translation
High-Performance Development
Task Management
Cross-Team Collaboration
Code Quality","['Web design technology', 'Database management system and administration', 'Programming in Java', 'Windows platforms programming', 'Linux programming', 'Database Programming', 'Python', 'Operating System knowledge', 'Data analysis techniques', 'Software development skills', 'Installation of hardware', 'Repair and maintenance practice', 'Troubleshooting of hardware failure', 'Upgrading of hardware', 'Installation of network components', 'Cabling and laying of cables', 'IP addressing', 'Firewall setup', 'Troubleshooting a network failure', 'Network design', 'Office suite', 'Accounting packages', 'Improving Accounting and Internal Control Systems', 'Interpersonal and Communication Skills', 'Negotiating skills', 'Technical proposal writing skills', 'Monitoring and evaluation skills']",At least 4 years,"['N/A', 'N/A', 'N/A', 'N/A', 'N/A', 'N/A']",Senior iOS Engineer,164
Senior Software Engineer,"Technical Support
Troubleshooting
Collaboration
Documentation
System Monitoring
Software Deployment
Training & Mentorship
Industry Trends
Field Visits




 Technical Support
Troubleshooting
Collaboration
Documentation
System Monitoring
Software Deployment
Training & Mentorship
Industry Trends
Field Visits




","['Microsoft Windows 10', 'Memtest86', 'TeamViewer', 'McAfee Endpoint Security', 'Acronis True Image', 'Recuva', 'Wireshark', 'HWiNFO', 'VMware Workstation', 'PowerShell']",At least 1 year,"['Seattle, WA', 'Seattle, WA', 'Seattle, WA']",Senior Software Engineer,165
Site Engineer,"Supervision
Monitoring
Construction
Estimation
Planning
Material Management
Project Coordination
Quality Assurance
Cost Control
Inventory
Operations
Safety
Error Escalation
Miscellaneous Tasks




 Supervision
Monitoring
Construction
Estimation
Planning
Material Management
Project Coordination
Quality Assurance
Cost Control
Inventory
Operations
Safety
Error Escalation
Miscellaneous Tasks




","['Web Developer', 'Data Analyst', 'Web Development', 'Machine Learning', 'Python', 'FrontEnd', 'HTML', 'Javascript', 'PHP', 'CSS', 'MySQL', 'Java', 'Data Structures', 'OOP', 'Algorithms', 'C']",1 to 2 years,['N/A'],Site Engineer,166
Network Support Engineer,"Mikrotik Router Configuration
OLT Device Setup & Management
Integration with Billing Software
Network Monitoring Tools Integration
Connectivity Troubleshooting
Technical Support & Escalation
Installation & Configuration
GPON/EPON Expertise
Cisco, OLT, MikroTik Knowledge Mikrotik Router Configuration
OLT Device Setup & Management
Integration with Billing Software
Network Monitoring Tools Integration
Connectivity Troubleshooting
Technical Support & Escalation
Installation & Configuration
GPON/EPON Expertise
Cisco, OLT, MikroTik Knowledge","['active directory', 'bridges', 'client', 'Designing', 'DHCP', 'DNS', 'imaging', 'ITIL v', 'Managing', 'messaging', 'access', 'MCSE', 'mail', 'office', 'outlook', 'Microsoft technologies', 'Windows', 'window', 'Migration', 'network', 'networks', 'producer', 'routers', 'servers', 'SLA', 'technical support', 'desktop support', 'troubleshooting', 'upgrade']",At least 3 years,"['USA', None, None, None]",Network Support Engineer,177
Network Support Engineer,"Mikrotik Router Configuration
OLT Device Setup & Management
Integration with Billing Software
Network Monitoring Tools Integration
Connectivity Troubleshooting
Technical Support & Escalation
Installation & Configuration
GPON/EPON Expertise
Cisco, OLT, MikroTik Knowledge Mikrotik Router Configuration
OLT Device Setup & Management
Integration with Billing Software
Network Monitoring Tools Integration
Connectivity Troubleshooting
Technical Support & Escalation
Installation & Configuration
GPON/EPON Expertise
Cisco, OLT, MikroTik Knowledge","['Hiring and retention', 'Training and development', 'Recruiting', 'Compensation/payroll', 'Employee relations', 'Exceptional interpersonal skills', 'Compensation administration', 'Personnel records maintenance', 'Affirmative Action compliance', 'New hire orientation', 'Mediation expertise', 'API', 'Approach', 'ATL', 'audio', 'backup', 'broadcast', 'C++', 'CLI', 'com', 'CA', 'Hardware', 'concept', 'Content', 'clients', 'documentation', 'dynamic HTML5', 'editing', 'XML', 'FTP', 'functional', 'drawing', 'GUI', 'http', 'IDs', 'Innovation', 'explorer', 'IP', 'JavaScript', 'json', 'LAN', 'MB', 'C#', 'MFC', 'office', 'Win', 'Windows', '2000', 'migration', 'NAS', 'OOP', 'page', 'Proxy', 'rendering', 'SAN', 'Scrum', 'servers', 'specification', 'team management', 'threads', 'troubleshoot', 'Video', 'Video Editing', 'Visual C++', 'workflow', 'writer']",At least 3 years,"['City, State', 'City, State', 'City, State', 'City, State']",Network Support Engineer,167
Site Engineer,"Supervision
Monitoring
Construction
Estimation
Planning
Material Management
Project Coordination
Quality Assurance
Cost Control
Inventory
Operations
Safety
Error Escalation
Miscellaneous Tasks




 Supervision
Monitoring
Construction
Estimation
Planning
Material Management
Project Coordination
Quality Assurance
Cost Control
Inventory
Operations
Safety
Error Escalation
Miscellaneous Tasks




","['C/Python', 'R', 'STK', 'CATIA', 'ANSYS', 'LaTeX', 'SolidWorks', 'Microsoft Office', 'Microsoft Project']",1 to 2 years,"['City, State', 'City, State', 'City, State']",Site Engineer,168
Data Science Engineer,"Application Development
Object-Oriented Design
Collaboration
Problem-Solving
Software Lifecycle
Innovation
Software Testing
System Analysis
Performance Monitoring
Plugin Development
Documentation
Integration Support Application Development
Object-Oriented Design
Collaboration
Problem-Solving
Software Lifecycle
Innovation
Software Testing
System Analysis
Performance Monitoring
Plugin Development
Documentation
Integration Support","['Data Analytics', 'Natural Language Processing', 'Production Engineering', 'Production Analytics', 'Tableau', 'Machine Learning', 'Python', 'NLTK']",At least 2 years,['N/A'],Data Science Engineer,169
"Manager- Human Resource Management (HRM)
","Recruitment Coordination
Appointment Management
Selection Criteria
Employee Orientation
Performance Evaluation
HR Database Management
Report Compilation
Documentation
Event Coordination
Task Execution Recruitment Coordination
Appointment Management
Selection Criteria
Employee Orientation
Performance Evaluation
HR Database Management
Report Compilation
Documentation
Event Coordination
Task Execution","['SAAS', 'Data Analyst', 'SQL', 'SPSS', 'Statistical Analysis', 'Microsoft Azure', 'Power Bi', 'MySQL', 'Excel', 'Data Visualization', 'Data Interpretation', 'Data Extraction', 'Cloud Computing', 'Business Intelligence']",5 to 6 years,['N/A'],"Manager- Human Resource Management (HRM)
",170
Data Science Engineer,"Application Development
Object-Oriented Design
Collaboration
Problem-Solving
Software Lifecycle
Innovation
Software Testing
System Analysis
Performance Monitoring
Plugin Development
Documentation
Integration Support Application Development
Object-Oriented Design
Collaboration
Problem-Solving
Software Lifecycle
Innovation
Software Testing
System Analysis
Performance Monitoring
Plugin Development
Documentation
Integration Support","['Aderant/CMS', 'Excel', 'QuickBooks Pro', 'SQL', 'Access', 'Peachtree', 'Hyperion Essbase', 'Financial reporting', 'US GAAP principles', 'IFRS', 'Bookkeeping', 'Budget development', 'Individual tax returns']",At least 2 years,"['City , State', 'City , State', 'City , State']",Data Science Engineer,171
Senior Software Engineer,"Technical Support
Troubleshooting
Collaboration
Documentation
System Monitoring
Software Deployment
Training & Mentorship
Industry Trends
Field Visits




 Technical Support
Troubleshooting
Collaboration
Documentation
System Monitoring
Software Deployment
Training & Mentorship
Industry Trends
Field Visits




","['Data Analyst', 'Data Analytics', 'Machine Learning', 'Artificial Intelligence', 'Linear Regression', 'Clustering', 'MongoDB', 'Flask', 'AWS', 'Git', 'Python', 'Neural Networks', 'PyTorch', 'C++', 'CNN', 'Image Processing']",At least 1 year,['NASIK'],Senior Software Engineer,172
Executive/ Sr. Executive -IT,"Hardware & Software Installation
System Monitoring
IT Support
Networking Expertise
Mail Server Administration
Security Management
Troubleshooting & Repair
Operations Support Hardware & Software Installation
System Monitoring
IT Support
Networking Expertise
Mail Server Administration
Security Management
Troubleshooting & Repair
Operations Support","['GIS', 'lighting designs using Visual Professional', 'Access', 'Excel', 'Microsoft Office', 'Power Point']",3 to 5 years,"['City , State', 'City , State', 'City , State', 'City , State']",Executive/ Sr. Executive -IT,173
Data Engineer,"Data Platform Design
Data Pipeline Development
ETL Processes
SQL Query Optimization
Data Integration & Transformation
Data Modeling
Stakeholder Collaboration
Data Quality Monitoring
Continuous Learning Data Platform Design
Data Pipeline Development
ETL Processes
SQL Query Optimization
Data Integration & Transformation
Data Modeling
Stakeholder Collaboration
Data Quality Monitoring
Continuous Learning","['Machine Learning', 'Cloud Architecture', 'Conversational AI', 'Natural Language Processing', 'Transformers', 'HuggingFace', 'RNN', 'LSTM', 'GRU']",5 to 8 years,['N/A'],Data Engineer,174
Mechanical Engineer,"Machinery Maintenance
Troubleshooting
Report Preparation
Log Maintenance Machinery Maintenance
Troubleshooting
Report Preparation
Log Maintenance","['Data Analyst', 'Data Analytics', 'Machine Learning', 'Artificial Intelligence', 'Linear Regression', 'Clustering', 'MongoDB', 'Flask', 'AWS', 'Git', 'Python', 'Neural Networks', 'PyTorch', 'C++', 'CNN', 'Image Processing']",2 to 5 years,['NASIK'],Mechanical Engineer,175
Civil Engineer,"Design Review
Coordination
Proposal Preparation
Feasibility Analysis
Software Utilization
Supervision
Technical Support
Submission Review
Progress Reporting
Compliance
Site Visits Design Review
Coordination
Proposal Preparation
Feasibility Analysis
Software Utilization
Supervision
Technical Support
Submission Review
Progress Reporting
Compliance
Site Visits","['Python', 'Webscrapping', 'PowerBI', 'Data Cleaning', 'Data Preparation', 'Data Analysis', 'Predictive Modeling', 'Data Analytics', 'Pivot Table', 'SQL', 'PostgreSQL', 'Analytics', 'Excel', 'Machine Learning', 'XML']",At least 5 years,['N/A'],Civil Engineer,176
Executive - VAT,"Mushak Forms Maintenance
VAT Software & MS Office Maintenance
VAT Ledger Management
VAT Challan Coordination
Liaison with VAT Office
VAT Documentation
Other Assigned Tasks Mushak Forms Maintenance
VAT Software & MS Office Maintenance
VAT Ledger Management
VAT Challan Coordination
Liaison with VAT Office
VAT Documentation
Other Assigned Tasks","['Mathematical modelling', 'Machine Learning', 'Predictive Analysis', 'Artificial Intelligence', 'AWS deployment', 'Data gathering', 'Data Mining', 'Python']",1 to 3 years,['N/A'],Executive - VAT,321
DevOps Engineer,"Open-Source Technologies
CI/CD Culture & Tooling
Product Availability & Scalability
Automation (Build & Deploy)
Monitoring & Reliability
Infrastructure Innovation
Software Engineering Velocity
Infrastructure Resiliency
Security & Data Availability Open-Source Technologies
CI/CD Culture & Tooling
Product Availability & Scalability
Automation (Build & Deploy)
Monitoring & Reliability
Infrastructure Innovation
Software Engineering Velocity
Infrastructure Resiliency
Security & Data Availability","['account reconciliation', 'accounting', 'accountant', 'accounting system', 'AR', 'budget', 'business objects', 'closing', 'Contracts', 'financial', 'financial analysis', 'financial controls', 'financial operations', 'financial reports', 'financial statements', 'GL', 'Grants', 'inventory', 'invoicing', 'ledger', 'Macros', 'Access', 'Excel', 'Microsoft Office', 'office', 'Outlook', 'PowerPoint', 'Word', 'Monitors', 'operating systems', 'PeopleSoft', 'policies', 'processes', 'procurement', 'reporting', 'Research', 'SAP', 'Sarbanes-Oxley', 'training materials', 'view']",At least 3 years,"['City , State', 'City , State', 'City , State']",DevOps Engineer,178
Executive - VAT,"Mushak Forms Maintenance
VAT Software & MS Office Maintenance
VAT Ledger Management
VAT Challan Coordination
Liaison with VAT Office
VAT Documentation
Other Assigned Tasks Mushak Forms Maintenance
VAT Software & MS Office Maintenance
VAT Ledger Management
VAT Challan Coordination
Liaison with VAT Office
VAT Documentation
Other Assigned Tasks","['iFixit Pro Tech Toolkit', 'PassMark MemTest86', 'Malwarebytes', 'Recuva', 'Ultimate Boot CD (UBCD)', 'Windows Installation USB/DVD', 'TeamViewer', 'Driver Booster', 'Falcon Dust-Off Compressed Gas Duster', 'Fluke 115 Compact True-RMS Digital Multimeter']",1 to 3 years,"['Euclid, OH', 'Cleveland, OH', 'Columbus, OH']",Executive - VAT,179
Intern (Generative AI Engineering - 2D/3D Image Ge,"Generative AI Development
Evolutionary Computation
Deep Learning Optimization
Expert Systems Design
Knowledge Representation
Data Preprocessing
Model Training
Research & Integration Generative AI Development
Evolutionary Computation
Deep Learning Optimization
Expert Systems Design
Knowledge Representation
Data Preprocessing
Model Training
Research & Integration","['Tensorflow', 'AWS', 'Keras', 'Deep Learning', 'Pytorch', 'Flask', 'Machine Learning', 'PySpark', 'Kafka', 'XML', 'API', 'JavaScript', 'AngularJS', 'SAP', 'RestAPI', 'PHP']",,['N/A'],Intern (Generative AI Engineering - 2D/3D Image Generation),180
Network Support Engineer,"Mikrotik Router Configuration
OLT Device Setup & Management
Integration with Billing Software
Network Monitoring Tools Integration
Connectivity Troubleshooting
Technical Support & Escalation
Installation & Configuration
GPON/EPON Expertise
Cisco, OLT, MikroTik Knowledge Mikrotik Router Configuration
OLT Device Setup & Management
Integration with Billing Software
Network Monitoring Tools Integration
Connectivity Troubleshooting
Technical Support & Escalation
Installation & Configuration
GPON/EPON Expertise
Cisco, OLT, MikroTik Knowledge","['C/C++', 'C#', 'Java', 'Javascript', 'Swift', 'HTML', 'MySQL', 'Python', 'Visual Studio', 'Eclipse', 'Unity', 'Xamarin Studio', 'Emacs', 'TextWrangler', 'Xcode', 'Sublime 2', 'OSX', 'Windows', 'Linux', 'iOS', 'Android', 'Unix Terminal', 'Adobe Photoshop', 'Adobe Indesign', 'Google Drive', 'Dropbox', 'Microsoft Office', 'iWorks', 'Google Calendar', 'Mozilla Thunderbird', 'Software Practice I/II', 'Cyber Ethics', 'Artificial Intelligence', 'Differential Equations', 'Computer Graphics', 'Probability and Stats', 'Computer Systems', 'Discrete Mathematics']",At least 3 years,"['Ensign College, SLC', 'University of Utah, SLC', 'SLC']",Network Support Engineer,181
Head of Internal Control & Compliance (ICC) - SEVP,"15+ Years Banking Experience
Audit/Inspection/ICC Leadership
Internal Audit & Compliance
Risk-Based Operational Reviews
System-Based Audit Expertise
Knowledge of Bangladeshi Laws 15+ Years Banking Experience
Audit/Inspection/ICC Leadership
Internal Audit & Compliance
Risk-Based Operational Reviews
System-Based Audit Expertise
Knowledge of Bangladeshi Laws","['iFixit Pro Tech Toolkit', 'PassMark MemTest86', 'Malwarebytes', 'Recuva', 'Ultimate Boot CD (UBCD)', 'Windows Installation USB/DVD', 'TeamViewer', 'Driver Booster', 'Falcon Dust-Off Compressed Gas Duster', 'Fluke 115 Compact True-RMS Digital Multimeter']",At least 15 years,"['Euclid, OH', 'Cleveland, OH', 'Columbus, OH']",Head of Internal Control & Compliance (ICC) - SEVP/DMD,182
Asst. Manager/ Manger (Administrative),"Administrative Support
Scheduling
Filing & Documentation
Communication
Team Support
Equipment Maintenance
Information Provision
Inventory Management
Team Collaboration
OHS Policy Development
Safety Advice
Risk Assessment
Policy Review
OHS Training
Safety Inspections
Unsafe Act Prevention
Incident Investigation
Report Preparation Administrative Support
Scheduling
Filing & Documentation
Communication
Team Support
Equipment Maintenance
Information Provision
Inventory Management
Team Collaboration
OHS Policy Development
Safety Advice
Risk Assessment
Policy Review
OHS Training
Safety Inspections
Unsafe Act Prevention
Incident Investigation
Report Preparation","['QA Engineering software expertise - Design, Estimate, Execute, Maintain and Document.', 'Technical communication skills - Bug Triage, reporting, technical reviews, Root cause analysis', 'Automation tools - Design and Implement', 'Collaborating with stakeholders - Roadmap, Managing releases, Demos, Risk mitigation planning', 'Test Methodologies: Regression Testing, Black box testing, Sanity testing, boundary analysis, requirement analysis (Static testing), Performance Testing, system integration testing, functional testing, manual testing.', 'Test Artifacts: Test Estimation, Test plan, Test coverage, Traceability matrix, bug tracking, automation design, Test scenario engineering', 'Programming Tools: Python, Katalon studio, XLS data input, UNIX Shell/PERL scripting, Groovy, REST, JSON, XML, ISO 8583, EMV tags, TCP, HTTP, POSTMAN, curl-siege, Jmeter, COBOL, JCL, CICS, Postman', 'Operating Systems: Unix-AIX, Unix-Solaris, Linux, Windows, IBM-AIX', 'Virtual Systems: VMWare, VSphere, Proxmox', 'Payment terminals: VeriFone, Ingenico, Equinox, PAX and Innowi, Key Management, KPI, DUKPT, Key Injection, KEK', 'Version Control Tools: Git-bash, Git-stash, Git-lab, TorquiseSVN, SourceTree, VSS', 'Database and Tools: Oracle 11g, Oracle 12c, PostgreSQL, MongoDB, PGAdmin 4, SQL Developer, SQL management studio, Toad, DB2', 'Project Management: Confluence, Jira, Microsoft Office Suite, Bugzilla, redmine, HP Quality center', 'Project Management Methodologies: Agile, Scrum, Waterfall, Iterative', 'Talent Management tools: HireRight, iCIMS', 'POS Systems: Micros, Restaurant Manager, Symphony, positouch, broadPOS', 'EMV Systems : BTT (UL), ICCVerify, VCMS, VTS, Astrex, Discover RCT, ATS, MAS, MDFS, ACI-Interchange, ACI-PRM, ACI- ADM, TSYS CertifyNow, FirstData CertPro and more']",At least 5 years,"['City , State', 'City , State', 'City , State']",Asst. Manager/ Manger (Administrative),183
Civil Engineer,"Design Review
Coordination
Proposal Preparation
Feasibility Analysis
Software Utilization
Supervision
Technical Support
Submission Review
Progress Reporting
Compliance
Site Visits Design Review
Coordination
Proposal Preparation
Feasibility Analysis
Software Utilization
Supervision
Technical Support
Submission Review
Progress Reporting
Compliance
Site Visits","['Data Science', 'Machine Learning', 'Artificial Intelligence', 'Data Analysis', 'Keras', 'Tensorflow', 'Pytorch', 'Python', 'AWS', 'Kubernetes', 'Kafka', 'Spark', 'PySpark', 'Hadoop', 'Deep Learning', 'Chatbot', 'Natural language processing', 'Scikit-Learn']",At least 5 years,['N/A'],Civil Engineer,184
AI Engineer,"Machine Learning Design
Data Analysis
Model Training
AI Integration
Innovation
Cross-Functional Collaboration
Model Deployment
Documentation
Analytical Skills
Communication
Team Collaboration Machine Learning Design
Data Analysis
Model Training
AI Integration
Innovation
Cross-Functional Collaboration
Model Deployment
Documentation
Analytical Skills
Communication
Team Collaboration","['3d', 'accounting', 'Accountant', 'Accounts receivables', 'Adobe Illustrator', 'Adobe Photoshop', 'Pagemaker', 'Audio Editing', 'auditing', 'banking', 'book', 'Budget preparation', 'contracts', 'cost analysis', 'credit', 'clients', 'debit', 'Dec', 'documentation', 'Dos', 'senior Management', 'finance', 'Financial', 'financial management', 'Preparation of Financial Statements', 'HR', 'Inspection', 'Inventory', 'inventory control', 'Macro Media Director', 'MS Office', '2K', 'Windows 9.x', 'works', 'MIS', 'modeling', 'Developer 2000', 'Oracle 8I', 'Oracle', 'payroll', 'policies', 'reporting', 'Sales', 'tax', 'Video Editing']",,"['City, State', 'City, State', 'Kuwait', 'City, State', 'City, State', 'Udaipur, India']",AI Engineer,185
Management Trainee - Mechanical,"Management Trainee
Mechanical Systems
Maintenance & Troubleshooting
Performance Analysis
Project Support
Process Improvement
Training & Development
Administrative Support Management Trainee
Mechanical Systems
Maintenance & Troubleshooting
Performance Analysis
Project Support
Process Improvement
Training & Development
Administrative Support","['Python', 'Machine Learning', 'Deep Learning', 'Data Analysis', 'Computer Vision', 'AWS', 'Scikit-Learn', 'Numpy', 'Java', 'C++', 'SAP']",,['N/A'],Management Trainee - Mechanical,186
Mechanical Engineer,"Machinery Maintenance
Troubleshooting
Report Preparation
Log Maintenance Machinery Maintenance
Troubleshooting
Report Preparation
Log Maintenance","['Web Development', 'Neural Networks', 'Deep Learning', 'Machine Learning', 'Python', 'TensorflowJS', 'Front End', 'HTML', 'CSS', 'JavaScript', 'Flutter']",2 to 5 years,['N/A'],Mechanical Engineer,3946
Asst. Manager/ Manger (Administrative),"Administrative Support
Scheduling
Filing & Documentation
Communication
Team Support
Equipment Maintenance
Information Provision
Inventory Management
Team Collaboration
OHS Policy Development
Safety Advice
Risk Assessment
Policy Review
OHS Training
Safety Inspections
Unsafe Act Prevention
Incident Investigation
Report Preparation Administrative Support
Scheduling
Filing & Documentation
Communication
Team Support
Equipment Maintenance
Information Provision
Inventory Management
Team Collaboration
OHS Policy Development
Safety Advice
Risk Assessment
Policy Review
OHS Training
Safety Inspections
Unsafe Act Prevention
Incident Investigation
Report Preparation","['Client engagement', 'Communication', 'Analytical and business acumen', 'Demand creation pursuits', 'Federal Government experience', 'IT support services', 'Data storage', 'Interoperability', 'Advanced data analytics']",At least 5 years,"['City, State', 'City, State', 'City, State', 'City, State']",Asst. Manager/ Manger (Administrative),187
"Full Stack Developer (Python,React js)","Full Stack Development
Front-end: ReactJS, NextJS
Backend: Python, Django
API Design
Server-Side Logic
DRF (Django REST Framework)
Database Management (PostgreSQL, MySQL)
Version Control (Git)
AWS (ECR, RDS, ECS, ALB, EC2, etc.)
Linux, Docker, CI/CD, GitLab
Terraform, Shell Scripting Full Stack Development
Front-end: ReactJS, NextJS
Backend: Python, Django
API Design
Server-Side Logic
DRF (Django REST Framework)
Database Management (PostgreSQL, MySQL)
Version Control (Git)
AWS (ECR, RDS, ECS, ALB, EC2, etc.)
Linux, Docker, CI/CD, GitLab
Terraform, Shell Scripting","['Machine learning', 'Deep learning', 'Computer vision', 'Image processing', 'Neural networks', 'Contextual Reasoning']",3 to 7 years,,"Full Stack Developer (Python,React js)",188
HR Officer,"Relationship Building
HR Collaboration
Policy Development
Training Management
Record Keeping
Compliance
Employee Development
Policy Enforcement
Communication
Task Execution Relationship Building
HR Collaboration
Policy Development
Training Management
Record Keeping
Compliance
Employee Development
Policy Enforcement
Communication
Task Execution","['Software Development', 'Data Science', 'Data Analysis', 'Data Structure', 'Business Analytics', 'Java', 'Powerbi', 'Tableau', 'SQL', 'DBMS', 'RDBMS', 'GraphQL', 'NoSQL', 'MongoDB', 'Firebase', 'Advanced Excel', 'Cloud-Testing', 'AWS', 'Azure', 'Cloud Management']",,['N/A'],HR Officer,189
Executive - VAT,"Mushak Forms Maintenance
VAT Software & MS Office Maintenance
VAT Ledger Management
VAT Challan Coordination
Liaison with VAT Office
VAT Documentation
Other Assigned Tasks Mushak Forms Maintenance
VAT Software & MS Office Maintenance
VAT Ledger Management
VAT Challan Coordination
Liaison with VAT Office
VAT Documentation
Other Assigned Tasks","['Data Science', 'Data Analysis', 'Data Structures', 'Data Warehousing', 'Data Visualization', 'Data Mining', 'Machine Learning', 'Artificial Intelligence', 'Linear Regression', 'MongoDB', 'Python', 'Django', 'Java', 'SQL', 'C++']",1 to 3 years,['N/A'],Executive - VAT,190
HR Officer,"Relationship Building
HR Collaboration
Policy Development
Training Management
Record Keeping
Compliance
Employee Development
Policy Enforcement
Communication
Task Execution Relationship Building
HR Collaboration
Policy Development
Training Management
Record Keeping
Compliance
Employee Development
Policy Enforcement
Communication
Task Execution","['accounting', 'balance sheet', 'budgets', 'client', 'clients', 'derivatives', 'drafting', 'equity', 'financial', 'financial accounting', 'financial statements', 'fixed assets', 'Funds', 'Government', 'Information Technology', 'inventory', 'investments', 'ledger', 'MA', 'Microsoft Excel', 'natural', 'page', 'payables', 'processes', 'programming', 'Real Estate', 'research', 'sales', 'scheme', 'telephone', 'writing skills']",,"['City , State', 'City , State', 'City , State', 'City , State']",HR Officer,191
Marketing Officer,"Digital Marketing Strategy
Brand Awareness, Online Traffic
Social Media Management
Google Analytics
Cross-functional Teams
Campaign Execution, SEO Digital Marketing Strategy
Brand Awareness, Online Traffic
Social Media Management
Google Analytics
Cross-functional Teams
Campaign Execution, SEO","['QA Engineering software expertise - Design, Estimate, Execute, Maintain and Document.', 'Technical communication skills - Bug Triage, reporting, technical reviews, Root cause analysis', 'Automation tools - Design and Implement', 'Collaborating with stakeholders - Roadmap, Managing releases, Demos, Risk mitigation planning', 'Test Methodologies: Regression Testing, Black box testing, Sanity testing, boundary analysis, requirement analysis (Static testing), Performance Testing, system integration testing, functional testing, manual testing.', 'Test Artifacts: Test Estimation, Test plan, Test coverage, Traceability matrix, bug tracking, automation design, Test scenario engineering', 'Programming Tools: Python, Katalon studio, XLS data input, UNIX Shell/PERL scripting, Groovy, REST, JSON, XML, ISO 8583, EMV tags, TCP, HTTP, POSTMAN, curl-siege, Jmeter, COBOL, JCL, CICS, Postman', 'Operating Systems: Unix-AIX, Unix-Solaris, Linux, Windows, IBM-AIX', 'Virtual Systems: VMWare, VSphere, Proxmox', 'Payment terminals: VeriFone, Ingenico, Equinox, PAX and Innowi, Key Management, KPI, DUKPT, Key Injection, KEK', 'Version Control Tools: Git-bash, Git-stash, Git-lab, TorquiseSVN, SourceTree, VSS', 'Database and Tools: Oracle 11g, Oracle 12c, PostgreSQL, MongoDB, PGAdmin 4, SQL Developer, SQL management studio, Toad, DB2', 'Project Management: Confluence, Jira, Microsoft Office Suite, Bugzilla, redmine, HP Quality center', 'Project Management Methodologies: Agile, Scrum, Waterfall, Iterative', 'Talent Management tools: HireRight, iCIMS', 'POS Systems: Micros, Restaurant Manager, Symphony, positouch, broadPOS', 'EMV Systems : BTT (UL), ICCVerify, VCMS, VTS, Astrex, Discover RCT, ATS, MAS, MDFS, ACI-Interchange, ACI-PRM, ACI- ADM, TSYS CertifyNow, FirstData CertPro and more']",At least 1 year,"['City , State', 'City , State', 'City , State']",Marketing Officer,192
Machine Learning (ML) Engineer,"Machine Learning Leadership
Cross-Functional Collaboration
Strategy Development
ML/NLP Infrastructure
Prototype Transformation
ML System Design
Algorithm Research
Application Development
Dataset Selection
ML Testing
Statistical Analysis
R&D in ML/NLP
Text Representation
Data Pipeline Design
Statistical Data Analysis
Model Training
Team Collaboration
Research Reporting
Algorithm Analysis Machine Learning Leadership
Cross-Functional Collaboration
Strategy Development
ML/NLP Infrastructure
Prototype Transformation
ML System Design
Algorithm Research
Application Development
Dataset Selection
ML Testing
Statistical Analysis
R&D in ML/NLP
Text Representation
Data Pipeline Design
Statistical Data Analysis
Model Training
Team Collaboration
Research Reporting
Algorithm Analysis","['Technical Support', 'Telecom Support', 'Networking Support', 'Software/PC/LAN Troubleshooting', 'Installing, Configuring, Troubleshooting Windows, Linux and OS X', 'Installing, Configuring, Troubleshooting SoHo Networks', 'Creating & Updating documentation', 'Software Installation, configuring, and Troubleshooting', 'Implementing, Configuring network and End User Security', 'Mobile device Support', 'Printer Support', 'CLI Knowledge', 'VOIP, Video Chat Support', 'Critical Thinking with Root Cause Analysis', 'Encryption', 'File Structures', 'Network Protocols', 'AAA Security Model', 'Accounts and Group policy', 'Browser Support', 'Operating Systems: Windows 7-10, Ubuntu 14.04, OS X 10.8-10.11, ChromeOS, iOS9, Android', 'Applications: MS Office 2010-2016 (Word, Excel, PowerPoint, Outlook), Google Apps (Drive, Docs, Sheets, Slides, Keep, Forms, Sites), Google Drive Sync Client, Internet Explorer, Firefox, Chrome, Safari, Edge, OpenVPN, Wireshark, Sublime Text, MSRA, Microsoft RDP, OpenSSH, Puppet, SCCM 2012 iOS-MDM', 'Networking: TCP/IP, DNS, DHCP, LAN/WAN, VPN/Remote Connectivity - OpenVPN, some basic Cisco iOS, Microsoft Virtual PC/Hyper-V, TeamViewer, Terminal Services, Netgear, Linksys, Firewall, Ports, experience in Routing & Switching (OSPF / BGP / VLAN / STP)', 'Hardware: Dell, HP, IBM/Lenovo, Apple, Microsoft, desktop, laptops. Android Smartphones tables, and wearables. iPhones and iPads. Printers, Routers, Switches, Modems, Wireless Routers, Video Conferencing equipment (TV, Projectors, Microphones, Speakers)', 'Security: Basic knowledge of IPSEC / SSL-VPN / NAT / GRE, some experience with Authentication Protocols (Radius / TACACS), Strong desire to learn more', 'A+', 'Active Directory', 'Antivirus', 'Apple', 'Bash', 'Basic', 'BGP', 'CAD', 'call center', 'CCNA', 'CD-ROM', 'CLI', 'Cisco iOS', 'Cisco', 'com', 'Hardware', 'computer hardware', 'Council', 'Critical Thinking', 'Encryption', 'Client', 'Dell', 'DHCP', 'documentation', 'DNS', 'Edge', 'email', 'Firewall', 'Forms', 'Help Desk Support', 'HP', 'IBM', 'Insurance', 'Internet Explorer', 'LAN', 'laptops', 'Linux and OS', 'Linux', 'access', 'Excel', 'mail', 'Microsoft Office', 'MS Office', 'Outlook', 'PowerPoint', 'Windows 7', 'Microsoft Windows', 'Windows', 'Word', 'Modems', 'MSI', 'Networking I', 'Network', 'Networking', 'Networks', 'Operating Systems', 'OS', 'OSPF', 'policies', 'Printer', 'Printers', 'Protocols', 'Python', 'Routers', 'Routing', 'scripting', 'Software Installation', 'SolidWorks', 'SSL', 'Switches', 'system administration', 'tables', 'TCP/IP', 'TV', 'troubleshooting I', 'Troubleshooting', 'Video', 'Video Conferencing', 'VPN', 'VOIP', 'WAN']",At least 5 year(s),"['City , State', 'City , State']",Machine Learning (ML) Engineer,193
"Full Stack Developer (Python,React js)","Full Stack Development
Front-end: ReactJS, NextJS
Backend: Python, Django
API Design
Server-Side Logic
DRF (Django REST Framework)
Database Management (PostgreSQL, MySQL)
Version Control (Git)
AWS (ECR, RDS, ECS, ALB, EC2, etc.)
Linux, Docker, CI/CD, GitLab
Terraform, Shell Scripting Full Stack Development
Front-end: ReactJS, NextJS
Backend: Python, Django
API Design
Server-Side Logic
DRF (Django REST Framework)
Database Management (PostgreSQL, MySQL)
Version Control (Git)
AWS (ECR, RDS, ECS, ALB, EC2, etc.)
Linux, Docker, CI/CD, GitLab
Terraform, Shell Scripting","['Seasoned Leadership', 'Experienced Manager', 'Motivated', 'Balanced']",3 to 7 years,"['City , State', 'City , State', 'City , State', 'City , State', 'City , State']","Full Stack Developer (Python,React js)",194
Asst. Manager/ Manger (Administrative),"Administrative Support
Scheduling
Filing & Documentation
Communication
Team Support
Equipment Maintenance
Information Provision
Inventory Management
Team Collaboration
OHS Policy Development
Safety Advice
Risk Assessment
Policy Review
OHS Training
Safety Inspections
Unsafe Act Prevention
Incident Investigation
Report Preparation Administrative Support
Scheduling
Filing & Documentation
Communication
Team Support
Equipment Maintenance
Information Provision
Inventory Management
Team Collaboration
OHS Policy Development
Safety Advice
Risk Assessment
Policy Review
OHS Training
Safety Inspections
Unsafe Act Prevention
Incident Investigation
Report Preparation","['Software Engineer', 'Data Analyst', 'Machine Learning', 'Text Analytics', 'Software Development', 'Object Oriented Programming', 'Pandas', 'Numpy', 'Java', 'Python', 'SpringBoot', 'Laravel']",At least 5 years,['N/A'],Asst. Manager/ Manger (Administrative),195
Intern (Generative AI Engineering - 2D/3D Image Ge,"Generative AI Development
Evolutionary Computation
Deep Learning Optimization
Expert Systems Design
Knowledge Representation
Data Preprocessing
Model Training
Research & Integration Generative AI Development
Evolutionary Computation
Deep Learning Optimization
Expert Systems Design
Knowledge Representation
Data Preprocessing
Model Training
Research & Integration","['Snowflake', 'Python', 'C++', 'R', 'SQL', 'Tableau', 'PyTorch']",,"['Remote', 'Vancouver, BC', 'Toronto, Canada']",Intern (Generative AI Engineering - 2D/3D Image Generation),196
AI Engineer,"Machine Learning Design
Data Analysis
Model Training
AI Integration
Innovation
Cross-Functional Collaboration
Model Deployment
Documentation
Analytical Skills
Communication
Team Collaboration Machine Learning Design
Data Analysis
Model Training
AI Integration
Innovation
Cross-Functional Collaboration
Model Deployment
Documentation
Analytical Skills
Communication
Team Collaboration","['Data science', 'Deep learning', 'Neural networks', 'Artificial intelligence', 'Machine learning', 'Regression Analysis', 'Data structures', 'Embedded C', 'Microcontroller', 'Arduino', 'Network Management']",,['N/A'],AI Engineer,197
Mechanical Designer,"Design Creation
CAD Drawings
Design Optimization
Team Collaboration
Compliance Assurance
Design Reviews
Manufacturing Support
Documentation Design Creation
CAD Drawings
Design Optimization
Team Collaboration
Compliance Assurance
Design Reviews
Manufacturing Support
Documentation","['Accounting operations', 'Complex problem solving', 'Effective time management', 'Strong organizational skills', 'General ledger accounting', 'Account reconciliation expert', 'Flexible team player', 'Strong communication skills', 'NetSuite', 'Epicor', 'Sage', 'Quickbooks', 'Office Master System', 'Peachtree', 'GLACIER Tax Prep', 'Intuit Payroll', 'ChasePaymentech', 'Word', 'Excel', 'Outlook']",At least 5 years,"['City, State', 'City, State', 'City, State', 'City, State']",Mechanical Designer,198
Executive - VAT,"Mushak Forms Maintenance
VAT Software & MS Office Maintenance
VAT Ledger Management
VAT Challan Coordination
Liaison with VAT Office
VAT Documentation
Other Assigned Tasks Mushak Forms Maintenance
VAT Software & MS Office Maintenance
VAT Ledger Management
VAT Challan Coordination
Liaison with VAT Office
VAT Documentation
Other Assigned Tasks","['Business Development & Sales Leadership', 'Sales Presentations', 'Client Development', 'Strategic Planning', 'Market Expansion', 'Team Building & Leadership', 'Client Engagement', 'Market Analysis/Competitive Positioning', 'Sales Forecasting', 'Vendor Sourcing/Relations', 'Change Management', 'Process Improvement', 'Profit Improvement', 'account management', 'streamline', 'business development', 'cold calling', 'compliance management', 'inventory management', 'inventory levels', 'inventory control', 'logistics', 'mailing', 'marketing strategies', 'process management', 'sales', 'VoIP']",1 to 3 years,"['City, State', 'City, State', 'City, State', 'City, State']",Executive - VAT,199
Sr.Officer / Executive - Internal Audit,"Internal Audit Assistance
Voucher & Bill Verification
Cost Sheet Analysis
L/C Voucher Verification
Expense Verification
Salary & Wages Verification
Market Rate Verification Internal Audit Assistance
Voucher & Bill Verification
Cost Sheet Analysis
L/C Voucher Verification
Expense Verification
Salary & Wages Verification
Market Rate Verification","['Data Analysis', 'Tableau', 'PowerBI', 'R', 'Python', 'Statistical Analysis', 'L1 L2 Regression', 'Machine Learning']",2 to 4 years,['N/A'],Sr.Officer / Executive - Internal Audit,200
Network Support Engineer,"Mikrotik Router Configuration
OLT Device Setup & Management
Integration with Billing Software
Network Monitoring Tools Integration
Connectivity Troubleshooting
Technical Support & Escalation
Installation & Configuration
GPON/EPON Expertise
Cisco, OLT, MikroTik Knowledge Mikrotik Router Configuration
OLT Device Setup & Management
Integration with Billing Software
Network Monitoring Tools Integration
Connectivity Troubleshooting
Technical Support & Escalation
Installation & Configuration
GPON/EPON Expertise
Cisco, OLT, MikroTik Knowledge","['Plastics Manufacturing Processes', 'Process Engineering & QA Management', 'New product design and development', 'AutoCAD', 'Bluehill testing software', 'Solidworks', 'Algore FEA', 'Matlab', 'Microsoft Office', 'ISO 9001/AS9100 standards', 'ASTM Material testing and chemical evaluations of materials', 'Design and drafting of custom seal solutions', 'ProE', 'Ansys', 'LabView']",At least 3 years,"['City , State', 'City , State', None]",Network Support Engineer,201
Database Administrator (DBA),"Database Design & Development
SQL Query Optimization
Data Integrity & Security
BI Solutions Development
ETL Process Implementation
Database Maintenance
Backup & Restore Management
Index Rebuilding & Performance Tuning
SQL Server Clustering & High Availability
SQL Server Replication
High Availability Group Management
Database Monitoring & Troubleshooting Database Design & Development
SQL Query Optimization
Data Integrity & Security
BI Solutions Development
ETL Process Implementation
Database Maintenance
Backup & Restore Management
Index Rebuilding & Performance Tuning
SQL Server Clustering & High Availability
SQL Server Replication
High Availability Group Management
Database Monitoring & Troubleshooting","['account reconciliation', 'accounting', 'accounts payable', 'accruals', 'accrual', 'balance sheet', 'Balance', 'balance sheets', 'bank reconciliation', 'benefits', 'billing', 'budgeting', 'COBOL', 'Computer Programming', 'corporate accounting', 'credit', 'dialysis', 'documentation', 'senior management', 'expense reports', 'finance', 'financial', 'financial reports', 'financial statements', 'fixed assets', 'general ledger', 'insurance', 'letters', 'Access', 'Excel', 'money', 'PowerPoint', 'Word', 'month-end closing', 'month end close', 'primary care', 'processes', 'profit and loss', 'real estate', 'reporting', 'sales', 'SAP', 'settlements', 'tax', 'taxes', 'treasury', 'year-end']",At least 1 year,"['City , State', 'City , State', 'City , State', 'City , State', 'City , State', 'City , State', 'City , State']",Database Administrator (DBA),202
Data Science Engineer,"Application Development
Object-Oriented Design
Collaboration
Problem-Solving
Software Lifecycle
Innovation
Software Testing
System Analysis
Performance Monitoring
Plugin Development
Documentation
Integration Support Application Development
Object-Oriented Design
Collaboration
Problem-Solving
Software Lifecycle
Innovation
Software Testing
System Analysis
Performance Monitoring
Plugin Development
Documentation
Integration Support","['Data Science', 'Data Analysis', 'Machine Learning', 'Deep Learning', 'Statistical Analysis', 'Data Mining', 'Computer Vision', 'Algorithm Development', 'Linear Regression', 'Market Basket Analysis', 'Python', 'R', 'SQL', 'NoSQL']",At least 2 years,"['N/A', 'N/A']",Data Science Engineer,203
Mechanical Engineer,"Machinery Maintenance
Troubleshooting
Report Preparation
Log Maintenance Machinery Maintenance
Troubleshooting
Report Preparation
Log Maintenance","['Business analyst', 'Data modeling', 'Business intelligence', 'ERP implementation', 'html', 'Requirement Gathering', 'Power Bi', 'Project Management']",2 to 5 years,[None],Mechanical Engineer,204
Business Development Executive,"Apparel Sourcing
Quality Garment Sourcing
Reliable Partner
Buyer/Vendor Communication Apparel Sourcing
Quality Garment Sourcing
Reliable Partner
Buyer/Vendor Communication","['Accounting', 'Sales', 'Inventory', 'Payroll', 'Reconciliations', 'Bookkeeper', 'Audits', 'Operations', 'Accounts Payable', 'Accounts Receivable', 'Assembly', 'Closings', 'Contracts', 'Customer Service', 'Direct Sales', 'Fixed Assets', 'Food Safety', 'Government Contracts', 'Logistics', 'Maintenance', 'Quality Assurance', 'Receptionist', 'Retail Sales', 'Shipping', 'USDA', 'Staffing', 'Cash', 'Clerk', 'Merchandising', 'Ordering', 'Automated Payroll', 'Payroll Processing', 'Software Training', 'Training', 'Accountant', 'Credit', 'Billing', 'CSI', 'Excel', 'MS Excel', 'Networking', 'Forecasting', 'GL', 'Telephone', 'Adjustments', 'Audit', 'Balance Sheet', 'Budgeting', 'Monthly Sales', 'Sales Tax', 'Annuities', 'CPA', 'Life Insurance', 'Procedure Writing', 'Project Management', 'Public Relations', 'Team Building', 'Administrative Manager', 'HR', 'Microsoft Office', 'Purchase Orders']",1 to 3 years,"['City, State', 'City, State', 'City, State', 'City, State', 'City, State', 'City, State', 'City, State', 'City, State']",Business Development Executive,205
Senior iOS Engineer,"iOS Lifecycle
Requirement Analysis
Native Frameworks
iOS Development
API Integration
Technical Communication
UI Design
Performance Optimization
Feature Collaboration
Bug Fixing
Code Translation
High-Performance Development
Task Management
Cross-Team Collaboration
Code Quality iOS Lifecycle
Requirement Analysis
Native Frameworks
iOS Development
API Integration
Technical Communication
UI Design
Performance Optimization
Feature Collaboration
Bug Fixing
Code Translation
High-Performance Development
Task Management
Cross-Team Collaboration
Code Quality","['python', 'C++', 'Haskell', 'PyTorch', 'JAX', 'Pandas', 'scikit-learn', 'matplotlib', 'Linux', 'bash', 'Unity', 'HPC', 'git']",At least 4 years,"[None, None, None, None, None, None, None]",Senior iOS Engineer,206
Senior Software Engineer,"Technical Support
Troubleshooting
Collaboration
Documentation
System Monitoring
Software Deployment
Training & Mentorship
Industry Trends
Field Visits




 Technical Support
Troubleshooting
Collaboration
Documentation
System Monitoring
Software Deployment
Training & Mentorship
Industry Trends
Field Visits




","['Requirement Analysis', 'Machine Learning', 'Predictive Analytics', 'Python', 'Tableau', 'PowerBI', 'R', 'SQL', 'Advanced Excel', 'Business Analytics']",At least 1 year,['N/A'],Senior Software Engineer,207
Management Trainee - Mechanical,"Management Trainee
Mechanical Systems
Maintenance & Troubleshooting
Performance Analysis
Project Support
Process Improvement
Training & Development
Administrative Support Management Trainee
Mechanical Systems
Maintenance & Troubleshooting
Performance Analysis
Project Support
Process Improvement
Training & Development
Administrative Support","['3D modeling', 'architectural drafting', 'AutoCAD', 'read blueprints', 'carpentry', 'Detail oriented', 'drafting', 'email', 'floor plans', 'frame', '3dsMax', 'mechanical', 'messaging', 'Microsoft Office applications', 'Multi-tasking', 'painting', 'problem solving skills', 'reading', 'renovation', 'Revit', 'self-motivated', 'supervisor']",,"['City, State', 'City, State', 'City, State', 'City, State']",Management Trainee - Mechanical,208
Business Development Executive,"Apparel Sourcing
Quality Garment Sourcing
Reliable Partner
Buyer/Vendor Communication Apparel Sourcing
Quality Garment Sourcing
Reliable Partner
Buyer/Vendor Communication","['active directory', 'bridges', 'client', 'Designing', 'DHCP', 'DNS', 'imaging', 'ITIL v', 'Managing', 'messaging', 'access', 'MCSE', 'mail', 'office', 'outlook', 'Microsoft technologies', 'Windows', 'window', 'Migration', 'network', 'networks', 'producer', 'routers', 'servers', 'SLA', 'technical support', 'desktop support', 'troubleshooting', 'upgrade']",1 to 3 years,"['USA', None, None, None]",Business Development Executive,209
Mechanical Engineer,"Machinery Maintenance
Troubleshooting
Report Preparation
Log Maintenance Machinery Maintenance
Troubleshooting
Report Preparation
Log Maintenance","['C', 'C++', 'Python', 'JAVA', 'HTML', 'CSS', 'JavaScript', 'Data Structures', 'SQL', 'PyCharm', 'Jupyter Notebook', 'Google Colab', 'Code Blocks', 'MATLAB', 'Turbo C++', 'MS Office', 'Scikit-Learn', 'TensorFlow', 'OpenCV', 'NumPy', 'Pytesseract', 'Keras']",2 to 5 years,"['N/A', 'N/A']",Mechanical Engineer,210
Intern (Generative AI Engineering - 2D/3D Image Ge,"Generative AI Development
Evolutionary Computation
Deep Learning Optimization
Expert Systems Design
Knowledge Representation
Data Preprocessing
Model Training
Research & Integration Generative AI Development
Evolutionary Computation
Deep Learning Optimization
Expert Systems Design
Knowledge Representation
Data Preprocessing
Model Training
Research & Integration","['Bluebeam', 'Mathcad', 'Microsoft Word', 'Excel', 'Project', 'Powerpoint', 'Autocad Civil 3D']",,"['City, State', 'City, State', 'City, State']",Intern (Generative AI Engineering - 2D/3D Image Generation),211
DevOps Engineer,"Open-Source Technologies
CI/CD Culture & Tooling
Product Availability & Scalability
Automation (Build & Deploy)
Monitoring & Reliability
Infrastructure Innovation
Software Engineering Velocity
Infrastructure Resiliency
Security & Data Availability Open-Source Technologies
CI/CD Culture & Tooling
Product Availability & Scalability
Automation (Build & Deploy)
Monitoring & Reliability
Infrastructure Innovation
Software Engineering Velocity
Infrastructure Resiliency
Security & Data Availability","['Machine Learning', 'Python', 'SQL', 'Artificial Intelligence', 'Business Analytics', 'Data Extraction', 'Data Analysis', 'Python', 'Haskell', 'Flutter', 'Android']",At least 3 years,['N/A'],DevOps Engineer,212
AI Engineer,"Machine Learning Design
Data Analysis
Model Training
AI Integration
Innovation
Cross-Functional Collaboration
Model Deployment
Documentation
Analytical Skills
Communication
Team Collaboration Machine Learning Design
Data Analysis
Model Training
AI Integration
Innovation
Cross-Functional Collaboration
Model Deployment
Documentation
Analytical Skills
Communication
Team Collaboration","['Data Science', 'Data Analytics', 'Database Management', 'Data Analysis', 'Data Mining', 'Data Modelling', 'Data Integration', 'Machine Learning', 'Statistical Modelling', 'Natural Language Processing', 'Predictive Analytics', 'Python', 'SQL', 'Flask']",,['N/A'],AI Engineer,213
Network Support Engineer,"Mikrotik Router Configuration
OLT Device Setup & Management
Integration with Billing Software
Network Monitoring Tools Integration
Connectivity Troubleshooting
Technical Support & Escalation
Installation & Configuration
GPON/EPON Expertise
Cisco, OLT, MikroTik Knowledge Mikrotik Router Configuration
OLT Device Setup & Management
Integration with Billing Software
Network Monitoring Tools Integration
Connectivity Troubleshooting
Technical Support & Escalation
Installation & Configuration
GPON/EPON Expertise
Cisco, OLT, MikroTik Knowledge","['Data Science', 'Data Analysis', 'Machine Learning', 'Deep Learning', 'Statistical Analysis', 'Data Mining', 'Computer Vision', 'Algorithm Development', 'Linear Regression', 'Market Basket Analysis', 'Python', 'R', 'SQL', 'NoSQL']",At least 3 years,"['N/A', 'N/A']",Network Support Engineer,214
Data Science Engineer,"Application Development
Object-Oriented Design
Collaboration
Problem-Solving
Software Lifecycle
Innovation
Software Testing
System Analysis
Performance Monitoring
Plugin Development
Documentation
Integration Support Application Development
Object-Oriented Design
Collaboration
Problem-Solving
Software Lifecycle
Innovation
Software Testing
System Analysis
Performance Monitoring
Plugin Development
Documentation
Integration Support","['Communication Skills', 'High efficiency', 'High attention to Details', 'ERP/Accounting systems Proficiency', 'Advanced utilization Microsoft Office Suite', 'Excel']",At least 2 years,"['City, State', 'City, State', 'City, State', 'City, State', 'City, State']",Data Science Engineer,215
Data Science Engineer,"Application Development
Object-Oriented Design
Collaboration
Problem-Solving
Software Lifecycle
Innovation
Software Testing
System Analysis
Performance Monitoring
Plugin Development
Documentation
Integration Support Application Development
Object-Oriented Design
Collaboration
Problem-Solving
Software Lifecycle
Innovation
Software Testing
System Analysis
Performance Monitoring
Plugin Development
Documentation
Integration Support","['SAAS', 'Data Analyst', 'SQL', 'SPSS', 'Statistical Analysis', 'Microsoft Azure', 'Power Bi', 'MySQL', 'Excel', 'Data Visualization', 'Data Interpretation', 'Data Extraction', 'Cloud Computing', 'Business Intelligence']",At least 2 years,['N/A'],Data Science Engineer,257
Database Administrator (DBA),"Database Design & Development
SQL Query Optimization
Data Integrity & Security
BI Solutions Development
ETL Process Implementation
Database Maintenance
Backup & Restore Management
Index Rebuilding & Performance Tuning
SQL Server Clustering & High Availability
SQL Server Replication
High Availability Group Management
Database Monitoring & Troubleshooting Database Design & Development
SQL Query Optimization
Data Integrity & Security
BI Solutions Development
ETL Process Implementation
Database Maintenance
Backup & Restore Management
Index Rebuilding & Performance Tuning
SQL Server Clustering & High Availability
SQL Server Replication
High Availability Group Management
Database Monitoring & Troubleshooting","['Adobe Creative Suite', 'Adobe Acrobat', 'Photoshop', 'advertising', 'API', 'benefits', 'Branding', 'business development', 'competitive', 'Competitive Analysis', 'Content Development', 'creativity', 'CRM', 'Client Support', 'data management', 'Illustrator', 'InDesign', 'DIRECTOR', 'marketing plans', 'Market Research', 'Marketing Strategies', 'marketing strategist', 'marketing', 'market', 'Media Relations', 'messaging', 'Microsoft Dynamics', 'MS Outlook', 'works', 'communicator', 'organizational skills', 'outside sales', 'Positioning', 'presenter', 'problem-solver', 'processes', 'purchasing', 'quality control', 'Fast learner', 'Real Estate', 'reporting', 'research', 'Sales', 'software development', 'strategy', 'strategic', 'technical sales', 'trainer', 'Training Materials', 'vision', 'writer']",At least 1 year,"['N/A', 'Corporate Atlantic Region', 'N/A']",Database Administrator (DBA),216
"Executive/ Senior Executive- Trade Marketing, Hygi","Trade Marketing Executive
Brand Visibility, Sales Targets
Field Marketing, Campaigns, Product Distribution
Brand Head
Excel, KPIs Tracking Trade Marketing Executive
Brand Visibility, Sales Targets
Field Marketing, Campaigns, Product Distribution
Brand Head
Excel, KPIs Tracking","['Web Developer', 'Data Analyst', 'Web Development', 'Machine Learning', 'Python', 'FrontEnd', 'HTML', 'Javascript', 'PHP', 'CSS', 'MySQL', 'Java', 'Data Structures', 'OOP', 'Algorithms', 'C']",At least 3 years,['N/A'],"Executive/ Senior Executive- Trade Marketing, Hygiene Products",217
Senior iOS Engineer,"iOS Lifecycle
Requirement Analysis
Native Frameworks
iOS Development
API Integration
Technical Communication
UI Design
Performance Optimization
Feature Collaboration
Bug Fixing
Code Translation
High-Performance Development
Task Management
Cross-Team Collaboration
Code Quality iOS Lifecycle
Requirement Analysis
Native Frameworks
iOS Development
API Integration
Technical Communication
UI Design
Performance Optimization
Feature Collaboration
Bug Fixing
Code Translation
High-Performance Development
Task Management
Cross-Team Collaboration
Code Quality","['Exceptional time management', 'Operational analysis', 'Root cause analysis', 'Technical plan execution aptitude', 'Highly dependable', 'Detail-oriented', 'Strong leader', 'Manufacturing process controls', 'Proficient in SolidWorks', 'Decisive', 'Product improvement', 'A+', 'client server', 'hardware', 'computer networks', 'Computer sales', 'clients', 'database', 'desktops', 'Documentation', 'functional', 'HP', 'HP NetServers', 'Inventory management and Control', 'laptops', 'marketing', 'materials', 'Windows', 'windows XP', 'Migration', 'network printers', 'network', 'NICs', 'operating systems', 'OS', 'progress', 'Protocols', 'Purchasing', 'QA', 'RAID', 'repairs', 'repairing', 'servers', 'specification', 'Technical Support', 'Troubleshoot', 'Troubleshooting', 'Upgrading', 'usability testing', 'validation', 'Vista']",At least 4 years,"['City, State', 'City, State', 'City, State', 'City, State', 'City, State', 'City, State', 'City, State', 'City, State']",Senior iOS Engineer,218
Database Administrator (DBA),"Database Design & Development
SQL Query Optimization
Data Integrity & Security
BI Solutions Development
ETL Process Implementation
Database Maintenance
Backup & Restore Management
Index Rebuilding & Performance Tuning
SQL Server Clustering & High Availability
SQL Server Replication
High Availability Group Management
Database Monitoring & Troubleshooting Database Design & Development
SQL Query Optimization
Data Integrity & Security
BI Solutions Development
ETL Process Implementation
Database Maintenance
Backup & Restore Management
Index Rebuilding & Performance Tuning
SQL Server Clustering & High Availability
SQL Server Replication
High Availability Group Management
Database Monitoring & Troubleshooting","['accounting', 'balance sheet', 'budgets', 'client', 'clients', 'derivatives', 'drafting', 'equity', 'financial', 'financial accounting', 'financial statements', 'fixed assets', 'Funds', 'Government', 'Information Technology', 'inventory', 'investments', 'ledger', 'MA', 'Microsoft Excel', 'natural', 'page', 'payables', 'processes', 'programming', 'Real Estate', 'research', 'sales', 'scheme', 'telephone', 'writing skills']",At least 1 year,"['City , State', 'City , State', 'City , State', 'City , State']",Database Administrator (DBA),219
"Manager- Human Resource Management (HRM)
","Recruitment Coordination
Appointment Management
Selection Criteria
Employee Orientation
Performance Evaluation
HR Database Management
Report Compilation
Documentation
Event Coordination
Task Execution Recruitment Coordination
Appointment Management
Selection Criteria
Employee Orientation
Performance Evaluation
HR Database Management
Report Compilation
Documentation
Event Coordination
Task Execution","['accounting', 'Accountant', 'Arabic', 'Balance Sheet', 'bank reconciliations', 'com', 'resolve customer complaints', 'Customer Service', 'databases', 'delivery', 'E-mail', 'English', 'expense reports', 'Financial', 'Financial and accounting', 'financial statements', 'forms', 'general ledger', 'Lecturer', 'excel', 'office', 'Microsoft word', 'Page', 'pricing', 'QuickBooks', 'telephone', 'phone', 'workflow', 'written']",5 to 6 years,"['Green Towers Egypt, Alexandria', 'N/A', 'City', 'N/A']","Manager- Human Resource Management (HRM)
",220
Senior iOS Engineer,"iOS Lifecycle
Requirement Analysis
Native Frameworks
iOS Development
API Integration
Technical Communication
UI Design
Performance Optimization
Feature Collaboration
Bug Fixing
Code Translation
High-Performance Development
Task Management
Cross-Team Collaboration
Code Quality iOS Lifecycle
Requirement Analysis
Native Frameworks
iOS Development
API Integration
Technical Communication
UI Design
Performance Optimization
Feature Collaboration
Bug Fixing
Code Translation
High-Performance Development
Task Management
Cross-Team Collaboration
Code Quality","['Academic', 'Documentation', 'Edge', 'Fiber optics', 'Laser', 'Mechanical', 'Scanning']",At least 4 years,"['City, State', 'City, State', 'City']",Senior iOS Engineer,221
"Executive/ Senior Executive- Trade Marketing, Hygi","Trade Marketing Executive
Brand Visibility, Sales Targets
Field Marketing, Campaigns, Product Distribution
Brand Head
Excel, KPIs Tracking Trade Marketing Executive
Brand Visibility, Sales Targets
Field Marketing, Campaigns, Product Distribution
Brand Head
Excel, KPIs Tracking","['DMAIC', 'Failure Modes and Effective Analysis (FMEA)', 'Kaizen', 'Lean Manufacturing', '5S', 'Value Stream Mapping', 'Root Cause Analysis', 'PFMEA', 'Statistical Process Control', 'Process Capability', 'ANOVA', 'Gage R & R', 'Programmable Logic controls (PLC)', 'Discrete Control system (DCS)', 'Microsoft office', 'Minitab', 'Pro-E', 'Auto-Cad', 'C++', 'C', 'Visual Basics']",At least 3 years,"['City, State', None, 'Navi Mumbai, India', None]","Executive/ Senior Executive- Trade Marketing, Hygiene Products",253
DevOps Engineer,"Open-Source Technologies
CI/CD Culture & Tooling
Product Availability & Scalability
Automation (Build & Deploy)
Monitoring & Reliability
Infrastructure Innovation
Software Engineering Velocity
Infrastructure Resiliency
Security & Data Availability Open-Source Technologies
CI/CD Culture & Tooling
Product Availability & Scalability
Automation (Build & Deploy)
Monitoring & Reliability
Infrastructure Innovation
Software Engineering Velocity
Infrastructure Resiliency
Security & Data Availability","['Live Electrical', 'Arc Flash', 'Lock-Out/Tag-Out', 'ESD', 'functional testing', 'test equipment repair and operation', 'troubleshooting', 'ISO-9001 standards', 'electrical equipment operation', 'Mechanical repair', 'oil servicing', 'Power Generation', 'soldering', 'electrical component repair', 'safety awareness', 'schematics', 'blueprints', 'drawings', 'various testing equipment', 'equipment/wiring installation', 'solenoid/valves', 'PC repair', 'fabrication', 'well organized', 'self motivated', 'excellent written and verbal communication skills']",At least 3 years,"['City , State', 'City , State', 'City , State', 'N/A']",DevOps Engineer,222
Network Support Engineer,"Mikrotik Router Configuration
OLT Device Setup & Management
Integration with Billing Software
Network Monitoring Tools Integration
Connectivity Troubleshooting
Technical Support & Escalation
Installation & Configuration
GPON/EPON Expertise
Cisco, OLT, MikroTik Knowledge Mikrotik Router Configuration
OLT Device Setup & Management
Integration with Billing Software
Network Monitoring Tools Integration
Connectivity Troubleshooting
Technical Support & Escalation
Installation & Configuration
GPON/EPON Expertise
Cisco, OLT, MikroTik Knowledge","['Python', 'Java', 'HTML 5', 'SQL', 'C Programming', 'Excel', 'Access']",At least 3 years,"['Minneapolis, Minnesota', 'Fargo, North Dakota']",Network Support Engineer,223
Network Support Engineer,"Mikrotik Router Configuration
OLT Device Setup & Management
Integration with Billing Software
Network Monitoring Tools Integration
Connectivity Troubleshooting
Technical Support & Escalation
Installation & Configuration
GPON/EPON Expertise
Cisco, OLT, MikroTik Knowledge Mikrotik Router Configuration
OLT Device Setup & Management
Integration with Billing Software
Network Monitoring Tools Integration
Connectivity Troubleshooting
Technical Support & Escalation
Installation & Configuration
GPON/EPON Expertise
Cisco, OLT, MikroTik Knowledge","['Data Analysis', 'Data Visualization', 'Deep Learning', 'Machine Learning', 'Adobe Analytics', 'Excel', 'Matplotlib', 'Python']",At least 3 years,['N/A'],Network Support Engineer,224
Site Engineer,"Supervision
Monitoring
Construction
Estimation
Planning
Material Management
Project Coordination
Quality Assurance
Cost Control
Inventory
Operations
Safety
Error Escalation
Miscellaneous Tasks




 Supervision
Monitoring
Construction
Estimation
Planning
Material Management
Project Coordination
Quality Assurance
Cost Control
Inventory
Operations
Safety
Error Escalation
Miscellaneous Tasks




","['Research Associate', 'Business Analyst', 'Business Analytics', 'Data Mining', 'Data Modeling', 'Predictive Analysis', 'Business Intelligence', 'Machine Learning', 'Market Research', 'Customer Engagement', 'Risk Management', 'Retention', 'Audience', 'Python']",1 to 2 years,['N/A'],Site Engineer,225
Executive/ Sr. Executive -IT,"Hardware & Software Installation
System Monitoring
IT Support
Networking Expertise
Mail Server Administration
Security Management
Troubleshooting & Repair
Operations Support Hardware & Software Installation
System Monitoring
IT Support
Networking Expertise
Mail Server Administration
Security Management
Troubleshooting & Repair
Operations Support","['Machine learning', 'Data science', 'PowerBI', 'Data visualisation', 'Data Mining', 'Data Modelling', 'Data Extraction', 'Text Analysis', 'Natural Language Processing']",3 to 5 years,['N/A'],Executive/ Sr. Executive -IT,226
Network Support Engineer,"Mikrotik Router Configuration
OLT Device Setup & Management
Integration with Billing Software
Network Monitoring Tools Integration
Connectivity Troubleshooting
Technical Support & Escalation
Installation & Configuration
GPON/EPON Expertise
Cisco, OLT, MikroTik Knowledge Mikrotik Router Configuration
OLT Device Setup & Management
Integration with Billing Software
Network Monitoring Tools Integration
Connectivity Troubleshooting
Technical Support & Escalation
Installation & Configuration
GPON/EPON Expertise
Cisco, OLT, MikroTik Knowledge","['Data Analysis', 'Tableau', 'PowerBI', 'R', 'Python', 'Statistical Analysis', 'L1 L2 Regression', 'Machine Learning']",At least 3 years,['N/A'],Network Support Engineer,227
Database Administrator (DBA),"Database Design & Development
SQL Query Optimization
Data Integrity & Security
BI Solutions Development
ETL Process Implementation
Database Maintenance
Backup & Restore Management
Index Rebuilding & Performance Tuning
SQL Server Clustering & High Availability
SQL Server Replication
High Availability Group Management
Database Monitoring & Troubleshooting Database Design & Development
SQL Query Optimization
Data Integrity & Security
BI Solutions Development
ETL Process Implementation
Database Maintenance
Backup & Restore Management
Index Rebuilding & Performance Tuning
SQL Server Clustering & High Availability
SQL Server Replication
High Availability Group Management
Database Monitoring & Troubleshooting","['Academic', 'acrylic', 'AutoCAD', 'CAD', 'concept', 'Engineer-In-Training', 'EIT', 'estimating', 'drawing', 'graphics and design', 'Laser', 'Material Science', 'Microsoft Excel', 'Microsoft PowerPoint', 'Microsoft Word', 'design process', 'progress', 'Project management', 'proposals', 'Reporting', 'Research', 'robotics', 'safety', 'SolidWorks', 'Statistics', 'Time management', 'verbal communication skills', 'weighing', 'Written']",At least 1 year,"['City, State', 'City, State']",Database Administrator (DBA),228
Mechanical Designer,"Design Creation
CAD Drawings
Design Optimization
Team Collaboration
Compliance Assurance
Design Reviews
Manufacturing Support
Documentation Design Creation
CAD Drawings
Design Optimization
Team Collaboration
Compliance Assurance
Design Reviews
Manufacturing Support
Documentation",,At least 5 years,"['Lexington, KY', 'Lexington, KY', 'Lexington, KY', 'Lexington, KY', 'New York, NY', 'New York, NY', 'New York, NY', 'Warsaw, Poland', 'Warsaw, Poland']",Mechanical Designer,229
Marketing Officer,"Digital Marketing Strategy
Brand Awareness, Online Traffic
Social Media Management
Google Analytics
Cross-functional Teams
Campaign Execution, SEO Digital Marketing Strategy
Brand Awareness, Online Traffic
Social Media Management
Google Analytics
Cross-functional Teams
Campaign Execution, SEO","['Statistical Modeling', 'Natural Language Processing', 'Text Mining', 'Python', 'PySpark', 'Microsoft Azure', 'Azure Databricks', 'Azure Data Factory', 'SQL', 'Machine Learning Engineer', 'Data Analyst']",At least 1 year,['N/A'],Marketing Officer,230
Mechanical Engineer,"Machinery Maintenance
Troubleshooting
Report Preparation
Log Maintenance Machinery Maintenance
Troubleshooting
Report Preparation
Log Maintenance","['Python', 'Scikit Learn', 'Keras', 'Tensorflow', 'Object Oriented Programming', 'Machine Learning', 'Software Engineering', 'Application Development']",2 to 5 years,['N/A'],Mechanical Engineer,254
Intern (Generative AI Engineering - 2D/3D Image Ge,"Generative AI Development
Evolutionary Computation
Deep Learning Optimization
Expert Systems Design
Knowledge Representation
Data Preprocessing
Model Training
Research & Integration Generative AI Development
Evolutionary Computation
Deep Learning Optimization
Expert Systems Design
Knowledge Representation
Data Preprocessing
Model Training
Research & Integration","['Microsoft Project', 'Microsoft Office', 'Microsoft Visio', 'IBM Rationale DOORS', 'Communication/Presentations', 'Risk Analysis', 'Process Improvement', 'CMPro', 'Air Force', 'budget', 'Hardware', 'Conflict Management', 'continuous improvement', 'DC', 'delivery', 'DOORS', 'electrical engineering', 'electrical systems', 'Engineer', 'Estimating', 'senior management', 'functional', 'drawing', 'Hardware Design', 'IBM', 'Leadership', 'Team Leadership', 'Leadership Development', 'Materials', 'mechanical', 'mechanical engineering', 'Microsoft Visio', 'Navy', 'peer review', 'power distribution', 'power supplies', 'Presentations', 'Process Improvement', 'procurement', 'producing', 'Project Management', 'Project Planning', 'proposals', 'quality', 'Risk Analysis', 'schematics', 'Siemens', 'software engineering', 'staffing', 'Systems Engineering', 'video']",,"['City, State', 'City, State', 'City, State', None]",Intern (Generative AI Engineering - 2D/3D Image Generation),231
Mechanical Designer,"Design Creation
CAD Drawings
Design Optimization
Team Collaboration
Compliance Assurance
Design Reviews
Manufacturing Support
Documentation Design Creation
CAD Drawings
Design Optimization
Team Collaboration
Compliance Assurance
Design Reviews
Manufacturing Support
Documentation","['New Business Development', 'Pricing Proposal Development', 'P & L Management', 'Customer Relationship Management', 'Strategic Planning', 'Key Account Management', 'Contract Negotiations', 'NPI/JDM/ODM', 'Financials Budgeting & Forecasting', 'Sales', 'PCB', 'Account Management', 'Customer Service']",At least 5 years,"['City, State', 'City, State', 'City, State', 'City, State']",Mechanical Designer,232
Executive - VAT,"Mushak Forms Maintenance
VAT Software & MS Office Maintenance
VAT Ledger Management
VAT Challan Coordination
Liaison with VAT Office
VAT Documentation
Other Assigned Tasks Mushak Forms Maintenance
VAT Software & MS Office Maintenance
VAT Ledger Management
VAT Challan Coordination
Liaison with VAT Office
VAT Documentation
Other Assigned Tasks","['Data Scientist', 'Data Analyst', 'Software Development', 'Machine Learning', 'Natural Language Processing', 'Business Solutions', 'Process Flow', 'Logistic Regression', 'MySQL', 'MongoDB', 'Python', 'PowerBI', 'Hadoop']",1 to 3 years,['N/A'],Executive - VAT,233
Site Engineer,"Supervision
Monitoring
Construction
Estimation
Planning
Material Management
Project Coordination
Quality Assurance
Cost Control
Inventory
Operations
Safety
Error Escalation
Miscellaneous Tasks




 Supervision
Monitoring
Construction
Estimation
Planning
Material Management
Project Coordination
Quality Assurance
Cost Control
Inventory
Operations
Safety
Error Escalation
Miscellaneous Tasks




","['Executive Decision Maker', 'Process Design & Improvement', 'New Product Development', 'Strategic Planning & Development', 'Lean & Six Sigma Practitioner', 'Product Design', 'Budgetary and Policy Development', 'Automation Design', 'Quality Control', 'Project Management & Execution', 'Economic Analysis', 'Ergonomic and Safety Conscious']",1 to 2 years,"['Boyden, IA', 'Oshkosh, WI', 'Jackson, MN', 'Spencer, IA', 'Emmetsburg, IA']",Site Engineer,234
Network Support Engineer,"Mikrotik Router Configuration
OLT Device Setup & Management
Integration with Billing Software
Network Monitoring Tools Integration
Connectivity Troubleshooting
Technical Support & Escalation
Installation & Configuration
GPON/EPON Expertise
Cisco, OLT, MikroTik Knowledge Mikrotik Router Configuration
OLT Device Setup & Management
Integration with Billing Software
Network Monitoring Tools Integration
Connectivity Troubleshooting
Technical Support & Escalation
Installation & Configuration
GPON/EPON Expertise
Cisco, OLT, MikroTik Knowledge","['Data Engineer', 'Data Analytics', 'Data Visualization', 'Machine Learning', 'Statistical Modeling', 'Predictive Modeling', 'MongoDB', 'PowerBI', 'Tableau', 'Python', 'MySQL']",At least 3 years,"['Hannover, Germany']",Network Support Engineer,235
Mechanical Designer,"Design Creation
CAD Drawings
Design Optimization
Team Collaboration
Compliance Assurance
Design Reviews
Manufacturing Support
Documentation Design Creation
CAD Drawings
Design Optimization
Team Collaboration
Compliance Assurance
Design Reviews
Manufacturing Support
Documentation","['New Business Development', 'Sales Management', 'MS Office Suite', 'Salesforce / CRM']",At least 5 years,"['City , State', 'City , State', 'City , State', 'City , State', 'City , State', 'City , State', 'City , State', 'City , State', 'City , State']",Mechanical Designer,236
HR Officer,"Relationship Building
HR Collaboration
Policy Development
Training Management
Record Keeping
Compliance
Employee Development
Policy Enforcement
Communication
Task Execution Relationship Building
HR Collaboration
Policy Development
Training Management
Record Keeping
Compliance
Employee Development
Policy Enforcement
Communication
Task Execution","['DBMS', 'RDBMS', 'Software Developer', 'Software Engineer', 'Java', 'SAS', 'SQL', 'Business Intelligence', 'Learning Algorithm', 'Machine Learning', 'Python']",,['N/A'],HR Officer,237
"Executive/ Senior Executive- Trade Marketing, Hygi","Trade Marketing Executive
Brand Visibility, Sales Targets
Field Marketing, Campaigns, Product Distribution
Brand Head
Excel, KPIs Tracking Trade Marketing Executive
Brand Visibility, Sales Targets
Field Marketing, Campaigns, Product Distribution
Brand Head
Excel, KPIs Tracking","['Machine Learning', 'Data Analysis', 'Data Visualization', 'Risk Assessment', 'Debugging', 'Database Management', 'Access Control', 'IAM', 'Sail point', 'Java', 'Python', 'MySQL', 'MongoDB', 'Data Structures']",At least 3 years,['N/A'],"Executive/ Senior Executive- Trade Marketing, Hygiene Products",238
Head of Internal Control & Compliance (ICC) - SEVP,"15+ Years Banking Experience
Audit/Inspection/ICC Leadership
Internal Audit & Compliance
Risk-Based Operational Reviews
System-Based Audit Expertise
Knowledge of Bangladeshi Laws 15+ Years Banking Experience
Audit/Inspection/ICC Leadership
Internal Audit & Compliance
Risk-Based Operational Reviews
System-Based Audit Expertise
Knowledge of Bangladeshi Laws","['Microsoft applications', 'Excellent writing skills', 'Research support', 'Analytical skills', 'Accounting', 'billing', 'C programming', 'closing', 'consultant', 'Consulting', 'credit', 'Client', 'clients', 'customer care', 'data entry', 'database', 'debit', 'delivery', 'documentation', 'editing', 'Senior Management', 'fetch', 'filing', 'Financial', 'Forms', 'Full Life Cycle', 'funds', 'General Ledger accounts', 'legal', 'managing', 'Excel', 'office', 'Windows', 'Microsoft Word', 'month-end closing', 'Oracle', 'Oracle database', 'Designer 2000', 'Developer', 'OS/2', 'processing payments', 'policies', 'processes', 'proposals', 'Quality assurance', 'read', 'real estate', 'reporting', 'requirement', 'Sales', 'scheduling', 'scripts', 'Solomon', 'SQL', 'System Integration', 'tables', 'Tax accounting', 'Tax', 'tax returns', 'Technical documentation', 'telephone', 'upgrades', 'utilities']",At least 15 years,"['City , State', 'City , State', 'City , State', 'City , State', 'City , State']",Head of Internal Control & Compliance (ICC) - SEVP/DMD,239
Civil Engineer,"Design Review
Coordination
Proposal Preparation
Feasibility Analysis
Software Utilization
Supervision
Technical Support
Submission Review
Progress Reporting
Compliance
Site Visits Design Review
Coordination
Proposal Preparation
Feasibility Analysis
Software Utilization
Supervision
Technical Support
Submission Review
Progress Reporting
Compliance
Site Visits","['Account reconciliation', 'accounting', 'general accounting', 'accounting software', 'accounts payables', 'accounts receivables', 'A/P', 'Arabic', 'Balance sheet', 'bank reconciliations', 'banking', 'billing', 'bookkeeping', 'budgeting', 'budgets', 'budget', 'closing', 'Strong communication skills', 'Controller', 'client', 'clients', 'documentation', 'English', 'Equity', 'finance', 'financial', 'financial analysis', 'analyze financial statements', 'financial statements', 'prepare financial statements', 'Fixed Assets', 'forecasting', 'general ledger', 'GL', 'inventory', 'Investments', 'ledger', 'market', 'Access', 'Excel', 'Outlook', 'PowerPoint', 'MS Word', 'monitors', 'organizational', 'payables', 'payroll', 'personnel', 'problem solving', 'processes', 'Profit', 'Profit and loss account', 'Public Accounting', 'Express', 'QuickBooks', 'reporting', 'Sales', 'supervision', 'Swedish', 'Tax', 'tax returns', 'year-end']",At least 5 years,"['City, State', 'City', 'City', 'City']",Civil Engineer,240
Sr.Officer / Executive - Internal Audit,"Internal Audit Assistance
Voucher & Bill Verification
Cost Sheet Analysis
L/C Voucher Verification
Expense Verification
Salary & Wages Verification
Market Rate Verification Internal Audit Assistance
Voucher & Bill Verification
Cost Sheet Analysis
L/C Voucher Verification
Expense Verification
Salary & Wages Verification
Market Rate Verification","['PLC', 'IEC 61131 (Ladder Logic, Functional Block Diagram, Structured Text, Instruction List.)', 'Java', 'C', 'Visual Basic', 'VHDL', 'PSpice', 'Assembly (Intel, Motorola, TI)', 'Labview', 'AutoCAD', 'Inventor', 'Matlab', 'Microsoft Office', 'PSIM', 'Easy Power', 'Xilinx ISE', 'Printed Circuit Board CAD (Protel)', 'Siemens Step 7', 'Wago CoDeSys', 'Allen Bradley RSLogix', 'ERP (Alliance, Global Shop, XA, SAP)', 'API', 'automation', 'budgeting', 'cabling', 'CAD', 'Conversion', 'client', 'clients', 'DC', 'Designing', 'flash', 'Functional', 'hardware design', 'HP', 'HVAC', 'instruction', 'Intel', 'microprocessor', 'Modeling', 'Motorola', 'Power distribution', 'power generation', 'processes', 'Programming', 'proposals', 'Renovation', 'renovations', 'safety', 'scheduling', 'schematics', 'Siemens', 'simulation', 'staff management', 'Structured', 'Supervising', 'switchgear', 'tender', 'troubleshoot', 'troubleshooting', 'validation']",2 to 4 years,"['City , State', 'City , State', 'City , State', 'City , State', 'City , State']",Sr.Officer / Executive - Internal Audit,241
Senior Software Engineer,"Technical Support
Troubleshooting
Collaboration
Documentation
System Monitoring
Software Deployment
Training & Mentorship
Industry Trends
Field Visits




 Technical Support
Troubleshooting
Collaboration
Documentation
System Monitoring
Software Deployment
Training & Mentorship
Industry Trends
Field Visits




","['Electronic & Mechanical Technology', 'Maintenance Management', 'Project Management', 'Program Management', 'Lean/six sigma principles', 'Mechanical Component Troubleshooting', 'Quality Assurance/Control', 'Material Management', 'Staff Development/Leadership', 'Technical Interface', 'Safety Compliance', 'Microsoft Office', 'Microsoft Project', 'Microsoft Access', 'SAP', 'SharePoint']",At least 1 year,"['City, State', 'City, State', 'State']",Senior Software Engineer,242
Civil Engineer,"Design Review
Coordination
Proposal Preparation
Feasibility Analysis
Software Utilization
Supervision
Technical Support
Submission Review
Progress Reporting
Compliance
Site Visits Design Review
Coordination
Proposal Preparation
Feasibility Analysis
Software Utilization
Supervision
Technical Support
Submission Review
Progress Reporting
Compliance
Site Visits","['Bi', 'Business Intelligence', 'Progress', 'Loans', 'Mortgage', 'Business Development', 'Marketing', 'Operations', 'Training', 'Solutions', 'Adc', 'Business Requirements', 'Correspondence', 'Fannie Mae', 'Gse', 'Metrics', 'Project Plans', 'And Marketing', 'Budget', 'Business Process Improvement', 'Clients', 'Coaching', 'Contracts', 'Drafting', 'E-learning', 'Federal Acquisition', 'Federal Government', 'Fedex', 'Integration', 'Integrator', 'Maintenance', 'Marketing Collateral', 'Marketing Department', 'Marketing Plan', 'Mentoring', 'Pricing', 'Process Improvement', 'Proposal Development', 'Strategic Marketing', 'User Experience', 'Web Based', 'Web-based', 'White Papers', 'B2c', 'Finance', 'Increase', 'Instructor', 'Investor Relations', 'Lending', 'Market Share', 'Mortgage Banking', 'Mortgage Lending', 'Real Estate', 'Retail', 'Retail Marketing', 'Retail Mortgage', 'Data Mining', 'Networking', 'Pentaho', 'Promotional', 'Sales', 'Sales Manager', 'Sap', 'Strategic Planning', 'Act!', 'Business Writing', 'Compounding', 'Excel', 'Fundraising', 'Horizontal', 'Hospital Pharmacy', 'Inventory', 'Mckesson', 'Microsoft Office', 'Microsoft Sharepoint', 'Ms Office', 'Outlook', 'Outpatient', 'Powerpoint', 'Project Management', 'Publisher', 'Robotic', 'Sharepoint', 'Siebel', 'Six Sigma', 'Six-sigma', 'Visio', 'Word', 'Pharmacy', 'Mba']",At least 5 years,"['Washington, D.C.', None, None, None]",Civil Engineer,243
Project Coordinator (Civil),"Project Design
Data Analysis
ACCORD/Alliance Knowledge
BNBC Standards
Cost Estimation
Feasibility Studies
Documentation
Compliance
Site Monitoring
Policy Enforcement
Legal Compliance
Data Management
Team Collaboration Project Design
Data Analysis
ACCORD/Alliance Knowledge
BNBC Standards
Cost Estimation
Feasibility Studies
Documentation
Compliance
Site Monitoring
Policy Enforcement
Legal Compliance
Data Management
Team Collaboration","['Data Analysis', 'Data Science', 'Data Visualization', 'Machine Learning', 'Artificial Intelligence', 'Decision Tree', 'Clustering', 'Python', 'SQL', 'Microsoft Excel']",5 to 10 years,['N/A'],Project Coordinator (Civil),244
"Full Stack Developer (Python,React js)","Full Stack Development
Front-end: ReactJS, NextJS
Backend: Python, Django
API Design
Server-Side Logic
DRF (Django REST Framework)
Database Management (PostgreSQL, MySQL)
Version Control (Git)
AWS (ECR, RDS, ECS, ALB, EC2, etc.)
Linux, Docker, CI/CD, GitLab
Terraform, Shell Scripting Full Stack Development
Front-end: ReactJS, NextJS
Backend: Python, Django
API Design
Server-Side Logic
DRF (Django REST Framework)
Database Management (PostgreSQL, MySQL)
Version Control (Git)
AWS (ECR, RDS, ECS, ALB, EC2, etc.)
Linux, Docker, CI/CD, GitLab
Terraform, Shell Scripting","['Data Analyst', 'Data Mining', 'Data Visualization', 'Machine Learning', 'Linear Regression', 'Statistical Modeling', 'Predictive Modeling', 'SQL Server', 'Oracle', 'Python']",3 to 7 years,['N/A'],"Full Stack Developer (Python,React js)",245
Executive/ Sr. Executive -IT,"Hardware & Software Installation
System Monitoring
IT Support
Networking Expertise
Mail Server Administration
Security Management
Troubleshooting & Repair
Operations Support Hardware & Software Installation
System Monitoring
IT Support
Networking Expertise
Mail Server Administration
Security Management
Troubleshooting & Repair
Operations Support","['3D modeling', 'architectural drafting', 'AutoCAD', 'read blueprints', 'carpentry', 'Detail oriented', 'drafting', 'email', 'floor plans', 'frame', '3dsMax', 'mechanical', 'messaging', 'Microsoft Office applications', 'Multi-tasking', 'painting', 'problem solving skills', 'reading', 'renovation', 'Revit', 'self-motivated', 'supervisor']",3 to 5 years,"['City, State', 'City, State', 'City, State', 'City, State']",Executive/ Sr. Executive -IT,255
Senior Software Engineer,"Technical Support
Troubleshooting
Collaboration
Documentation
System Monitoring
Software Deployment
Training & Mentorship
Industry Trends
Field Visits




 Technical Support
Troubleshooting
Collaboration
Documentation
System Monitoring
Software Deployment
Training & Mentorship
Industry Trends
Field Visits




","['Adobe Creative Suite', 'Adobe Acrobat', 'Photoshop', 'advertising', 'API', 'benefits', 'Branding', 'business development', 'competitive', 'Competitive Analysis', 'Content Development', 'creativity', 'CRM', 'Client Support', 'data management', 'Illustrator', 'InDesign', 'DIRECTOR', 'marketing plans', 'Market Research', 'Marketing Strategies', 'marketing strategist', 'marketing', 'market', 'Media Relations', 'messaging', 'Microsoft Dynamics', 'MS Outlook', 'works', 'communicator', 'organizational skills', 'outside sales', 'Positioning', 'presenter', 'problem-solver', 'processes', 'purchasing', 'quality control', 'Fast learner', 'Real Estate', 'reporting', 'research', 'Sales', 'software development', 'strategy', 'strategic', 'technical sales', 'trainer', 'Training Materials', 'vision', 'writer']",At least 1 year,"['N/A', 'Corporate Atlantic Region', 'N/A']",Senior Software Engineer,246
Head of Internal Control & Compliance (ICC) - SEVP,"15+ Years Banking Experience
Audit/Inspection/ICC Leadership
Internal Audit & Compliance
Risk-Based Operational Reviews
System-Based Audit Expertise
Knowledge of Bangladeshi Laws 15+ Years Banking Experience
Audit/Inspection/ICC Leadership
Internal Audit & Compliance
Risk-Based Operational Reviews
System-Based Audit Expertise
Knowledge of Bangladeshi Laws","['ASP.NET 4.5', 'academic', 'Clustering', 'consulting', 'curriculum development', 'customer satisfaction', 'data analysis', 'data mining', 'data warehouse', 'Databases', 'database', 'database design', 'database management', 'data warehousing', 'environmental protection', 'Environmental Science', 'GIS', 'HTML', 'instructor', 'Lecturer', 'legal', 'machine learning', 'managing', 'materials', 'meetings', 'C#', 'Microsoft SQL', 'modeling', 'Natural', 'Oracle', 'process development and engineering', 'processes', 'progress', 'Python', 'quality', 'researching', 'research', 'SAS', 'shipping', 'SPSS', 'SQL', 'Statistics', 'Tableau', 'teaching', 'technical support', 'workshops']",At least 15 years,"['City, State', 'N/A', 'N/A']",Head of Internal Control & Compliance (ICC) - SEVP/DMD,247
Civil Engineer,"Design Review
Coordination
Proposal Preparation
Feasibility Analysis
Software Utilization
Supervision
Technical Support
Submission Review
Progress Reporting
Compliance
Site Visits Design Review
Coordination
Proposal Preparation
Feasibility Analysis
Software Utilization
Supervision
Technical Support
Submission Review
Progress Reporting
Compliance
Site Visits","['Technical Support', 'Telecom Support', 'Networking Support', 'Software/PC/LAN Troubleshooting', 'Installing, Configuring, Troubleshooting Windows, Linux and OS X', 'Installing, Configuring, Troubleshooting SoHo Networks', 'Creating & Updating documentation', 'Software Installation, configuring, and Troubleshooting', 'Implementing, Configuring network and End User Security', 'Mobile device Support', 'Printer Support', 'CLI Knowledge', 'VOIP, Video Chat Support', 'Critical Thinking with Root Cause Analysis', 'Encryption', 'File Structures', 'Network Protocols', 'AAA Security Model', 'Accounts and Group policy', 'Browser Support', 'Operating Systems: Windows 7-10, Ubuntu 14.04, OS X 10.8-10.11, ChromeOS, iOS9, Android', 'Applications: MS Office 2010-2016 (Word, Excel, PowerPoint, Outlook), Google Apps (Drive, Docs, Sheets, Slides, Keep, Forms, Sites), Google Drive Sync Client, Internet Explorer, Firefox, Chrome, Safari, Edge, OpenVPN, Wireshark, Sublime Text, MSRA, Microsoft RDP, OpenSSH, Puppet, SCCM 2012 iOS-MDM', 'Networking: TCP/IP, DNS, DHCP, LAN/WAN, VPN/Remote Connectivity - OpenVPN, some basic Cisco iOS, Microsoft Virtual PC/Hyper-V, TeamViewer, Terminal Services, Netgear, Linksys, Firewall, Ports, experience in Routing & Switching (OSPF / BGP / VLAN / STP)', 'Hardware: Dell, HP, IBM/Lenovo, Apple, Microsoft, desktop, laptops. Android Smartphones tables, and wearables. iPhones and iPads. Printers, Routers, Switches, Modems, Wireless Routers, Video Conferencing equipment (TV, Projectors, Microphones, Speakers)', 'Security: Basic knowledge of IPSEC / SSL-VPN / NAT / GRE, some experience with Authentication Protocols (Radius / TACACS), Strong desire to learn more', 'A+', 'Active Directory', 'Antivirus', 'Apple', 'Bash', 'Basic', 'BGP', 'CAD', 'call center', 'CCNA', 'CD-ROM', 'CLI', 'Cisco iOS', 'Cisco', 'com', 'Hardware', 'computer hardware', 'Council', 'Critical Thinking', 'Encryption', 'Client', 'Dell', 'DHCP', 'documentation', 'DNS', 'Edge', 'email', 'Firewall', 'Forms', 'Help Desk Support', 'HP', 'IBM', 'Insurance', 'Internet Explorer', 'LAN', 'laptops', 'Linux and OS', 'Linux', 'access', 'Excel', 'mail', 'Microsoft Office', 'MS Office', 'Outlook', 'PowerPoint', 'Windows 7', 'Microsoft Windows', 'Windows', 'Word', 'Modems', 'MSI', 'Networking I', 'Network', 'Networking', 'Networks', 'Operating Systems', 'OS', 'OSPF', 'policies', 'Printer', 'Printers', 'Protocols', 'Python', 'Routers', 'Routing', 'scripting', 'Software Installation', 'SolidWorks', 'SSL', 'Switches', 'system administration', 'tables', 'TCP/IP', 'TV', 'troubleshooting I', 'Troubleshooting', 'Video', 'Video Conferencing', 'VPN', 'VOIP', 'WAN']",At least 5 years,"['City , State', 'City , State']",Civil Engineer,248
Data Science Engineer,"Application Development
Object-Oriented Design
Collaboration
Problem-Solving
Software Lifecycle
Innovation
Software Testing
System Analysis
Performance Monitoring
Plugin Development
Documentation
Integration Support Application Development
Object-Oriented Design
Collaboration
Problem-Solving
Software Lifecycle
Innovation
Software Testing
System Analysis
Performance Monitoring
Plugin Development
Documentation
Integration Support","['Software Development', 'Client Management', 'Technical Architecture', 'Data Visualization', 'Data Science', 'Python', 'Statistics', 'Machine Learning', 'Learning Algorithm', 'Heuristics']",At least 2 years,,Data Science Engineer,249
HR Officer,"Relationship Building
HR Collaboration
Policy Development
Training Management
Record Keeping
Compliance
Employee Development
Policy Enforcement
Communication
Task Execution Relationship Building
HR Collaboration
Policy Development
Training Management
Record Keeping
Compliance
Employee Development
Policy Enforcement
Communication
Task Execution","['Python', 'Webscrapping', 'PowerBI', 'Data Cleaning', 'Data Preparation', 'Data Analysis', 'Predictive Modeling', 'Data Analytics', 'Pivot Table', 'SQL', 'PostgreSQL', 'Analytics', 'Excel', 'Machine Learning', 'XML']",,['N/A'],HR Officer,250
"Manager- Human Resource Management (HRM)
","Recruitment Coordination
Appointment Management
Selection Criteria
Employee Orientation
Performance Evaluation
HR Database Management
Report Compilation
Documentation
Event Coordination
Task Execution Recruitment Coordination
Appointment Management
Selection Criteria
Employee Orientation
Performance Evaluation
HR Database Management
Report Compilation
Documentation
Event Coordination
Task Execution","['C', 'R', 'Catia', 'AutoCAD', 'ANSYS', 'Microsoft office', 'Product Project Management', 'GD&T', 'Minitab', 'Kanban', 'Kaizen', 'FMEA', 'development', 'Toyota production systems', 'APQP', 'PPAP', '8D', '5 why', ""KPI's"", 'Reliability SAE Standards', 'Vehicle ergonomics', 'DVP&R', 'QCC', 'CNC engineering', 'Programming', 'anatomy', 'benchmarking', 'lean manufacturing', 'manufacturing process', 'cost analysis', 'packaging', 'process engineering', 'Product Development', 'surveys', 'validation', 'welding']",5 to 6 years,"['City , State', 'City , State']","Manager- Human Resource Management (HRM)
",251
Senior Software Engineer,"Technical Support
Troubleshooting
Collaboration
Documentation
System Monitoring
Software Deployment
Training & Mentorship
Industry Trends
Field Visits




 Technical Support
Troubleshooting
Collaboration
Documentation
System Monitoring
Software Deployment
Training & Mentorship
Industry Trends
Field Visits




","['Machine Learning', 'Data Structures', 'Data Mining', 'Data Modeling', 'Python', 'Java Programming', 'Algorithms']",At least 1 year,"['N/A', 'N/A']",Senior Software Engineer,252
AI Engineer,"Machine Learning Design
Data Analysis
Model Training
AI Integration
Innovation
Cross-Functional Collaboration
Model Deployment
Documentation
Analytical Skills
Communication
Team Collaboration Machine Learning Design
Data Analysis
Model Training
AI Integration
Innovation
Cross-Functional Collaboration
Model Deployment
Documentation
Analytical Skills
Communication
Team Collaboration","['Python', 'Visual Studio Code', 'Mercurial']",,"[None, None]",AI Engineer,344
Civil Engineer,"Design Review
Coordination
Proposal Preparation
Feasibility Analysis
Software Utilization
Supervision
Technical Support
Submission Review
Progress Reporting
Compliance
Site Visits Design Review
Coordination
Proposal Preparation
Feasibility Analysis
Software Utilization
Supervision
Technical Support
Submission Review
Progress Reporting
Compliance
Site Visits","['PLC', 'IEC 61131 (Ladder Logic, Functional Block Diagram, Structured Text, Instruction List.)', 'Java', 'C', 'Visual Basic', 'VHDL', 'PSpice', 'Assembly (Intel, Motorola, TI)', 'Labview', 'AutoCAD', 'Inventor', 'Matlab', 'Microsoft Office', 'PSIM', 'Easy Power', 'Xilinx ISE', 'Printed Circuit Board CAD (Protel)', 'Siemens Step 7', 'Wago CoDeSys', 'Allen Bradley RSLogix', 'ERP (Alliance, Global Shop, XA, SAP)', 'API', 'automation', 'budgeting', 'cabling', 'CAD', 'Conversion', 'client', 'clients', 'DC', 'Designing', 'flash', 'Functional', 'hardware design', 'HP', 'HVAC', 'instruction', 'Intel', 'microprocessor', 'Modeling', 'Motorola', 'Power distribution', 'power generation', 'processes', 'Programming', 'proposals', 'Renovation', 'renovations', 'safety', 'scheduling', 'schematics', 'Siemens', 'simulation', 'staff management', 'Structured', 'Supervising', 'switchgear', 'tender', 'troubleshoot', 'troubleshooting', 'validation']",At least 5 years,"['City , State', 'City , State', 'City , State', 'City , State', 'City , State']",Civil Engineer,258
Machine Learning (ML) Engineer,"Machine Learning Leadership
Cross-Functional Collaboration
Strategy Development
ML/NLP Infrastructure
Prototype Transformation
ML System Design
Algorithm Research
Application Development
Dataset Selection
ML Testing
Statistical Analysis
R&D in ML/NLP
Text Representation
Data Pipeline Design
Statistical Data Analysis
Model Training
Team Collaboration
Research Reporting
Algorithm Analysis Machine Learning Leadership
Cross-Functional Collaboration
Strategy Development
ML/NLP Infrastructure
Prototype Transformation
ML System Design
Algorithm Research
Application Development
Dataset Selection
ML Testing
Statistical Analysis
R&D in ML/NLP
Text Representation
Data Pipeline Design
Statistical Data Analysis
Model Training
Team Collaboration
Research Reporting
Algorithm Analysis","['Data Analyst', 'Data Mining', 'Data Visualization', 'Text Analytics', 'Data Collection', 'Data Cleaning', 'Business Analysis', 'Python', 'SQL', 'Google Bigquery', 'Tableau', 'Kibana', 'MS Excel/ MS Office', 'Linux', 'Elastic Search', 'Machine Learning']",At least 5 year(s),['N/A'],Machine Learning (ML) Engineer,259
Data Science Engineer,"Application Development
Object-Oriented Design
Collaboration
Problem-Solving
Software Lifecycle
Innovation
Software Testing
System Analysis
Performance Monitoring
Plugin Development
Documentation
Integration Support Application Development
Object-Oriented Design
Collaboration
Problem-Solving
Software Lifecycle
Innovation
Software Testing
System Analysis
Performance Monitoring
Plugin Development
Documentation
Integration Support","['Accounting', 'Sales', 'Inventory', 'Payroll', 'Reconciliations', 'Bookkeeper', 'Audits', 'Operations', 'Accounts Payable', 'Accounts Receivable', 'Assembly', 'Closings', 'Contracts', 'Customer Service', 'Direct Sales', 'Fixed Assets', 'Food Safety', 'Government Contracts', 'Logistics', 'Maintenance', 'Quality Assurance', 'Receptionist', 'Retail Sales', 'Shipping', 'USDA', 'Staffing', 'Cash', 'Clerk', 'Merchandising', 'Ordering', 'Automated Payroll', 'Payroll Processing', 'Software Training', 'Training', 'Accountant', 'Credit', 'Billing', 'CSI', 'Excel', 'MS Excel', 'Networking', 'Forecasting', 'GL', 'Telephone', 'Adjustments', 'Audit', 'Balance Sheet', 'Budgeting', 'Monthly Sales', 'Sales Tax', 'Annuities', 'CPA', 'Life Insurance', 'Procedure Writing', 'Project Management', 'Public Relations', 'Team Building', 'Administrative Manager', 'HR', 'Microsoft Office', 'Purchase Orders']",At least 2 years,"['City, State', 'City, State', 'City, State', 'City, State', 'City, State', 'City, State', 'City, State', 'City, State']",Data Science Engineer,260
Head of Internal Control & Compliance (ICC) - SEVP,"15+ Years Banking Experience
Audit/Inspection/ICC Leadership
Internal Audit & Compliance
Risk-Based Operational Reviews
System-Based Audit Expertise
Knowledge of Bangladeshi Laws 15+ Years Banking Experience
Audit/Inspection/ICC Leadership
Internal Audit & Compliance
Risk-Based Operational Reviews
System-Based Audit Expertise
Knowledge of Bangladeshi Laws","['Maintenance', 'Corrective Maintenance', 'Documentation', 'Industrial Machinery', 'Preventive Maintenance', 'Sensors', 'Biotechnology', 'Electrical Mechanical', 'Estimation', 'Hydraulics', 'Mechanical Technician', 'Pneumatics', 'Project Manager', 'Sop', 'Manufacturing Process', 'Apqp', 'Assembly', 'Circuit Boards', 'Dmm', 'Electrical Test', 'Esd', 'First Article Inspection', 'Inspection', 'Medical Devices', 'Oscilloscope', 'Production Process', 'Schematic', 'Soldering', 'Surface Mount', 'Test Engineer', 'Through-hole', 'Wiring', 'Calibration', 'Control Systems', 'Packaging', 'Process Control', 'Sensor', 'Temperature', 'And Humidity', 'Control System Design', 'Electrical Engineer', 'Engineer', 'Entry Level', 'Ieee', 'Mechanical/electrical Engineer', 'Proactive', 'Self Motivated', 'Testing', 'Training', 'Electrical Engineering', 'Pr', 'Public Relations']",At least 15 years,"['City, State', 'City, State', 'City, State']",Head of Internal Control & Compliance (ICC) - SEVP/DMD,261
Machine Learning (ML) Engineer,"Machine Learning Leadership
Cross-Functional Collaboration
Strategy Development
ML/NLP Infrastructure
Prototype Transformation
ML System Design
Algorithm Research
Application Development
Dataset Selection
ML Testing
Statistical Analysis
R&D in ML/NLP
Text Representation
Data Pipeline Design
Statistical Data Analysis
Model Training
Team Collaboration
Research Reporting
Algorithm Analysis Machine Learning Leadership
Cross-Functional Collaboration
Strategy Development
ML/NLP Infrastructure
Prototype Transformation
ML System Design
Algorithm Research
Application Development
Dataset Selection
ML Testing
Statistical Analysis
R&D in ML/NLP
Text Representation
Data Pipeline Design
Statistical Data Analysis
Model Training
Team Collaboration
Research Reporting
Algorithm Analysis","['accounting', 'Apple computers', 'asset management', 'automation', 'basic', 'blueprints', 'budgets', 'budget', 'C', 'CA', 'hardware', 'concept', 'contracts', 'client', 'database', 'DC', 'delivery', 'design and construction', 'directing', 'Electrical systems', 'electronics', 'equipment installation', 'filling', 'Fire protection', 'Food safety', 'Hammer', 'HVAC', 'instruction', 'inventory management', 'inventory control', 'Labor relations', 'layout', 'logic', 'Logistics', 'machinery', 'maintenance schedules', 'manufacturing processes', 'materials', 'Mechanical', 'Microsoft Access', '2000', 'Microsoft NT server', 'Microsoft Windows NT Server', 'microwave', 'NEC', 'network', 'networks', 'Novell', 'Personnel', 'PLC programming', 'PLC', 'plumbing', 'Power distribution', 'process control', 'process engineering', 'Programming', 'quality', 'quality control', 'radio', 'Record keeping', 'repairs', 'repairing', 'Safety', 'safety codes', 'SCADA', 'Siemens PLC', 'staffing', 'supervising', 'Supervision', 'surveys', 'technical support', 'phones', 'transmission', 'troubleshooting', 'UHF', 'utilities', 'validation', 'VHF', 'View', 'Water quality', 'Wonderware', 'written']",At least 5 year(s),"['City , State', 'City , State', 'City , State', 'City , State', 'City , State', 'City , State', 'City , State', 'City , State']",Machine Learning (ML) Engineer,262
Sr.Officer / Executive - Internal Audit,"Internal Audit Assistance
Voucher & Bill Verification
Cost Sheet Analysis
L/C Voucher Verification
Expense Verification
Salary & Wages Verification
Market Rate Verification Internal Audit Assistance
Voucher & Bill Verification
Cost Sheet Analysis
L/C Voucher Verification
Expense Verification
Salary & Wages Verification
Market Rate Verification","['Business Analyst', 'Data Analysis', 'Business Analysis', 'Machine Learning', 'Tableau', 'Seaborn', 'Python', 'R', 'AWS VIEW', 'NodeJS']",2 to 4 years,['N/A'],Sr.Officer / Executive - Internal Audit,271
"Manager- Human Resource Management (HRM)
","Recruitment Coordination
Appointment Management
Selection Criteria
Employee Orientation
Performance Evaluation
HR Database Management
Report Compilation
Documentation
Event Coordination
Task Execution Recruitment Coordination
Appointment Management
Selection Criteria
Employee Orientation
Performance Evaluation
HR Database Management
Report Compilation
Documentation
Event Coordination
Task Execution","['accounting', 'Accounting Systems', 'ad', 'analytical skills', 'auditing', 'automation', 'billing', 'budgeting', 'budgets', 'Budget', 'business operations', 'business process', 'Cash-Flow', 'cash flow', 'closing', 'contracts', 'CPA', 'Crystal Reports', 'Database Management', 'Essbase', 'senior management', 'financial', 'Financial Accounting', 'financial analysis', 'financial analysis/planning', 'Financial Reporting', 'financial statements', 'fixed assets', 'Forecasting', 'general ledger', 'Great Plains', 'Hyperion', 'inventory', 'ledger', 'law', 'market', 'MAS 90', 'Excel', 'MS Office', 'negotiation', 'Enterprise', 'Peachtree', 'personnel', 'policies', 'pricing', 'processes', 'quantitative analysis', 'QuickBooks', 'reconciling', 'relationship management', 'reporting', 'researching', 'Research', 'sales', 'SarbanesOxley', 'Strategic Planning', 'Tax Preparation', 'tax', 'taxes', 'Trend']",5 to 6 years,"['City, State', 'City, State', 'City, State']","Manager- Human Resource Management (HRM)
",263
Data Science Engineer,"Application Development
Object-Oriented Design
Collaboration
Problem-Solving
Software Lifecycle
Innovation
Software Testing
System Analysis
Performance Monitoring
Plugin Development
Documentation
Integration Support Application Development
Object-Oriented Design
Collaboration
Problem-Solving
Software Lifecycle
Innovation
Software Testing
System Analysis
Performance Monitoring
Plugin Development
Documentation
Integration Support","['CAD packages (SolidWorks, Autodesk Inventor, AutoCAD, CATIA, PTC CREO)', 'CAE Softwares (HyperMesh, Abaqus, ANSYS, Optistruct)', 'Analysis (Linear & Non-linear Static, Dynamic, GD & T, Tolerance Analysis, Design Optimization)', 'Sheet metal', 'Design for manufacturing', 'Generating Bill of Materials', 'DFMEA', 'Sculpting', 'Advanced material selection for rapid prototyping', 'Advanced manufacturing', 'Welding', '3D printing']",At least 2 years,"['Chicago', 'Chicago', 'Mumbai', 'N/A', 'N/A']",Data Science Engineer,264
Executive - VAT,"Mushak Forms Maintenance
VAT Software & MS Office Maintenance
VAT Ledger Management
VAT Challan Coordination
Liaison with VAT Office
VAT Documentation
Other Assigned Tasks Mushak Forms Maintenance
VAT Software & MS Office Maintenance
VAT Ledger Management
VAT Challan Coordination
Liaison with VAT Office
VAT Documentation
Other Assigned Tasks","['Microsoft Office', 'Visio', 'Inventor', 'Lean Manufacturingâ€‹', 'Continuous Improvement', 'database', 'Ergonomics', 'estimating', 'manufacturing processes', 'mentor', 'new product development', 'processes', 'quality', 'safety', 'Six Sigma']",1 to 3 years,"['City, State', 'City, State', 'City, State', 'City, State', 'City, State']",Executive - VAT,265
Head of Internal Control & Compliance (ICC) - SEVP,"15+ Years Banking Experience
Audit/Inspection/ICC Leadership
Internal Audit & Compliance
Risk-Based Operational Reviews
System-Based Audit Expertise
Knowledge of Bangladeshi Laws 15+ Years Banking Experience
Audit/Inspection/ICC Leadership
Internal Audit & Compliance
Risk-Based Operational Reviews
System-Based Audit Expertise
Knowledge of Bangladeshi Laws","['Data Analysis', 'Data Mining', 'Data Modeling', 'Data Processing', 'Machine Learning', 'Natural Language Processing', 'Artificial Intelligence', 'Statistics', 'SQL', 'Tableau', 'PowerBI']",At least 15 years,[None],Head of Internal Control & Compliance (ICC) - SEVP/DMD,266
Mechanical Designer,"Design Creation
CAD Drawings
Design Optimization
Team Collaboration
Compliance Assurance
Design Reviews
Manufacturing Support
Documentation Design Creation
CAD Drawings
Design Optimization
Team Collaboration
Compliance Assurance
Design Reviews
Manufacturing Support
Documentation","['Machine Learning', 'Software Developer', 'Software Engineering', 'ML Engineer', 'Model Building', 'Deep Learning', 'Numpy', 'Pandas', 'PySpark', 'Hadoop', 'Matplotlib', 'Keras', 'Tensorflow', 'TensorflowJS', 'AngularJS', 'Computer Vision', 'Natural Language Processing', 'HuggingFace', 'Data Wrangling', 'Scikit Learn', 'Algorithm Optimization']",At least 5 years,['N/A'],Mechanical Designer,267
System Administrator (Operation & Maintenance of S,"Hardware & Network Installation
Troubleshooting & Diagnostics
User Training & Capacity Building
Hardware Replacement
Fault Repair & System Setup
Software License & Account Management
Backup Management
System Updates & Maintenance
Server & Storage Management
Documentation & Technical Specifications
Data Protection & Disaster Recovery
Storage & Database Planning
Power & Disk Backup
Incident Management & Escalation
Service Restoration
User Communication & Verification
Incident Classification & Resolution
Major Incident Escalation
Problem & Error Management
Task Assignment & Execution Hardware & Network Installation
Troubleshooting & Diagnostics
User Training & Capacity Building
Hardware Replacement
Fault Repair & System Setup
Software License & Account Management
Backup Management
System Updates & Maintenance
Server & Storage Management
Documentation & Technical Specifications
Data Protection & Disaster Recovery
Storage & Database Planning
Power & Disk Backup
Incident Management & Escalation
Service Restoration
User Communication & Verification
Incident Classification & Resolution
Major Incident Escalation
Problem & Error Management
Task Assignment & Execution","['automotive', 'basic', 'broadcast', 'cables', 'cable', 'cabling', 'carpentry', 'chill', 'CA', 'conversion', 'Council', 'SC', 'Direction', 'documentation', 'electrical systems', 'electronics', 'equipment installation', 'experimentation', 'FAX', 'forms', 'government', 'GPS', 'HVAC', 'inspecting', 'Inspection', 'laboratory testing', 'leadership', 'team leadership', 'Team Lead', 'team leader', 'lighting', 'Logic', 'Maple', 'mechanical', 'Navy', 'NDS', 'Network', 'OSS', 'personnel', 'plumbing', 'Positioning', 'Power Supply', 'power supplies', 'quality', 'Radio', 'recording', 'San', 'scheduling', 'sorting', 'technical documentation', 'Technician V', 'telecommunications', 'transmission', 'troubleshooting', 'UHF', 'upgrades', 'upgrade', 'VHF', 'Video', 'welder', 'welding', 'written communications']",4 to 5 years,"['City, State', 'City, State', 'City, State', 'City, State', 'City, State', 'City, State']","System Administrator (Operation & Maintenance of Server, Storage & Service Desk System)",268
"Executive/ Senior Executive- Trade Marketing, Hygi","Trade Marketing Executive
Brand Visibility, Sales Targets
Field Marketing, Campaigns, Product Distribution
Brand Head
Excel, KPIs Tracking Trade Marketing Executive
Brand Visibility, Sales Targets
Field Marketing, Campaigns, Product Distribution
Brand Head
Excel, KPIs Tracking","['Team-oriented', 'Detail-oriented', 'Deadlines focused', 'Excellent communication and presentation skills', 'Quick learner', 'Strong management skills', 'Good analytical skills', 'Ability of managing multi tasks', 'Accounting Software: PeopleSoft / QuickBooks', 'Tax Software: Drake / Ultra Tax / TurboTax', 'Operating Systems: XP Windows Professional / Windows 7/ Windows 8', 'Microsoft Office: Word / Advanced MS Excel skills /MS Access / PowerPoint / Outlook', 'PDF: Adobe Reader / Adobe Acrobat X']",At least 3 years,"['City, State', 'City, State', 'City, State', 'City, State']","Executive/ Senior Executive- Trade Marketing, Hygiene Products",269
Civil Engineer,"Design Review
Coordination
Proposal Preparation
Feasibility Analysis
Software Utilization
Supervision
Technical Support
Submission Review
Progress Reporting
Compliance
Site Visits Design Review
Coordination
Proposal Preparation
Feasibility Analysis
Software Utilization
Supervision
Technical Support
Submission Review
Progress Reporting
Compliance
Site Visits","['Financial Management', 'Financial Performance assessment', 'Financial Planning', 'Accounting', 'Compliance/Auditing/Assurance', 'Cash Management', 'Budgeting', 'Financial Reporting', 'Cash Flow Statements', 'Business consultant/Advisor', 'Business Management']",At least 5 years,"[None, None, None]",Civil Engineer,270
Asst. Manager/ Manger (Administrative),"Administrative Support
Scheduling
Filing & Documentation
Communication
Team Support
Equipment Maintenance
Information Provision
Inventory Management
Team Collaboration
OHS Policy Development
Safety Advice
Risk Assessment
Policy Review
OHS Training
Safety Inspections
Unsafe Act Prevention
Incident Investigation
Report Preparation Administrative Support
Scheduling
Filing & Documentation
Communication
Team Support
Equipment Maintenance
Information Provision
Inventory Management
Team Collaboration
OHS Policy Development
Safety Advice
Risk Assessment
Policy Review
OHS Training
Safety Inspections
Unsafe Act Prevention
Incident Investigation
Report Preparation","['Academic', 'Documentation', 'Edge', 'Fiber optics', 'Laser', 'Mechanical', 'Scanning']",At least 5 years,"['City, State', 'City, State', 'City']",Asst. Manager/ Manger (Administrative),272
Data Science Engineer,"Application Development
Object-Oriented Design
Collaboration
Problem-Solving
Software Lifecycle
Innovation
Software Testing
System Analysis
Performance Monitoring
Plugin Development
Documentation
Integration Support Application Development
Object-Oriented Design
Collaboration
Problem-Solving
Software Lifecycle
Innovation
Software Testing
System Analysis
Performance Monitoring
Plugin Development
Documentation
Integration Support","['Hiring and retention', 'Training and development', 'Recruiting', 'Compensation/payroll', 'Employee relations', 'Exceptional interpersonal skills', 'Compensation administration', 'Personnel records maintenance', 'Affirmative Action compliance', 'New hire orientation', 'Mediation expertise', 'API', 'Approach', 'ATL', 'audio', 'backup', 'broadcast', 'C++', 'CLI', 'com', 'CA', 'Hardware', 'concept', 'Content', 'clients', 'documentation', 'dynamic HTML5', 'editing', 'XML', 'FTP', 'functional', 'drawing', 'GUI', 'http', 'IDs', 'Innovation', 'explorer', 'IP', 'JavaScript', 'json', 'LAN', 'MB', 'C#', 'MFC', 'office', 'Win', 'Windows', '2000', 'migration', 'NAS', 'OOP', 'page', 'Proxy', 'rendering', 'SAN', 'Scrum', 'servers', 'specification', 'team management', 'threads', 'troubleshoot', 'Video', 'Video Editing', 'Visual C++', 'workflow', 'writer']",At least 2 years,"['City, State', 'City, State', 'City, State', 'City, State']",Data Science Engineer,273
"Full Stack Developer (Python,React js)","Full Stack Development
Front-end: ReactJS, NextJS
Backend: Python, Django
API Design
Server-Side Logic
DRF (Django REST Framework)
Database Management (PostgreSQL, MySQL)
Version Control (Git)
AWS (ECR, RDS, ECS, ALB, EC2, etc.)
Linux, Docker, CI/CD, GitLab
Terraform, Shell Scripting Full Stack Development
Front-end: ReactJS, NextJS
Backend: Python, Django
API Design
Server-Side Logic
DRF (Django REST Framework)
Database Management (PostgreSQL, MySQL)
Version Control (Git)
AWS (ECR, RDS, ECS, ALB, EC2, etc.)
Linux, Docker, CI/CD, GitLab
Terraform, Shell Scripting","['Administrative support', 'scheduling appointments', 'benefits', 'billing', 'conferences', 'Contract administration', 'data base', 'documentation', 'filing', 'forms', 'home care', 'home health', 'Human Resources', 'HR', 'insurance', 'maintaining inventory', 'leadership', 'Director', 'Management Skills', 'market', 'SharePoint', 'Internet Research', 'patient safety', 'personnel', 'policies', 'presentations', 'pricing', 'public relations', 'purchasing', 'quality', 'research', 'scheduling', 'staffing', 'phone', 'transportation', 'travel arrangements']",3 to 7 years,"['City, State', 'City, State', 'City, State', 'City, State', 'City, State']","Full Stack Developer (Python,React js)",274
Database Administrator (DBA),"Database Design & Development
SQL Query Optimization
Data Integrity & Security
BI Solutions Development
ETL Process Implementation
Database Maintenance
Backup & Restore Management
Index Rebuilding & Performance Tuning
SQL Server Clustering & High Availability
SQL Server Replication
High Availability Group Management
Database Monitoring & Troubleshooting Database Design & Development
SQL Query Optimization
Data Integrity & Security
BI Solutions Development
ETL Process Implementation
Database Maintenance
Backup & Restore Management
Index Rebuilding & Performance Tuning
SQL Server Clustering & High Availability
SQL Server Replication
High Availability Group Management
Database Monitoring & Troubleshooting","['Python Developer', 'Django', 'Flask', 'Data Science', 'Spark', 'PySpark', 'Machine Learning', 'Data Modelling', 'Natural language Processing', 'SVM', 'Computer Vision', 'Neural Networks.']",At least 1 year,['N/A'],Database Administrator (DBA),275
Mechanical Engineer,"Machinery Maintenance
Troubleshooting
Report Preparation
Log Maintenance Machinery Maintenance
Troubleshooting
Report Preparation
Log Maintenance","['Software Development', 'Client Management', 'Technical Architecture', 'Data Visualization', 'Data Science', 'Python', 'Statistics', 'Machine Learning', 'Learning Algorithm', 'Heuristics']",2 to 5 years,,Mechanical Engineer,276
Business Development Executive,"Apparel Sourcing
Quality Garment Sourcing
Reliable Partner
Buyer/Vendor Communication Apparel Sourcing
Quality Garment Sourcing
Reliable Partner
Buyer/Vendor Communication","['Snowflake', 'Python', 'C++', 'R', 'SQL', 'Tableau', 'PyTorch']",1 to 3 years,"['Remote', 'Vancouver, BC', 'Toronto, Canada']",Business Development Executive,277
Network Support Engineer,"Mikrotik Router Configuration
OLT Device Setup & Management
Integration with Billing Software
Network Monitoring Tools Integration
Connectivity Troubleshooting
Technical Support & Escalation
Installation & Configuration
GPON/EPON Expertise
Cisco, OLT, MikroTik Knowledge Mikrotik Router Configuration
OLT Device Setup & Management
Integration with Billing Software
Network Monitoring Tools Integration
Connectivity Troubleshooting
Technical Support & Escalation
Installation & Configuration
GPON/EPON Expertise
Cisco, OLT, MikroTik Knowledge","['Data Scientist', 'Machine Learning', 'Python', 'Big Data', 'SQL', 'PySpark', 'Scala', 'Hive', 'Scikit Learn', 'Pandas', 'Matplotlib', 'Natural Language Processing', 'Transformers', 'BERT']",At least 3 years,['N/A'],Network Support Engineer,278
Executive - VAT,"Mushak Forms Maintenance
VAT Software & MS Office Maintenance
VAT Ledger Management
VAT Challan Coordination
Liaison with VAT Office
VAT Documentation
Other Assigned Tasks Mushak Forms Maintenance
VAT Software & MS Office Maintenance
VAT Ledger Management
VAT Challan Coordination
Liaison with VAT Office
VAT Documentation
Other Assigned Tasks","['Deep Learning', 'Machine Learning', 'Artificial Intelligence', 'Linear Regression', 'Software Engineering', 'Python', 'Java', 'SAP', 'C', 'C++', 'Jenkins', 'Kubernetes', 'Docker', 'Backend']",1 to 3 years,[None],Executive - VAT,279
Machine Learning (ML) Engineer,"Machine Learning Leadership
Cross-Functional Collaboration
Strategy Development
ML/NLP Infrastructure
Prototype Transformation
ML System Design
Algorithm Research
Application Development
Dataset Selection
ML Testing
Statistical Analysis
R&D in ML/NLP
Text Representation
Data Pipeline Design
Statistical Data Analysis
Model Training
Team Collaboration
Research Reporting
Algorithm Analysis Machine Learning Leadership
Cross-Functional Collaboration
Strategy Development
ML/NLP Infrastructure
Prototype Transformation
ML System Design
Algorithm Research
Application Development
Dataset Selection
ML Testing
Statistical Analysis
R&D in ML/NLP
Text Representation
Data Pipeline Design
Statistical Data Analysis
Model Training
Team Collaboration
Research Reporting
Algorithm Analysis","['Machine Learning', 'Software Development', 'Text Analysis', 'Natural Language Processing', 'Image Processing', 'Python', 'Data Management', 'Scikit Learn', 'C', 'C#', '.NET', 'SQL']",At least 5 year(s),['N/A'],Machine Learning (ML) Engineer,280
"Executive/ Senior Executive- Trade Marketing, Hygi","Trade Marketing Executive
Brand Visibility, Sales Targets
Field Marketing, Campaigns, Product Distribution
Brand Head
Excel, KPIs Tracking Trade Marketing Executive
Brand Visibility, Sales Targets
Field Marketing, Campaigns, Product Distribution
Brand Head
Excel, KPIs Tracking","['Big Data', 'Hadoop', 'Hive', 'Python', 'Mapreduce', 'Spark', 'Java', 'Machine Learning', 'Cloud', 'Hdfs', 'YARN', 'Core Java', 'Data Science', 'C++', 'Data Structures', 'DBMS', 'RDBMS', 'Informatica', 'Talend', 'Amazon Redshift', 'Microsoft Azure']",At least 3 years,['N/A'],"Executive/ Senior Executive- Trade Marketing, Hygiene Products",281
Data Science Engineer,"Application Development
Object-Oriented Design
Collaboration
Problem-Solving
Software Lifecycle
Innovation
Software Testing
System Analysis
Performance Monitoring
Plugin Development
Documentation
Integration Support Application Development
Object-Oriented Design
Collaboration
Problem-Solving
Software Lifecycle
Innovation
Software Testing
System Analysis
Performance Monitoring
Plugin Development
Documentation
Integration Support","['Adobe', 'Customer Relations', 'Document reports', 'Budgeting', 'Cross-functional Team Leadership', 'Business Analysis', 'Access', 'Microsoft Project', 'Organization', 'Advanced Presentation', 'Project Coordinator', 'Python', 'Quality Control', 'Quality Assurance', 'Research', 'Developing other Business Analyst', 'Public Speaking', 'Negotiation', 'SAP', 'SQL', 'SPSS', 'Oracle', 'Fast Learner', 'Strong Requirement tracing', 'Basic financial and operational reporting', 'Superb communication skills', 'Advanced problem solving abilities']",At least 2 years,"['City, State', 'City, State', 'City, State']",Data Science Engineer,282
System Administrator (Operation & Maintenance of S,"Hardware & Network Installation
Troubleshooting & Diagnostics
User Training & Capacity Building
Hardware Replacement
Fault Repair & System Setup
Software License & Account Management
Backup Management
System Updates & Maintenance
Server & Storage Management
Documentation & Technical Specifications
Data Protection & Disaster Recovery
Storage & Database Planning
Power & Disk Backup
Incident Management & Escalation
Service Restoration
User Communication & Verification
Incident Classification & Resolution
Major Incident Escalation
Problem & Error Management
Task Assignment & Execution Hardware & Network Installation
Troubleshooting & Diagnostics
User Training & Capacity Building
Hardware Replacement
Fault Repair & System Setup
Software License & Account Management
Backup Management
System Updates & Maintenance
Server & Storage Management
Documentation & Technical Specifications
Data Protection & Disaster Recovery
Storage & Database Planning
Power & Disk Backup
Incident Management & Escalation
Service Restoration
User Communication & Verification
Incident Classification & Resolution
Major Incident Escalation
Problem & Error Management
Task Assignment & Execution","['accounting', 'accountant', 'administrative', 'Army', 'Agency', 'backup', 'book', 'budget', 'Business Administration', 'cash flow', 'contracts', 'DC', 'documentation', 'filing', 'financial', 'GL', 'home office', 'IMS', 'International Business', 'materials', 'Access', 'Excel', 'Microsoft Office', 'office', 'PowerPoint', 'Word', 'procurement', 'purchasing', 'receiving', 'record keeping', 'transportation', 'type', 'workshops']",4 to 5 years,"['City', 'City', 'City']","System Administrator (Operation & Maintenance of Server, Storage & Service Desk System)",283
Head of Internal Control & Compliance (ICC) - SEVP,"15+ Years Banking Experience
Audit/Inspection/ICC Leadership
Internal Audit & Compliance
Risk-Based Operational Reviews
System-Based Audit Expertise
Knowledge of Bangladeshi Laws 15+ Years Banking Experience
Audit/Inspection/ICC Leadership
Internal Audit & Compliance
Risk-Based Operational Reviews
System-Based Audit Expertise
Knowledge of Bangladeshi Laws","['agency', 'delivery', 'insurance', 'materials', 'policies', 'roofing', 'selling', 'sales']",At least 15 years,"['City, State', 'City, State', 'City, State']",Head of Internal Control & Compliance (ICC) - SEVP/DMD,284
Data Science Engineer,"Application Development
Object-Oriented Design
Collaboration
Problem-Solving
Software Lifecycle
Innovation
Software Testing
System Analysis
Performance Monitoring
Plugin Development
Documentation
Integration Support Application Development
Object-Oriented Design
Collaboration
Problem-Solving
Software Lifecycle
Innovation
Software Testing
System Analysis
Performance Monitoring
Plugin Development
Documentation
Integration Support","['audio', 'automation', 'C', 'C++', 'CD-ROMs', 'Ceridian', 'cisco', 'Hardware', 'cost reduction', 'clients', 'drivers', 'executive management', 'Functional', 'inspection', 'Intel', 'Java', 'Linux', 'MAC', 'Managing', 'marketing and sales', 'C#', 'Windows', 'Windows XP', 'multimedia', 'Objective C', 'OS', 'policies', 'printers', 'processes', 'product development', 'quality', 'quality assurance', 'quest', 'sales', 'scanners', 'Scheduling', 'scrum', 'scripts', 'software development', 'software testing', 'sound cards', 'sun', 'test tools', 'USB', 'validation', 'video', 'Vista']",At least 2 years,"['City, State', 'City, State', 'City, State', 'City, State', 'City, State', 'City, State', 'City, State']",Data Science Engineer,285
Site Engineer,"Supervision
Monitoring
Construction
Estimation
Planning
Material Management
Project Coordination
Quality Assurance
Cost Control
Inventory
Operations
Safety
Error Escalation
Miscellaneous Tasks




 Supervision
Monitoring
Construction
Estimation
Planning
Material Management
Project Coordination
Quality Assurance
Cost Control
Inventory
Operations
Safety
Error Escalation
Miscellaneous Tasks




","['account reconciliations', 'accounting', 'accounts payable', 'Accounts Receivable', 'AP', 'Balance sheet', 'Bank Reconciliation', 'Banking', 'Billing', 'book', 'Com', 'Client', 'edit', 'Finance', 'Financials', 'financial reports', 'Preparing financial reports', 'focus', 'functional', 'General Ledger', 'GL', 'Inventory control', 'process invoices', 'Invoice Processing', 'invoicing', 'MBA', 'mail', 'office', 'Developer', 'profit and loss statement', 'coding', 'reporting', 'researching', 'SAP FI', 'SAP']",1 to 2 years,"['N/A', 'N/A', 'N/A']",Site Engineer,286
Mechanical Designer,"Design Creation
CAD Drawings
Design Optimization
Team Collaboration
Compliance Assurance
Design Reviews
Manufacturing Support
Documentation Design Creation
CAD Drawings
Design Optimization
Team Collaboration
Compliance Assurance
Design Reviews
Manufacturing Support
Documentation","['A/p', 'A/r', 'Automated Payroll', 'Cpa', 'Excel', 'General Ledger', 'Office Management', 'Outlook', 'Payroll', 'Payroll Processing', 'Powerpoint', 'Accounting', 'Bookkeeping', 'Office Manager', 'Accounts For', 'Bookkeeper', 'Cash', 'Financial Statements', 'Process Payroll', 'Reconciliations', 'Tax Returns', 'Balance Sheet', 'Bank Reconciliations', 'Clients', 'G/l', 'Its', 'Job Costing', 'Journal', 'Quickbooks', 'Business Management', 'Clerical', 'Training', 'Account Reconciliations', 'Accountant', 'Accounts And', 'And Account', 'As400', 'Audit', 'Balance Sheets', 'Contracts', 'Inventory', 'Invoice', 'Office Administration', 'Operations', 'Peachtree', 'Peachtree Accounting', 'Progress', 'Reconciling', 'Restaurant Manager', 'Scheduling', 'Secretary', 'State Tax', 'Timberline', 'Timberline Software', 'Typing', 'Word']",At least 5 years,"['City, State', 'City, State', 'City, State', 'City, State', 'City, State', 'City, State', 'City, State']",Mechanical Designer,287
Network Support Engineer,"Mikrotik Router Configuration
OLT Device Setup & Management
Integration with Billing Software
Network Monitoring Tools Integration
Connectivity Troubleshooting
Technical Support & Escalation
Installation & Configuration
GPON/EPON Expertise
Cisco, OLT, MikroTik Knowledge Mikrotik Router Configuration
OLT Device Setup & Management
Integration with Billing Software
Network Monitoring Tools Integration
Connectivity Troubleshooting
Technical Support & Escalation
Installation & Configuration
GPON/EPON Expertise
Cisco, OLT, MikroTik Knowledge","['15+ years of experience in Accounting & Bookkeeping Services', 'Financial statements', 'Bank reconciliations and General Ledger expertise', 'Flexible team player', 'Financial statement analysis', 'Tax return filing', 'GAAP understanding', 'Bank reconciliations and balancing', 'Microsoft Word', 'Excel', 'Access', 'PowerPoint', 'Outlook', 'Asset Keeper Pro Software', 'QuickBooks Software', 'Fixed Asset Solutions Software', 'Creative Solutions Bookkeeping Software', 'HOST Software', 'Document Manager Software', 'ProSystem', 'UltraTax', 'Lacerte Tax Preparation Software']",At least 3 years,"['City , State', 'City , State', 'City , State', 'City , State']",Network Support Engineer,288
Sr.Officer / Executive - Internal Audit,"Internal Audit Assistance
Voucher & Bill Verification
Cost Sheet Analysis
L/C Voucher Verification
Expense Verification
Salary & Wages Verification
Market Rate Verification Internal Audit Assistance
Voucher & Bill Verification
Cost Sheet Analysis
L/C Voucher Verification
Expense Verification
Salary & Wages Verification
Market Rate Verification","['Data Analytics', 'Business Analysis', 'Business Intelligence', 'Machine Learning', 'Python', 'SQL', 'Tableau', 'PowerBi', 'Jupyter', 'SSMS', 'Data Analysis', 'Dax', 'ETL']",2 to 4 years,['N/A'],Sr.Officer / Executive - Internal Audit,289
Project Coordinator (Civil),"Project Design
Data Analysis
ACCORD/Alliance Knowledge
BNBC Standards
Cost Estimation
Feasibility Studies
Documentation
Compliance
Site Monitoring
Policy Enforcement
Legal Compliance
Data Management
Team Collaboration Project Design
Data Analysis
ACCORD/Alliance Knowledge
BNBC Standards
Cost Estimation
Feasibility Studies
Documentation
Compliance
Site Monitoring
Policy Enforcement
Legal Compliance
Data Management
Team Collaboration","['Careful and active listener', 'Self-Starter & self-motivated', 'Hungry for growth and continuous learning', 'Proactive and energetic', 'Fluent in Spanish']",5 to 10 years,"['City , State', 'City , State', 'City , State']",Project Coordinator (Civil),290
Data Science Engineer,"Application Development
Object-Oriented Design
Collaboration
Problem-Solving
Software Lifecycle
Innovation
Software Testing
System Analysis
Performance Monitoring
Plugin Development
Documentation
Integration Support Application Development
Object-Oriented Design
Collaboration
Problem-Solving
Software Lifecycle
Innovation
Software Testing
System Analysis
Performance Monitoring
Plugin Development
Documentation
Integration Support","['HTML', 'CSS', 'JavaScript (Angular)', 'Python', 'Git', 'Algorithm Design', 'Technical Writing', 'Data Analysis', 'Interpersonal Communication', 'Patience']",At least 2 years,"['Princeton, NJ', 'Remote', 'Cherry Hill, NJ']",Data Science Engineer,291
AI Engineer,"Machine Learning Design
Data Analysis
Model Training
AI Integration
Innovation
Cross-Functional Collaboration
Model Deployment
Documentation
Analytical Skills
Communication
Team Collaboration Machine Learning Design
Data Analysis
Model Training
AI Integration
Innovation
Cross-Functional Collaboration
Model Deployment
Documentation
Analytical Skills
Communication
Team Collaboration","['Perl', 'Java', 'C++', 'HTML', 'PHP', 'MySQL', 'Scheme', 'MatLab', 'Microsoft Office', 'Adobe Photoshop', 'Adobe Dreamweaver', '3ds Max', 'Windows (95, 98, 2000, XP, Vista)', 'Mac OS', 'Linux', 'Self-motivated', 'Creative thinker', 'Detail-oriented', 'Excellent time management skills']",,"['Boca Raton FL', 'Davie FL', 'Davie FL', 'Fort Lauderdale FL']",AI Engineer,292
"Full Stack Developer (Python,React js)","Full Stack Development
Front-end: ReactJS, NextJS
Backend: Python, Django
API Design
Server-Side Logic
DRF (Django REST Framework)
Database Management (PostgreSQL, MySQL)
Version Control (Git)
AWS (ECR, RDS, ECS, ALB, EC2, etc.)
Linux, Docker, CI/CD, GitLab
Terraform, Shell Scripting Full Stack Development
Front-end: ReactJS, NextJS
Backend: Python, Django
API Design
Server-Side Logic
DRF (Django REST Framework)
Database Management (PostgreSQL, MySQL)
Version Control (Git)
AWS (ECR, RDS, ECS, ALB, EC2, etc.)
Linux, Docker, CI/CD, GitLab
Terraform, Shell Scripting","['Data Science', 'Machine Learning', 'Artificial Intelligence', 'Data Analysis', 'Keras', 'Tensorflow', 'Pytorch', 'Python', 'AWS', 'Kubernetes', 'Kafka', 'Spark', 'PySpark', 'Hadoop', 'Deep Learning', 'Chatbot', 'Natural language processing', 'Scikit-Learn']",3 to 7 years,['N/A'],"Full Stack Developer (Python,React js)",293
Marketing Officer,"Digital Marketing Strategy
Brand Awareness, Online Traffic
Social Media Management
Google Analytics
Cross-functional Teams
Campaign Execution, SEO Digital Marketing Strategy
Brand Awareness, Online Traffic
Social Media Management
Google Analytics
Cross-functional Teams
Campaign Execution, SEO","['AutoCAD', 'C++', 'Visual Basics', 'Programmable Logic Controllers', 'Electrical Mechanical Systems', 'Instrumentation and Controls', 'Industrial Electricity', 'Engineering Economy', 'Technical Grammar Skills', 'Communication', 'Team work', 'Problem solving skills', 'Leadership']",At least 1 year,"['City, State', 'N/A', 'City, State']",Marketing Officer,294
Business Development Executive,"Apparel Sourcing
Quality Garment Sourcing
Reliable Partner
Buyer/Vendor Communication Apparel Sourcing
Quality Garment Sourcing
Reliable Partner
Buyer/Vendor Communication","['Net, photo, agile, analyst', 'Apple', 'automation', 'banking', 'budgets', 'business plan', 'closing', 'com', 'consulting', 'content', 'contracts', 'credit', 'encryption', 'client', 'customer satisfaction', 'data migration', 'database administration', 'driving', 'e-commerce', 'features', 'financial', 'hiring', 'imaging', 'information technology', 'insurance', 'interpretation', 'inventory', 'managing', 'market planning', 'marketing', 'market', 'marketing and sales', 'messaging', 'office', 'new product development', 'developer', 'order management', 'camera', 'policies', 'presenting', 'pricing', 'procurement', 'product development', 'Product manager', 'product management', 'product marketing', 'program management', 'quality', 'quality assurance', 'QA', 'radio', 'real-time', 'receiving', 'retail', 'sales', 'sales management', 'shipping', 'software development', 'stories', 'strategy', 'supply chain', 'technical support', 'television', 'upgrades', 'UI design', 'utilities', 'venture capital', 'vision', 'workflow', 'year-end']",1 to 3 years,"['N/A', 'N/A', 'N/A', 'N/A', 'N/A', 'N/A', 'N/A', 'N/A', 'N/A', 'N/A']",Business Development Executive,295
AI Engineer,"Machine Learning Design
Data Analysis
Model Training
AI Integration
Innovation
Cross-Functional Collaboration
Model Deployment
Documentation
Analytical Skills
Communication
Team Collaboration Machine Learning Design
Data Analysis
Model Training
AI Integration
Innovation
Cross-Functional Collaboration
Model Deployment
Documentation
Analytical Skills
Communication
Team Collaboration","['C', 'C++', 'Python', 'JAVA', 'HTML', 'CSS', 'JavaScript', 'Data Structures', 'SQL', 'PyCharm', 'Jupyter Notebook', 'Google Colab', 'Code Blocks', 'MATLAB', 'Turbo C++', 'MS Office', 'Scikit-Learn', 'TensorFlow', 'OpenCV', 'NumPy', 'Pytesseract', 'Keras']",,"['N/A', 'N/A']",AI Engineer,345
"Full Stack Developer (Python,React js)","Full Stack Development
Front-end: ReactJS, NextJS
Backend: Python, Django
API Design
Server-Side Logic
DRF (Django REST Framework)
Database Management (PostgreSQL, MySQL)
Version Control (Git)
AWS (ECR, RDS, ECS, ALB, EC2, etc.)
Linux, Docker, CI/CD, GitLab
Terraform, Shell Scripting Full Stack Development
Front-end: ReactJS, NextJS
Backend: Python, Django
API Design
Server-Side Logic
DRF (Django REST Framework)
Database Management (PostgreSQL, MySQL)
Version Control (Git)
AWS (ECR, RDS, ECS, ALB, EC2, etc.)
Linux, Docker, CI/CD, GitLab
Terraform, Shell Scripting","['Architecting best practice technical solutions', 'Technical program management', 'QA/QM', 'Client management', 'Vendor management', 'Testing and commissioning planning and execution', 'Team leadership / cross-team collaboration', 'Engineering cost estimating', 'Engineering resource management and forecasting', 'Process improvement']",3 to 7 years,"['City, State', 'City, State', 'City, State', 'City, State', 'City, State', 'City, State']","Full Stack Developer (Python,React js)",296
Business Development Executive,"Apparel Sourcing
Quality Garment Sourcing
Reliable Partner
Buyer/Vendor Communication Apparel Sourcing
Quality Garment Sourcing
Reliable Partner
Buyer/Vendor Communication","['Material Management', 'Law Enforcement', 'mechanical test equipment', ""PC's"", 'MS Office', '10key by touch', 'Customer Service', 'Forklift and Crane Certification', 'Self-motivation', 'Leadership', 'NDT Level II', 'mechanical theory', 'pneumatic and hydraulic theory', 'automation', 'closing', 'coaching', 'oral', 'hardware', 'customer support', 'designing', 'direction', 'hand tools', 'inventory', 'ISO 9001', 'Machinery', 'materials', 'mechanical', 'personnel', 'processes', 'Procurement', 'programming', 'progress', 'quality', 'Quality Control', 'Receiving', 'repairs', 'repairing', 'research', 'robotic systems', 'safety', 'scheduling', 'shipping', 'simulation', 'Supervisor', 'Test Equipment', 'Troubleshooting', 'written', 'articles']",1 to 3 years,"['City, State', 'City, State', 'City, State', 'City, State', 'City, State', 'City, State']",Business Development Executive,297
Sr.Officer / Executive - Internal Audit,"Internal Audit Assistance
Voucher & Bill Verification
Cost Sheet Analysis
L/C Voucher Verification
Expense Verification
Salary & Wages Verification
Market Rate Verification Internal Audit Assistance
Voucher & Bill Verification
Cost Sheet Analysis
L/C Voucher Verification
Expense Verification
Salary & Wages Verification
Market Rate Verification","['Requirement Gathering', 'Software Development', 'Data Reporting', 'Root Cause Analysis', 'Solution Engineering', 'Key Aspect Analysis', 'Data Mining', 'Data Analytics', 'Java', 'HTML', 'JavaScript', 'C', 'Python']",2 to 4 years,"['N/A', 'N/A']",Sr.Officer / Executive - Internal Audit,298
System Administrator (Operation & Maintenance of S,"Hardware & Network Installation
Troubleshooting & Diagnostics
User Training & Capacity Building
Hardware Replacement
Fault Repair & System Setup
Software License & Account Management
Backup Management
System Updates & Maintenance
Server & Storage Management
Documentation & Technical Specifications
Data Protection & Disaster Recovery
Storage & Database Planning
Power & Disk Backup
Incident Management & Escalation
Service Restoration
User Communication & Verification
Incident Classification & Resolution
Major Incident Escalation
Problem & Error Management
Task Assignment & Execution Hardware & Network Installation
Troubleshooting & Diagnostics
User Training & Capacity Building
Hardware Replacement
Fault Repair & System Setup
Software License & Account Management
Backup Management
System Updates & Maintenance
Server & Storage Management
Documentation & Technical Specifications
Data Protection & Disaster Recovery
Storage & Database Planning
Power & Disk Backup
Incident Management & Escalation
Service Restoration
User Communication & Verification
Incident Classification & Resolution
Major Incident Escalation
Problem & Error Management
Task Assignment & Execution","['Basic and Advanced Supervision Training Courses', 'CBMET', ""Toshiba certified service trained on Aquilion 16, 32 and 64 slice CT's"", 'Toshiba certified service trained on Vantage 1.5 T 8 channel MRI', 'Toshiba certified service trained on Siemens E-Cam Nuclear Medicine Camera', 'Aramark service trained on GE AMX 4 and AMX4+ portable XR unit', 'Aramark service trained on GE 9600, 9800, 9900 Portable C-Arm', 'Aramark service trained on GE Precision 500 Radiology and Fluoroscopic image system', 'Microsoft Applications', 'Foresight Imaging Systems trained on DICOM protocols', 'Skilled in the operation of MS 2000, Windows 7, MySQL, PHP, Apache, UNIX, Linux, Cisco', 'Skilled in the operation of networks', 'Skilled in the operation of workstations and servers']",4 to 5 years,"['City, State', 'City, State', 'City, State', 'City, State']","System Administrator (Operation & Maintenance of Server, Storage & Service Desk System)",299
AI Engineer,"Machine Learning Design
Data Analysis
Model Training
AI Integration
Innovation
Cross-Functional Collaboration
Model Deployment
Documentation
Analytical Skills
Communication
Team Collaboration Machine Learning Design
Data Analysis
Model Training
AI Integration
Innovation
Cross-Functional Collaboration
Model Deployment
Documentation
Analytical Skills
Communication
Team Collaboration","['Experienced with Microsoft Office - Word, Excel, Outlook, SharePoint & Costpoint', 'Administrative Assistant', 'Benefits', 'Clerical', 'Clients', 'Data entry', 'Database', 'Features', 'Filing', 'Forms', 'GIS', 'Mailing', 'Meetings', 'Excel', 'Mail', 'Outlook', 'SharePoint', 'Microsoft Office - Word', 'Office equipment', 'Policies', 'Processes', 'Reception', 'Recording', 'Retail', 'Scanning', 'Telephone', 'Phone', 'Typing']",,"['City , State', 'City , State', 'City , State']",AI Engineer,300
Executive/ Sr. Executive -IT,"Hardware & Software Installation
System Monitoring
IT Support
Networking Expertise
Mail Server Administration
Security Management
Troubleshooting & Repair
Operations Support Hardware & Software Installation
System Monitoring
IT Support
Networking Expertise
Mail Server Administration
Security Management
Troubleshooting & Repair
Operations Support","['Requirement Gathering', 'Software Development', 'Data Reporting', 'Root Cause Analysis', 'Solution Engineering', 'Key Aspect Analysis', 'Data Mining', 'Data Analytics', 'Java', 'HTML', 'JavaScript', 'C', 'Python']",3 to 5 years,"['N/A', 'N/A']",Executive/ Sr. Executive -IT,301
Management Trainee - Mechanical,"Management Trainee
Mechanical Systems
Maintenance & Troubleshooting
Performance Analysis
Project Support
Process Improvement
Training & Development
Administrative Support Management Trainee
Mechanical Systems
Maintenance & Troubleshooting
Performance Analysis
Project Support
Process Improvement
Training & Development
Administrative Support","['Communication Skills', 'High efficiency', 'High attention to Details', 'ERP/Accounting systems Proficiency', 'Advanced utilization Microsoft Office Suite', 'Excel']",,"['City, State', 'City, State', 'City, State', 'City, State', 'City, State']",Management Trainee - Mechanical,302
Database Administrator (DBA),"Database Design & Development
SQL Query Optimization
Data Integrity & Security
BI Solutions Development
ETL Process Implementation
Database Maintenance
Backup & Restore Management
Index Rebuilding & Performance Tuning
SQL Server Clustering & High Availability
SQL Server Replication
High Availability Group Management
Database Monitoring & Troubleshooting Database Design & Development
SQL Query Optimization
Data Integrity & Security
BI Solutions Development
ETL Process Implementation
Database Maintenance
Backup & Restore Management
Index Rebuilding & Performance Tuning
SQL Server Clustering & High Availability
SQL Server Replication
High Availability Group Management
Database Monitoring & Troubleshooting","['Data Scientist', 'Data Analyst', 'Software Development', 'Machine Learning', 'Natural Language Processing', 'Business Solutions', 'Process Flow', 'Logistic Regression', 'MySQL', 'MongoDB', 'Python', 'PowerBI', 'Hadoop']",At least 1 year,['N/A'],Database Administrator (DBA),303
Project Coordinator (Civil),"Project Design
Data Analysis
ACCORD/Alliance Knowledge
BNBC Standards
Cost Estimation
Feasibility Studies
Documentation
Compliance
Site Monitoring
Policy Enforcement
Legal Compliance
Data Management
Team Collaboration Project Design
Data Analysis
ACCORD/Alliance Knowledge
BNBC Standards
Cost Estimation
Feasibility Studies
Documentation
Compliance
Site Monitoring
Policy Enforcement
Legal Compliance
Data Management
Team Collaboration","['accounting', 'accountant', 'administrative', 'Army', 'Agency', 'backup', 'book', 'budget', 'Business Administration', 'cash flow', 'contracts', 'DC', 'documentation', 'filing', 'financial', 'GL', 'home office', 'IMS', 'International Business', 'materials', 'Access', 'Excel', 'Microsoft Office', 'office', 'PowerPoint', 'Word', 'procurement', 'purchasing', 'receiving', 'record keeping', 'transportation', 'type', 'workshops']",5 to 10 years,"['City', 'City', 'City']",Project Coordinator (Civil),304
Site Engineer,"Supervision
Monitoring
Construction
Estimation
Planning
Material Management
Project Coordination
Quality Assurance
Cost Control
Inventory
Operations
Safety
Error Escalation
Miscellaneous Tasks




 Supervision
Monitoring
Construction
Estimation
Planning
Material Management
Project Coordination
Quality Assurance
Cost Control
Inventory
Operations
Safety
Error Escalation
Miscellaneous Tasks




","['HTML', 'CSS', 'JavaScript (Angular)', 'Python', 'Git', 'Algorithm Design', 'Technical Writing', 'Data Analysis', 'Interpersonal Communication', 'Patience']",1 to 2 years,"['Princeton, NJ', 'Remote', 'Cherry Hill, NJ']",Site Engineer,305
Executive - VAT,"Mushak Forms Maintenance
VAT Software & MS Office Maintenance
VAT Ledger Management
VAT Challan Coordination
Liaison with VAT Office
VAT Documentation
Other Assigned Tasks Mushak Forms Maintenance
VAT Software & MS Office Maintenance
VAT Ledger Management
VAT Challan Coordination
Liaison with VAT Office
VAT Documentation
Other Assigned Tasks","['accounts payables', 'accounts receivables', 'Accounts Payable', 'Accounts Receivable', 'administrative functions', 'trial balance', 'banking', 'budget', 'bi', 'closing', 'Computer Applications', 'Credit', 'clients', 'Customer Service', 'data entry', 'delivery', 'driving', 'email', 'insurance', 'inventory', 'ledger', 'Access', 'Excel', 'Outlook', 'PowerPoint', 'Word', 'mortgage loan', 'Enterprise', 'policies', 'QuickBooks', 'Sales', 'sales reports', 'telecommunications', 'phone', 'workflow', 'written']",1 to 3 years,"['City, State', 'City, State', 'City, State', 'City, State', 'City, State', 'N/A']",Executive - VAT,306
Senior iOS Engineer,"iOS Lifecycle
Requirement Analysis
Native Frameworks
iOS Development
API Integration
Technical Communication
UI Design
Performance Optimization
Feature Collaboration
Bug Fixing
Code Translation
High-Performance Development
Task Management
Cross-Team Collaboration
Code Quality iOS Lifecycle
Requirement Analysis
Native Frameworks
iOS Development
API Integration
Technical Communication
UI Design
Performance Optimization
Feature Collaboration
Bug Fixing
Code Translation
High-Performance Development
Task Management
Cross-Team Collaboration
Code Quality","['Python', 'Java', 'Visual Basic', 'Windows', 'Linux', 'HTML', 'CSS', 'Javascript', 'PHP', 'SQL', 'NodeJS', 'App development (Android and iOS)', 'User centered design', 'Algorithms and data structures', 'Basic processor design', 'Electronic circuit analysis']",At least 4 years,"[None, None, None]",Senior iOS Engineer,307
HR Officer,"Relationship Building
HR Collaboration
Policy Development
Training Management
Record Keeping
Compliance
Employee Development
Policy Enforcement
Communication
Task Execution Relationship Building
HR Collaboration
Policy Development
Training Management
Record Keeping
Compliance
Employee Development
Policy Enforcement
Communication
Task Execution","['Big Data', 'Hadoop', 'Hive', 'Python', 'Mapreduce', 'Spark', 'Java', 'Machine Learning', 'Cloud', 'Hdfs', 'YARN', 'Core Java', 'Data Science', 'C++', 'Data Structures', 'DBMS', 'RDBMS', 'Informatica', 'Talend', 'Amazon Redshift', 'Microsoft Azure']",,['N/A'],HR Officer,308
"Manager- Human Resource Management (HRM)
","Recruitment Coordination
Appointment Management
Selection Criteria
Employee Orientation
Performance Evaluation
HR Database Management
Report Compilation
Documentation
Event Coordination
Task Execution Recruitment Coordination
Appointment Management
Selection Criteria
Employee Orientation
Performance Evaluation
HR Database Management
Report Compilation
Documentation
Event Coordination
Task Execution","['Mechanically-inclined', 'Diagnosis and repair', 'Skilled concrete finisher', 'Preventative maintenance', 'Dexterous with hand tools', 'Suspension and alignment', 'Strong attention to detail', 'Brake systems expertise', 'Troubleshooting', 'Brake repair and replacement', 'Responsible and reliable', 'Strategic thinker', 'Excellent problem solver', 'Self-starter', 'Decisive', 'Critical thinker', 'customer service', 'documentation', 'forklift', 'forms', 'legal', 'materials', 'policies', 'problem solving skills', 'progress', 'quality assurance', 'read', 'repairs', 'safety', 'struts', 'supervisor', 'tear']",5 to 6 years,"['City, State', 'City, State', 'City, State', None]","Manager- Human Resource Management (HRM)
",309
Data Engineer,"Data Platform Design
Data Pipeline Development
ETL Processes
SQL Query Optimization
Data Integration & Transformation
Data Modeling
Stakeholder Collaboration
Data Quality Monitoring
Continuous Learning Data Platform Design
Data Pipeline Development
ETL Processes
SQL Query Optimization
Data Integration & Transformation
Data Modeling
Stakeholder Collaboration
Data Quality Monitoring
Continuous Learning","['JavaScript (Angular)', 'HTML/ CSS', 'Python (Django)', 'SQL (PostgreSQL, Oracle)', 'REST APIs', 'Git']",5 to 8 years,"['Chicago, IL']",Data Engineer,310
Site Engineer,"Supervision
Monitoring
Construction
Estimation
Planning
Material Management
Project Coordination
Quality Assurance
Cost Control
Inventory
Operations
Safety
Error Escalation
Miscellaneous Tasks




 Supervision
Monitoring
Construction
Estimation
Planning
Material Management
Project Coordination
Quality Assurance
Cost Control
Inventory
Operations
Safety
Error Escalation
Miscellaneous Tasks




","['Data Analysis', 'Data Visualization', 'Data Structures', 'Deep Learning', 'Machine Learning', 'Artificial Intelligence', 'Linear Regression', 'Statistical Modeling', 'Predictive Modeling', 'Algorithms', 'Python', 'Hive', 'SQL', 'Java', 'Tableau', 'Big Data', 'Hadoop', 'C++', 'ANN']",1 to 2 years,['N/A'],Site Engineer,311
Data Science Engineer,"Application Development
Object-Oriented Design
Collaboration
Problem-Solving
Software Lifecycle
Innovation
Software Testing
System Analysis
Performance Monitoring
Plugin Development
Documentation
Integration Support Application Development
Object-Oriented Design
Collaboration
Problem-Solving
Software Lifecycle
Innovation
Software Testing
System Analysis
Performance Monitoring
Plugin Development
Documentation
Integration Support","['Project Management', 'Secret Clearance', 'Risk management', 'Performance tracking and evaluation', 'Team building', 'Project analysis', 'Leadership mentoring', 'Business and requirements analysis', 'Operations management', 'Decisive leader']",At least 2 years,"['City , State', 'City , State', 'City , State']",Data Science Engineer,320
Database Administrator (DBA),"Database Design & Development
SQL Query Optimization
Data Integrity & Security
BI Solutions Development
ETL Process Implementation
Database Maintenance
Backup & Restore Management
Index Rebuilding & Performance Tuning
SQL Server Clustering & High Availability
SQL Server Replication
High Availability Group Management
Database Monitoring & Troubleshooting Database Design & Development
SQL Query Optimization
Data Integrity & Security
BI Solutions Development
ETL Process Implementation
Database Maintenance
Backup & Restore Management
Index Rebuilding & Performance Tuning
SQL Server Clustering & High Availability
SQL Server Replication
High Availability Group Management
Database Monitoring & Troubleshooting","['Operations management', 'Change management', 'Inventory control', 'Policy/program development', 'Supervision and training', 'Sound judgment', 'Computersavvy', 'Calm under pressure', 'Complex problem solving', 'Motivational', 'Continuous Improvement', 'Out of the box thinking', 'Analytical and logical', 'Strong Leadership skills', 'Lean Manufacturing and Management', 'Six Sigma tools and methodologies', 'RCM', 'FMEA', 'DMAIC', 'PFD', 'Six Sigma Certified', 'Microsoft Office 2003-2011', 'Microsoft Visio, 2008-2010', 'Business Objects', 'SAP', 'Apple Lion', 'Pages', 'Keynote', 'Numbers', 'Microsoft Access 2010', 'Visual Studio 2008-2010', 'Microsoft Project', 'Netbeans', 'TextPad', 'SQL Server 2008', 'PowerSteering', 'Tango', 'HTML', 'Css', 'Java', 'Java Script', 'C++', 'VB.NET', 'ASP.NET', 'Web Design 1', 'Web Design 2', 'Algorithms', 'Software Engineering', 'VB.NET', 'ASP.NET', 'Apple', 'Budget Management', 'Business Objects', 'C++', 'Calculator', 'Coach', 'interpersonal skills', 'Continuous Improvement', 'Css', 'client', 'customer relations', 'customer service', 'documentation', 'Facilities Management', 'Financial Reporting', 'GUI', 'HTML', 'Human Resource Management', 'HR', 'Inventory', 'inventory levels', 'Inventory Control', 'Java', 'Java 1', 'Java 2', 'Java Script', 'Leadership skills', 'Lean Manufacturing', 'managing', 'manufacturing process', 'materials', 'Microsoft Access', 'Microsoft Office', 'Microsoft Project', 'Microsoft Visio', 'Works', 'personnel', 'policies', 'problem-solving skills', 'processes', 'project management', 'Purchasing', 'quality', 'maintain records', 're-engineering', 'repairs', 'reporting', 'safety', 'SAP', 'Six Sigma', 'Software Engineering', 'software training', 'SQL Server', 'supervision', 'supply chain', 'supply chain management', 'Tango', 'user support', 'Visual Studio', 'water treatment', 'Web Design 1', 'Web Design 2', 'websites']",At least 1 year,"['City, State', 'City, State', 'City, State']",Database Administrator (DBA),312
Senior Software Engineer,"Technical Support
Troubleshooting
Collaboration
Documentation
System Monitoring
Software Deployment
Training & Mentorship
Industry Trends
Field Visits




 Technical Support
Troubleshooting
Collaboration
Documentation
System Monitoring
Software Deployment
Training & Mentorship
Industry Trends
Field Visits




","['ProEngineer/CREO', 'MiniTab', 'MS Office Suite', 'MS Project', 'MS Visio', 'Injection Molding', 'Trackwise', 'Catsweb', 'Manufacturing', 'Assembly', 'Automation', 'Budget', 'Calibration', 'CNC', 'Coaching', 'Stat Graphics', 'Process Engineering', 'Manufacturing process development and improvement', 'Manufacturing yield improvement', 'CIP']",At least 1 year,"['City , State', 'City , State', 'City , State', 'City , State', 'City , State', 'City , State', 'City , State']",Senior Software Engineer,313
Network Support Engineer,"Mikrotik Router Configuration
OLT Device Setup & Management
Integration with Billing Software
Network Monitoring Tools Integration
Connectivity Troubleshooting
Technical Support & Escalation
Installation & Configuration
GPON/EPON Expertise
Cisco, OLT, MikroTik Knowledge Mikrotik Router Configuration
OLT Device Setup & Management
Integration with Billing Software
Network Monitoring Tools Integration
Connectivity Troubleshooting
Technical Support & Escalation
Installation & Configuration
GPON/EPON Expertise
Cisco, OLT, MikroTik Knowledge","['Machine Learning Engineering', 'Algorithm development', 'Python', 'Data Arbitration', 'Neural Networks', 'PyTorch', 'Pattern Recognition', 'Chatbot']",At least 3 years,['N/A'],Network Support Engineer,314
Network Support Engineer,"Mikrotik Router Configuration
OLT Device Setup & Management
Integration with Billing Software
Network Monitoring Tools Integration
Connectivity Troubleshooting
Technical Support & Escalation
Installation & Configuration
GPON/EPON Expertise
Cisco, OLT, MikroTik Knowledge Mikrotik Router Configuration
OLT Device Setup & Management
Integration with Billing Software
Network Monitoring Tools Integration
Connectivity Troubleshooting
Technical Support & Escalation
Installation & Configuration
GPON/EPON Expertise
Cisco, OLT, MikroTik Knowledge","['iFixit Pro Tech Toolkit', 'PassMark MemTest86', 'Malwarebytes', 'Recuva', 'Ultimate Boot CD (UBCD)', 'Windows Installation USB/DVD', 'TeamViewer', 'Driver Booster', 'Falcon Dust-Off Compressed Gas Duster', 'Fluke 115 Compact True-RMS Digital Multimeter']",At least 3 years,"['Euclid, OH', 'Cleveland, OH', 'Columbus, OH']",Network Support Engineer,315
Business Development Executive,"Apparel Sourcing
Quality Garment Sourcing
Reliable Partner
Buyer/Vendor Communication Apparel Sourcing
Quality Garment Sourcing
Reliable Partner
Buyer/Vendor Communication","['Account Reconciliation', 'Accounting', 'Accounts Payable', 'Accounts Receivable', 'AR', 'Billing', 'Budget', 'Cash Handling', 'Closing', 'Coaching', 'Communication Skills', 'Contracts', 'Credit', 'Customer Service', 'Financial', 'Forms', 'General Ledger', 'General Ledger Accounts', 'Grants', 'Groupwise', 'Instructing', 'Mentoring', 'Merchandising', 'Microsoft Office', 'Outlook', 'Organizational Skills', 'Packaging', 'Policies', 'Pricing', 'Public Speaking', 'Purchasing', 'Receiving', 'Reconciling', 'Research', 'Spreadsheets', 'Team Player', 'Time Management', 'Year-End']",1 to 3 years,"[None, 'City , State', None, 'City , State', 'City , State']",Business Development Executive,316
Senior Software Engineer,"Technical Support
Troubleshooting
Collaboration
Documentation
System Monitoring
Software Deployment
Training & Mentorship
Industry Trends
Field Visits




 Technical Support
Troubleshooting
Collaboration
Documentation
System Monitoring
Software Deployment
Training & Mentorship
Industry Trends
Field Visits




","['assembly', 'AutoCAD', 'automation', 'budgets', 'budget', 'CNC', 'electronics', 'layout', 'machine tools', 'machinery', 'market', 'materials', 'mathematics', 'mechanical', 'networks', 'packaging', 'PLC', 'policies', 'presentations', 'programming', 'Project management', 'quality', 'recording', 'sales', 'spreadsheet', 'team work']",At least 1 year,"['City, State', 'City, State', 'City, State']",Senior Software Engineer,317
Mechanical Engineer,"Machinery Maintenance
Troubleshooting
Report Preparation
Log Maintenance Machinery Maintenance
Troubleshooting
Report Preparation
Log Maintenance","['C++', 'Python', 'Firebase', 'Flutter', 'Tensorflow', 'Pandas', 'Numpy', 'Kotlin', 'Java', 'MongoDB', 'NoSQL']",2 to 5 years,['N/A'],Mechanical Engineer,318
Database Administrator (DBA),"Database Design & Development
SQL Query Optimization
Data Integrity & Security
BI Solutions Development
ETL Process Implementation
Database Maintenance
Backup & Restore Management
Index Rebuilding & Performance Tuning
SQL Server Clustering & High Availability
SQL Server Replication
High Availability Group Management
Database Monitoring & Troubleshooting Database Design & Development
SQL Query Optimization
Data Integrity & Security
BI Solutions Development
ETL Process Implementation
Database Maintenance
Backup & Restore Management
Index Rebuilding & Performance Tuning
SQL Server Clustering & High Availability
SQL Server Replication
High Availability Group Management
Database Monitoring & Troubleshooting","['Careful and active listener', 'Self-Starter & self-motivated', 'Hungry for growth and continuous learning', 'Proactive and energetic', 'Fluent in Spanish']",At least 1 year,"['City , State', 'City , State', 'City , State']",Database Administrator (DBA),319
Executive/ Sr. Executive -IT,"Hardware & Software Installation
System Monitoring
IT Support
Networking Expertise
Mail Server Administration
Security Management
Troubleshooting & Repair
Operations Support Hardware & Software Installation
System Monitoring
IT Support
Networking Expertise
Mail Server Administration
Security Management
Troubleshooting & Repair
Operations Support","['accounts payables', 'accounts receivables', 'Accounts Payable', 'Accounts Receivable', 'administrative functions', 'trial balance', 'banking', 'budget', 'bi', 'closing', 'Computer Applications', 'Credit', 'clients', 'Customer Service', 'data entry', 'delivery', 'driving', 'email', 'insurance', 'inventory', 'ledger', 'Access', 'Excel', 'Outlook', 'PowerPoint', 'Word', 'mortgage loan', 'Enterprise', 'policies', 'QuickBooks', 'Sales', 'sales reports', 'telecommunications', 'phone', 'workflow', 'written']",3 to 5 years,"['City, State', 'City, State', 'City, State', 'City, State', 'City, State', 'N/A']",Executive/ Sr. Executive -IT,322
Mechanical Engineer,"Machinery Maintenance
Troubleshooting
Report Preparation
Log Maintenance Machinery Maintenance
Troubleshooting
Report Preparation
Log Maintenance","['QuickBooks', 'Sage', 'Lacerte', 'Intuit ProSeries', 'Microsoft Word', 'Microsoft Excel', 'Microsoft Access', 'Microsoft Outlook', 'Microsoft Power Pivot', 'Microsoft PowerPoint', 'CalBench', 'FASB & GAAP standards', 'Sarbanes-Oxley', 'Generally Accepted Auditing Standards']",2 to 5 years,"['City, State', 'City, State', 'City, State', 'City, State']",Mechanical Engineer,323
Mechanical Engineer,"Machinery Maintenance
Troubleshooting
Report Preparation
Log Maintenance Machinery Maintenance
Troubleshooting
Report Preparation
Log Maintenance","['accounting', 'accounts payable', 'Accounts Receivable', 'ADP', 'advertising', 'AR', 'balance sheet', 'balance', 'bank reconciliations', 'benefits', 'billing', 'billings', 'book keeping', 'budget', 'cash flow projections', 'cash flow', 'controller', 'Credit', 'clients', 'data collection', 'delivery', 'documentation', 'email', 'Finance', 'financial', 'financial reporting', 'financial statements', 'fixed assets', 'General Ledger', 'inventory', 'job costing', 'ledger', 'legal', 'materials', 'meetings', 'Microsoft Access', 'Microsoft Excel', 'Excel', 'Microsoft Word', 'negotiating', 'DBA', 'Payables', 'payroll', 'Peachtree', 'processes', 'coding', 'purchasing', 'Express', 'Quick Books', 'QuickBooks', 'Research', 'Sage', 'Sales', 'Spreadsheet', 'Tax', 'software support', 'valuation', 'year-end']",2 to 5 years,"['City , State', 'City , State', 'State', 'City , State']",Mechanical Engineer,324
System Administrator (Operation & Maintenance of S,"Hardware & Network Installation
Troubleshooting & Diagnostics
User Training & Capacity Building
Hardware Replacement
Fault Repair & System Setup
Software License & Account Management
Backup Management
System Updates & Maintenance
Server & Storage Management
Documentation & Technical Specifications
Data Protection & Disaster Recovery
Storage & Database Planning
Power & Disk Backup
Incident Management & Escalation
Service Restoration
User Communication & Verification
Incident Classification & Resolution
Major Incident Escalation
Problem & Error Management
Task Assignment & Execution Hardware & Network Installation
Troubleshooting & Diagnostics
User Training & Capacity Building
Hardware Replacement
Fault Repair & System Setup
Software License & Account Management
Backup Management
System Updates & Maintenance
Server & Storage Management
Documentation & Technical Specifications
Data Protection & Disaster Recovery
Storage & Database Planning
Power & Disk Backup
Incident Management & Escalation
Service Restoration
User Communication & Verification
Incident Classification & Resolution
Major Incident Escalation
Problem & Error Management
Task Assignment & Execution","['Accounting', 'Sales', 'Inventory', 'Payroll', 'Reconciliations', 'Bookkeeper', 'Audits', 'Operations', 'Accounts Payable', 'Accounts Receivable', 'Assembly', 'Closings', 'Contracts', 'Customer Service', 'Direct Sales', 'Fixed Assets', 'Food Safety', 'Government Contracts', 'Logistics', 'Maintenance', 'Quality Assurance', 'Receptionist', 'Retail Sales', 'Shipping', 'USDA', 'Staffing', 'Cash', 'Clerk', 'Merchandising', 'Ordering', 'Automated Payroll', 'Payroll Processing', 'Software Training', 'Training', 'Accountant', 'Credit', 'Billing', 'CSI', 'Excel', 'MS Excel', 'Networking', 'Forecasting', 'GL', 'Telephone', 'Adjustments', 'Audit', 'Balance Sheet', 'Budgeting', 'Monthly Sales', 'Sales Tax', 'Annuities', 'CPA', 'Life Insurance', 'Procedure Writing', 'Project Management', 'Public Relations', 'Team Building', 'Administrative Manager', 'HR', 'Microsoft Office', 'Purchase Orders']",4 to 5 years,"['City, State', 'City, State', 'City, State', 'City, State', 'City, State', 'City, State', 'City, State', 'City, State']","System Administrator (Operation & Maintenance of Server, Storage & Service Desk System)",325
Executive/ Sr. Executive -IT,"Hardware & Software Installation
System Monitoring
IT Support
Networking Expertise
Mail Server Administration
Security Management
Troubleshooting & Repair
Operations Support Hardware & Software Installation
System Monitoring
IT Support
Networking Expertise
Mail Server Administration
Security Management
Troubleshooting & Repair
Operations Support","['Operations management', 'Change management', 'Inventory control', 'Policy/program development', 'Supervision and training', 'Sound judgment', 'Computersavvy', 'Calm under pressure', 'Complex problem solving', 'Motivational', 'Continuous Improvement', 'Out of the box thinking', 'Analytical and logical', 'Strong Leadership skills', 'Lean Manufacturing and Management', 'Six Sigma tools and methodologies', 'RCM', 'FMEA', 'DMAIC', 'PFD', 'Six Sigma Certified', 'Microsoft Office 2003-2011', 'Microsoft Visio, 2008-2010', 'Business Objects', 'SAP', 'Apple Lion', 'Pages', 'Keynote', 'Numbers', 'Microsoft Access 2010', 'Visual Studio 2008-2010', 'Microsoft Project', 'Netbeans', 'TextPad', 'SQL Server 2008', 'PowerSteering', 'Tango', 'HTML', 'Css', 'Java', 'Java Script', 'C++', 'VB.NET', 'ASP.NET', 'Web Design 1', 'Web Design 2', 'Algorithms', 'Software Engineering', 'VB.NET', 'ASP.NET', 'Apple', 'Budget Management', 'Business Objects', 'C++', 'Calculator', 'Coach', 'interpersonal skills', 'Continuous Improvement', 'Css', 'client', 'customer relations', 'customer service', 'documentation', 'Facilities Management', 'Financial Reporting', 'GUI', 'HTML', 'Human Resource Management', 'HR', 'Inventory', 'inventory levels', 'Inventory Control', 'Java', 'Java 1', 'Java 2', 'Java Script', 'Leadership skills', 'Lean Manufacturing', 'managing', 'manufacturing process', 'materials', 'Microsoft Access', 'Microsoft Office', 'Microsoft Project', 'Microsoft Visio', 'Works', 'personnel', 'policies', 'problem-solving skills', 'processes', 'project management', 'Purchasing', 'quality', 'maintain records', 're-engineering', 'repairs', 'reporting', 'safety', 'SAP', 'Six Sigma', 'Software Engineering', 'software training', 'SQL Server', 'supervision', 'supply chain', 'supply chain management', 'Tango', 'user support', 'Visual Studio', 'water treatment', 'Web Design 1', 'Web Design 2', 'websites']",3 to 5 years,"['City, State', 'City, State', 'City, State']",Executive/ Sr. Executive -IT,326
Asst. Manager/ Manger (Administrative),"Administrative Support
Scheduling
Filing & Documentation
Communication
Team Support
Equipment Maintenance
Information Provision
Inventory Management
Team Collaboration
OHS Policy Development
Safety Advice
Risk Assessment
Policy Review
OHS Training
Safety Inspections
Unsafe Act Prevention
Incident Investigation
Report Preparation Administrative Support
Scheduling
Filing & Documentation
Communication
Team Support
Equipment Maintenance
Information Provision
Inventory Management
Team Collaboration
OHS Policy Development
Safety Advice
Risk Assessment
Policy Review
OHS Training
Safety Inspections
Unsafe Act Prevention
Incident Investigation
Report Preparation","['Statistical Analysis', 'C', 'OpenCV', 'Deep Learning', 'Computer Vision', 'R', 'Exploratory Data Analysis', 'Linear Regression', 'Logistic Regression', 'Risk Analyst', 'Machine Learning', 'Financial Risk Management']",At least 5 years,[None],Asst. Manager/ Manger (Administrative),327
Mechanical Engineer,"Machinery Maintenance
Troubleshooting
Report Preparation
Log Maintenance Machinery Maintenance
Troubleshooting
Report Preparation
Log Maintenance","['Data Analysis', 'Data Analytics', 'Business Analysis', 'R', 'SAS', 'PowerBi', 'Tableau', 'Data Visualization', 'Business Analytics', 'Machine Learning']",2 to 5 years,['N/A'],Mechanical Engineer,328
Marketing Officer,"Digital Marketing Strategy
Brand Awareness, Online Traffic
Social Media Management
Google Analytics
Cross-functional Teams
Campaign Execution, SEO Digital Marketing Strategy
Brand Awareness, Online Traffic
Social Media Management
Google Analytics
Cross-functional Teams
Campaign Execution, SEO","['Business Analyst', 'Data Analysis', 'Business Analysis', 'Machine Learning', 'Tableau', 'Seaborn', 'Python', 'R', 'AWS VIEW', 'NodeJS']",At least 1 year,['N/A'],Marketing Officer,408
Data Science Engineer,"Application Development
Object-Oriented Design
Collaboration
Problem-Solving
Software Lifecycle
Innovation
Software Testing
System Analysis
Performance Monitoring
Plugin Development
Documentation
Integration Support Application Development
Object-Oriented Design
Collaboration
Problem-Solving
Software Lifecycle
Innovation
Software Testing
System Analysis
Performance Monitoring
Plugin Development
Documentation
Integration Support","['Live Electrical', 'Arc Flash', 'Lock-Out/Tag-Out', 'ESD', 'functional testing', 'test equipment repair and operation', 'troubleshooting', 'ISO-9001 standards', 'electrical equipment operation', 'Mechanical repair', 'oil servicing', 'Power Generation', 'soldering', 'electrical component repair', 'safety awareness', 'schematics', 'blueprints', 'drawings', 'various testing equipment', 'equipment/wiring installation', 'solenoid/valves', 'PC repair', 'fabrication', 'well organized', 'self motivated', 'excellent written and verbal communication skills']",At least 2 years,"['City , State', 'City , State', 'City , State', 'N/A']",Data Science Engineer,329
Data Engineer,"Data Platform Design
Data Pipeline Development
ETL Processes
SQL Query Optimization
Data Integration & Transformation
Data Modeling
Stakeholder Collaboration
Data Quality Monitoring
Continuous Learning Data Platform Design
Data Pipeline Development
ETL Processes
SQL Query Optimization
Data Integration & Transformation
Data Modeling
Stakeholder Collaboration
Data Quality Monitoring
Continuous Learning","['Business to Business', 'Business to Customer', 'Contract Negotiation', 'Calm Under Pressure', 'Account Management', 'Total Quality Management', 'P&L Management', 'Business Development']",5 to 8 years,"['City , State', 'City , State', 'City , State', 'City , State', 'City , State', 'City , State', 'City , State']",Data Engineer,330
Mechanical Engineer,"Machinery Maintenance
Troubleshooting
Report Preparation
Log Maintenance Machinery Maintenance
Troubleshooting
Report Preparation
Log Maintenance","['assembly', 'ATM', 'Cadence', 'calibration', 'CA', 'hardware', 'DC', 'de-bugging', 'Ethernet', 'Graphic', 'ISO 9000', 'LabView', 'layout', 'Linux OS', 'Logic', 'Mentor', 'Access', 'MS Office', 'Windows', 'multimeters', 'network', 'networking', 'ORCAD', 'oscilloscopes', 'power supplies', 'procurement', 'purchasing', 'Quality Assurance', 'Routers', 'schematics', 'signal generators', 'SONET', 'Switches', 'T1', 'test equipment', 'trouble shooting', 'troubleshooting', 'validation', 'View']",2 to 5 years,"['City, State', 'City, State', 'City, State']",Mechanical Engineer,331
Senior Software Engineer,"Technical Support
Troubleshooting
Collaboration
Documentation
System Monitoring
Software Deployment
Training & Mentorship
Industry Trends
Field Visits




 Technical Support
Troubleshooting
Collaboration
Documentation
System Monitoring
Software Deployment
Training & Mentorship
Industry Trends
Field Visits




","['Data science', 'Deep learning', 'Neural Networks', 'Artificial Intelligence', 'Natural Language Processing', 'Pattern Recognition', 'Machine Learning', 'Predictive Analytics', 'Logistic regression']",At least 1 year,['N/A'],Senior Software Engineer,332
Sr.Officer / Executive - Internal Audit,"Internal Audit Assistance
Voucher & Bill Verification
Cost Sheet Analysis
L/C Voucher Verification
Expense Verification
Salary & Wages Verification
Market Rate Verification Internal Audit Assistance
Voucher & Bill Verification
Cost Sheet Analysis
L/C Voucher Verification
Expense Verification
Salary & Wages Verification
Market Rate Verification","['Machine Learning Engineer', 'C++', 'Technical Documentation', 'Natural Language Processing', 'SQL', 'Tableau', 'Python', 'AWS', 'Azure', 'SAP', 'OracleDB', 'Heroku']",2 to 4 years,['N/A'],Sr.Officer / Executive - Internal Audit,333
Data Science Engineer,"Application Development
Object-Oriented Design
Collaboration
Problem-Solving
Software Lifecycle
Innovation
Software Testing
System Analysis
Performance Monitoring
Plugin Development
Documentation
Integration Support Application Development
Object-Oriented Design
Collaboration
Problem-Solving
Software Lifecycle
Innovation
Software Testing
System Analysis
Performance Monitoring
Plugin Development
Documentation
Integration Support","['Superior attention to detail', 'Invoice coding familiarity', 'QuickBooks expert', 'Self-motivated professional', 'Strong communication skills', 'Accounting operations professional', 'Cash flow analysis', 'Data trending knowledge', 'Advanced bookkeeping skills', 'Responsible for preparing and posting entries for the daily posting packet', 'Verifies and balances system originated interfaces and posts non-system generated transactions prepared from other sources', 'System originated interfaces refers to the Credit Union owned system as well as external systems, such as shared branching and ATM transaction networks', 'A monitor flow of credit union transactions from the various supporting systems into and out of the general ledger daily, and identifies and resolves errors, omissions, and irregularities to provide accurate records for TFCU and its service organizations', 'Calculates and posts month end and year-end accruals as needed', 'Responsible for maintaining fixed assets and prepaid sub-ledger accounts', 'Prepares budget variance reports for various departments as assigned', 'Works with that department manager in preparation of annual budget', 'Responds to inquiries from that manager regarding budgeted and actual expenses', 'Prepares analyses as requested by manager and other departments', 'Manages the accounts payable function - including employee/volunteer reimbursement - from processing incoming invoices, through cost center coding, approval by appropriate party, input into the system, to check preparation and mailing', 'Identifies vendors requiring an IRS Form 1099 and prepares the form and transmittal', 'Manages the Corporate VISA accounts for managers and volunteers, including ordering and canceling cards, processing corporate Visa accounts for payment, and resolving discrepancies', 'Along with other Finance Department staff, processes outgoing and incoming wires, verifies those wires have all required documentation, and works with branch staff to ensure incoming wires are posted and resolve issues', 'Responsible for assisting with the preparation of financial statements', 'Superior attention to detail', 'Invoice coding familiarity', 'QuickBooks expert', 'Self-motivated professional', 'Strong communication skills', 'Accounting operations professional', 'Cash flow analysis', 'Data trending knowledge', 'Advanced bookkeeping skills', 'Accounting', 'Accounting System', 'accounts payable', 'accruals', 'Articulate', 'ATM', 'banking', 'budget', 'Business Intelligence', 'calculator', 'cash flow', 'cashier', 'closing', 'Credit', 'documentation', 'equipment maintenance', 'filing', 'Finance', 'Financial', 'financial reports', 'financial statements', 'preparation of financial statements', 'fixed assets', 'funds', 'general ledger', 'general ledger accounts', 'ledger', 'mailing', 'Access', 'Excel', 'Microsoft Office', 'office', 'PowerPoint', 'Microsoft Word', 'Works', 'networks', 'PeopleSoft', 'policies', 'processes', 'coding', 'receiving', 'reconciling', 'Maintains files', 'reporting', 'research', 'sales', 'scanning', 'scheduling', 'phone', 'year-end']",At least 2 years,"['City, State', 'City, State', 'City']",Data Science Engineer,334
Asst. Manager/ Manger (Administrative),"Administrative Support
Scheduling
Filing & Documentation
Communication
Team Support
Equipment Maintenance
Information Provision
Inventory Management
Team Collaboration
OHS Policy Development
Safety Advice
Risk Assessment
Policy Review
OHS Training
Safety Inspections
Unsafe Act Prevention
Incident Investigation
Report Preparation Administrative Support
Scheduling
Filing & Documentation
Communication
Team Support
Equipment Maintenance
Information Provision
Inventory Management
Team Collaboration
OHS Policy Development
Safety Advice
Risk Assessment
Policy Review
OHS Training
Safety Inspections
Unsafe Act Prevention
Incident Investigation
Report Preparation","['Analytical reasoning', 'Compliance testing knowledge', 'Effective time management', 'Public and private accounting', 'accounting', 'accounting systems', 'accounts payable', 'accounts receivable', 'administrative', 'AR', 'billing', 'closing', 'client', 'clients', 'documentation', 'financial', 'financial reports', 'preparation of financial reports', 'Preparation of financial statements', 'fixed assets', 'managing', 'month-end closing', 'policies', 'maintain records', 'reporting', 'Research', 'sales', 'tax', 'taxes', 'tax returns', 'annual reports', 'year-end']",At least 5 years,"['City, State', 'City, State', 'City, State', 'City, State', 'City, State']",Asst. Manager/ Manger (Administrative),335
Head of Internal Control & Compliance (ICC) - SEVP,"15+ Years Banking Experience
Audit/Inspection/ICC Leadership
Internal Audit & Compliance
Risk-Based Operational Reviews
System-Based Audit Expertise
Knowledge of Bangladeshi Laws 15+ Years Banking Experience
Audit/Inspection/ICC Leadership
Internal Audit & Compliance
Risk-Based Operational Reviews
System-Based Audit Expertise
Knowledge of Bangladeshi Laws","['Data Analyst', 'Machine Learning', 'Data Mining', 'Data Science', 'Natural Language Processing', 'Data Visualization', 'Data Analysis']",At least 15 years,['N/A'],Head of Internal Control & Compliance (ICC) - SEVP/DMD,441
Data Engineer,"Data Platform Design
Data Pipeline Development
ETL Processes
SQL Query Optimization
Data Integration & Transformation
Data Modeling
Stakeholder Collaboration
Data Quality Monitoring
Continuous Learning Data Platform Design
Data Pipeline Development
ETL Processes
SQL Query Optimization
Data Integration & Transformation
Data Modeling
Stakeholder Collaboration
Data Quality Monitoring
Continuous Learning","['accounting', 'accounts payable', 'Accounts Receivable', 'ADP', 'advertising', 'AR', 'balance sheet', 'balance', 'bank reconciliations', 'benefits', 'billing', 'billings', 'book keeping', 'budget', 'cash flow projections', 'cash flow', 'controller', 'Credit', 'clients', 'data collection', 'delivery', 'documentation', 'email', 'Finance', 'financial', 'financial reporting', 'financial statements', 'fixed assets', 'General Ledger', 'inventory', 'job costing', 'ledger', 'legal', 'materials', 'meetings', 'Microsoft Access', 'Microsoft Excel', 'Excel', 'Microsoft Word', 'negotiating', 'DBA', 'Payables', 'payroll', 'Peachtree', 'processes', 'coding', 'purchasing', 'Express', 'Quick Books', 'QuickBooks', 'Research', 'Sage', 'Sales', 'Spreadsheet', 'Tax', 'software support', 'valuation', 'year-end']",5 to 8 years,"['City , State', 'City , State', 'State', 'City , State']",Data Engineer,336
Database Administrator (DBA),"Database Design & Development
SQL Query Optimization
Data Integrity & Security
BI Solutions Development
ETL Process Implementation
Database Maintenance
Backup & Restore Management
Index Rebuilding & Performance Tuning
SQL Server Clustering & High Availability
SQL Server Replication
High Availability Group Management
Database Monitoring & Troubleshooting Database Design & Development
SQL Query Optimization
Data Integrity & Security
BI Solutions Development
ETL Process Implementation
Database Maintenance
Backup & Restore Management
Index Rebuilding & Performance Tuning
SQL Server Clustering & High Availability
SQL Server Replication
High Availability Group Management
Database Monitoring & Troubleshooting","['Deep learning', 'Python', 'SQL', 'Keras', 'PyTorch', 'PySpark', 'Data Science', 'Data Analysis', 'Machine Learning', 'Natural Language Processing', 'Artificial Intelligence', 'Computer Vision', 'Pattern Recognition', 'NLP', 'OpenCV', 'Image Processing']",At least 1 year,['N/A'],Database Administrator (DBA),337
AI Engineer,"Machine Learning Design
Data Analysis
Model Training
AI Integration
Innovation
Cross-Functional Collaboration
Model Deployment
Documentation
Analytical Skills
Communication
Team Collaboration Machine Learning Design
Data Analysis
Model Training
AI Integration
Innovation
Cross-Functional Collaboration
Model Deployment
Documentation
Analytical Skills
Communication
Team Collaboration","['Microsoft office Suite (2013)', 'Reading Schematics', 'Troubleshooting', 'Problem solving', 'Lean Manufacturing', 'Inventory', 'Government Sell-Offs', 'Critical Thinking', 'Effective Multitasking', 'Deadline Compliance', 'Works well under pressure', 'Highly responsible and reliable', 'Establishing goals and setting priorities', 'Team player', 'Initiative to work independent']",,"['City, State', 'City, State', 'City, State']",AI Engineer,338
Executive - VAT,"Mushak Forms Maintenance
VAT Software & MS Office Maintenance
VAT Ledger Management
VAT Challan Coordination
Liaison with VAT Office
VAT Documentation
Other Assigned Tasks Mushak Forms Maintenance
VAT Software & MS Office Maintenance
VAT Ledger Management
VAT Challan Coordination
Liaison with VAT Office
VAT Documentation
Other Assigned Tasks","['Machine learning', 'Deep learning', 'Computer vision', 'Image processing', 'Neural networks', 'Contextual Reasoning']",1 to 3 years,,Executive - VAT,339
Business Development Executive,"Apparel Sourcing
Quality Garment Sourcing
Reliable Partner
Buyer/Vendor Communication Apparel Sourcing
Quality Garment Sourcing
Reliable Partner
Buyer/Vendor Communication","['Organizational and planning skills', 'Customer Service', 'IT skills (Shopper, Tally, Voyager)', 'Creativity and imagination', 'Business and commercial acumen', 'Drive, motivation and initiative', 'Good Team player', 'Oral and written communication', 'Numerical and analytical ability', 'Ability to lead and motivate a team', 'Influencing and negotiation', 'Work under pressure and deadlines', 'Proficient in MS-Office (Word/Excel/PowerPoint)', 'Focus Integrated ERP software for Retail Garment Stores']",1 to 3 years,"['City, State', 'City, State', 'City, State', 'City, State', 'City, State']",Business Development Executive,340
Site Engineer,"Supervision
Monitoring
Construction
Estimation
Planning
Material Management
Project Coordination
Quality Assurance
Cost Control
Inventory
Operations
Safety
Error Escalation
Miscellaneous Tasks




 Supervision
Monitoring
Construction
Estimation
Planning
Material Management
Project Coordination
Quality Assurance
Cost Control
Inventory
Operations
Safety
Error Escalation
Miscellaneous Tasks




","['Brand development', 'Analyzing market trends', 'Established track record of exceptional sales results', 'Account Management', 'Excellent negotiating tactics', 'Skilled multi-tasker', 'SalesForce lead management', 'Strong interpersonal skills']",1 to 2 years,"['State', 'City , State', 'City , State', 'City , State']",Site Engineer,341
Asst. Manager/ Manger (Administrative),"Administrative Support
Scheduling
Filing & Documentation
Communication
Team Support
Equipment Maintenance
Information Provision
Inventory Management
Team Collaboration
OHS Policy Development
Safety Advice
Risk Assessment
Policy Review
OHS Training
Safety Inspections
Unsafe Act Prevention
Incident Investigation
Report Preparation Administrative Support
Scheduling
Filing & Documentation
Communication
Team Support
Equipment Maintenance
Information Provision
Inventory Management
Team Collaboration
OHS Policy Development
Safety Advice
Risk Assessment
Policy Review
OHS Training
Safety Inspections
Unsafe Act Prevention
Incident Investigation
Report Preparation","['ASP.NET 4.5', 'academic', 'Clustering', 'consulting', 'curriculum development', 'customer satisfaction', 'data analysis', 'data mining', 'data warehouse', 'Databases', 'database', 'database design', 'database management', 'data warehousing', 'environmental protection', 'Environmental Science', 'GIS', 'HTML', 'instructor', 'Lecturer', 'legal', 'machine learning', 'managing', 'materials', 'meetings', 'C#', 'Microsoft SQL', 'modeling', 'Natural', 'Oracle', 'process development and engineering', 'processes', 'progress', 'Python', 'quality', 'researching', 'research', 'SAS', 'shipping', 'SPSS', 'SQL', 'Statistics', 'Tableau', 'teaching', 'technical support', 'workshops']",At least 5 years,"['City, State', 'N/A', 'N/A']",Asst. Manager/ Manger (Administrative),342
"Manager- Human Resource Management (HRM)
","Recruitment Coordination
Appointment Management
Selection Criteria
Employee Orientation
Performance Evaluation
HR Database Management
Report Compilation
Documentation
Event Coordination
Task Execution Recruitment Coordination
Appointment Management
Selection Criteria
Employee Orientation
Performance Evaluation
HR Database Management
Report Compilation
Documentation
Event Coordination
Task Execution","['Microsoft Windows 10', 'Memtest86', 'TeamViewer', 'McAfee Endpoint Security', 'Acronis True Image', 'Recuva', 'Wireshark', 'HWiNFO', 'VMware Workstation', 'PowerShell']",5 to 6 years,"['Seattle, WA', 'Seattle, WA', 'Seattle, WA']","Manager- Human Resource Management (HRM)
",343
Network Support Engineer,"Mikrotik Router Configuration
OLT Device Setup & Management
Integration with Billing Software
Network Monitoring Tools Integration
Connectivity Troubleshooting
Technical Support & Escalation
Installation & Configuration
GPON/EPON Expertise
Cisco, OLT, MikroTik Knowledge Mikrotik Router Configuration
OLT Device Setup & Management
Integration with Billing Software
Network Monitoring Tools Integration
Connectivity Troubleshooting
Technical Support & Escalation
Installation & Configuration
GPON/EPON Expertise
Cisco, OLT, MikroTik Knowledge","['Exceptional time management', 'Operational analysis', 'Root cause analysis', 'Technical plan execution aptitude', 'Highly dependable', 'Detail-oriented', 'Strong leader', 'Manufacturing process controls', 'Proficient in SolidWorks', 'Decisive', 'Product improvement', 'A+', 'client server', 'hardware', 'computer networks', 'Computer sales', 'clients', 'database', 'desktops', 'Documentation', 'functional', 'HP', 'HP NetServers', 'Inventory management and Control', 'laptops', 'marketing', 'materials', 'Windows', 'windows XP', 'Migration', 'network printers', 'network', 'NICs', 'operating systems', 'OS', 'progress', 'Protocols', 'Purchasing', 'QA', 'RAID', 'repairs', 'repairing', 'servers', 'specification', 'Technical Support', 'Troubleshoot', 'Troubleshooting', 'Upgrading', 'usability testing', 'validation', 'Vista']",At least 3 years,"['City, State', 'City, State', 'City, State', 'City, State', 'City, State', 'City, State', 'City, State', 'City, State']",Network Support Engineer,346
"Manager- Human Resource Management (HRM)
","Recruitment Coordination
Appointment Management
Selection Criteria
Employee Orientation
Performance Evaluation
HR Database Management
Report Compilation
Documentation
Event Coordination
Task Execution Recruitment Coordination
Appointment Management
Selection Criteria
Employee Orientation
Performance Evaluation
HR Database Management
Report Compilation
Documentation
Event Coordination
Task Execution","['accounts payables', 'accounts receivables', 'Accounts Payable', 'Accounts Receivable', 'administrative functions', 'trial balance', 'banking', 'budget', 'bi', 'closing', 'Computer Applications', 'Credit', 'clients', 'Customer Service', 'data entry', 'delivery', 'driving', 'email', 'insurance', 'inventory', 'ledger', 'Access', 'Excel', 'Outlook', 'PowerPoint', 'Word', 'mortgage loan', 'Enterprise', 'policies', 'QuickBooks', 'Sales', 'sales reports', 'telecommunications', 'phone', 'workflow', 'written']",5 to 6 years,"['City, State', 'City, State', 'City, State', 'City, State', 'City, State', 'N/A']","Manager- Human Resource Management (HRM)
",347
Project Coordinator (Civil),"Project Design
Data Analysis
ACCORD/Alliance Knowledge
BNBC Standards
Cost Estimation
Feasibility Studies
Documentation
Compliance
Site Monitoring
Policy Enforcement
Legal Compliance
Data Management
Team Collaboration Project Design
Data Analysis
ACCORD/Alliance Knowledge
BNBC Standards
Cost Estimation
Feasibility Studies
Documentation
Compliance
Site Monitoring
Policy Enforcement
Legal Compliance
Data Management
Team Collaboration","['HTML', 'CSS', 'JavaScript (Angular)', 'Python', 'Git', 'Algorithm Design', 'Technical Writing', 'Data Analysis', 'Interpersonal Communication', 'Patience']",5 to 10 years,"['Princeton, NJ', 'Remote', 'Cherry Hill, NJ']",Project Coordinator (Civil),348
Civil Engineer,"Design Review
Coordination
Proposal Preparation
Feasibility Analysis
Software Utilization
Supervision
Technical Support
Submission Review
Progress Reporting
Compliance
Site Visits Design Review
Coordination
Proposal Preparation
Feasibility Analysis
Software Utilization
Supervision
Technical Support
Submission Review
Progress Reporting
Compliance
Site Visits","['Requirement Analysis', 'Machine Learning', 'Predictive Analytics', 'Python', 'Tableau', 'PowerBI', 'R', 'SQL', 'Advanced Excel', 'Business Analytics']",At least 5 years,['N/A'],Civil Engineer,349
Management Trainee - Mechanical,"Management Trainee
Mechanical Systems
Maintenance & Troubleshooting
Performance Analysis
Project Support
Process Improvement
Training & Development
Administrative Support Management Trainee
Mechanical Systems
Maintenance & Troubleshooting
Performance Analysis
Project Support
Process Improvement
Training & Development
Administrative Support","['Java', 'Unix', 'Git', 'Swift', 'SQL', 'HTML/CSS']",,"['N/A', 'N/A']",Management Trainee - Mechanical,350
Machine Learning (ML) Engineer,"Machine Learning Leadership
Cross-Functional Collaboration
Strategy Development
ML/NLP Infrastructure
Prototype Transformation
ML System Design
Algorithm Research
Application Development
Dataset Selection
ML Testing
Statistical Analysis
R&D in ML/NLP
Text Representation
Data Pipeline Design
Statistical Data Analysis
Model Training
Team Collaboration
Research Reporting
Algorithm Analysis Machine Learning Leadership
Cross-Functional Collaboration
Strategy Development
ML/NLP Infrastructure
Prototype Transformation
ML System Design
Algorithm Research
Application Development
Dataset Selection
ML Testing
Statistical Analysis
R&D in ML/NLP
Text Representation
Data Pipeline Design
Statistical Data Analysis
Model Training
Team Collaboration
Research Reporting
Algorithm Analysis","['Microsoft Word/Excel', 'Great Plains Dynamics', 'BI360 (BusinessIntelligence Tool)', 'Keane Care']",At least 5 year(s),"['City, State', 'City, State', 'City, State', 'City, State']",Machine Learning (ML) Engineer,351
Head of Internal Control & Compliance (ICC) - SEVP,"15+ Years Banking Experience
Audit/Inspection/ICC Leadership
Internal Audit & Compliance
Risk-Based Operational Reviews
System-Based Audit Expertise
Knowledge of Bangladeshi Laws 15+ Years Banking Experience
Audit/Inspection/ICC Leadership
Internal Audit & Compliance
Risk-Based Operational Reviews
System-Based Audit Expertise
Knowledge of Bangladeshi Laws","['Budget forecasting expertise', 'Analytical reasoning', 'Account reconciliation expert', 'Strong organizational skills', 'General ledger accounting', 'Expert in customer relations', 'Flexible team player', 'Advanced computer proficiency (PC and Mac)', 'Performed debit, credit and total accounts on computer spreadsheets/databases, using specialized accounting software.', 'Received, recorded, and banked cash, checks, and vouchers as well as reconciled records of bank transactions.', 'Worked with management to document and offset unusual expense variances in their respective areas.', 'Assisted the CFO with the production of the monthly financials, management reports and board packages.', 'Coded the general ledger and processed vendor invoice payments.', 'Researched and resolved billing and invoice problems.', 'Account reconciliations', 'Accounting', 'Accountant', 'accounting systems', 'accounting system', 'Accounts payable', 'Adobe Acrobat', 'agency', 'Balance', 'banking', 'Budget analysis', 'budget', 'bi', 'cash handling', 'clerical', 'contracts', 'cost accounting', 'Database', 'fax', 'FDS', 'Finance', 'Financial', 'Financial analysis', 'financial management', 'financial operations', 'financial reports', 'financial statements', 'fiscal management', 'forecasting', 'functional', 'fund accounting', 'funds', 'General Ledger', 'Government', 'grants', 'Innovation', 'maintains inventory', 'inventory', 'leadership skills', 'Macintosh', 'Mainframe', 'managerial', 'managerial accounting', 'Access', 'Microsoft Access', 'Microsoft Excel', 'Excel', 'Microsoft Office software', 'Office', 'Outlook', 'PowerPoint', 'Publisher', 'Windows', 'Word', 'Monitors', 'newsletter', 'Payroll', 'IBM-PC', 'copier', 'Policies', 'processes', 'profit', 'Program Development', 'proposals', 'QuickBooks', 'reconciling', 'record keeping', 'repairs', 'reporting', 'scanner', 'technical support', 'phone', 'time management', 'type', 'written', 'annual reports', 'year-end']",At least 15 years,"['City, State', 'City, State', 'City, State']",Head of Internal Control & Compliance (ICC) - SEVP/DMD,352
Mechanical Engineer,"Machinery Maintenance
Troubleshooting
Report Preparation
Log Maintenance Machinery Maintenance
Troubleshooting
Report Preparation
Log Maintenance","['Data Engineer', 'Data Analytics', 'Data Visualization', 'Machine Learning', 'Statistical Modeling', 'Predictive Modeling', 'MongoDB', 'PowerBI', 'Tableau', 'Python', 'MySQL']",2 to 5 years,"['Hannover, Germany']",Mechanical Engineer,452
"Full Stack Developer (Python,React js)","Full Stack Development
Front-end: ReactJS, NextJS
Backend: Python, Django
API Design
Server-Side Logic
DRF (Django REST Framework)
Database Management (PostgreSQL, MySQL)
Version Control (Git)
AWS (ECR, RDS, ECS, ALB, EC2, etc.)
Linux, Docker, CI/CD, GitLab
Terraform, Shell Scripting Full Stack Development
Front-end: ReactJS, NextJS
Backend: Python, Django
API Design
Server-Side Logic
DRF (Django REST Framework)
Database Management (PostgreSQL, MySQL)
Version Control (Git)
AWS (ECR, RDS, ECS, ALB, EC2, etc.)
Linux, Docker, CI/CD, GitLab
Terraform, Shell Scripting","['Machine Learning', 'Software Developer', 'Software Engineering', 'ML Engineer', 'Model Building', 'Deep Learning', 'Numpy', 'Pandas', 'PySpark', 'Hadoop', 'Matplotlib', 'Keras', 'Tensorflow', 'TensorflowJS', 'AngularJS', 'Computer Vision', 'Natural Language Processing', 'HuggingFace', 'Data Wrangling', 'Scikit Learn', 'Algorithm Optimization']",3 to 7 years,['N/A'],"Full Stack Developer (Python,React js)",353
DevOps Engineer,"Open-Source Technologies
CI/CD Culture & Tooling
Product Availability & Scalability
Automation (Build & Deploy)
Monitoring & Reliability
Infrastructure Innovation
Software Engineering Velocity
Infrastructure Resiliency
Security & Data Availability Open-Source Technologies
CI/CD Culture & Tooling
Product Availability & Scalability
Automation (Build & Deploy)
Monitoring & Reliability
Infrastructure Innovation
Software Engineering Velocity
Infrastructure Resiliency
Security & Data Availability",,At least 3 years,"['Lexington, KY', 'Lexington, KY', 'Lexington, KY', 'Lexington, KY', 'New York, NY', 'New York, NY', 'New York, NY', 'Warsaw, Poland', 'Warsaw, Poland']",DevOps Engineer,354
Head of Internal Control & Compliance (ICC) - SEVP,"15+ Years Banking Experience
Audit/Inspection/ICC Leadership
Internal Audit & Compliance
Risk-Based Operational Reviews
System-Based Audit Expertise
Knowledge of Bangladeshi Laws 15+ Years Banking Experience
Audit/Inspection/ICC Leadership
Internal Audit & Compliance
Risk-Based Operational Reviews
System-Based Audit Expertise
Knowledge of Bangladeshi Laws","['Internet', 'Microsoft Office', 'MS Word', 'MS Power Point', 'MS Excel', 'Pivot Tables', 'Spreadsheets', 'Macros', 'Business Objects', 'Lombardi', 'Eagle Accounting System', 'PEGA', 'DRAS', 'Workbench', 'Account reconciliations', 'Detail-oriented', 'Variance analysis', 'Analytical', 'Expert in MS Office Suite', 'Account reconciliation expert', 'Effective time management', 'Complex problem solving', 'Superior research skills', 'MS Office: Database', 'MS Office: V-look up', 'MS Office: Pivot tables', 'MS Office: Outlook', 'Company Platforms: Business Objects', 'Company Platforms: Workbench', 'Company Platforms: Eagle', 'Company Platforms: Pega', 'Company Platforms: Lombardi', 'Company Platforms: DRAS']",At least 15 years,"['City, State', 'City, State', 'City, State']",Head of Internal Control & Compliance (ICC) - SEVP/DMD,355
Machine Learning (ML) Engineer,"Machine Learning Leadership
Cross-Functional Collaboration
Strategy Development
ML/NLP Infrastructure
Prototype Transformation
ML System Design
Algorithm Research
Application Development
Dataset Selection
ML Testing
Statistical Analysis
R&D in ML/NLP
Text Representation
Data Pipeline Design
Statistical Data Analysis
Model Training
Team Collaboration
Research Reporting
Algorithm Analysis Machine Learning Leadership
Cross-Functional Collaboration
Strategy Development
ML/NLP Infrastructure
Prototype Transformation
ML System Design
Algorithm Research
Application Development
Dataset Selection
ML Testing
Statistical Analysis
R&D in ML/NLP
Text Representation
Data Pipeline Design
Statistical Data Analysis
Model Training
Team Collaboration
Research Reporting
Algorithm Analysis","['Delivery', 'ergonomics', 'Lighting', 'Paint', 'PLC', 'PLC 5', 'power distribution', 'producing', 'programming', 'Project Management', 'Robotic systems', 'safety', 'troubleshooting', 'Vision Systems']",At least 5 year(s),"['City, State', 'City, State', 'City, State']",Machine Learning (ML) Engineer,356
Senior Software Engineer,"Technical Support
Troubleshooting
Collaboration
Documentation
System Monitoring
Software Deployment
Training & Mentorship
Industry Trends
Field Visits




 Technical Support
Troubleshooting
Collaboration
Documentation
System Monitoring
Software Deployment
Training & Mentorship
Industry Trends
Field Visits




","['Data Analyst', 'Data Mining', 'Data Visualization', 'Text Analytics', 'Data Collection', 'Data Cleaning', 'Business Analysis', 'Python', 'SQL', 'Google Bigquery', 'Tableau', 'Kibana', 'MS Excel/ MS Office', 'Linux', 'Elastic Search', 'Machine Learning']",At least 1 year,['N/A'],Senior Software Engineer,357
Civil Engineer,"Design Review
Coordination
Proposal Preparation
Feasibility Analysis
Software Utilization
Supervision
Technical Support
Submission Review
Progress Reporting
Compliance
Site Visits Design Review
Coordination
Proposal Preparation
Feasibility Analysis
Software Utilization
Supervision
Technical Support
Submission Review
Progress Reporting
Compliance
Site Visits",[],At least 5 years,"['Portland, OR', 'Pittsburgh PA']",Civil Engineer,358
Data Engineer,"Data Platform Design
Data Pipeline Development
ETL Processes
SQL Query Optimization
Data Integration & Transformation
Data Modeling
Stakeholder Collaboration
Data Quality Monitoring
Continuous Learning Data Platform Design
Data Pipeline Development
ETL Processes
SQL Query Optimization
Data Integration & Transformation
Data Modeling
Stakeholder Collaboration
Data Quality Monitoring
Continuous Learning","['C/C++', 'Java', 'HTML', 'CSS', 'Python', 'Portuguese (fluent)']",5 to 8 years,"['Boulder, CO', 'Denver, CO']",Data Engineer,359
Database Administrator (DBA),"Database Design & Development
SQL Query Optimization
Data Integrity & Security
BI Solutions Development
ETL Process Implementation
Database Maintenance
Backup & Restore Management
Index Rebuilding & Performance Tuning
SQL Server Clustering & High Availability
SQL Server Replication
High Availability Group Management
Database Monitoring & Troubleshooting Database Design & Development
SQL Query Optimization
Data Integrity & Security
BI Solutions Development
ETL Process Implementation
Database Maintenance
Backup & Restore Management
Index Rebuilding & Performance Tuning
SQL Server Clustering & High Availability
SQL Server Replication
High Availability Group Management
Database Monitoring & Troubleshooting","['Analytical reasoning', 'Compliance testing knowledge', 'Effective time management', 'Public and private accounting', 'accounting', 'accounting systems', 'accounts payable', 'accounts receivable', 'administrative', 'AR', 'billing', 'closing', 'client', 'clients', 'documentation', 'financial', 'financial reports', 'preparation of financial reports', 'Preparation of financial statements', 'fixed assets', 'managing', 'month-end closing', 'policies', 'maintain records', 'reporting', 'Research', 'sales', 'tax', 'taxes', 'tax returns', 'annual reports', 'year-end']",At least 1 year,"['City, State', 'City, State', 'City, State', 'City, State', 'City, State']",Database Administrator (DBA),360
Business Development Executive,"Apparel Sourcing
Quality Garment Sourcing
Reliable Partner
Buyer/Vendor Communication Apparel Sourcing
Quality Garment Sourcing
Reliable Partner
Buyer/Vendor Communication","['Python', 'Java', 'Visual Basic', 'Windows', 'Linux', 'HTML', 'CSS', 'Javascript', 'PHP', 'SQL', 'NodeJS', 'App development (Android and iOS)', 'User centered design', 'Algorithms and data structures', 'Basic processor design', 'Electronic circuit analysis']",1 to 3 years,"[None, None, None]",Business Development Executive,453
Network Support Engineer,"Mikrotik Router Configuration
OLT Device Setup & Management
Integration with Billing Software
Network Monitoring Tools Integration
Connectivity Troubleshooting
Technical Support & Escalation
Installation & Configuration
GPON/EPON Expertise
Cisco, OLT, MikroTik Knowledge Mikrotik Router Configuration
OLT Device Setup & Management
Integration with Billing Software
Network Monitoring Tools Integration
Connectivity Troubleshooting
Technical Support & Escalation
Installation & Configuration
GPON/EPON Expertise
Cisco, OLT, MikroTik Knowledge","['Machine Learning', 'Data processing', 'Data visualization', 'Deep Learning', 'SQL', 'Python Programming', 'PyCharm', 'Django']",At least 3 years,['N/A'],Network Support Engineer,361
AI Engineer,"Machine Learning Design
Data Analysis
Model Training
AI Integration
Innovation
Cross-Functional Collaboration
Model Deployment
Documentation
Analytical Skills
Communication
Team Collaboration Machine Learning Design
Data Analysis
Model Training
AI Integration
Innovation
Cross-Functional Collaboration
Model Deployment
Documentation
Analytical Skills
Communication
Team Collaboration","['Machine Learning', 'Data Analytics', 'Project Management', 'Software Development', 'Agile Methodology', 'Business Growth']",,"['N/A', 'N/A']",AI Engineer,362
Business Development Executive,"Apparel Sourcing
Quality Garment Sourcing
Reliable Partner
Buyer/Vendor Communication Apparel Sourcing
Quality Garment Sourcing
Reliable Partner
Buyer/Vendor Communication","['15+ years of experience in Accounting & Bookkeeping Services', 'Financial statements', 'Bank reconciliations and General Ledger expertise', 'Flexible team player', 'Financial statement analysis', 'Tax return filing', 'GAAP understanding', 'Bank reconciliations and balancing', 'Microsoft Word', 'Excel', 'Access', 'PowerPoint', 'Outlook', 'Asset Keeper Pro Software', 'QuickBooks Software', 'Fixed Asset Solutions Software', 'Creative Solutions Bookkeeping Software', 'HOST Software', 'Document Manager Software', 'ProSystem', 'UltraTax', 'Lacerte Tax Preparation Software']",1 to 3 years,"['City , State', 'City , State', 'City , State', 'City , State']",Business Development Executive,363
Mechanical Engineer,"Machinery Maintenance
Troubleshooting
Report Preparation
Log Maintenance Machinery Maintenance
Troubleshooting
Report Preparation
Log Maintenance","['Organizational and planning skills', 'Customer Service', 'IT skills (Shopper, Tally, Voyager)', 'Creativity and imagination', 'Business and commercial acumen', 'Drive, motivation and initiative', 'Good Team player', 'Oral and written communication', 'Numerical and analytical ability', 'Ability to lead and motivate a team', 'Influencing and negotiation', 'Work under pressure and deadlines', 'Proficient in MS-Office (Word/Excel/PowerPoint)', 'Focus Integrated ERP software for Retail Garment Stores']",2 to 5 years,"['City, State', 'City, State', 'City, State', 'City, State', 'City, State']",Mechanical Engineer,364
Data Science Engineer,"Application Development
Object-Oriented Design
Collaboration
Problem-Solving
Software Lifecycle
Innovation
Software Testing
System Analysis
Performance Monitoring
Plugin Development
Documentation
Integration Support Application Development
Object-Oriented Design
Collaboration
Problem-Solving
Software Lifecycle
Innovation
Software Testing
System Analysis
Performance Monitoring
Plugin Development
Documentation
Integration Support","['Generally Accepted Accounting Principles', 'Generally Accepted Auditing Standards', 'Interviewing Techniques', 'Research & Data Gathering', 'Financial Analysis', 'Budget Preparation', 'Accounts Payable/Accounts Receivable', 'Implementing Effective Internal Controls', 'OMB Circular A-133', 'MS Office', 'Quickbooks', 'Accounting', 'Administrative', 'Agency', 'Audit Report', 'Backup', 'Bank Reconciliations', 'Basic', 'Billing', 'Budgets', 'Cash Register', 'Cashier', 'Catalog', 'Clerical', 'Conferences', 'Contracts', 'Client', 'Data Analysis', 'Database', 'Decision-making', 'Direction', 'Documentation', 'Financial', 'Financial Statements', 'Funds', 'Legal', 'Money', 'Policies', 'Processes', 'Video']",At least 2 years,"['City, State', 'City, State', 'City, State', 'City, State']",Data Science Engineer,365
Executive - VAT,"Mushak Forms Maintenance
VAT Software & MS Office Maintenance
VAT Ledger Management
VAT Challan Coordination
Liaison with VAT Office
VAT Documentation
Other Assigned Tasks Mushak Forms Maintenance
VAT Software & MS Office Maintenance
VAT Ledger Management
VAT Challan Coordination
Liaison with VAT Office
VAT Documentation
Other Assigned Tasks","['Machine Learning', 'Deep Learning', 'Computer Vision', 'Pattern Recognition', 'Image Processing', 'Image Segmentation', 'Python', 'Ruby', 'PILLOW', 'OpenCV']",1 to 3 years,['N/A'],Executive - VAT,366
Executive - VAT,"Mushak Forms Maintenance
VAT Software & MS Office Maintenance
VAT Ledger Management
VAT Challan Coordination
Liaison with VAT Office
VAT Documentation
Other Assigned Tasks Mushak Forms Maintenance
VAT Software & MS Office Maintenance
VAT Ledger Management
VAT Challan Coordination
Liaison with VAT Office
VAT Documentation
Other Assigned Tasks","['Operations management', 'Change management', 'Inventory control', 'Policy/program development', 'Supervision and training', 'Sound judgment', 'Computersavvy', 'Calm under pressure', 'Complex problem solving', 'Motivational', 'Continuous Improvement', 'Out of the box thinking', 'Analytical and logical', 'Strong Leadership skills', 'Lean Manufacturing and Management', 'Six Sigma tools and methodologies', 'RCM', 'FMEA', 'DMAIC', 'PFD', 'Six Sigma Certified', 'Microsoft Office 2003-2011', 'Microsoft Visio, 2008-2010', 'Business Objects', 'SAP', 'Apple Lion', 'Pages', 'Keynote', 'Numbers', 'Microsoft Access 2010', 'Visual Studio 2008-2010', 'Microsoft Project', 'Netbeans', 'TextPad', 'SQL Server 2008', 'PowerSteering', 'Tango', 'HTML', 'Css', 'Java', 'Java Script', 'C++', 'VB.NET', 'ASP.NET', 'Web Design 1', 'Web Design 2', 'Algorithms', 'Software Engineering', 'VB.NET', 'ASP.NET', 'Apple', 'Budget Management', 'Business Objects', 'C++', 'Calculator', 'Coach', 'interpersonal skills', 'Continuous Improvement', 'Css', 'client', 'customer relations', 'customer service', 'documentation', 'Facilities Management', 'Financial Reporting', 'GUI', 'HTML', 'Human Resource Management', 'HR', 'Inventory', 'inventory levels', 'Inventory Control', 'Java', 'Java 1', 'Java 2', 'Java Script', 'Leadership skills', 'Lean Manufacturing', 'managing', 'manufacturing process', 'materials', 'Microsoft Access', 'Microsoft Office', 'Microsoft Project', 'Microsoft Visio', 'Works', 'personnel', 'policies', 'problem-solving skills', 'processes', 'project management', 'Purchasing', 'quality', 'maintain records', 're-engineering', 'repairs', 'reporting', 'safety', 'SAP', 'Six Sigma', 'Software Engineering', 'software training', 'SQL Server', 'supervision', 'supply chain', 'supply chain management', 'Tango', 'user support', 'Visual Studio', 'water treatment', 'Web Design 1', 'Web Design 2', 'websites']",1 to 3 years,"['City, State', 'City, State', 'City, State']",Executive - VAT,367
Project Coordinator (Civil),"Project Design
Data Analysis
ACCORD/Alliance Knowledge
BNBC Standards
Cost Estimation
Feasibility Studies
Documentation
Compliance
Site Monitoring
Policy Enforcement
Legal Compliance
Data Management
Team Collaboration Project Design
Data Analysis
ACCORD/Alliance Knowledge
BNBC Standards
Cost Estimation
Feasibility Studies
Documentation
Compliance
Site Monitoring
Policy Enforcement
Legal Compliance
Data Management
Team Collaboration","['GIS', 'lighting designs using Visual Professional', 'Access', 'Excel', 'Microsoft Office', 'Power Point']",5 to 10 years,"['City , State', 'City , State', 'City , State', 'City , State']",Project Coordinator (Civil),368
Head of Internal Control & Compliance (ICC) - SEVP,"15+ Years Banking Experience
Audit/Inspection/ICC Leadership
Internal Audit & Compliance
Risk-Based Operational Reviews
System-Based Audit Expertise
Knowledge of Bangladeshi Laws 15+ Years Banking Experience
Audit/Inspection/ICC Leadership
Internal Audit & Compliance
Risk-Based Operational Reviews
System-Based Audit Expertise
Knowledge of Bangladeshi Laws","['Machine learning', 'Deep learning', 'Python', 'NLP', 'Computer vision', 'Image processing', 'SQL', 'Data analysis', 'Big Data', 'Spark', 'Apache hive', 'Apache pig', 'Tensorflow', 'Sklearn', 'Data visualization', 'Data science']",At least 15 years,['N/A'],Head of Internal Control & Compliance (ICC) - SEVP/DMD,407
Intern (Generative AI Engineering - 2D/3D Image Ge,"Generative AI Development
Evolutionary Computation
Deep Learning Optimization
Expert Systems Design
Knowledge Representation
Data Preprocessing
Model Training
Research & Integration Generative AI Development
Evolutionary Computation
Deep Learning Optimization
Expert Systems Design
Knowledge Representation
Data Preprocessing
Model Training
Research & Integration","['Proactive', 'self-motivated', 'team player', 'AP', 'AR', 'bank reconciliations', 'billings', 'budgets', 'cash flow projections', 'government contracting', 'financial statements', 'Quickbooks', 'Peachtree', 'JDE', 'Great Plains', 'LabView', 'Matlab', 'Access', 'Excel', 'Word']",,"['City, State', 'City, State', 'City, State', 'City, State']",Intern (Generative AI Engineering - 2D/3D Image Generation),369
Mechanical Designer,"Design Creation
CAD Drawings
Design Optimization
Team Collaboration
Compliance Assurance
Design Reviews
Manufacturing Support
Documentation Design Creation
CAD Drawings
Design Optimization
Team Collaboration
Compliance Assurance
Design Reviews
Manufacturing Support
Documentation","['Data Scientist', 'Data Analyst', 'Software Development', 'Machine Learning', 'Natural Language Processing', 'Business Solutions', 'Process Flow', 'Logistic Regression', 'MySQL', 'MongoDB', 'Python', 'PowerBI', 'Hadoop']",At least 5 years,['N/A'],Mechanical Designer,370
AI Engineer,"Machine Learning Design
Data Analysis
Model Training
AI Integration
Innovation
Cross-Functional Collaboration
Model Deployment
Documentation
Analytical Skills
Communication
Team Collaboration Machine Learning Design
Data Analysis
Model Training
AI Integration
Innovation
Cross-Functional Collaboration
Model Deployment
Documentation
Analytical Skills
Communication
Team Collaboration","['Machine Learning', 'Deep Learning', 'Computer Vision', 'Pattern Recognition', 'Image Processing', 'Image Segmentation', 'Python', 'Ruby', 'PILLOW', 'OpenCV']",,['N/A'],AI Engineer,371
"Manager- Human Resource Management (HRM)
","Recruitment Coordination
Appointment Management
Selection Criteria
Employee Orientation
Performance Evaluation
HR Database Management
Report Compilation
Documentation
Event Coordination
Task Execution Recruitment Coordination
Appointment Management
Selection Criteria
Employee Orientation
Performance Evaluation
HR Database Management
Report Compilation
Documentation
Event Coordination
Task Execution","['Troubleshooting and problem solving', 'Exceptional telephone etiquette', 'Professional demeanor', 'Self-starter', 'Time management ability', 'Ability to prioritize', 'Deadline-oriented', 'Employee training and development', 'Sales Software: Salesforce.com, Paperless Proposals', 'Learning Management: Saba LMS, Success Factors LMS, Webex, Pedague Testing System', 'Administrative: Microsoft Office Suite, Concur', 'Technical: Vantive, Clarify']",5 to 6 years,"['City , State', 'City , State', 'City , State', 'City , State', 'City , State', 'City , State', 'City , State', 'City , State']","Manager- Human Resource Management (HRM)
",372
Site Engineer,"Supervision
Monitoring
Construction
Estimation
Planning
Material Management
Project Coordination
Quality Assurance
Cost Control
Inventory
Operations
Safety
Error Escalation
Miscellaneous Tasks




 Supervision
Monitoring
Construction
Estimation
Planning
Material Management
Project Coordination
Quality Assurance
Cost Control
Inventory
Operations
Safety
Error Escalation
Miscellaneous Tasks




","['Business Analyst', 'Data Analytics', 'Data Cleansing', 'Business Analysis', 'Risk Analysis', 'Statistical Analysis', 'Deep Learning', 'Machine Learning', 'Python', 'Numpy']",1 to 2 years,['N/A'],Site Engineer,373
Business Development Executive,"Apparel Sourcing
Quality Garment Sourcing
Reliable Partner
Buyer/Vendor Communication Apparel Sourcing
Quality Garment Sourcing
Reliable Partner
Buyer/Vendor Communication","['Business Analysis', 'Machine Learning', 'Requirement Gathering', 'Data Analysis', 'Artificial Intelligence', 'Predictive Modeling', 'Deep Learning', 'Data Modeling', 'Manual Testing', 'Quality Assurance', 'Python', 'R', 'SQL', 'HTML', 'Numpy', 'Tensorflow']",1 to 3 years,['N/A'],Business Development Executive,374
Mechanical Engineer,"Machinery Maintenance
Troubleshooting
Report Preparation
Log Maintenance Machinery Maintenance
Troubleshooting
Report Preparation
Log Maintenance","['Academic', 'AutoCad', 'banking', 'basic', 'Calculus', 'credit', 'database', 'Database Management System', 'Engineer', 'Experiments', 'GUI', 'LASER', 'layout', 'Materials', 'MATLAB', 'Mechanical Engineering', 'Excel', 'Microsoft Office', 'Outlook', 'Power Point', 'Word', 'MySQL', 'Optimization', 'Physics', 'Police', 'progress', 'Research', 'Retail', 'Scheduling', 'Statistics', 'VBA', 'website']",2 to 5 years,"[None, None, None]",Mechanical Engineer,375
DevOps Engineer,"Open-Source Technologies
CI/CD Culture & Tooling
Product Availability & Scalability
Automation (Build & Deploy)
Monitoring & Reliability
Infrastructure Innovation
Software Engineering Velocity
Infrastructure Resiliency
Security & Data Availability Open-Source Technologies
CI/CD Culture & Tooling
Product Availability & Scalability
Automation (Build & Deploy)
Monitoring & Reliability
Infrastructure Innovation
Software Engineering Velocity
Infrastructure Resiliency
Security & Data Availability","['Data Structures', 'Logistic Regression', 'Linear Regression', 'Machine Learning', 'Algorithms', 'Deep Learning', 'GIT', 'Open Source', 'Neural Networks', 'CNN', 'DNN', 'ANN', 'RNN', 'Keras', 'Tensorflow']",At least 3 years,['N/A'],DevOps Engineer,376
Marketing Officer,"Digital Marketing Strategy
Brand Awareness, Online Traffic
Social Media Management
Google Analytics
Cross-functional Teams
Campaign Execution, SEO Digital Marketing Strategy
Brand Awareness, Online Traffic
Social Media Management
Google Analytics
Cross-functional Teams
Campaign Execution, SEO","['Research Associate', 'Business Analyst', 'Business Analytics', 'Data Mining', 'Data Modeling', 'Predictive Analysis', 'Business Intelligence', 'Machine Learning', 'Market Research', 'Customer Engagement', 'Risk Management', 'Retention', 'Audience', 'Python']",At least 1 year,['N/A'],Marketing Officer,377
Senior iOS Engineer,"iOS Lifecycle
Requirement Analysis
Native Frameworks
iOS Development
API Integration
Technical Communication
UI Design
Performance Optimization
Feature Collaboration
Bug Fixing
Code Translation
High-Performance Development
Task Management
Cross-Team Collaboration
Code Quality iOS Lifecycle
Requirement Analysis
Native Frameworks
iOS Development
API Integration
Technical Communication
UI Design
Performance Optimization
Feature Collaboration
Bug Fixing
Code Translation
High-Performance Development
Task Management
Cross-Team Collaboration
Code Quality","['Machine Learning', 'Software Development', 'Text Analysis', 'Natural Language Processing', 'Image Processing', 'Python', 'Data Management', 'Scikit Learn', 'C', 'C#', '.NET', 'SQL']",At least 4 years,['N/A'],Senior iOS Engineer,378
Senior Software Engineer,"Technical Support
Troubleshooting
Collaboration
Documentation
System Monitoring
Software Deployment
Training & Mentorship
Industry Trends
Field Visits




 Technical Support
Troubleshooting
Collaboration
Documentation
System Monitoring
Software Deployment
Training & Mentorship
Industry Trends
Field Visits




","['Data Science', 'Machine Learning', 'Artificial Intelligence', 'Data Analysis', 'Keras', 'Tensorflow', 'Pytorch', 'Python', 'AWS', 'Kubernetes', 'Kafka', 'Spark', 'PySpark', 'Hadoop', 'Deep Learning', 'Chatbot', 'Natural language processing', 'Scikit-Learn']",At least 1 year,['N/A'],Senior Software Engineer,379
Executive - VAT,"Mushak Forms Maintenance
VAT Software & MS Office Maintenance
VAT Ledger Management
VAT Challan Coordination
Liaison with VAT Office
VAT Documentation
Other Assigned Tasks Mushak Forms Maintenance
VAT Software & MS Office Maintenance
VAT Ledger Management
VAT Challan Coordination
Liaison with VAT Office
VAT Documentation
Other Assigned Tasks","['Microsoft Office Suite', 'VideoScribe Software', 'PeopleSoft Finance Applications', 'Accounting', 'billing', 'Change Management', 'contracts', 'Client Relations', 'Database', 'delivery', 'Eclipse', 'Finance', 'financial reporting', 'financial statements', 'Front Office', 'hiring', 'instructor', 'Instructional Design', 'Leadership training', 'logistics', 'managing', 'needs analysis', 'payables', 'PeopleSoft HRMS', 'PeopleSoft', 'personnel', 'Program Management', 'Project Management', 'project plans', 'Teaching', 'training materials', 'training design and development', 'training material', 'training programs', 'upgrade', 'view']",1 to 3 years,"['City, State', 'City, State', 'City, State']",Executive - VAT,380
Intern (Generative AI Engineering - 2D/3D Image Ge,"Generative AI Development
Evolutionary Computation
Deep Learning Optimization
Expert Systems Design
Knowledge Representation
Data Preprocessing
Model Training
Research & Integration Generative AI Development
Evolutionary Computation
Deep Learning Optimization
Expert Systems Design
Knowledge Representation
Data Preprocessing
Model Training
Research & Integration","['Problem resolution', 'Results-oriented', 'Meticulous attention to detail', 'Managing multiple priorities', 'Active Learning', 'Client Relations', 'Computer Proficiency', 'Creative Problem Solving', 'Critical Thinking', 'Data Collection', 'Data Entry', 'Documentation', 'Email', 'Executive Management Support', 'Filing', 'Internet Research', 'Letters and Memos', 'Minute Taking', 'Multi-Task Management', 'Organizational Skills', 'Research', 'Scheduling', 'Service Orientation', 'Speaking', 'Spreadsheets', 'Travel Arrangements']",,"['City , State', 'City , State', 'City , State', 'City , State', 'City , State', 'City , State']",Intern (Generative AI Engineering - 2D/3D Image Generation),381
Executive/ Sr. Executive -IT,"Hardware & Software Installation
System Monitoring
IT Support
Networking Expertise
Mail Server Administration
Security Management
Troubleshooting & Repair
Operations Support Hardware & Software Installation
System Monitoring
IT Support
Networking Expertise
Mail Server Administration
Security Management
Troubleshooting & Repair
Operations Support","['Business Intelligence', 'Market Analysis', 'Statistical Analysis', 'Data Science', 'Retail Analytics', 'IBM SPSS', 'Python', 'Tableau', 'Power Bi']",3 to 5 years,['Remote'],Executive/ Sr. Executive -IT,382
AI Engineer,"Machine Learning Design
Data Analysis
Model Training
AI Integration
Innovation
Cross-Functional Collaboration
Model Deployment
Documentation
Analytical Skills
Communication
Team Collaboration Machine Learning Design
Data Analysis
Model Training
AI Integration
Innovation
Cross-Functional Collaboration
Model Deployment
Documentation
Analytical Skills
Communication
Team Collaboration","['Brand development', 'Analyzing market trends', 'Established track record of exceptional sales results', 'Account Management', 'Excellent negotiating tactics', 'Skilled multi-tasker', 'SalesForce lead management', 'Strong interpersonal skills']",,"['State', 'City , State', 'City , State', 'City , State']",AI Engineer,383
Project Coordinator (Civil),"Project Design
Data Analysis
ACCORD/Alliance Knowledge
BNBC Standards
Cost Estimation
Feasibility Studies
Documentation
Compliance
Site Monitoring
Policy Enforcement
Legal Compliance
Data Management
Team Collaboration Project Design
Data Analysis
ACCORD/Alliance Knowledge
BNBC Standards
Cost Estimation
Feasibility Studies
Documentation
Compliance
Site Monitoring
Policy Enforcement
Legal Compliance
Data Management
Team Collaboration","['Executive Decision Maker', 'Process Design & Improvement', 'New Product Development', 'Strategic Planning & Development', 'Lean & Six Sigma Practitioner', 'Product Design', 'Budgetary and Policy Development', 'Automation Design', 'Quality Control', 'Project Management & Execution', 'Economic Analysis', 'Ergonomic and Safety Conscious']",5 to 10 years,"['Boyden, IA', 'Oshkosh, WI', 'Jackson, MN', 'Spencer, IA', 'Emmetsburg, IA']",Project Coordinator (Civil),384
Data Engineer,"Data Platform Design
Data Pipeline Development
ETL Processes
SQL Query Optimization
Data Integration & Transformation
Data Modeling
Stakeholder Collaboration
Data Quality Monitoring
Continuous Learning Data Platform Design
Data Pipeline Development
ETL Processes
SQL Query Optimization
Data Integration & Transformation
Data Modeling
Stakeholder Collaboration
Data Quality Monitoring
Continuous Learning","['Machine Learning', 'Deep learning', 'Logistic Regression', 'k-means clustering', 'LSTM', 'Emperical Modelling']",5 to 8 years,['N/A'],Data Engineer,385
Senior iOS Engineer,"iOS Lifecycle
Requirement Analysis
Native Frameworks
iOS Development
API Integration
Technical Communication
UI Design
Performance Optimization
Feature Collaboration
Bug Fixing
Code Translation
High-Performance Development
Task Management
Cross-Team Collaboration
Code Quality iOS Lifecycle
Requirement Analysis
Native Frameworks
iOS Development
API Integration
Technical Communication
UI Design
Performance Optimization
Feature Collaboration
Bug Fixing
Code Translation
High-Performance Development
Task Management
Cross-Team Collaboration
Code Quality","['budget', 'business strategy', 'consultation', 'Customer Relationship Management', 'delivery', 'direct mail', 'directing', 'Driving', 'email', 'senior management', 'Forecasting', 'graphic design', 'graphic', 'image', 'inside sales', 'inventory', 'Marketing Strategy', 'marketing', 'market', 'Marketing & Sales', 'mentor', 'New Business Development', 'Optimization', 'policies', 'presentations', 'Sales', 'strategy']",At least 4 years,"['City, State', 'City, State', 'City, State']",Senior iOS Engineer,386
Site Engineer,"Supervision
Monitoring
Construction
Estimation
Planning
Material Management
Project Coordination
Quality Assurance
Cost Control
Inventory
Operations
Safety
Error Escalation
Miscellaneous Tasks




 Supervision
Monitoring
Construction
Estimation
Planning
Material Management
Project Coordination
Quality Assurance
Cost Control
Inventory
Operations
Safety
Error Escalation
Miscellaneous Tasks




","['AutoCAD', 'C++', 'Visual Basics', 'Programmable Logic Controllers', 'Electrical Mechanical Systems', 'Instrumentation and Controls', 'Industrial Electricity', 'Engineering Economy', 'Technical Grammar Skills', 'Communication', 'Team work', 'Problem solving skills', 'Leadership']",1 to 2 years,"['City, State', 'N/A', 'City, State']",Site Engineer,387
Management Trainee - Mechanical,"Management Trainee
Mechanical Systems
Maintenance & Troubleshooting
Performance Analysis
Project Support
Process Improvement
Training & Development
Administrative Support Management Trainee
Mechanical Systems
Maintenance & Troubleshooting
Performance Analysis
Project Support
Process Improvement
Training & Development
Administrative Support","['Adobe Acrobat', 'AutoCAD', 'CMS', 'customer relations', 'delivery', 'designing', 'documentation', 'drafting', 'electronics', 'Train employees', 'ERP', 'Great Plains', 'Maintain inventory', 'inventory control', 'Manufacturing engineer', 'Access', 'Excel', 'Outlook', 'PowerPoint', 'SharePoint', 'Windows', 'Word', 'MRP', 'Protel', 'purchasing', 'quality', 'receiving', 'research', 'router', 'scheduling', 'shipping', 'Supervisor', 'test equipment', 'wiring']",,"['City, State', 'City, State', 'City, State', 'City, State', 'City, State', 'City, State', 'City, State']",Management Trainee - Mechanical,405
System Administrator (Operation & Maintenance of S,"Hardware & Network Installation
Troubleshooting & Diagnostics
User Training & Capacity Building
Hardware Replacement
Fault Repair & System Setup
Software License & Account Management
Backup Management
System Updates & Maintenance
Server & Storage Management
Documentation & Technical Specifications
Data Protection & Disaster Recovery
Storage & Database Planning
Power & Disk Backup
Incident Management & Escalation
Service Restoration
User Communication & Verification
Incident Classification & Resolution
Major Incident Escalation
Problem & Error Management
Task Assignment & Execution Hardware & Network Installation
Troubleshooting & Diagnostics
User Training & Capacity Building
Hardware Replacement
Fault Repair & System Setup
Software License & Account Management
Backup Management
System Updates & Maintenance
Server & Storage Management
Documentation & Technical Specifications
Data Protection & Disaster Recovery
Storage & Database Planning
Power & Disk Backup
Incident Management & Escalation
Service Restoration
User Communication & Verification
Incident Classification & Resolution
Major Incident Escalation
Problem & Error Management
Task Assignment & Execution","['account reconciliations', 'accounting', 'accounts payable', 'Accounts Receivable', 'AP', 'Balance sheet', 'Bank Reconciliation', 'Banking', 'Billing', 'book', 'Com', 'Client', 'edit', 'Finance', 'Financials', 'financial reports', 'Preparing financial reports', 'focus', 'functional', 'General Ledger', 'GL', 'Inventory control', 'process invoices', 'Invoice Processing', 'invoicing', 'MBA', 'mail', 'office', 'Developer', 'profit and loss statement', 'coding', 'reporting', 'researching', 'SAP FI', 'SAP']",4 to 5 years,"['N/A', 'N/A', 'N/A']","System Administrator (Operation & Maintenance of Server, Storage & Service Desk System)",388
Head of Internal Control & Compliance (ICC) - SEVP,"15+ Years Banking Experience
Audit/Inspection/ICC Leadership
Internal Audit & Compliance
Risk-Based Operational Reviews
System-Based Audit Expertise
Knowledge of Bangladeshi Laws 15+ Years Banking Experience
Audit/Inspection/ICC Leadership
Internal Audit & Compliance
Risk-Based Operational Reviews
System-Based Audit Expertise
Knowledge of Bangladeshi Laws","['Game Theory', 'Bounded Rationality', 'Cryptography', 'Algorithms', 'Social Networks', 'Analysis of Algorithms', 'Combinatorial Optimizations']",At least 15 years,"['New York, NY', 'Mountain View, CA', 'Petach Tikva, Israel']",Head of Internal Control & Compliance (ICC) - SEVP/DMD,389
Machine Learning (ML) Engineer,"Machine Learning Leadership
Cross-Functional Collaboration
Strategy Development
ML/NLP Infrastructure
Prototype Transformation
ML System Design
Algorithm Research
Application Development
Dataset Selection
ML Testing
Statistical Analysis
R&D in ML/NLP
Text Representation
Data Pipeline Design
Statistical Data Analysis
Model Training
Team Collaboration
Research Reporting
Algorithm Analysis Machine Learning Leadership
Cross-Functional Collaboration
Strategy Development
ML/NLP Infrastructure
Prototype Transformation
ML System Design
Algorithm Research
Application Development
Dataset Selection
ML Testing
Statistical Analysis
R&D in ML/NLP
Text Representation
Data Pipeline Design
Statistical Data Analysis
Model Training
Team Collaboration
Research Reporting
Algorithm Analysis","['Django', 'Python', 'Relational databases', 'RestAPI', 'Github', 'Jira', 'PostgreSQL', 'Software development', 'Debugging', 'Machine learning', 'Natural language Processing', 'Artificial Intelligence', 'Data Analysis', 'Docker', 'Tornado', 'Software Developer', 'Project Management']",At least 5 year(s),['N/A'],Machine Learning (ML) Engineer,390
Intern (Generative AI Engineering - 2D/3D Image Ge,"Generative AI Development
Evolutionary Computation
Deep Learning Optimization
Expert Systems Design
Knowledge Representation
Data Preprocessing
Model Training
Research & Integration Generative AI Development
Evolutionary Computation
Deep Learning Optimization
Expert Systems Design
Knowledge Representation
Data Preprocessing
Model Training
Research & Integration","['Python Developer', 'Django', 'Flask', 'Data Science', 'Spark', 'PySpark', 'Machine Learning', 'Data Modelling', 'Natural language Processing', 'SVM', 'Computer Vision', 'Neural Networks.']",,['N/A'],Intern (Generative AI Engineering - 2D/3D Image Generation),391
"Full Stack Developer (Python,React js)","Full Stack Development
Front-end: ReactJS, NextJS
Backend: Python, Django
API Design
Server-Side Logic
DRF (Django REST Framework)
Database Management (PostgreSQL, MySQL)
Version Control (Git)
AWS (ECR, RDS, ECS, ALB, EC2, etc.)
Linux, Docker, CI/CD, GitLab
Terraform, Shell Scripting Full Stack Development
Front-end: ReactJS, NextJS
Backend: Python, Django
API Design
Server-Side Logic
DRF (Django REST Framework)
Database Management (PostgreSQL, MySQL)
Version Control (Git)
AWS (ECR, RDS, ECS, ALB, EC2, etc.)
Linux, Docker, CI/CD, GitLab
Terraform, Shell Scripting","['Data Analysis', 'Data Analytics', 'Business Analysis', 'R', 'SAS', 'PowerBi', 'Tableau', 'Data Visualization', 'Business Analytics', 'Machine Learning']",3 to 7 years,['N/A'],"Full Stack Developer (Python,React js)",392
Data Engineer,"Data Platform Design
Data Pipeline Development
ETL Processes
SQL Query Optimization
Data Integration & Transformation
Data Modeling
Stakeholder Collaboration
Data Quality Monitoring
Continuous Learning Data Platform Design
Data Pipeline Development
ETL Processes
SQL Query Optimization
Data Integration & Transformation
Data Modeling
Stakeholder Collaboration
Data Quality Monitoring
Continuous Learning","['Account Reconciliation', 'Accounting', 'Accounts Payable', 'Accounts Receivable', 'AR', 'Billing', 'Budget', 'Cash Handling', 'Closing', 'Coaching', 'Communication Skills', 'Contracts', 'Credit', 'Customer Service', 'Financial', 'Forms', 'General Ledger', 'General Ledger Accounts', 'Grants', 'Groupwise', 'Instructing', 'Mentoring', 'Merchandising', 'Microsoft Office', 'Outlook', 'Organizational Skills', 'Packaging', 'Policies', 'Pricing', 'Public Speaking', 'Purchasing', 'Receiving', 'Reconciling', 'Research', 'Spreadsheets', 'Team Player', 'Time Management', 'Year-End']",5 to 8 years,"[None, 'City , State', None, 'City , State', 'City , State']",Data Engineer,393
Head of Internal Control & Compliance (ICC) - SEVP,"15+ Years Banking Experience
Audit/Inspection/ICC Leadership
Internal Audit & Compliance
Risk-Based Operational Reviews
System-Based Audit Expertise
Knowledge of Bangladeshi Laws 15+ Years Banking Experience
Audit/Inspection/ICC Leadership
Internal Audit & Compliance
Risk-Based Operational Reviews
System-Based Audit Expertise
Knowledge of Bangladeshi Laws","['Embedded Software Development', 'Embedded Systems', 'Project Management', 'Chain Management', 'Defect Detection', 'Machine Learning', 'Unit Testing']",At least 15 years,['N/A'],Head of Internal Control & Compliance (ICC) - SEVP/DMD,394
Database Administrator (DBA),"Database Design & Development
SQL Query Optimization
Data Integrity & Security
BI Solutions Development
ETL Process Implementation
Database Maintenance
Backup & Restore Management
Index Rebuilding & Performance Tuning
SQL Server Clustering & High Availability
SQL Server Replication
High Availability Group Management
Database Monitoring & Troubleshooting Database Design & Development
SQL Query Optimization
Data Integrity & Security
BI Solutions Development
ETL Process Implementation
Database Maintenance
Backup & Restore Management
Index Rebuilding & Performance Tuning
SQL Server Clustering & High Availability
SQL Server Replication
High Availability Group Management
Database Monitoring & Troubleshooting",,At least 1 year,"['City, State', None, None, None, None, None]",Database Administrator (DBA),406
Project Coordinator (Civil),"Project Design
Data Analysis
ACCORD/Alliance Knowledge
BNBC Standards
Cost Estimation
Feasibility Studies
Documentation
Compliance
Site Monitoring
Policy Enforcement
Legal Compliance
Data Management
Team Collaboration Project Design
Data Analysis
ACCORD/Alliance Knowledge
BNBC Standards
Cost Estimation
Feasibility Studies
Documentation
Compliance
Site Monitoring
Policy Enforcement
Legal Compliance
Data Management
Team Collaboration","['Object-oriented programming', 'manual testing', 'technical report writing', 'Windows XP/Vista', 'Unix', 'Linux', 'Administration of Windows 2000 Server', 'MIPS Assembler', 'Unix Shell Scripts', 'C', 'Java', 'JVS', 'VBS', 'PL/SQL', 'ASP', 'Digital Logic', 'Verilog Hardware Language', 'installation and configuration of peripherals', 'troubleshooting hardware', 'embedded systems', 'robotics', 'MS Office Suite', 'MS Visio', 'MS Project', 'SQL Navigator', 'Remedy', 'Eclipse']",5 to 10 years,"['Toronto', 'Toronto']",Project Coordinator (Civil),395
Data Science Engineer,"Application Development
Object-Oriented Design
Collaboration
Problem-Solving
Software Lifecycle
Innovation
Software Testing
System Analysis
Performance Monitoring
Plugin Development
Documentation
Integration Support Application Development
Object-Oriented Design
Collaboration
Problem-Solving
Software Lifecycle
Innovation
Software Testing
System Analysis
Performance Monitoring
Plugin Development
Documentation
Integration Support","['QA Engineering software expertise - Design, Estimate, Execute, Maintain and Document.', 'Technical communication skills - Bug Triage, reporting, technical reviews, Root cause analysis', 'Automation tools - Design and Implement', 'Collaborating with stakeholders - Roadmap, Managing releases, Demos, Risk mitigation planning', 'Test Methodologies: Regression Testing, Black box testing, Sanity testing, boundary analysis, requirement analysis (Static testing), Performance Testing, system integration testing, functional testing, manual testing.', 'Test Artifacts: Test Estimation, Test plan, Test coverage, Traceability matrix, bug tracking, automation design, Test scenario engineering', 'Programming Tools: Python, Katalon studio, XLS data input, UNIX Shell/PERL scripting, Groovy, REST, JSON, XML, ISO 8583, EMV tags, TCP, HTTP, POSTMAN, curl-siege, Jmeter, COBOL, JCL, CICS, Postman', 'Operating Systems: Unix-AIX, Unix-Solaris, Linux, Windows, IBM-AIX', 'Virtual Systems: VMWare, VSphere, Proxmox', 'Payment terminals: VeriFone, Ingenico, Equinox, PAX and Innowi, Key Management, KPI, DUKPT, Key Injection, KEK', 'Version Control Tools: Git-bash, Git-stash, Git-lab, TorquiseSVN, SourceTree, VSS', 'Database and Tools: Oracle 11g, Oracle 12c, PostgreSQL, MongoDB, PGAdmin 4, SQL Developer, SQL management studio, Toad, DB2', 'Project Management: Confluence, Jira, Microsoft Office Suite, Bugzilla, redmine, HP Quality center', 'Project Management Methodologies: Agile, Scrum, Waterfall, Iterative', 'Talent Management tools: HireRight, iCIMS', 'POS Systems: Micros, Restaurant Manager, Symphony, positouch, broadPOS', 'EMV Systems : BTT (UL), ICCVerify, VCMS, VTS, Astrex, Discover RCT, ATS, MAS, MDFS, ACI-Interchange, ACI-PRM, ACI- ADM, TSYS CertifyNow, FirstData CertPro and more']",At least 2 years,"['City , State', 'City , State', 'City , State']",Data Science Engineer,396
Mechanical Engineer,"Machinery Maintenance
Troubleshooting
Report Preparation
Log Maintenance Machinery Maintenance
Troubleshooting
Report Preparation
Log Maintenance","['accounting', 'balance sheet', 'budgets', 'client', 'clients', 'derivatives', 'drafting', 'equity', 'financial', 'financial accounting', 'financial statements', 'fixed assets', 'Funds', 'Government', 'Information Technology', 'inventory', 'investments', 'ledger', 'MA', 'Microsoft Excel', 'natural', 'page', 'payables', 'processes', 'programming', 'Real Estate', 'research', 'sales', 'scheme', 'telephone', 'writing skills']",2 to 5 years,"['City , State', 'City , State', 'City , State', 'City , State']",Mechanical Engineer,397
Civil Engineer,"Design Review
Coordination
Proposal Preparation
Feasibility Analysis
Software Utilization
Supervision
Technical Support
Submission Review
Progress Reporting
Compliance
Site Visits Design Review
Coordination
Proposal Preparation
Feasibility Analysis
Software Utilization
Supervision
Technical Support
Submission Review
Progress Reporting
Compliance
Site Visits","['3D modeling', 'architectural drafting', 'AutoCAD', 'read blueprints', 'carpentry', 'Detail oriented', 'drafting', 'email', 'floor plans', 'frame', '3dsMax', 'mechanical', 'messaging', 'Microsoft Office applications', 'Multi-tasking', 'painting', 'problem solving skills', 'reading', 'renovation', 'Revit', 'self-motivated', 'supervisor']",At least 5 years,"['City, State', 'City, State', 'City, State', 'City, State']",Civil Engineer,398
Data Science Engineer,"Application Development
Object-Oriented Design
Collaboration
Problem-Solving
Software Lifecycle
Innovation
Software Testing
System Analysis
Performance Monitoring
Plugin Development
Documentation
Integration Support Application Development
Object-Oriented Design
Collaboration
Problem-Solving
Software Lifecycle
Innovation
Software Testing
System Analysis
Performance Monitoring
Plugin Development
Documentation
Integration Support","['Machine Learning', 'Data Analytics', 'Project Management', 'Software Development', 'Agile Methodology', 'Business Growth']",At least 2 years,"['N/A', 'N/A']",Data Science Engineer,399
Executive - VAT,"Mushak Forms Maintenance
VAT Software & MS Office Maintenance
VAT Ledger Management
VAT Challan Coordination
Liaison with VAT Office
VAT Documentation
Other Assigned Tasks Mushak Forms Maintenance
VAT Software & MS Office Maintenance
VAT Ledger Management
VAT Challan Coordination
Liaison with VAT Office
VAT Documentation
Other Assigned Tasks","['Skill 1', 'Skill 3', 'Skill 5', 'Skill 2', 'Skill 4', 'Skill 6']",1 to 3 years,,Executive - VAT,400
HR Officer,"Relationship Building
HR Collaboration
Policy Development
Training Management
Record Keeping
Compliance
Employee Development
Policy Enforcement
Communication
Task Execution Relationship Building
HR Collaboration
Policy Development
Training Management
Record Keeping
Compliance
Employee Development
Policy Enforcement
Communication
Task Execution","['MS Office', 'Minitab', 'PowerPoint', 'Excel', 'Solid works', 'AutoCAD', 'Pro E', 'MS Access', 'SAP', 'Java', 'C', 'C++', 'Visual Basic', 'R', 'Python', 'AutoCAD', 'C', 'C++', 'Calibration', 'charts', 'data analysis', 'Database', 'designing', 'documentation', 'Forecasting', 'IMS', 'inspection', 'inventory', 'ISO', 'ISO 9001', 'Java', 'Lean Manufacturing', 'MS Access', 'Excel', 'MS Office', 'PowerPoint', 'Minitab', 'process improvement', 'Programming', 'Python', 'quality', 'safety', 'SAP', 'SAP R/3', 'Scheduling', 'Siemens', 'Solid works', 'SOP', 'Strategy/planning', 'supervising 4', 'Visual Basic', 'reduce waste']",,"['City, State', 'City', 'City']",HR Officer,401
Data Engineer,"Data Platform Design
Data Pipeline Development
ETL Processes
SQL Query Optimization
Data Integration & Transformation
Data Modeling
Stakeholder Collaboration
Data Quality Monitoring
Continuous Learning Data Platform Design
Data Pipeline Development
ETL Processes
SQL Query Optimization
Data Integration & Transformation
Data Modeling
Stakeholder Collaboration
Data Quality Monitoring
Continuous Learning","['SolidWorks 2005', 'Electrical drafting', 'Tube furnaces', 'administrative', 'cash receipts', 'customer service', 'directing', 'instruction', 'inventory', 'leadership', 'logistics', 'machinery', 'marketing', 'mentoring', 'natural gas', 'organizing', 'personnel', 'police', 'progress', 'promotion', 'proposals', 'quality', 'quality control', 'reading', 'reconciling', 'risk management', 'safety', 'sales', 'supervisory', 'supervision']",5 to 8 years,"['City, State', 'City, State', 'City, State', 'City, State']",Data Engineer,402
Mechanical Engineer,"Machinery Maintenance
Troubleshooting
Report Preparation
Log Maintenance Machinery Maintenance
Troubleshooting
Report Preparation
Log Maintenance","['Predictive Modelling', 'Statistical Solutions', 'Data Mining', 'Artificial Intelligence', 'Forecasting', 'Data Analyst', 'Related Skills']",2 to 5 years,['N/A'],Mechanical Engineer,403
Data Science Engineer,"Application Development
Object-Oriented Design
Collaboration
Problem-Solving
Software Lifecycle
Innovation
Software Testing
System Analysis
Performance Monitoring
Plugin Development
Documentation
Integration Support Application Development
Object-Oriented Design
Collaboration
Problem-Solving
Software Lifecycle
Innovation
Software Testing
System Analysis
Performance Monitoring
Plugin Development
Documentation
Integration Support","['Maintenance', 'Corrective Maintenance', 'Documentation', 'Industrial Machinery', 'Preventive Maintenance', 'Sensors', 'Biotechnology', 'Electrical Mechanical', 'Estimation', 'Hydraulics', 'Mechanical Technician', 'Pneumatics', 'Project Manager', 'Sop', 'Manufacturing Process', 'Apqp', 'Assembly', 'Circuit Boards', 'Dmm', 'Electrical Test', 'Esd', 'First Article Inspection', 'Inspection', 'Medical Devices', 'Oscilloscope', 'Production Process', 'Schematic', 'Soldering', 'Surface Mount', 'Test Engineer', 'Through-hole', 'Wiring', 'Calibration', 'Control Systems', 'Packaging', 'Process Control', 'Sensor', 'Temperature', 'And Humidity', 'Control System Design', 'Electrical Engineer', 'Engineer', 'Entry Level', 'Ieee', 'Mechanical/electrical Engineer', 'Proactive', 'Self Motivated', 'Testing', 'Training', 'Electrical Engineering', 'Pr', 'Public Relations']",At least 2 years,"['City, State', 'City, State', 'City, State']",Data Science Engineer,404
DevOps Engineer,"Open-Source Technologies
CI/CD Culture & Tooling
Product Availability & Scalability
Automation (Build & Deploy)
Monitoring & Reliability
Infrastructure Innovation
Software Engineering Velocity
Infrastructure Resiliency
Security & Data Availability Open-Source Technologies
CI/CD Culture & Tooling
Product Availability & Scalability
Automation (Build & Deploy)
Monitoring & Reliability
Infrastructure Innovation
Software Engineering Velocity
Infrastructure Resiliency
Security & Data Availability","['Business systems analysis', 'Project management', 'Business process improvement', 'Forecasting and planning', 'Requirements gathering', 'Scope and project definition', 'Technology architecture analysis', 'Integrated Reporting Information System (IRIS)', 'Portfolio management', 'Budgeting', 'Cost-benefit analysis', 'Functional requirements', 'Requirement tracing', 'Business Analysis', 'Account management', 'Accounting', 'Big Data', 'Business Administration', 'Business Consulting', 'Business Development', 'Business Solutions', 'Business Systems', 'Customer Relationship Management', 'Client Relations Development', 'Database', 'Direct Marketing', 'Finance', 'Information Technology', 'Law', 'Leadership', 'Director', 'Marketing', 'Market Evaluation', 'Messaging', 'Enterprise', 'Network', 'Organizational', 'Performance Reviews', 'Performance management', 'Policies', 'Processes', 'Proposals', 'Proposal Writing', 'Speaking', 'Professor', 'Quality', 'Recruitment', 'Relationship Building', 'Risk Management', 'Selling', 'Sales', 'Scheme', 'Strategic Plans', 'Supply Chain Management', 'Tables', 'Underwriting']",At least 3 years,"['City , State', 'City , State', 'City , State', 'City , State']",DevOps Engineer,409
Management Trainee - Mechanical,"Management Trainee
Mechanical Systems
Maintenance & Troubleshooting
Performance Analysis
Project Support
Process Improvement
Training & Development
Administrative Support Management Trainee
Mechanical Systems
Maintenance & Troubleshooting
Performance Analysis
Project Support
Process Improvement
Training & Development
Administrative Support","['Machine Learning', 'Software Development', 'Text Analysis', 'Natural Language Processing', 'Image Processing', 'Python', 'Data Management', 'Scikit Learn', 'C', 'C#', '.NET', 'SQL']",,['N/A'],Management Trainee - Mechanical,410
Data Engineer,"Data Platform Design
Data Pipeline Development
ETL Processes
SQL Query Optimization
Data Integration & Transformation
Data Modeling
Stakeholder Collaboration
Data Quality Monitoring
Continuous Learning Data Platform Design
Data Pipeline Development
ETL Processes
SQL Query Optimization
Data Integration & Transformation
Data Modeling
Stakeholder Collaboration
Data Quality Monitoring
Continuous Learning","['Deep learning', 'Python', 'SQL', 'Keras', 'PyTorch', 'PySpark', 'Data Science', 'Data Analysis', 'Machine Learning', 'Natural Language Processing', 'Artificial Intelligence', 'Computer Vision', 'Pattern Recognition', 'NLP', 'OpenCV', 'Image Processing']",5 to 8 years,['N/A'],Data Engineer,411
Site Engineer,"Supervision
Monitoring
Construction
Estimation
Planning
Material Management
Project Coordination
Quality Assurance
Cost Control
Inventory
Operations
Safety
Error Escalation
Miscellaneous Tasks




 Supervision
Monitoring
Construction
Estimation
Planning
Material Management
Project Coordination
Quality Assurance
Cost Control
Inventory
Operations
Safety
Error Escalation
Miscellaneous Tasks




","['accounts receivable', 'AIA', 'bank reconciliation', 'billing', 'billings', 'budgets', 'daily cash receipts', 'cash flow', 'Consultant', 'Contracts', 'Controller', 'clients', 'financial', 'financial reports', 'financial statements', 'Forms', 'General Ledger', 'general ledger accounts', 'Government', 'insurance', 'meetings', 'excel', 'Microsoft office applications', 'office', 'PowerPoint', 'Pivot tables', 'presentations', 'Prime', 'progress', 'proposals', 'Express', 'reporting', 'spreadsheet', 'tax', 'Timberline']",1 to 2 years,"['City, State', 'City, State', 'City, State', 'City, State']",Site Engineer,412
Data Engineer,"Data Platform Design
Data Pipeline Development
ETL Processes
SQL Query Optimization
Data Integration & Transformation
Data Modeling
Stakeholder Collaboration
Data Quality Monitoring
Continuous Learning Data Platform Design
Data Pipeline Development
ETL Processes
SQL Query Optimization
Data Integration & Transformation
Data Modeling
Stakeholder Collaboration
Data Quality Monitoring
Continuous Learning","['3d', 'accounting', 'Accountant', 'Accounts receivables', 'Adobe Illustrator', 'Adobe Photoshop', 'Pagemaker', 'Audio Editing', 'auditing', 'banking', 'book', 'Budget preparation', 'contracts', 'cost analysis', 'credit', 'clients', 'debit', 'Dec', 'documentation', 'Dos', 'senior Management', 'finance', 'Financial', 'financial management', 'Preparation of Financial Statements', 'HR', 'Inspection', 'Inventory', 'inventory control', 'Macro Media Director', 'MS Office', '2K', 'Windows 9.x', 'works', 'MIS', 'modeling', 'Developer 2000', 'Oracle 8I', 'Oracle', 'payroll', 'policies', 'reporting', 'Sales', 'tax', 'Video Editing']",5 to 8 years,"['City, State', 'City, State', 'Kuwait', 'City, State', 'City, State', 'Udaipur, India']",Data Engineer,413
"Full Stack Developer (Python,React js)","Full Stack Development
Front-end: ReactJS, NextJS
Backend: Python, Django
API Design
Server-Side Logic
DRF (Django REST Framework)
Database Management (PostgreSQL, MySQL)
Version Control (Git)
AWS (ECR, RDS, ECS, ALB, EC2, etc.)
Linux, Docker, CI/CD, GitLab
Terraform, Shell Scripting Full Stack Development
Front-end: ReactJS, NextJS
Backend: Python, Django
API Design
Server-Side Logic
DRF (Django REST Framework)
Database Management (PostgreSQL, MySQL)
Version Control (Git)
AWS (ECR, RDS, ECS, ALB, EC2, etc.)
Linux, Docker, CI/CD, GitLab
Terraform, Shell Scripting","['Neural Networks', 'Python', 'Postgresql', 'Django', 'Microsoft Azure', 'Flask', 'Hive', 'Kafka', 'Business Analysis', 'Machine Learning', 'Deep Learning']",3 to 7 years,['N/A'],"Full Stack Developer (Python,React js)",414
Executive/ Sr. Executive -IT,"Hardware & Software Installation
System Monitoring
IT Support
Networking Expertise
Mail Server Administration
Security Management
Troubleshooting & Repair
Operations Support Hardware & Software Installation
System Monitoring
IT Support
Networking Expertise
Mail Server Administration
Security Management
Troubleshooting & Repair
Operations Support","['A/p', 'A/r', 'Automated Payroll', 'Cpa', 'Excel', 'General Ledger', 'Office Management', 'Outlook', 'Payroll', 'Payroll Processing', 'Powerpoint', 'Accounting', 'Bookkeeping', 'Office Manager', 'Accounts For', 'Bookkeeper', 'Cash', 'Financial Statements', 'Process Payroll', 'Reconciliations', 'Tax Returns', 'Balance Sheet', 'Bank Reconciliations', 'Clients', 'G/l', 'Its', 'Job Costing', 'Journal', 'Quickbooks', 'Business Management', 'Clerical', 'Training', 'Account Reconciliations', 'Accountant', 'Accounts And', 'And Account', 'As400', 'Audit', 'Balance Sheets', 'Contracts', 'Inventory', 'Invoice', 'Office Administration', 'Operations', 'Peachtree', 'Peachtree Accounting', 'Progress', 'Reconciling', 'Restaurant Manager', 'Scheduling', 'Secretary', 'State Tax', 'Timberline', 'Timberline Software', 'Typing', 'Word']",3 to 5 years,"['City, State', 'City, State', 'City, State', 'City, State', 'City, State', 'City, State', 'City, State']",Executive/ Sr. Executive -IT,421
Executive - VAT,"Mushak Forms Maintenance
VAT Software & MS Office Maintenance
VAT Ledger Management
VAT Challan Coordination
Liaison with VAT Office
VAT Documentation
Other Assigned Tasks Mushak Forms Maintenance
VAT Software & MS Office Maintenance
VAT Ledger Management
VAT Challan Coordination
Liaison with VAT Office
VAT Documentation
Other Assigned Tasks","['Technical Support', 'Telecom Support', 'Networking Support', 'Software/PC/LAN Troubleshooting', 'Installing, Configuring, Troubleshooting Windows, Linux and OS X', 'Installing, Configuring, Troubleshooting SoHo Networks', 'Creating & Updating documentation', 'Software Installation, configuring, and Troubleshooting', 'Implementing, Configuring network and End User Security', 'Mobile device Support', 'Printer Support', 'CLI Knowledge', 'VOIP, Video Chat Support', 'Critical Thinking with Root Cause Analysis', 'Encryption', 'File Structures', 'Network Protocols', 'AAA Security Model', 'Accounts and Group policy', 'Browser Support', 'Operating Systems: Windows 7-10, Ubuntu 14.04, OS X 10.8-10.11, ChromeOS, iOS9, Android', 'Applications: MS Office 2010-2016 (Word, Excel, PowerPoint, Outlook), Google Apps (Drive, Docs, Sheets, Slides, Keep, Forms, Sites), Google Drive Sync Client, Internet Explorer, Firefox, Chrome, Safari, Edge, OpenVPN, Wireshark, Sublime Text, MSRA, Microsoft RDP, OpenSSH, Puppet, SCCM 2012 iOS-MDM', 'Networking: TCP/IP, DNS, DHCP, LAN/WAN, VPN/Remote Connectivity - OpenVPN, some basic Cisco iOS, Microsoft Virtual PC/Hyper-V, TeamViewer, Terminal Services, Netgear, Linksys, Firewall, Ports, experience in Routing & Switching (OSPF / BGP / VLAN / STP)', 'Hardware: Dell, HP, IBM/Lenovo, Apple, Microsoft, desktop, laptops. Android Smartphones tables, and wearables. iPhones and iPads. Printers, Routers, Switches, Modems, Wireless Routers, Video Conferencing equipment (TV, Projectors, Microphones, Speakers)', 'Security: Basic knowledge of IPSEC / SSL-VPN / NAT / GRE, some experience with Authentication Protocols (Radius / TACACS), Strong desire to learn more', 'A+', 'Active Directory', 'Antivirus', 'Apple', 'Bash', 'Basic', 'BGP', 'CAD', 'call center', 'CCNA', 'CD-ROM', 'CLI', 'Cisco iOS', 'Cisco', 'com', 'Hardware', 'computer hardware', 'Council', 'Critical Thinking', 'Encryption', 'Client', 'Dell', 'DHCP', 'documentation', 'DNS', 'Edge', 'email', 'Firewall', 'Forms', 'Help Desk Support', 'HP', 'IBM', 'Insurance', 'Internet Explorer', 'LAN', 'laptops', 'Linux and OS', 'Linux', 'access', 'Excel', 'mail', 'Microsoft Office', 'MS Office', 'Outlook', 'PowerPoint', 'Windows 7', 'Microsoft Windows', 'Windows', 'Word', 'Modems', 'MSI', 'Networking I', 'Network', 'Networking', 'Networks', 'Operating Systems', 'OS', 'OSPF', 'policies', 'Printer', 'Printers', 'Protocols', 'Python', 'Routers', 'Routing', 'scripting', 'Software Installation', 'SolidWorks', 'SSL', 'Switches', 'system administration', 'tables', 'TCP/IP', 'TV', 'troubleshooting I', 'Troubleshooting', 'Video', 'Video Conferencing', 'VPN', 'VOIP', 'WAN']",1 to 3 years,"['City , State', 'City , State']",Executive - VAT,415
Intern (Generative AI Engineering - 2D/3D Image Ge,"Generative AI Development
Evolutionary Computation
Deep Learning Optimization
Expert Systems Design
Knowledge Representation
Data Preprocessing
Model Training
Research & Integration Generative AI Development
Evolutionary Computation
Deep Learning Optimization
Expert Systems Design
Knowledge Representation
Data Preprocessing
Model Training
Research & Integration","['Machine learning', 'Data Science', 'Deep Learning', 'Decision Trees', 'Random Forest', 'XGBoost', 'CATBoost', 'Classification', 'Regression', 'Scikit Learn', 'Numpy', 'Pandas', 'OpenCV', 'Python', 'Matplotlib', 'Loss Optimization']",,['N/A'],Intern (Generative AI Engineering - 2D/3D Image Generation),416
Project Coordinator (Civil),"Project Design
Data Analysis
ACCORD/Alliance Knowledge
BNBC Standards
Cost Estimation
Feasibility Studies
Documentation
Compliance
Site Monitoring
Policy Enforcement
Legal Compliance
Data Management
Team Collaboration Project Design
Data Analysis
ACCORD/Alliance Knowledge
BNBC Standards
Cost Estimation
Feasibility Studies
Documentation
Compliance
Site Monitoring
Policy Enforcement
Legal Compliance
Data Management
Team Collaboration","['Python', 'Data Analytics', 'Machine Learning', 'Artificial Intelligence', 'Natural Language Processing', 'Deep Learning', 'Data Analysis', 'Business Analytics', 'SQL', 'Linux', 'Scala']",5 to 10 years,"['N/A', 'N/A']",Project Coordinator (Civil),417
DevOps Engineer,"Open-Source Technologies
CI/CD Culture & Tooling
Product Availability & Scalability
Automation (Build & Deploy)
Monitoring & Reliability
Infrastructure Innovation
Software Engineering Velocity
Infrastructure Resiliency
Security & Data Availability Open-Source Technologies
CI/CD Culture & Tooling
Product Availability & Scalability
Automation (Build & Deploy)
Monitoring & Reliability
Infrastructure Innovation
Software Engineering Velocity
Infrastructure Resiliency
Security & Data Availability","['Academic', 'acrylic', 'AutoCAD', 'CAD', 'concept', 'Engineer-In-Training', 'EIT', 'estimating', 'drawing', 'graphics and design', 'Laser', 'Material Science', 'Microsoft Excel', 'Microsoft PowerPoint', 'Microsoft Word', 'design process', 'progress', 'Project management', 'proposals', 'Reporting', 'Research', 'robotics', 'safety', 'SolidWorks', 'Statistics', 'Time management', 'verbal communication skills', 'weighing', 'Written']",At least 3 years,"['City, State', 'City, State']",DevOps Engineer,418
Asst. Manager/ Manger (Administrative),"Administrative Support
Scheduling
Filing & Documentation
Communication
Team Support
Equipment Maintenance
Information Provision
Inventory Management
Team Collaboration
OHS Policy Development
Safety Advice
Risk Assessment
Policy Review
OHS Training
Safety Inspections
Unsafe Act Prevention
Incident Investigation
Report Preparation Administrative Support
Scheduling
Filing & Documentation
Communication
Team Support
Equipment Maintenance
Information Provision
Inventory Management
Team Collaboration
OHS Policy Development
Safety Advice
Risk Assessment
Policy Review
OHS Training
Safety Inspections
Unsafe Act Prevention
Incident Investigation
Report Preparation","['Data Scientist', 'Machine Learning', 'Python', 'Big Data', 'SQL', 'PySpark', 'Scala', 'Hive', 'Scikit Learn', 'Pandas', 'Matplotlib', 'Natural Language Processing', 'Transformers', 'BERT']",At least 5 years,['N/A'],Asst. Manager/ Manger (Administrative),419
"Full Stack Developer (Python,React js)","Full Stack Development
Front-end: ReactJS, NextJS
Backend: Python, Django
API Design
Server-Side Logic
DRF (Django REST Framework)
Database Management (PostgreSQL, MySQL)
Version Control (Git)
AWS (ECR, RDS, ECS, ALB, EC2, etc.)
Linux, Docker, CI/CD, GitLab
Terraform, Shell Scripting Full Stack Development
Front-end: ReactJS, NextJS
Backend: Python, Django
API Design
Server-Side Logic
DRF (Django REST Framework)
Database Management (PostgreSQL, MySQL)
Version Control (Git)
AWS (ECR, RDS, ECS, ALB, EC2, etc.)
Linux, Docker, CI/CD, GitLab
Terraform, Shell Scripting","['accounts payables', 'accounts receivables', 'Accounts Payable', 'Accounts Receivable', 'administrative functions', 'trial balance', 'banking', 'budget', 'bi', 'closing', 'Computer Applications', 'Credit', 'clients', 'Customer Service', 'data entry', 'delivery', 'driving', 'email', 'insurance', 'inventory', 'ledger', 'Access', 'Excel', 'Outlook', 'PowerPoint', 'Word', 'mortgage loan', 'Enterprise', 'policies', 'QuickBooks', 'Sales', 'sales reports', 'telecommunications', 'phone', 'workflow', 'written']",3 to 7 years,"['City, State', 'City, State', 'City, State', 'City, State', 'City, State', 'N/A']","Full Stack Developer (Python,React js)",420
Senior Software Engineer,"Technical Support
Troubleshooting
Collaboration
Documentation
System Monitoring
Software Deployment
Training & Mentorship
Industry Trends
Field Visits




 Technical Support
Troubleshooting
Collaboration
Documentation
System Monitoring
Software Deployment
Training & Mentorship
Industry Trends
Field Visits




","['Machine Learning', 'Text Analytics', 'Software Development', 'Data Analysis', 'Python', 'Java', 'JavaScript', 'Matplotlib']",At least 1 year,['N/A'],Senior Software Engineer,422
Mechanical Engineer,"Machinery Maintenance
Troubleshooting
Report Preparation
Log Maintenance Machinery Maintenance
Troubleshooting
Report Preparation
Log Maintenance","['Machine Learning', 'Natural Language Processing', 'Deep Learning', 'Business Analysis', 'Python', 'Numpy', 'Pandas', 'Scikit Learn', 'Tensorflow', 'Keras', 'PySpark']",2 to 5 years,['N/A'],Mechanical Engineer,423
Asst. Manager/ Manger (Administrative),"Administrative Support
Scheduling
Filing & Documentation
Communication
Team Support
Equipment Maintenance
Information Provision
Inventory Management
Team Collaboration
OHS Policy Development
Safety Advice
Risk Assessment
Policy Review
OHS Training
Safety Inspections
Unsafe Act Prevention
Incident Investigation
Report Preparation Administrative Support
Scheduling
Filing & Documentation
Communication
Team Support
Equipment Maintenance
Information Provision
Inventory Management
Team Collaboration
OHS Policy Development
Safety Advice
Risk Assessment
Policy Review
OHS Training
Safety Inspections
Unsafe Act Prevention
Incident Investigation
Report Preparation","['Organizational and planning skills', 'Customer Service', 'IT skills (Shopper, Tally, Voyager)', 'Creativity and imagination', 'Business and commercial acumen', 'Drive, motivation and initiative', 'Good Team player', 'Oral and written communication', 'Numerical and analytical ability', 'Ability to lead and motivate a team', 'Influencing and negotiation', 'Work under pressure and deadlines', 'Proficient in MS-Office (Word/Excel/PowerPoint)', 'Focus Integrated ERP software for Retail Garment Stores']",At least 5 years,"['City, State', 'City, State', 'City, State', 'City, State', 'City, State']",Asst. Manager/ Manger (Administrative),424
Data Engineer,"Data Platform Design
Data Pipeline Development
ETL Processes
SQL Query Optimization
Data Integration & Transformation
Data Modeling
Stakeholder Collaboration
Data Quality Monitoring
Continuous Learning Data Platform Design
Data Pipeline Development
ETL Processes
SQL Query Optimization
Data Integration & Transformation
Data Modeling
Stakeholder Collaboration
Data Quality Monitoring
Continuous Learning","['C', 'SQL', 'Python', 'R', 'Tableau', 'HP ALM Quality center', 'HP QTP', 'MS office', 'Trello', 'Streak CRM', 'automation tools', 'business processes', 'Chemistry', 'CRM', 'client', 'English', 'event management', 'functional', 'HP', 'image', 'team lead', 'machinery', 'Mathematics', 'Oil', 'developer', 'Physics', 'Programming', 'progress', 'Project management', 'Quick Test Professional', 'Quality', 'quality assurance', 'simulation', 'VB script']",5 to 8 years,"['N/A', 'N/A', 'N/A']",Data Engineer,425
"Manager- Human Resource Management (HRM)
","Recruitment Coordination
Appointment Management
Selection Criteria
Employee Orientation
Performance Evaluation
HR Database Management
Report Compilation
Documentation
Event Coordination
Task Execution Recruitment Coordination
Appointment Management
Selection Criteria
Employee Orientation
Performance Evaluation
HR Database Management
Report Compilation
Documentation
Event Coordination
Task Execution","['assisted living', 'interpersonal and communication', 'insurance', 'internal medicine', 'managing', 'marketing', 'marketing/sales', 'meetings', 'mentor', 'office', 'networking', 'organizing', 'orthopedics', 'outside sales', 'physical therapy', 'rehabilitation', 'sales', 'seminars', 'Team player', 'time management']",5 to 6 years,"['City , State', 'City , State', 'City , State', 'City , State']","Manager- Human Resource Management (HRM)
",426
Network Support Engineer,"Mikrotik Router Configuration
OLT Device Setup & Management
Integration with Billing Software
Network Monitoring Tools Integration
Connectivity Troubleshooting
Technical Support & Escalation
Installation & Configuration
GPON/EPON Expertise
Cisco, OLT, MikroTik Knowledge Mikrotik Router Configuration
OLT Device Setup & Management
Integration with Billing Software
Network Monitoring Tools Integration
Connectivity Troubleshooting
Technical Support & Escalation
Installation & Configuration
GPON/EPON Expertise
Cisco, OLT, MikroTik Knowledge","['Adobe', 'Customer Relations', 'Document reports', 'Budgeting', 'Cross-functional Team Leadership', 'Business Analysis', 'Access', 'Microsoft Project', 'Organization', 'Advanced Presentation', 'Project Coordinator', 'Python', 'Quality Control', 'Quality Assurance', 'Research', 'Developing other Business Analyst', 'Public Speaking', 'Negotiation', 'SAP', 'SQL', 'SPSS', 'Oracle', 'Fast Learner', 'Strong Requirement tracing', 'Basic financial and operational reporting', 'Superb communication skills', 'Advanced problem solving abilities']",At least 3 years,"['City, State', 'City, State', 'City, State']",Network Support Engineer,427
AI Engineer,"Machine Learning Design
Data Analysis
Model Training
AI Integration
Innovation
Cross-Functional Collaboration
Model Deployment
Documentation
Analytical Skills
Communication
Team Collaboration Machine Learning Design
Data Analysis
Model Training
AI Integration
Innovation
Cross-Functional Collaboration
Model Deployment
Documentation
Analytical Skills
Communication
Team Collaboration","['Analytical reasoning', 'Budget forecasting expertise', 'Account reconciliation expert', 'Financial planner', 'Effective time management', 'Advanced computer proficiency (PC and Mac)', 'Strong organizational skills', 'Excellent managerial techniques', 'Microsoft Windows', 'Word', 'Excel', 'PowerPoint', 'Access', 'Adobe', 'Mac iOS', 'QuickBooks Pro 2015/2016/2017', 'Profit Pluss 2k8', 'SAP', 'Lacerte', 'ComplyRight', 'Real Estate P.M.A.S.', 'AppFolio', 'ADP Ezlabor', 'ADP Payroll']",,"['City, State', 'City, State', 'City, State', 'City, State', 'City, State']",AI Engineer,428
Site Engineer,"Supervision
Monitoring
Construction
Estimation
Planning
Material Management
Project Coordination
Quality Assurance
Cost Control
Inventory
Operations
Safety
Error Escalation
Miscellaneous Tasks




 Supervision
Monitoring
Construction
Estimation
Planning
Material Management
Project Coordination
Quality Assurance
Cost Control
Inventory
Operations
Safety
Error Escalation
Miscellaneous Tasks




",,1 to 2 years,"['City, State', None, None, None, None, None]",Site Engineer,429
Mechanical Designer,"Design Creation
CAD Drawings
Design Optimization
Team Collaboration
Compliance Assurance
Design Reviews
Manufacturing Support
Documentation Design Creation
CAD Drawings
Design Optimization
Team Collaboration
Compliance Assurance
Design Reviews
Manufacturing Support
Documentation","['Academic', 'Documentation', 'Edge', 'Fiber optics', 'Laser', 'Mechanical', 'Scanning']",At least 5 years,"['City, State', 'City, State', 'City']",Mechanical Designer,430
DevOps Engineer,"Open-Source Technologies
CI/CD Culture & Tooling
Product Availability & Scalability
Automation (Build & Deploy)
Monitoring & Reliability
Infrastructure Innovation
Software Engineering Velocity
Infrastructure Resiliency
Security & Data Availability Open-Source Technologies
CI/CD Culture & Tooling
Product Availability & Scalability
Automation (Build & Deploy)
Monitoring & Reliability
Infrastructure Innovation
Software Engineering Velocity
Infrastructure Resiliency
Security & Data Availability","['Machine Learning', 'Software Engineering', 'Python', 'Java', 'SAP', 'C programming']",At least 3 years,['N/A'],DevOps Engineer,431
HR Officer,"Relationship Building
HR Collaboration
Policy Development
Training Management
Record Keeping
Compliance
Employee Development
Policy Enforcement
Communication
Task Execution Relationship Building
HR Collaboration
Policy Development
Training Management
Record Keeping
Compliance
Employee Development
Policy Enforcement
Communication
Task Execution","['Embedded Software Development', 'Embedded Systems', 'Project Management', 'Change Management', 'Defect Management', 'Machine Learning', 'Unit Testing', 'C++', 'GIT', 'Data Structures', 'Python']",,['N/A'],HR Officer,440
Database Administrator (DBA),"Database Design & Development
SQL Query Optimization
Data Integrity & Security
BI Solutions Development
ETL Process Implementation
Database Maintenance
Backup & Restore Management
Index Rebuilding & Performance Tuning
SQL Server Clustering & High Availability
SQL Server Replication
High Availability Group Management
Database Monitoring & Troubleshooting Database Design & Development
SQL Query Optimization
Data Integrity & Security
BI Solutions Development
ETL Process Implementation
Database Maintenance
Backup & Restore Management
Index Rebuilding & Performance Tuning
SQL Server Clustering & High Availability
SQL Server Replication
High Availability Group Management
Database Monitoring & Troubleshooting","['Web design technology', 'Database management system and administration', 'Programming in Java', 'Windows platforms programming', 'Linux programming', 'Database Programming', 'Python', 'Operating System knowledge', 'Data analysis techniques', 'Software development skills', 'Installation of hardware', 'Repair and maintenance practice', 'Troubleshooting of hardware failure', 'Upgrading of hardware', 'Installation of network components', 'Cabling and laying of cables', 'IP addressing', 'Firewall setup', 'Troubleshooting a network failure', 'Network design', 'Office suite', 'Accounting packages', 'Improving Accounting and Internal Control Systems', 'Interpersonal and Communication Skills', 'Negotiating skills', 'Technical proposal writing skills', 'Monitoring and evaluation skills']",At least 1 year,"['N/A', 'N/A', 'N/A', 'N/A', 'N/A', 'N/A']",Database Administrator (DBA),432
Senior iOS Engineer,"iOS Lifecycle
Requirement Analysis
Native Frameworks
iOS Development
API Integration
Technical Communication
UI Design
Performance Optimization
Feature Collaboration
Bug Fixing
Code Translation
High-Performance Development
Task Management
Cross-Team Collaboration
Code Quality iOS Lifecycle
Requirement Analysis
Native Frameworks
iOS Development
API Integration
Technical Communication
UI Design
Performance Optimization
Feature Collaboration
Bug Fixing
Code Translation
High-Performance Development
Task Management
Cross-Team Collaboration
Code Quality","['Excellent communication techniques', 'Engineering standards expert', 'Complex problem solver', 'Advanced critical thinking', 'Microsoft Excel', 'Project and Visio', 'Engineering operational functions', 'Multidisciplinary exposure', 'Project management', 'Advanced engineering knowledge', 'Troubleshooting specialist', 'Initiative to work independently', 'Strategic thinker', 'Quality inspection professional', 'Strong collaborative skills', 'Document management testing', 'Patient and diligent', 'MS Office proficiency', 'Google Documents', '5S expert', 'Safety member', 'Validation process specialist', 'Calibration', 'Chemical Engineering technician', 'documentation', 'Engineering Management', 'equipment inventory', 'inspection', 'Maintain inventory', 'Materials', 'processes', 'safety', 'SOP', 'staffing', 'Supervision', 'technical support', 'Technician', 'troubleshooting', 'validations']",At least 4 years,"['City, State', 'City, State', 'City, State', 'City, State', 'City, State']",Senior iOS Engineer,433
Management Trainee - Mechanical,"Management Trainee
Mechanical Systems
Maintenance & Troubleshooting
Performance Analysis
Project Support
Process Improvement
Training & Development
Administrative Support Management Trainee
Mechanical Systems
Maintenance & Troubleshooting
Performance Analysis
Project Support
Process Improvement
Training & Development
Administrative Support","['API', 'Approach', 'ATL', 'Audio', 'backup', 'bridges', 'broadcast', 'C++', 'CLI', 'COM', 'CA', 'Hardware', 'concept', 'Content', 'CSS', 'documentation', 'editing', 'XML', 'FTP', 'drawing', 'GUI', 'hiring', 'HTML5', 'HTTP', 'HR', 'IDs', 'explorer', 'JavaScript', 'json', 'LAN', 'team building', 'MB', 'memory', 'mentoring', 'C#', 'MFC', 'office', 'Windows', 'Window', '2000', 'migration', 'NAS', 'OOP', 'page', 'performance reviews', 'personnel', 'Proxy', 'rendering', 'SAN', 'Scrum', 'servers', 'software development', 'team management', 'threads', 'Video', 'Video Editing', 'Visual C++', 'workflow', 'writer']",,"['City, State', 'City, State', 'City, State', 'City, State']",Management Trainee - Mechanical,434
Management Trainee - Mechanical,"Management Trainee
Mechanical Systems
Maintenance & Troubleshooting
Performance Analysis
Project Support
Process Improvement
Training & Development
Administrative Support Management Trainee
Mechanical Systems
Maintenance & Troubleshooting
Performance Analysis
Project Support
Process Improvement
Training & Development
Administrative Support","['Data Science', 'Data Analytics', 'Database Management', 'Data Analysis', 'Data Mining', 'Data Modelling', 'Data Integration', 'Machine Learning', 'Statistical Modelling', 'Natural Language Processing', 'Predictive Analytics', 'Python', 'SQL', 'Flask']",,['N/A'],Management Trainee - Mechanical,435
Intern (Generative AI Engineering - 2D/3D Image Ge,"Generative AI Development
Evolutionary Computation
Deep Learning Optimization
Expert Systems Design
Knowledge Representation
Data Preprocessing
Model Training
Research & Integration Generative AI Development
Evolutionary Computation
Deep Learning Optimization
Expert Systems Design
Knowledge Representation
Data Preprocessing
Model Training
Research & Integration","['Business Strategy', 'Consulting', 'Excel', 'Capital Markets', 'Investment Banking', 'Investment Research', 'Statistics', 'Strategy Consulting', 'VBA', 'Python', 'MATLAB', 'Machine Learning']",,"['N/A', 'N/A']",Intern (Generative AI Engineering - 2D/3D Image Generation),436
Mechanical Engineer,"Machinery Maintenance
Troubleshooting
Report Preparation
Log Maintenance Machinery Maintenance
Troubleshooting
Report Preparation
Log Maintenance","['DBMS', 'RDBMS', 'Software Developer', 'Software Engineer', 'Java', 'SAS', 'SQL', 'Business Intelligence', 'Learning Algorithm', 'Machine Learning', 'Python']",2 to 5 years,['N/A'],Mechanical Engineer,437
Sr.Officer / Executive - Internal Audit,"Internal Audit Assistance
Voucher & Bill Verification
Cost Sheet Analysis
L/C Voucher Verification
Expense Verification
Salary & Wages Verification
Market Rate Verification Internal Audit Assistance
Voucher & Bill Verification
Cost Sheet Analysis
L/C Voucher Verification
Expense Verification
Salary & Wages Verification
Market Rate Verification","['DBMS', 'RDBMS', 'Software Developer', 'Software Engineer', 'Java', 'SAS', 'SQL', 'Business Intelligence', 'Learning Algorithm', 'Machine Learning', 'Python']",2 to 4 years,['N/A'],Sr.Officer / Executive - Internal Audit,438
Asst. Manager/ Manger (Administrative),"Administrative Support
Scheduling
Filing & Documentation
Communication
Team Support
Equipment Maintenance
Information Provision
Inventory Management
Team Collaboration
OHS Policy Development
Safety Advice
Risk Assessment
Policy Review
OHS Training
Safety Inspections
Unsafe Act Prevention
Incident Investigation
Report Preparation Administrative Support
Scheduling
Filing & Documentation
Communication
Team Support
Equipment Maintenance
Information Provision
Inventory Management
Team Collaboration
OHS Policy Development
Safety Advice
Risk Assessment
Policy Review
OHS Training
Safety Inspections
Unsafe Act Prevention
Incident Investigation
Report Preparation","['Data Analytics', 'Business Analysis', 'Business Intelligence', 'Machine Learning', 'Python', 'SQL', 'Tableau', 'PowerBi', 'Jupyter', 'SSMS', 'Data Analysis', 'Dax', 'ETL']",At least 5 years,['N/A'],Asst. Manager/ Manger (Administrative),439
Head of Internal Control & Compliance (ICC) - SEVP,"15+ Years Banking Experience
Audit/Inspection/ICC Leadership
Internal Audit & Compliance
Risk-Based Operational Reviews
System-Based Audit Expertise
Knowledge of Bangladeshi Laws 15+ Years Banking Experience
Audit/Inspection/ICC Leadership
Internal Audit & Compliance
Risk-Based Operational Reviews
System-Based Audit Expertise
Knowledge of Bangladeshi Laws","['python', 'C++', 'Haskell', 'PyTorch', 'JAX', 'Pandas', 'scikit-learn', 'matplotlib', 'Linux', 'bash', 'Unity', 'HPC', 'git']",At least 15 years,"[None, None, None, None, None, None, None]",Head of Internal Control & Compliance (ICC) - SEVP/DMD,442
Mechanical Engineer,"Machinery Maintenance
Troubleshooting
Report Preparation
Log Maintenance Machinery Maintenance
Troubleshooting
Report Preparation
Log Maintenance","['Machine learning', 'Deep learning', 'Python', 'NLP', 'Computer vision', 'Image processing', 'SQL', 'Data analysis', 'Big Data', 'Spark', 'Apache hive', 'Apache pig', 'Tensorflow', 'Sklearn', 'Data visualization', 'Data science']",2 to 5 years,['N/A'],Mechanical Engineer,443
Executive/ Sr. Executive -IT,"Hardware & Software Installation
System Monitoring
IT Support
Networking Expertise
Mail Server Administration
Security Management
Troubleshooting & Repair
Operations Support Hardware & Software Installation
System Monitoring
IT Support
Networking Expertise
Mail Server Administration
Security Management
Troubleshooting & Repair
Operations Support","['Requirement Analysis', 'Machine Learning', 'Predictive Analytics', 'Python', 'Tableau', 'PowerBI', 'R', 'SQL', 'Advanced Excel', 'Business Analytics']",3 to 5 years,['N/A'],Executive/ Sr. Executive -IT,444
HR Officer,"Relationship Building
HR Collaboration
Policy Development
Training Management
Record Keeping
Compliance
Employee Development
Policy Enforcement
Communication
Task Execution Relationship Building
HR Collaboration
Policy Development
Training Management
Record Keeping
Compliance
Employee Development
Policy Enforcement
Communication
Task Execution","['Microsoft Windows 10', 'Memtest86', 'TeamViewer', 'McAfee Endpoint Security', 'Acronis True Image', 'Recuva', 'Wireshark', 'HWiNFO', 'VMware Workstation', 'PowerShell']",,"['Seattle, WA', 'Seattle, WA', 'Seattle, WA']",HR Officer,445
Sr.Officer / Executive - Internal Audit,"Internal Audit Assistance
Voucher & Bill Verification
Cost Sheet Analysis
L/C Voucher Verification
Expense Verification
Salary & Wages Verification
Market Rate Verification Internal Audit Assistance
Voucher & Bill Verification
Cost Sheet Analysis
L/C Voucher Verification
Expense Verification
Salary & Wages Verification
Market Rate Verification",,2 to 4 years,"['City, State', None, None, None, None, None]",Sr.Officer / Executive - Internal Audit,446
Site Engineer,"Supervision
Monitoring
Construction
Estimation
Planning
Material Management
Project Coordination
Quality Assurance
Cost Control
Inventory
Operations
Safety
Error Escalation
Miscellaneous Tasks




 Supervision
Monitoring
Construction
Estimation
Planning
Material Management
Project Coordination
Quality Assurance
Cost Control
Inventory
Operations
Safety
Error Escalation
Miscellaneous Tasks




","['Data Analyst', 'Data Analytics', 'Data Analysis', 'Time Series Analysis', 'Business Analytics', 'Predictive Modeling', 'Regression Analysis', 'Image Processing', 'Data Visualization', 'Linear Regression', 'Statistical Analysis', 'Requirement Analysis', 'SQL', 'Tableau', 'Python']",1 to 2 years,['N/A'],Site Engineer,447
"Executive/ Senior Executive- Trade Marketing, Hygi","Trade Marketing Executive
Brand Visibility, Sales Targets
Field Marketing, Campaigns, Product Distribution
Brand Head
Excel, KPIs Tracking Trade Marketing Executive
Brand Visibility, Sales Targets
Field Marketing, Campaigns, Product Distribution
Brand Head
Excel, KPIs Tracking","['Data Science', 'Data Analysis', 'Data Structures', 'Data Warehousing', 'Data Visualization', 'Data Mining', 'Machine Learning', 'Artificial Intelligence', 'Linear Regression', 'MongoDB', 'Python', 'Django', 'Java', 'SQL', 'C++']",At least 3 years,['N/A'],"Executive/ Senior Executive- Trade Marketing, Hygiene Products",448
Senior iOS Engineer,"iOS Lifecycle
Requirement Analysis
Native Frameworks
iOS Development
API Integration
Technical Communication
UI Design
Performance Optimization
Feature Collaboration
Bug Fixing
Code Translation
High-Performance Development
Task Management
Cross-Team Collaboration
Code Quality iOS Lifecycle
Requirement Analysis
Native Frameworks
iOS Development
API Integration
Technical Communication
UI Design
Performance Optimization
Feature Collaboration
Bug Fixing
Code Translation
High-Performance Development
Task Management
Cross-Team Collaboration
Code Quality","['Business Strategy', 'Consulting', 'Excel', 'Capital Markets', 'Investment Banking', 'Investment Research', 'Statistics', 'Strategy Consulting', 'VBA', 'Python', 'MATLAB', 'Machine Learning']",At least 4 years,"['N/A', 'N/A']",Senior iOS Engineer,449
DevOps Engineer,"Open-Source Technologies
CI/CD Culture & Tooling
Product Availability & Scalability
Automation (Build & Deploy)
Monitoring & Reliability
Infrastructure Innovation
Software Engineering Velocity
Infrastructure Resiliency
Security & Data Availability Open-Source Technologies
CI/CD Culture & Tooling
Product Availability & Scalability
Automation (Build & Deploy)
Monitoring & Reliability
Infrastructure Innovation
Software Engineering Velocity
Infrastructure Resiliency
Security & Data Availability","['C', 'R', 'Catia', 'AutoCAD', 'ANSYS', 'Microsoft office', 'Product Project Management', 'GD&T', 'Minitab', 'Kanban', 'Kaizen', 'FMEA', 'development', 'Toyota production systems', 'APQP', 'PPAP', '8D', '5 why', ""KPI's"", 'Reliability SAE Standards', 'Vehicle ergonomics', 'DVP&R', 'QCC', 'CNC engineering', 'Programming', 'anatomy', 'benchmarking', 'lean manufacturing', 'manufacturing process', 'cost analysis', 'packaging', 'process engineering', 'Product Development', 'surveys', 'validation', 'welding']",At least 3 years,"['City , State', 'City , State']",DevOps Engineer,450
Executive/ Sr. Executive -IT,"Hardware & Software Installation
System Monitoring
IT Support
Networking Expertise
Mail Server Administration
Security Management
Troubleshooting & Repair
Operations Support Hardware & Software Installation
System Monitoring
IT Support
Networking Expertise
Mail Server Administration
Security Management
Troubleshooting & Repair
Operations Support","['Account reconciliation', 'accounting', 'general accounting', 'accounting software', 'accounts payables', 'accounts receivables', 'A/P', 'Arabic', 'Balance sheet', 'bank reconciliations', 'banking', 'billing', 'bookkeeping', 'budgeting', 'budgets', 'budget', 'closing', 'Strong communication skills', 'Controller', 'client', 'clients', 'documentation', 'English', 'Equity', 'finance', 'financial', 'financial analysis', 'analyze financial statements', 'financial statements', 'prepare financial statements', 'Fixed Assets', 'forecasting', 'general ledger', 'GL', 'inventory', 'Investments', 'ledger', 'market', 'Access', 'Excel', 'Outlook', 'PowerPoint', 'MS Word', 'monitors', 'organizational', 'payables', 'payroll', 'personnel', 'problem solving', 'processes', 'Profit', 'Profit and loss account', 'Public Accounting', 'Express', 'QuickBooks', 'reporting', 'Sales', 'supervision', 'Swedish', 'Tax', 'tax returns', 'year-end']",3 to 5 years,"['City, State', 'City', 'City', 'City']",Executive/ Sr. Executive -IT,451
Network Support Engineer,"Mikrotik Router Configuration
OLT Device Setup & Management
Integration with Billing Software
Network Monitoring Tools Integration
Connectivity Troubleshooting
Technical Support & Escalation
Installation & Configuration
GPON/EPON Expertise
Cisco, OLT, MikroTik Knowledge Mikrotik Router Configuration
OLT Device Setup & Management
Integration with Billing Software
Network Monitoring Tools Integration
Connectivity Troubleshooting
Technical Support & Escalation
Installation & Configuration
GPON/EPON Expertise
Cisco, OLT, MikroTik Knowledge","['Machine Learning', 'Deep Learning', 'Neural Networks', 'ML Algorithms', 'Python', 'NumPy', 'Scikit Learn', 'Matplotlib', 'Keras', 'Pandas', 'TensorFlow', 'Seaborn', 'Java', 'ReactJS', 'NodeJS']",At least 3 years,['N/A'],Network Support Engineer,454
Data Science Engineer,"Application Development
Object-Oriented Design
Collaboration
Problem-Solving
Software Lifecycle
Innovation
Software Testing
System Analysis
Performance Monitoring
Plugin Development
Documentation
Integration Support Application Development
Object-Oriented Design
Collaboration
Problem-Solving
Software Lifecycle
Innovation
Software Testing
System Analysis
Performance Monitoring
Plugin Development
Documentation
Integration Support","['Training program implementation', 'Project management', 'Drilling engineering', 'Building commissioning experience', 'A highly motivated and energetic personality.', 'Ability to take initiative and exhibit flexibility.', 'Excellent customer service skills.', 'Leadership Development Program', 'Hands On Training: Electrical, Pluming, Painting, Full Finish, Wall Paper', 'Management Training, Team Builder, Outlook Training, Excel Training, Hotsos Training, Stratton Warren ""MMS""', 'Interpersonal communication skills', 'Demonstrated organizational/planning skills', 'Adaptability', 'Ability to translate technical specifications', 'Have interpersonal skills to deal effectively with all business contacts.']",At least 2 years,"['City , State', 'City , State', 'City , State']",Data Science Engineer,455
Mechanical Designer,"Design Creation
CAD Drawings
Design Optimization
Team Collaboration
Compliance Assurance
Design Reviews
Manufacturing Support
Documentation Design Creation
CAD Drawings
Design Optimization
Team Collaboration
Compliance Assurance
Design Reviews
Manufacturing Support
Documentation","['Data Analysis', 'Data Analytics', 'Business Analysis', 'R', 'SAS', 'PowerBi', 'Tableau', 'Data Visualization', 'Business Analytics', 'Machine Learning']",At least 5 years,['N/A'],Mechanical Designer,456
Database Administrator (DBA),"Database Design & Development
SQL Query Optimization
Data Integrity & Security
BI Solutions Development
ETL Process Implementation
Database Maintenance
Backup & Restore Management
Index Rebuilding & Performance Tuning
SQL Server Clustering & High Availability
SQL Server Replication
High Availability Group Management
Database Monitoring & Troubleshooting Database Design & Development
SQL Query Optimization
Data Integrity & Security
BI Solutions Development
ETL Process Implementation
Database Maintenance
Backup & Restore Management
Index Rebuilding & Performance Tuning
SQL Server Clustering & High Availability
SQL Server Replication
High Availability Group Management
Database Monitoring & Troubleshooting","['QuickBooks', 'Sage', 'Lacerte', 'Intuit ProSeries', 'Microsoft Word', 'Microsoft Excel', 'Microsoft Access', 'Microsoft Outlook', 'Microsoft Power Pivot', 'Microsoft PowerPoint', 'CalBench', 'FASB & GAAP standards', 'Sarbanes-Oxley', 'Generally Accepted Auditing Standards']",At least 1 year,"['City, State', 'City, State', 'City, State', 'City, State']",Database Administrator (DBA),457
Executive/ Sr. Executive -IT,"Hardware & Software Installation
System Monitoring
IT Support
Networking Expertise
Mail Server Administration
Security Management
Troubleshooting & Repair
Operations Support Hardware & Software Installation
System Monitoring
IT Support
Networking Expertise
Mail Server Administration
Security Management
Troubleshooting & Repair
Operations Support","['API', 'ATL', 'audio', 'backup', 'broadcast', 'C++', 'CLI', 'Hardware', 'concept', 'content management', 'Content', 'client', 'clients', 'documentation', 'dynamic HTML5', 'editing', 'XML', 'FTP', 'functional', 'drawing', 'HTTP', 'IDs', 'explorer', 'JavaScript', 'json', 'LAN', 'MB', 'access', 'C#', 'MFC', 'Win', 'Windows', '2000', 'NAS', 'OOP', 'page', 'Proxy', 'rendering', 'SAN', 'Scrum', 'servers', 'specification', 'team management', 'threads', 'troubleshoot', 'Video', 'Video Editing', 'Visual C++']",3 to 5 years,"['City, State', 'City, State', 'City, State', 'City, State']",Executive/ Sr. Executive -IT,458
Executive - VAT,"Mushak Forms Maintenance
VAT Software & MS Office Maintenance
VAT Ledger Management
VAT Challan Coordination
Liaison with VAT Office
VAT Documentation
Other Assigned Tasks Mushak Forms Maintenance
VAT Software & MS Office Maintenance
VAT Ledger Management
VAT Challan Coordination
Liaison with VAT Office
VAT Documentation
Other Assigned Tasks","['Microsoft Word/Excel', 'Great Plains Dynamics', 'BI360 (BusinessIntelligence Tool)', 'Keane Care']",1 to 3 years,"['City, State', 'City, State', 'City, State', 'City, State']",Executive - VAT,459
"Executive/ Senior Executive- Trade Marketing, Hygi","Trade Marketing Executive
Brand Visibility, Sales Targets
Field Marketing, Campaigns, Product Distribution
Brand Head
Excel, KPIs Tracking Trade Marketing Executive
Brand Visibility, Sales Targets
Field Marketing, Campaigns, Product Distribution
Brand Head
Excel, KPIs Tracking","['ArcView', 'AutoCad', 'Drafting', 'GPS', 'graphic', 'Inspection', 'Microsoft Access', 'Microstation', 'File Maintenance', 'repairs', 'supervision', 'surveys', 'utilities']",At least 3 years,"['City , State', 'City , State', 'City , State']","Executive/ Senior Executive- Trade Marketing, Hygiene Products",460
Database Administrator (DBA),"Database Design & Development
SQL Query Optimization
Data Integrity & Security
BI Solutions Development
ETL Process Implementation
Database Maintenance
Backup & Restore Management
Index Rebuilding & Performance Tuning
SQL Server Clustering & High Availability
SQL Server Replication
High Availability Group Management
Database Monitoring & Troubleshooting Database Design & Development
SQL Query Optimization
Data Integrity & Security
BI Solutions Development
ETL Process Implementation
Database Maintenance
Backup & Restore Management
Index Rebuilding & Performance Tuning
SQL Server Clustering & High Availability
SQL Server Replication
High Availability Group Management
Database Monitoring & Troubleshooting","['Data Analysis', 'Business Analysis', 'Statistical Analysis', 'Regression Analysis', 'Natural Language Processing', 'Machine Learning', 'Numerical Analysis']",At least 1 year,['N/A'],Database Administrator (DBA),461
HR Officer,"Relationship Building
HR Collaboration
Policy Development
Training Management
Record Keeping
Compliance
Employee Development
Policy Enforcement
Communication
Task Execution Relationship Building
HR Collaboration
Policy Development
Training Management
Record Keeping
Compliance
Employee Development
Policy Enforcement
Communication
Task Execution","['Periodic financial reporting expert', 'General ledger accounting skills', 'Invoice coding familiarity', 'Strong communication skills', 'Complex problem solving', 'Account reconciliation expert', 'Organization', 'Time Management', 'Adaptability', 'Communication']",,"['Nairobi, Kenya']",HR Officer,462
DevOps Engineer,"Open-Source Technologies
CI/CD Culture & Tooling
Product Availability & Scalability
Automation (Build & Deploy)
Monitoring & Reliability
Infrastructure Innovation
Software Engineering Velocity
Infrastructure Resiliency
Security & Data Availability Open-Source Technologies
CI/CD Culture & Tooling
Product Availability & Scalability
Automation (Build & Deploy)
Monitoring & Reliability
Infrastructure Innovation
Software Engineering Velocity
Infrastructure Resiliency
Security & Data Availability","['Client engagement', 'Communication', 'Analytical and business acumen', 'Demand creation pursuits', 'Federal Government experience', 'IT support services', 'Data storage', 'Interoperability', 'Advanced data analytics']",At least 3 years,"['City, State', 'City, State', 'City, State', 'City, State']",DevOps Engineer,463
Machine Learning (ML) Engineer,"Machine Learning Leadership
Cross-Functional Collaboration
Strategy Development
ML/NLP Infrastructure
Prototype Transformation
ML System Design
Algorithm Research
Application Development
Dataset Selection
ML Testing
Statistical Analysis
R&D in ML/NLP
Text Representation
Data Pipeline Design
Statistical Data Analysis
Model Training
Team Collaboration
Research Reporting
Algorithm Analysis Machine Learning Leadership
Cross-Functional Collaboration
Strategy Development
ML/NLP Infrastructure
Prototype Transformation
ML System Design
Algorithm Research
Application Development
Dataset Selection
ML Testing
Statistical Analysis
R&D in ML/NLP
Text Representation
Data Pipeline Design
Statistical Data Analysis
Model Training
Team Collaboration
Research Reporting
Algorithm Analysis","['advertising', 'architect', 'asset management', 'auditing', 'Budgeting', 'budgets', 'budget', 'business case', 'closing', 'Cognos', 'client', 'customer service', 'Financials', 'Financial', 'financial analysis', 'financial modeling', 'leadership', 'Leadership skills', 'marketing', 'Excel', 'Microsoft Office', 'negotiations', 'office management', 'Oracle Financials', 'PeopleSoft', 'executive presentations', 'processes', 'coding', 'progress', 'Real Estate', 'reporting', 'SAP', 'strategic', 'strategic marketing', 'telecom']",At least 5 year(s),"['City, State', 'City, State']",Machine Learning (ML) Engineer,464
Business Development Executive,"Apparel Sourcing
Quality Garment Sourcing
Reliable Partner
Buyer/Vendor Communication Apparel Sourcing
Quality Garment Sourcing
Reliable Partner
Buyer/Vendor Communication","['account reconciliations', 'accounting', 'accounts payable', 'Accounts Receivable', 'AP', 'Balance sheet', 'Bank Reconciliation', 'Banking', 'Billing', 'book', 'Com', 'Client', 'edit', 'Finance', 'Financials', 'financial reports', 'Preparing financial reports', 'focus', 'functional', 'General Ledger', 'GL', 'Inventory control', 'process invoices', 'Invoice Processing', 'invoicing', 'MBA', 'mail', 'office', 'Developer', 'profit and loss statement', 'coding', 'reporting', 'researching', 'SAP FI', 'SAP']",1 to 3 years,"['N/A', 'N/A', 'N/A']",Business Development Executive,465
Asst. Manager/ Manger (Administrative),"Administrative Support
Scheduling
Filing & Documentation
Communication
Team Support
Equipment Maintenance
Information Provision
Inventory Management
Team Collaboration
OHS Policy Development
Safety Advice
Risk Assessment
Policy Review
OHS Training
Safety Inspections
Unsafe Act Prevention
Incident Investigation
Report Preparation Administrative Support
Scheduling
Filing & Documentation
Communication
Team Support
Equipment Maintenance
Information Provision
Inventory Management
Team Collaboration
OHS Policy Development
Safety Advice
Risk Assessment
Policy Review
OHS Training
Safety Inspections
Unsafe Act Prevention
Incident Investigation
Report Preparation","['MS Office', 'Minitab', 'PowerPoint', 'Excel', 'Solid works', 'AutoCAD', 'Pro E', 'MS Access', 'SAP', 'Java', 'C', 'C++', 'Visual Basic', 'R', 'Python', 'AutoCAD', 'C', 'C++', 'Calibration', 'charts', 'data analysis', 'Database', 'designing', 'documentation', 'Forecasting', 'IMS', 'inspection', 'inventory', 'ISO', 'ISO 9001', 'Java', 'Lean Manufacturing', 'MS Access', 'Excel', 'MS Office', 'PowerPoint', 'Minitab', 'process improvement', 'Programming', 'Python', 'quality', 'safety', 'SAP', 'SAP R/3', 'Scheduling', 'Siemens', 'Solid works', 'SOP', 'Strategy/planning', 'supervising 4', 'Visual Basic', 'reduce waste']",At least 5 years,"['City, State', 'City', 'City']",Asst. Manager/ Manger (Administrative),466
DevOps Engineer,"Open-Source Technologies
CI/CD Culture & Tooling
Product Availability & Scalability
Automation (Build & Deploy)
Monitoring & Reliability
Infrastructure Innovation
Software Engineering Velocity
Infrastructure Resiliency
Security & Data Availability Open-Source Technologies
CI/CD Culture & Tooling
Product Availability & Scalability
Automation (Build & Deploy)
Monitoring & Reliability
Infrastructure Innovation
Software Engineering Velocity
Infrastructure Resiliency
Security & Data Availability","['MIS reporting', 'Advanced Excel', 'Dashboards', 'Data Analysis', 'SQL', 'MySQL', 'Power Bi', 'Machine Learning', 'Linear Regression', 'Statistical Analysis', 'Clustering', 'NoSQL', 'MongoDB', 'Python', 'EDA', 'Business Intelligence', 'Logistic Regression']",At least 3 years,['N/A'],DevOps Engineer,467
Civil Engineer,"Design Review
Coordination
Proposal Preparation
Feasibility Analysis
Software Utilization
Supervision
Technical Support
Submission Review
Progress Reporting
Compliance
Site Visits Design Review
Coordination
Proposal Preparation
Feasibility Analysis
Software Utilization
Supervision
Technical Support
Submission Review
Progress Reporting
Compliance
Site Visits","['Agile coach', 'Product owner', 'Team lead', 'Scrum master', 'Web application development', 'UI design', 'Relational database design', 'ASP', 'C#', 'VB.NET', 'SOAP', 'REST', 'JQuery', 'Bootstrap', 'CSS', 'HTML5', 'MSSQL', 'MYSQL', 'DTS', 'SSIS', 'SSRS', 'IIS 5', 'IIS 6', 'Agile', 'Scrum', 'Kanban', 'Objective C', 'PHP', 'Perl']",At least 5 years,"['City , State', 'City , State', 'City , State', 'City , State']",Civil Engineer,468
Network Support Engineer,"Mikrotik Router Configuration
OLT Device Setup & Management
Integration with Billing Software
Network Monitoring Tools Integration
Connectivity Troubleshooting
Technical Support & Escalation
Installation & Configuration
GPON/EPON Expertise
Cisco, OLT, MikroTik Knowledge Mikrotik Router Configuration
OLT Device Setup & Management
Integration with Billing Software
Network Monitoring Tools Integration
Connectivity Troubleshooting
Technical Support & Escalation
Installation & Configuration
GPON/EPON Expertise
Cisco, OLT, MikroTik Knowledge","['Net, photo, agile, analyst', 'Apple', 'automation', 'banking', 'budgets', 'business plan', 'closing', 'com', 'consulting', 'content', 'contracts', 'credit', 'encryption', 'client', 'customer satisfaction', 'data migration', 'database administration', 'driving', 'e-commerce', 'features', 'financial', 'hiring', 'imaging', 'information technology', 'insurance', 'interpretation', 'inventory', 'managing', 'market planning', 'marketing', 'market', 'marketing and sales', 'messaging', 'office', 'new product development', 'developer', 'order management', 'camera', 'policies', 'presenting', 'pricing', 'procurement', 'product development', 'Product manager', 'product management', 'product marketing', 'program management', 'quality', 'quality assurance', 'QA', 'radio', 'real-time', 'receiving', 'retail', 'sales', 'sales management', 'shipping', 'software development', 'stories', 'strategy', 'supply chain', 'technical support', 'television', 'upgrades', 'UI design', 'utilities', 'venture capital', 'vision', 'workflow', 'year-end']",At least 3 years,"['N/A', 'N/A', 'N/A', 'N/A', 'N/A', 'N/A', 'N/A', 'N/A', 'N/A', 'N/A']",Network Support Engineer,469
Mechanical Engineer,"Machinery Maintenance
Troubleshooting
Report Preparation
Log Maintenance Machinery Maintenance
Troubleshooting
Report Preparation
Log Maintenance","['Budget forecasting expertise', 'Analytical reasoning', 'Account reconciliation expert', 'Strong organizational skills', 'General ledger accounting', 'Expert in customer relations', 'Flexible team player', 'Advanced computer proficiency (PC and Mac)', 'Performed debit, credit and total accounts on computer spreadsheets/databases, using specialized accounting software.', 'Received, recorded, and banked cash, checks, and vouchers as well as reconciled records of bank transactions.', 'Worked with management to document and offset unusual expense variances in their respective areas.', 'Assisted the CFO with the production of the monthly financials, management reports and board packages.', 'Coded the general ledger and processed vendor invoice payments.', 'Researched and resolved billing and invoice problems.', 'Account reconciliations', 'Accounting', 'Accountant', 'accounting systems', 'accounting system', 'Accounts payable', 'Adobe Acrobat', 'agency', 'Balance', 'banking', 'Budget analysis', 'budget', 'bi', 'cash handling', 'clerical', 'contracts', 'cost accounting', 'Database', 'fax', 'FDS', 'Finance', 'Financial', 'Financial analysis', 'financial management', 'financial operations', 'financial reports', 'financial statements', 'fiscal management', 'forecasting', 'functional', 'fund accounting', 'funds', 'General Ledger', 'Government', 'grants', 'Innovation', 'maintains inventory', 'inventory', 'leadership skills', 'Macintosh', 'Mainframe', 'managerial', 'managerial accounting', 'Access', 'Microsoft Access', 'Microsoft Excel', 'Excel', 'Microsoft Office software', 'Office', 'Outlook', 'PowerPoint', 'Publisher', 'Windows', 'Word', 'Monitors', 'newsletter', 'Payroll', 'IBM-PC', 'copier', 'Policies', 'processes', 'profit', 'Program Development', 'proposals', 'QuickBooks', 'reconciling', 'record keeping', 'repairs', 'reporting', 'scanner', 'technical support', 'phone', 'time management', 'type', 'written', 'annual reports', 'year-end']",2 to 5 years,"['City, State', 'City, State', 'City, State']",Mechanical Engineer,470
Network Support Engineer,"Mikrotik Router Configuration
OLT Device Setup & Management
Integration with Billing Software
Network Monitoring Tools Integration
Connectivity Troubleshooting
Technical Support & Escalation
Installation & Configuration
GPON/EPON Expertise
Cisco, OLT, MikroTik Knowledge Mikrotik Router Configuration
OLT Device Setup & Management
Integration with Billing Software
Network Monitoring Tools Integration
Connectivity Troubleshooting
Technical Support & Escalation
Installation & Configuration
GPON/EPON Expertise
Cisco, OLT, MikroTik Knowledge","['advertising', 'competitive', 'content', 'contracts', 'customer satisfaction', 'customer service', 'customer support', 'fashion', 'fast', 'functional', 'marketing strategies', 'marketing', 'market', 'marketing material', 'networking', 'payroll', 'progress', 'promotion', 'quality', 'selling', 'sales', 'script', 'strategic', 'telephone', 'phone', 'training manuals']",At least 3 years,"['City, State', 'City, State', 'City, State', 'City, State']",Network Support Engineer,471
Marketing Officer,"Digital Marketing Strategy
Brand Awareness, Online Traffic
Social Media Management
Google Analytics
Cross-functional Teams
Campaign Execution, SEO Digital Marketing Strategy
Brand Awareness, Online Traffic
Social Media Management
Google Analytics
Cross-functional Teams
Campaign Execution, SEO","['Testing', 'Troubleshooting', 'Embedded Hardware & Software', 'Microprocessors', 'Computer systems', 'Hardware & Software design', 'Digital signal processing', 'Analog and Digital Filter design', 'Reading Circuit Schematics', 'Circuit Design and Analysis', 'Digital logic', 'Soldering', 'Project management', 'Electronics', 'Low and High voltage devices', 'Low voltage power consumption', 'Power Systems Analysis', 'Active Noise Cancelling (ANC)', 'Research and Development', 'Solar PV systems Design', 'NationalElectric Code (NEC)', 'Engineering Ethics', 'Failure Analysis', 'Logistics', 'Oscilloscope', 'Logic analyzer', 'Multimeters', 'MS Visual Studio', 'MS Office', 'MAC OS', 'Matlab', 'Simulink', 'Mathcad', 'Verilog', 'Orcad', 'PSPICE', 'SolidWorks', 'AutoCAD', 'Inventor', 'PowerWorld', 'ETAP', 'HelioScope', 'C++', 'C#', 'C languages']",At least 1 year,"['N/A', 'N/A', 'N/A']",Marketing Officer,472
Senior iOS Engineer,"iOS Lifecycle
Requirement Analysis
Native Frameworks
iOS Development
API Integration
Technical Communication
UI Design
Performance Optimization
Feature Collaboration
Bug Fixing
Code Translation
High-Performance Development
Task Management
Cross-Team Collaboration
Code Quality iOS Lifecycle
Requirement Analysis
Native Frameworks
iOS Development
API Integration
Technical Communication
UI Design
Performance Optimization
Feature Collaboration
Bug Fixing
Code Translation
High-Performance Development
Task Management
Cross-Team Collaboration
Code Quality","['So ware Development', 'Information Technology', 'Complex Problem Solving', 'Analytical Thinking']",At least 4 years,"['N/A', 'N/A']",Senior iOS Engineer,473
Management Trainee - Mechanical,"Management Trainee
Mechanical Systems
Maintenance & Troubleshooting
Performance Analysis
Project Support
Process Improvement
Training & Development
Administrative Support Management Trainee
Mechanical Systems
Maintenance & Troubleshooting
Performance Analysis
Project Support
Process Improvement
Training & Development
Administrative Support","['Machine Learning', 'Deep Learning', 'Neural Networks', 'ML Algorithms', 'Python', 'NumPy', 'Scikit Learn', 'Matplotlib', 'Keras', 'Pandas', 'TensorFlow', 'Seaborn', 'Java', 'ReactJS', 'NodeJS']",,['N/A'],Management Trainee - Mechanical,474
Project Coordinator (Civil),"Project Design
Data Analysis
ACCORD/Alliance Knowledge
BNBC Standards
Cost Estimation
Feasibility Studies
Documentation
Compliance
Site Monitoring
Policy Enforcement
Legal Compliance
Data Management
Team Collaboration Project Design
Data Analysis
ACCORD/Alliance Knowledge
BNBC Standards
Cost Estimation
Feasibility Studies
Documentation
Compliance
Site Monitoring
Policy Enforcement
Legal Compliance
Data Management
Team Collaboration","['Computer System Building and Repair', 'Hardware and Software Installation', 'Diagnostic Software Utilities', 'Remote Access', 'Networking', 'Computer Management', 'CNNs', 'LSTMs', 'PyTorch']",5 to 10 years,"['Remote', 'Greenville, SC', 'Greer, SC']",Project Coordinator (Civil),475
DevOps Engineer,"Open-Source Technologies
CI/CD Culture & Tooling
Product Availability & Scalability
Automation (Build & Deploy)
Monitoring & Reliability
Infrastructure Innovation
Software Engineering Velocity
Infrastructure Resiliency
Security & Data Availability Open-Source Technologies
CI/CD Culture & Tooling
Product Availability & Scalability
Automation (Build & Deploy)
Monitoring & Reliability
Infrastructure Innovation
Software Engineering Velocity
Infrastructure Resiliency
Security & Data Availability","['Marketing', 'Sales', 'Budgets', 'Promotional', 'And Marketing', 'Sales And', 'Aviation', 'Class', 'Comprehensive Large Array Data Stewardship System', 'Excellent Multitasker', 'Simultaneous', 'Teaching', 'Training', 'Accounts And', 'Advertising', 'Branding', 'Community Outreach', 'From Sales', 'Its', 'Managed Sales', 'Of Sales', 'Public Relations', 'Increase', 'Administrative Support', 'Audit', 'Budgeting', 'Cost Control', 'Executive Assistant', 'For Selling', 'Ordering', 'Relationship Management', 'Scheduling', 'Selling And', 'Accountable For', 'Business Development', 'Clients', 'Forecasting', 'Implemented Sales', 'Key Accounts', 'Maintenance', 'Market Trends', 'Networking', 'Sale And', 'Sales Forecasting', 'Sales Objectives', 'Sales Strategies', 'Strategic Planning', 'The Sale', 'The Sales', 'Direct Marketing', 'Marketing Plan', 'Overall Sales', 'Project Development', 'Sales Plan', 'Energetic', 'Fundraising', 'Highly Organized', 'Mac', 'Quicken', 'San', 'Self Motivated', 'Storage Area Network', 'Very Organized', 'Finance', 'Shipping']",At least 3 years,"['City, State', 'City', 'City', 'City']",DevOps Engineer,476
Machine Learning (ML) Engineer,"Machine Learning Leadership
Cross-Functional Collaboration
Strategy Development
ML/NLP Infrastructure
Prototype Transformation
ML System Design
Algorithm Research
Application Development
Dataset Selection
ML Testing
Statistical Analysis
R&D in ML/NLP
Text Representation
Data Pipeline Design
Statistical Data Analysis
Model Training
Team Collaboration
Research Reporting
Algorithm Analysis Machine Learning Leadership
Cross-Functional Collaboration
Strategy Development
ML/NLP Infrastructure
Prototype Transformation
ML System Design
Algorithm Research
Application Development
Dataset Selection
ML Testing
Statistical Analysis
R&D in ML/NLP
Text Representation
Data Pipeline Design
Statistical Data Analysis
Model Training
Team Collaboration
Research Reporting
Algorithm Analysis","['Machine learning', 'Data science', 'PowerBI', 'Data visualisation', 'Data Mining', 'Data Modelling', 'Data Extraction', 'Text Analysis', 'Natural Language Processing']",At least 5 year(s),['N/A'],Machine Learning (ML) Engineer,477
System Administrator (Operation & Maintenance of S,"Hardware & Network Installation
Troubleshooting & Diagnostics
User Training & Capacity Building
Hardware Replacement
Fault Repair & System Setup
Software License & Account Management
Backup Management
System Updates & Maintenance
Server & Storage Management
Documentation & Technical Specifications
Data Protection & Disaster Recovery
Storage & Database Planning
Power & Disk Backup
Incident Management & Escalation
Service Restoration
User Communication & Verification
Incident Classification & Resolution
Major Incident Escalation
Problem & Error Management
Task Assignment & Execution Hardware & Network Installation
Troubleshooting & Diagnostics
User Training & Capacity Building
Hardware Replacement
Fault Repair & System Setup
Software License & Account Management
Backup Management
System Updates & Maintenance
Server & Storage Management
Documentation & Technical Specifications
Data Protection & Disaster Recovery
Storage & Database Planning
Power & Disk Backup
Incident Management & Escalation
Service Restoration
User Communication & Verification
Incident Classification & Resolution
Major Incident Escalation
Problem & Error Management
Task Assignment & Execution","['Quality Assurance', 'Testing', 'Access', 'Qa', 'Cases', 'Database', 'Regression Testing', 'Visual Basic', 'Client/server', 'Clients', 'Integration', 'Integration Testing', 'Integrator', 'Lotus Notes', 'Microsoft Windows', 'Ms Access', 'Ms Visual Basic', 'Printing', 'Software Quality Assurance', 'Windows 95', 'Electrical Engineering', 'Documentation', 'Network Protocols', 'Oracle', 'Proposals', 'Sql', 'Unix', 'Qa Test', 'Test Plan', 'Test Cases', 'Application Analysis', 'Application Support', 'Automated Test Scripts', 'Basis', 'Billing', 'Business Process Management', 'C++', 'Contracts', 'Dispatching', 'Issues Management', 'Logistics', 'Maintenance', 'Maintenance Repair', 'Planning Modules', 'Process Management', 'Qa Testing', 'Scheduling', 'Staff Training', 'Strategic Planning', 'Systems Support', 'Telephony', 'Test Scripts', 'Training', 'Graphical User Interface', 'Gui', 'Wireless', 'Black Box', 'Usability', 'Adt', 'Api', 'Application Development', 'Pocket Pc', 'System Administration', 'Systems Administration', 'Telephones', 'Voice', 'Wap', 'Retail', 'Retail Marketing', 'Team Lead', 'Architecture', 'Database Systems', 'Design Review', 'Engineer', 'Quality Engineer', 'Software Quality Engineer', 'Test Plans', 'White Box', 'White Box Testing', 'Black Box Testing', 'Data Acquisition', 'Databases', 'Db2', 'Dbase', 'Dbase Iv', 'Excellent Verbal And Written Communication Skills', 'Ftp', 'Ieee', 'Internet Explorer', 'Ipx', 'Java', 'Javascript', 'Linux', 'Ms Office', 'Netbeui', 'Netscape', 'Networking', 'New Products', 'Novell', 'Operations', 'Problem Solving', 'Rdbms', 'San', 'Software Development', 'Software Testing', 'Solutions', 'Storage Area Network', 'Structured Software', 'System Integration', 'Tcp', 'Tcp/ip', 'Virtual Machine', 'Visual Test', 'Vm', 'Assurance Analyst', 'Automated Testing', 'Back End', 'Data Integrity', 'Dos', 'Encryption', 'Exchange', 'File', 'Invoice', 'Lan', 'Ms Exchange', 'Ms-dos', 'Progress', 'Security', 'Business Intelligence', 'Collection', 'Data Collection', 'Data Mining', 'Data Warehousing', 'E-business', 'Embedded Systems', 'Html', 'Inspections', 'Inventory', 'Qa Engineering', 'Real Time', 'Real Time Embedded', 'Real Time Embedded Systems', 'Shipping', 'Wireless Data']",4 to 5 years,"['City, State', 'City, State', 'City, State', 'City, State', 'City, State', 'City, State']","System Administrator (Operation & Maintenance of Server, Storage & Service Desk System)",478
Management Trainee - Mechanical,"Management Trainee
Mechanical Systems
Maintenance & Troubleshooting
Performance Analysis
Project Support
Process Improvement
Training & Development
Administrative Support Management Trainee
Mechanical Systems
Maintenance & Troubleshooting
Performance Analysis
Project Support
Process Improvement
Training & Development
Administrative Support","['account reconciliation', 'accounting', 'accounts payable', 'accruals', 'accrual', 'balance sheet', 'Balance', 'balance sheets', 'bank reconciliation', 'benefits', 'billing', 'budgeting', 'COBOL', 'Computer Programming', 'corporate accounting', 'credit', 'dialysis', 'documentation', 'senior management', 'expense reports', 'finance', 'financial', 'financial reports', 'financial statements', 'fixed assets', 'general ledger', 'insurance', 'letters', 'Access', 'Excel', 'money', 'PowerPoint', 'Word', 'month-end closing', 'month end close', 'primary care', 'processes', 'profit and loss', 'real estate', 'reporting', 'sales', 'SAP', 'settlements', 'tax', 'taxes', 'treasury', 'year-end']",,"['City , State', 'City , State', 'City , State', 'City , State', 'City , State', 'City , State', 'City , State']",Management Trainee - Mechanical,479
Mechanical Engineer,"Machinery Maintenance
Troubleshooting
Report Preparation
Log Maintenance Machinery Maintenance
Troubleshooting
Report Preparation
Log Maintenance","['JavaScript', 'Visual Studio Code', 'Git', 'TensorFlow', 'Selenium (automated testing)', 'Docker']",2 to 5 years,"['Hanover, NH', 'Hanover, NH']",Mechanical Engineer,480
Civil Engineer,"Design Review
Coordination
Proposal Preparation
Feasibility Analysis
Software Utilization
Supervision
Technical Support
Submission Review
Progress Reporting
Compliance
Site Visits Design Review
Coordination
Proposal Preparation
Feasibility Analysis
Software Utilization
Supervision
Technical Support
Submission Review
Progress Reporting
Compliance
Site Visits","['Machine Learning', 'Text Analytics', 'Software Development', 'Data Analysis', 'Python', 'Java', 'JavaScript', 'Matplotlib']",At least 5 years,['N/A'],Civil Engineer,481
Marketing Officer,"Digital Marketing Strategy
Brand Awareness, Online Traffic
Social Media Management
Google Analytics
Cross-functional Teams
Campaign Execution, SEO Digital Marketing Strategy
Brand Awareness, Online Traffic
Social Media Management
Google Analytics
Cross-functional Teams
Campaign Execution, SEO","['Machine Learning', 'Data processing', 'Data visualization', 'Deep Learning', 'SQL', 'Python Programming', 'PyCharm', 'Django']",At least 1 year,['N/A'],Marketing Officer,482
Intern (Generative AI Engineering - 2D/3D Image Ge,"Generative AI Development
Evolutionary Computation
Deep Learning Optimization
Expert Systems Design
Knowledge Representation
Data Preprocessing
Model Training
Research & Integration Generative AI Development
Evolutionary Computation
Deep Learning Optimization
Expert Systems Design
Knowledge Representation
Data Preprocessing
Model Training
Research & Integration","['Brand development', 'Analyzing market trends', 'Established track record of exceptional sales results', 'Account Management', 'Excellent negotiating tactics', 'Skilled multi-tasker', 'SalesForce lead management', 'Strong interpersonal skills']",,"['State', 'City , State', 'City , State', 'City , State']",Intern (Generative AI Engineering - 2D/3D Image Generation),483
Sr.Officer / Executive - Internal Audit,"Internal Audit Assistance
Voucher & Bill Verification
Cost Sheet Analysis
L/C Voucher Verification
Expense Verification
Salary & Wages Verification
Market Rate Verification Internal Audit Assistance
Voucher & Bill Verification
Cost Sheet Analysis
L/C Voucher Verification
Expense Verification
Salary & Wages Verification
Market Rate Verification","['account reconciliation', 'accounting', 'accounts payable', 'accruals', 'accrual', 'balance sheet', 'Balance', 'balance sheets', 'bank reconciliation', 'benefits', 'billing', 'budgeting', 'COBOL', 'Computer Programming', 'corporate accounting', 'credit', 'dialysis', 'documentation', 'senior management', 'expense reports', 'finance', 'financial', 'financial reports', 'financial statements', 'fixed assets', 'general ledger', 'insurance', 'letters', 'Access', 'Excel', 'money', 'PowerPoint', 'Word', 'month-end closing', 'month end close', 'primary care', 'processes', 'profit and loss', 'real estate', 'reporting', 'sales', 'SAP', 'settlements', 'tax', 'taxes', 'treasury', 'year-end']",2 to 4 years,"['City , State', 'City , State', 'City , State', 'City , State', 'City , State', 'City , State', 'City , State']",Sr.Officer / Executive - Internal Audit,484
Site Engineer,"Supervision
Monitoring
Construction
Estimation
Planning
Material Management
Project Coordination
Quality Assurance
Cost Control
Inventory
Operations
Safety
Error Escalation
Miscellaneous Tasks




 Supervision
Monitoring
Construction
Estimation
Planning
Material Management
Project Coordination
Quality Assurance
Cost Control
Inventory
Operations
Safety
Error Escalation
Miscellaneous Tasks




","['Academic', 'Documentation', 'Edge', 'Fiber optics', 'Laser', 'Mechanical', 'Scanning']",1 to 2 years,"['City, State', 'City, State', 'City']",Site Engineer,485
"Manager- Human Resource Management (HRM)
","Recruitment Coordination
Appointment Management
Selection Criteria
Employee Orientation
Performance Evaluation
HR Database Management
Report Compilation
Documentation
Event Coordination
Task Execution Recruitment Coordination
Appointment Management
Selection Criteria
Employee Orientation
Performance Evaluation
HR Database Management
Report Compilation
Documentation
Event Coordination
Task Execution","['Training program implementation', 'Project management', 'Drilling engineering', 'Building commissioning experience', 'A highly motivated and energetic personality.', 'Ability to take initiative and exhibit flexibility.', 'Excellent customer service skills.', 'Leadership Development Program', 'Hands On Training: Electrical, Pluming, Painting, Full Finish, Wall Paper', 'Management Training, Team Builder, Outlook Training, Excel Training, Hotsos Training, Stratton Warren ""MMS""', 'Interpersonal communication skills', 'Demonstrated organizational/planning skills', 'Adaptability', 'Ability to translate technical specifications', 'Have interpersonal skills to deal effectively with all business contacts.']",5 to 6 years,"['City , State', 'City , State', 'City , State']","Manager- Human Resource Management (HRM)
",486
Intern (Generative AI Engineering - 2D/3D Image Ge,"Generative AI Development
Evolutionary Computation
Deep Learning Optimization
Expert Systems Design
Knowledge Representation
Data Preprocessing
Model Training
Research & Integration Generative AI Development
Evolutionary Computation
Deep Learning Optimization
Expert Systems Design
Knowledge Representation
Data Preprocessing
Model Training
Research & Integration","['Leadership Development', 'Project Management', 'Budgeting', 'Employee Management', 'Operations Management', 'Business Management', 'Inventory Management', 'Risk Management', 'Staff Development']",,"['City, State', 'City, State', 'City, State']",Intern (Generative AI Engineering - 2D/3D Image Generation),487
Database Administrator (DBA),"Database Design & Development
SQL Query Optimization
Data Integrity & Security
BI Solutions Development
ETL Process Implementation
Database Maintenance
Backup & Restore Management
Index Rebuilding & Performance Tuning
SQL Server Clustering & High Availability
SQL Server Replication
High Availability Group Management
Database Monitoring & Troubleshooting Database Design & Development
SQL Query Optimization
Data Integrity & Security
BI Solutions Development
ETL Process Implementation
Database Maintenance
Backup & Restore Management
Index Rebuilding & Performance Tuning
SQL Server Clustering & High Availability
SQL Server Replication
High Availability Group Management
Database Monitoring & Troubleshooting","['Adobe Captivate', 'Blackboard', 'Business Objects', 'Clarity', 'Cerner', 'DOORS', 'eCHIMP', 'Eclipsys', 'EHRs', 'EPIC', 'HBOC', 'MACESS', 'IDX', 'I-MAX', 'FACET', 'HEAT', 'SQL Server 2005', 'Cognos', 'ER/Studio', 'Mini-tab', 'Oracle', 'SAS', 'SharePoint Foundation 2007/2010', 'SPSS', 'pcAnywhere', 'Excel', 'Word', 'One Note', 'Outlook', 'Power Point', 'Project', 'SharePoint', 'Visio']",At least 1 year,"['City, State', 'City, State', 'City, State', 'City, State', 'City, State', 'City, State', 'City, State']",Database Administrator (DBA),488
Mechanical Engineer,"Machinery Maintenance
Troubleshooting
Report Preparation
Log Maintenance Machinery Maintenance
Troubleshooting
Report Preparation
Log Maintenance","['Machine Learning', 'Natural Language Processing', 'Deep Learning', 'Sentiment Analysis', 'Python', 'NLTK', 'BeRT', 'GPT', 'XLNet', 'Text Analysis', 'Text Extraction', 'OCR']",2 to 5 years,['N/A'],Mechanical Engineer,489
Site Engineer,"Supervision
Monitoring
Construction
Estimation
Planning
Material Management
Project Coordination
Quality Assurance
Cost Control
Inventory
Operations
Safety
Error Escalation
Miscellaneous Tasks




 Supervision
Monitoring
Construction
Estimation
Planning
Material Management
Project Coordination
Quality Assurance
Cost Control
Inventory
Operations
Safety
Error Escalation
Miscellaneous Tasks




","['accounts payables', 'accounts receivables', 'Accounts Payable', 'Accounts Receivable', 'administrative functions', 'trial balance', 'banking', 'budget', 'bi', 'closing', 'Computer Applications', 'Credit', 'clients', 'Customer Service', 'data entry', 'delivery', 'driving', 'email', 'insurance', 'inventory', 'ledger', 'Access', 'Excel', 'Outlook', 'PowerPoint', 'Word', 'mortgage loan', 'Enterprise', 'policies', 'QuickBooks', 'Sales', 'sales reports', 'telecommunications', 'phone', 'workflow', 'written']",1 to 2 years,"['City, State', 'City, State', 'City, State', 'City, State', 'City, State', 'N/A']",Site Engineer,490
Data Engineer,"Data Platform Design
Data Pipeline Development
ETL Processes
SQL Query Optimization
Data Integration & Transformation
Data Modeling
Stakeholder Collaboration
Data Quality Monitoring
Continuous Learning Data Platform Design
Data Pipeline Development
ETL Processes
SQL Query Optimization
Data Integration & Transformation
Data Modeling
Stakeholder Collaboration
Data Quality Monitoring
Continuous Learning","['Statistical Modeling', 'Natural Language Processing', 'Text Mining', 'Python', 'PySpark', 'Microsoft Azure', 'Azure Databricks', 'Azure Data Factory', 'SQL', 'Machine Learning Engineer', 'Data Analyst']",5 to 8 years,['N/A'],Data Engineer,491
Data Science Engineer,"Application Development
Object-Oriented Design
Collaboration
Problem-Solving
Software Lifecycle
Innovation
Software Testing
System Analysis
Performance Monitoring
Plugin Development
Documentation
Integration Support Application Development
Object-Oriented Design
Collaboration
Problem-Solving
Software Lifecycle
Innovation
Software Testing
System Analysis
Performance Monitoring
Plugin Development
Documentation
Integration Support","['accounts receivable', 'AIA', 'bank reconciliation', 'billing', 'billings', 'budgets', 'daily cash receipts', 'cash flow', 'Consultant', 'Contracts', 'Controller', 'clients', 'financial', 'financial reports', 'financial statements', 'Forms', 'General Ledger', 'general ledger accounts', 'Government', 'insurance', 'meetings', 'excel', 'Microsoft office applications', 'office', 'PowerPoint', 'Pivot tables', 'presentations', 'Prime', 'progress', 'proposals', 'Express', 'reporting', 'spreadsheet', 'tax', 'Timberline']",At least 2 years,"['City, State', 'City, State', 'City, State', 'City, State']",Data Science Engineer,492
Executive - VAT,"Mushak Forms Maintenance
VAT Software & MS Office Maintenance
VAT Ledger Management
VAT Challan Coordination
Liaison with VAT Office
VAT Documentation
Other Assigned Tasks Mushak Forms Maintenance
VAT Software & MS Office Maintenance
VAT Ledger Management
VAT Challan Coordination
Liaison with VAT Office
VAT Documentation
Other Assigned Tasks","['Army', 'basic', 'bridges', 'inspection', 'Inspects', 'Marconi', 'Office', 'Radar', 'multi-meters', 'oscilloscopes', 'personnel', 'radio', 'Read', 'Safety', 'signal generators', 'Telephone', 'troubleshooting', 'VHF']",1 to 3 years,"['City, State', 'City, State', 'N/A']",Executive - VAT,493
Marketing Officer,"Digital Marketing Strategy
Brand Awareness, Online Traffic
Social Media Management
Google Analytics
Cross-functional Teams
Campaign Execution, SEO Digital Marketing Strategy
Brand Awareness, Online Traffic
Social Media Management
Google Analytics
Cross-functional Teams
Campaign Execution, SEO","['Machine Learning Engineer', 'Data Processing', 'Data Modelling', 'Data Structures', 'Deep Learning', 'Application Development', 'Python', 'Django', 'Flask', 'Kubernetes', 'C++']",At least 1 year,"['N/A', 'N/A']",Marketing Officer,494
Senior Software Engineer,"Technical Support
Troubleshooting
Collaboration
Documentation
System Monitoring
Software Deployment
Training & Mentorship
Industry Trends
Field Visits




 Technical Support
Troubleshooting
Collaboration
Documentation
System Monitoring
Software Deployment
Training & Mentorship
Industry Trends
Field Visits




","['Data Structures', 'Logistic Regression', 'Linear Regression', 'Machine Learning', 'Algorithms', 'Deep Learning', 'GIT', 'Open Source', 'Neural Networks', 'CNN', 'DNN', 'ANN', 'RNN', 'Keras', 'Tensorflow']",At least 1 year,['N/A'],Senior Software Engineer,495
